annId,postId,tweet,aae,hispanic,other,white,dialAm,vulgar,targetsBlackPeople,isAAE,annotatorAge,annotatorGender,annotatorMinority,annotatorPolitics,annotatorRace,intent,racist,toany,toyou,off_avg,OffensiveYN,annotatorPoliticsBinary
10638687,545,Women are not fucking inferior to men,0.1956312325834845,0.2646028275645005,0.1187908290117788,0.4209751108402361,white,True,False,False,40.0,woman,{},-0.5,black,1,1,2,1,1.5,0,liberal
8526465,545,Women are not fucking inferior to men,0.1956312325834845,0.2646028275645005,0.1187908290117788,0.4209751108402361,white,True,False,False,35.0,man,{},0.0,black,1,1,1,1,1.0,0,neutral
49021087,3368,Elite Sub level RT @DanaeLovesYou: Putting a song on your MySpace to sub whoever you were beefing with >>>>>>>>>>,0.3799755919470912,0.2271565407923548,0.0564238900051232,0.3364439772554307,aae,False,False,True,25.0,man,{},-1.0,black,1,1,1,1,1.0,0,liberal
10166032,3368,Elite Sub level RT @DanaeLovesYou: Putting a song on your MySpace to sub whoever you were beefing with >>>>>>>>>>,0.3799755919470912,0.2271565407923548,0.0564238900051232,0.3364439772554307,aae,False,False,True,45.0,man,{},0.0,black,1,1,1,1,1.0,0,neutral
10638687,1043,Karma is a bitch. Muslims will get what they deserve.,0.268703680436327,0.2852823547101242,0.0513409691942163,0.3946729956593324,white,True,False,False,40.0,woman,{},-0.5,black,5,5,5,5,5.0,1,liberal
10166032,1043,Karma is a bitch. Muslims will get what they deserve.,0.268703680436327,0.2852823547101242,0.0513409691942163,0.3946729956593324,white,True,False,False,45.0,man,{},0.0,black,5,4,5,4,4.5,1,neutral
3088028,334,Ill try to find my mutuals again if Twitter stops being a bitch.,0.2126021075749052,0.4705593205468906,0.0173721146118051,0.2994664572663991,hispanic,True,False,False,30.0,woman,{},-0.5,black,3,1,2,2,2.0,0,liberal
10166032,334,Ill try to find my mutuals again if Twitter stops being a bitch.,0.2126021075749052,0.4705593205468906,0.0173721146118051,0.2994664572663991,hispanic,True,False,False,45.0,man,{},0.0,black,1,1,2,2,2.0,0,neutral
3770894,3446,"""""""You ain't shit"""" BUT been on my own since I was 18, have my own home, own my own vehicle, and work a full time job...& raising a 2 year old:upside__down_face:""",0.381732611284923,0.2058443872297394,0.0734920909660584,0.3389309105192792,aae,True,False,True,40.0,woman,black; female,-1.0,black,2,1,3,2,2.5,0,liberal
10166032,3446,"""""""You ain't shit"""" BUT been on my own since I was 18, have my own home, own my own vehicle, and work a full time job...& raising a 2 year old:upside__down_face:""",0.381732611284923,0.2058443872297394,0.0734920909660584,0.3389309105192792,aae,True,False,True,45.0,man,{},0.0,black,4,1,5,4,4.5,1,neutral
3770894,3510,"""Like every other post is a """"reminder"""" that u gotta act exactly this way else ur garbage and buddy im just here to hang n be gay""",0.4455941158284264,0.1746171456816671,0.0717936358675717,0.3079951026223346,aae,False,False,True,40.0,woman,black; female,-1.0,black,5,1,4,4,4.0,1,liberal
10166032,3510,"""Like every other post is a """"reminder"""" that u gotta act exactly this way else ur garbage and buddy im just here to hang n be gay""",0.4455941158284264,0.1746171456816671,0.0717936358675717,0.3079951026223346,aae,False,False,True,45.0,man,{},0.0,black,1,1,1,1,1.0,0,neutral
49021087,644,"to the dick at the drive thru who said ""NIGGER!"" to those ladies who SERVED YOUR COFFEE. What a fucking scumbag. A very most sincere FUCK YOU from me.",0.1595900460368819,0.2484510035994541,0.0251981914068056,0.5667607589568582,white,True,False,False,25.0,man,{},-1.0,black,1,1,3,1,2.0,0,liberal
10638687,644,"to the dick at the drive thru who said ""NIGGER!"" to those ladies who SERVED YOUR COFFEE. What a fucking scumbag. A very most sincere FUCK YOU from me.",0.1595900460368819,0.2484510035994541,0.0251981914068056,0.5667607589568582,white,True,False,False,40.0,woman,{},-0.5,black,5,5,5,5,5.0,1,liberal
49021087,1850,"British native youth have completely given in to nigger culture, music and customs and constantly encourage miscegenation. In fact they are already starting to talk like the blacks. They need guidance thats for sure",0.1050923346965949,0.167150986984535,0.0236757505956451,0.7040809277232248,white,True,True,False,25.0,man,{},-1.0,black,5,5,5,5,5.0,1,liberal
3770894,1850,"British native youth have completely given in to nigger culture, music and customs and constantly encourage miscegenation. In fact they are already starting to talk like the blacks. They need guidance thats for sure",0.1050923346965949,0.167150986984535,0.0236757505956451,0.7040809277232248,white,True,True,False,40.0,woman,black; female,-1.0,black,5,5,5,5,5.0,1,liberal
64721988,668,"Where we come from, they don't give a thing, so we don't have shit, they leave us young niggas with no options",0.4659993140540344,0.2370042227035341,0.0160055653366944,0.2809908979057369,aae,True,False,True,30.0,man,{},-1.0,black,1,2,4,1,2.5,0,liberal
3770894,668,"Where we come from, they don't give a thing, so we don't have shit, they leave us young niggas with no options",0.4659993140540344,0.2370042227035341,0.0160055653366944,0.2809908979057369,aae,True,False,True,40.0,woman,black; female,-1.0,black,1,1,3,1,2.0,0,liberal
3770894,2815,"""Me: *stares in shock at kid #2* Kid #1: *stares at kid #2* Kid #2: """"You shouldn't be singing that song. You're worshipping the devil.""""""",0.0771245524104608,0.1762889059575353,0.3523684646442777,0.3942180769877261,white,False,False,False,40.0,woman,black; female,-1.0,black,1,1,4,1,2.5,0,liberal
10166032,2815,"""Me: *stares in shock at kid #2* Kid #1: *stares at kid #2* Kid #2: """"You shouldn't be singing that song. You're worshipping the devil.""""""",0.0771245524104608,0.1762889059575353,0.3523684646442777,0.3942180769877261,white,False,False,False,45.0,man,{},0.0,black,1,1,1,1,1.0,0,neutral
10638687,3317,"Folks can say what they like about me, but they CAN'T say my views, the fruits of MY considerations AIN'T mine ~ #CriticalThinking",0.4257184405750313,0.26663353949715,0.078283761420615,0.2293642585072036,aae,False,False,True,40.0,woman,{},-0.5,black,2,1,2,2,2.0,0,liberal
74158862,3317,"Folks can say what they like about me, but they CAN'T say my views, the fruits of MY considerations AIN'T mine ~ #CriticalThinking",0.4257184405750313,0.26663353949715,0.078283761420615,0.2293642585072036,aae,False,False,True,45.0,man,NONE,1.0,black,3,4,4,5,4.5,1,conservative
3770894,1721,I don't get why all the blak!x are so mad at us. Its not like we had them as slaves. Although that would be great.,0.2524435046112019,0.3318036657376723,0.0303754117913129,0.3853774178598128,white,False,True,False,40.0,woman,black; female,-1.0,black,5,5,5,5,5.0,1,liberal
10166032,1721,I don't get why all the blak!x are so mad at us. Its not like we had them as slaves. Although that would be great.,0.2524435046112019,0.3318036657376723,0.0303754117913129,0.3853774178598128,white,False,True,False,45.0,man,{},0.0,black,5,5,5,5,5.0,1,neutral
10638687,3410,Soooo fuckin mad I couldn't check out wit da @supreme,0.73192702753075,0.133346611989278,0.0151862230557641,0.1195401374242079,aae,True,False,True,40.0,woman,{},-0.5,black,2,1,2,2,2.0,0,liberal
49021087,1710,"The ""powers that be"" want chaos and I really don't see any way out of the paths ahead. 1 = Biden wins and R's rebel, truckers protest, supply line disruptions, or 2 = Trump wins and it'll be a category 5: liberals rioting/ murdering and monkeys looting and stealing sail foams'",0.0658216959467912,0.0644769968077271,0.1593361663849112,0.7103651408605703,white,False,True,False,25.0,man,{},-1.0,black,4,4,4,5,4.5,1,liberal
10166032,1710,"The ""powers that be"" want chaos and I really don't see any way out of the paths ahead. 1 = Biden wins and R's rebel, truckers protest, supply line disruptions, or 2 = Trump wins and it'll be a category 5: liberals rioting/ murdering and monkeys looting and stealing sail foams'",0.0658216959467912,0.0644769968077271,0.1593361663849112,0.7103651408605703,white,False,True,False,45.0,man,{},0.0,black,5,5,5,5,5.0,1,neutral
3088028,2317,I can understand criticizing the story or not liking a track but getting personal with the actors is where you cross the lines #Ishqbaaaz,0.1058496438505836,0.2661462099414541,0.00562611848576,0.6223780277222022,white,False,False,False,30.0,woman,{},-0.5,black,1,1,1,1,1.0,0,liberal
10166032,2317,I can understand criticizing the story or not liking a track but getting personal with the actors is where you cross the lines #Ishqbaaaz,0.1058496438505836,0.2661462099414541,0.00562611848576,0.6223780277222022,white,False,False,False,45.0,man,{},0.0,black,1,1,1,1,1.0,0,neutral
49021087,949,If they woulda prayed harder maybe they wouldn't have been given a retard kid,0.2787162310310047,0.2197715019976449,0.0060684007666698,0.4954438662046804,white,True,False,False,25.0,man,{},-1.0,black,4,1,5,5,5.0,1,liberal
10638687,949,If they woulda prayed harder maybe they wouldn't have been given a retard kid,0.2787162310310047,0.2197715019976449,0.0060684007666698,0.4954438662046804,white,True,False,False,40.0,woman,{},-0.5,black,5,1,5,5,5.0,1,liberal
10638687,876,chinese should not marry out of their race,0.1022622480002207,0.2802253068908054,0.0109757615399209,0.6065366835690529,white,False,False,False,40.0,woman,{},-0.5,black,5,5,5,5,5.0,1,liberal
8526465,876,chinese should not marry out of their race,0.1022622480002207,0.2802253068908054,0.0109757615399209,0.6065366835690529,white,False,False,False,35.0,man,{},0.0,black,4,4,4,4,4.0,1,neutral
10638687,1761,Uhm well it's pretty damn simple. Using negro when you're fighting a black man is absolutely not racist,0.1677614526601099,0.2951536429261742,0.0400151801557513,0.4970697242579645,white,True,True,False,40.0,woman,{},-0.5,black,5,5,5,5,5.0,1,liberal
35379134,1761,Uhm well it's pretty damn simple. Using negro when you're fighting a black man is absolutely not racist,0.1677614526601099,0.2951536429261742,0.0400151801557513,0.4970697242579645,white,True,True,False,30.0,man,{},-1.0,black,3,5,5,5,5.0,1,liberal
10638687,1833,Bruh y'all some broke niggas tryanna sell it for bare notes don't worry about me I got u free my brothashahahhaaha this how they actually talk!,0.7017662841075899,0.1403604290486557,0.0042567627663159,0.1536165240774384,aae,True,True,True,40.0,woman,{},-0.5,black,5,5,5,5,5.0,1,liberal
3770894,1833,Bruh y'all some broke niggas tryanna sell it for bare notes don't worry about me I got u free my brothashahahhaaha this how they actually talk!,0.7017662841075899,0.1403604290486557,0.0042567627663159,0.1536165240774384,aae,True,True,True,40.0,woman,black; female,-1.0,black,5,1,4,4,4.0,1,liberal
10638687,2282,And then for ICT I need to do my evaluation and for science I need to do an evaluation on one piece of coursework & add something to another,0.1241099273162822,0.1877461929779048,0.0186275395674561,0.6695163401383567,white,False,False,False,40.0,woman,{},-0.5,black,1,1,1,1,1.0,0,liberal
3770894,2282,And then for ICT I need to do my evaluation and for science I need to do an evaluation on one piece of coursework & add something to another,0.1241099273162822,0.1877461929779048,0.0186275395674561,0.6695163401383567,white,False,False,False,40.0,woman,black; female,-1.0,black,1,1,1,1,1.0,0,liberal
10166032,3486,the FBI hacking into me and olivia's chatlogs: why are these hoes obsessed with ugly peoples,0.375723307255719,0.1980380318790769,0.0666984711697912,0.3595401896954127,aae,True,False,True,45.0,man,{},0.0,black,4,1,5,3,4.0,1,neutral
10638687,722,The Leeds goalkeeper called Charltons loanee striker Jonathan Leko a fucking nigger during a game at the Valley in September last year.,0.0734355436861668,0.2762754026629485,0.2027223289972262,0.4475667246536583,white,True,False,False,40.0,woman,{},-0.5,black,5,5,5,5,5.0,1,liberal
3770894,722,The Leeds goalkeeper called Charltons loanee striker Jonathan Leko a fucking nigger during a game at the Valley in September last year.,0.0734355436861668,0.2762754026629485,0.2027223289972262,0.4475667246536583,white,True,False,False,40.0,woman,black; female,-1.0,black,5,5,5,5,5.0,1,liberal
49021087,3668,"im so laid back & Understanding , i Don't know why i get lied to :woman_shrugging_medium_skin_tone: i Honestly Truly don't be giving A Fuck :bangbang:",0.4692434568433136,0.3151046789209923,0.0043719824728503,0.2112798817628435,aae,True,False,True,25.0,man,{},-1.0,black,1,1,1,1,1.0,0,liberal
10166032,3668,"im so laid back & Understanding , i Don't know why i get lied to :woman_shrugging_medium_skin_tone: i Honestly Truly don't be giving A Fuck :bangbang:",0.4692434568433136,0.3151046789209923,0.0043719824728503,0.2112798817628435,aae,True,False,True,45.0,man,{},0.0,black,1,1,1,1,1.0,0,neutral
10638687,155,apparently Japan has accepted 28 refugees in the past years...28 is that it?,0.0652741523787802,0.1239841490723508,0.2305954162609668,0.5801462822879021,white,False,False,False,40.0,woman,{},-0.5,black,1,1,1,1,1.0,0,liberal
10638687,2162,stop talking you fucking nigger !,0.2783719768214189,0.4795972313629129,0.0395966584891732,0.2024341333264949,hispanic,True,True,False,40.0,woman,{},-0.5,black,5,5,5,5,5.0,1,liberal
3770894,2162,stop talking you fucking nigger !,0.2783719768214189,0.4795972313629129,0.0395966584891732,0.2024341333264949,hispanic,True,True,False,40.0,woman,black; female,-1.0,black,5,5,5,5,5.0,1,liberal
3770894,2153,Fuck them niggas cause I'm not down for those niggas! Fuck the other niggas 'cause I ride for my whites. I'm here and I ride and I die for my whites,0.5255128539464146,0.2605079434588551,0.0080786237137801,0.2059005788809501,aae,True,True,True,40.0,woman,black; female,-1.0,black,5,5,5,5,5.0,1,liberal
10166032,2153,Fuck them niggas cause I'm not down for those niggas! Fuck the other niggas 'cause I ride for my whites. I'm here and I ride and I die for my whites,0.5255128539464146,0.2605079434588551,0.0080786237137801,0.2059005788809501,aae,True,True,True,45.0,man,{},0.0,black,4,5,5,5,5.0,1,neutral
8526465,213,"as a black person, i disagree with white people saying nigga",0.3672368497666691,0.2662218407204224,0.0236746925961195,0.342866616916789,aae,True,False,True,35.0,man,{},0.0,black,1,1,1,1,1.0,0,neutral
10166032,213,"as a black person, i disagree with white people saying nigga",0.3672368497666691,0.2662218407204224,0.0236746925961195,0.342866616916789,aae,True,False,True,45.0,man,{},0.0,black,1,1,1,1,1.0,0,neutral
10166032,4121,If this bitch don't get !!!!!! :joy::joy::joy::joy::joy: I stg she like 15 & wanna fuss with me !! :joy::joy::joy: me & the nigga crineee on ft at her silly ass ! :joy::joy::joy:,0.8179553354980773,0.0989182479510471,0.0231845688744856,0.0599418476763898,aae,True,False,True,45.0,man,{},0.0,black,5,1,4,4,4.0,1,neutral
10638687,1641,black people normally would not even bother engaging in these conversations because they know they are tough as a brick wall and cannot understand them,0.1540887022970931,0.1624538650722993,0.0079427028672731,0.6755147297633344,white,False,True,False,40.0,woman,{},-0.5,black,5,5,5,5,5.0,1,liberal
3088028,1641,black people normally would not even bother engaging in these conversations because they know they are tough as a brick wall and cannot understand them,0.1540887022970931,0.1624538650722993,0.0079427028672731,0.6755147297633344,white,False,True,False,30.0,woman,{},-0.5,black,5,5,5,5,5.0,1,liberal
10638687,2155,"This is great man, because I hate niggers too...those jenkem-sucking, welfare-worshiping, shit-skinned, sickle-celled, ass-raping, vine-swinging, bongo-beating bush monkeys Literally apes dirty apes all of them",0.149706282678396,0.2124557265288963,0.0851619208582094,0.5526760699344981,white,True,True,False,40.0,woman,{},-0.5,black,5,5,5,5,5.0,1,liberal
10166032,2155,"This is great man, because I hate niggers too...those jenkem-sucking, welfare-worshiping, shit-skinned, sickle-celled, ass-raping, vine-swinging, bongo-beating bush monkeys Literally apes dirty apes all of them",0.149706282678396,0.2124557265288963,0.0851619208582094,0.5526760699344981,white,True,True,False,45.0,man,{},0.0,black,5,5,5,5,5.0,1,neutral
10638687,3455,How you get mad at me cause I'm wit somebody else ain't nobody tell you to go be a hoe wen I was wit you,0.7794617107363219,0.1385435427985812,0.0014464863881983,0.0805482600768983,aae,True,False,True,40.0,woman,{},-0.5,black,5,1,5,5,5.0,1,liberal
10166032,3455,How you get mad at me cause I'm wit somebody else ain't nobody tell you to go be a hoe wen I was wit you,0.7794617107363219,0.1385435427985812,0.0014464863881983,0.0805482600768983,aae,True,False,True,45.0,man,{},0.0,black,1,1,4,3,3.5,1,neutral
49021087,100,They behave in such foolish ways that I'm suprised they're still around.,0.31065867424402,0.3595982975184379,0.0072758890218482,0.3224671392156936,hispanic,False,False,False,25.0,man,{},-1.0,black,3,3,2,2,2.0,0,liberal
10166032,100,They behave in such foolish ways that I'm suprised they're still around.,0.31065867424402,0.3595982975184379,0.0072758890218482,0.3224671392156936,hispanic,False,False,False,45.0,man,{},0.0,black,4,1,4,3,3.5,1,neutral
3770894,3122,bad news in the air.... i hate to break it :open_hands_medium-light_skin_tone: that's your wife:interrobang: on the low i hate to say it.... that bitch BASIC:bangbang:- @iitsAD,0.3327393991549778,0.2623465271222722,0.0033988243598929,0.401515249362857,white,True,False,False,40.0,woman,black; female,-1.0,black,5,1,5,5,5.0,1,liberal
10166032,3122,bad news in the air.... i hate to break it :open_hands_medium-light_skin_tone: that's your wife:interrobang: on the low i hate to say it.... that bitch BASIC:bangbang:- @iitsAD,0.3327393991549778,0.2623465271222722,0.0033988243598929,0.401515249362857,white,True,False,False,45.0,man,{},0.0,black,4,1,5,4,4.5,1,neutral
3770894,3251,Judge rules to allow 1st Title IX claim against Baylor - and negligence claims against frm Coach Art Briles & frm AD Ian McCaw - to proceed,0.4482526950503085,0.0554707398043028,0.1966958007200015,0.2995807644253869,aae,False,False,True,40.0,woman,black; female,-1.0,black,1,1,1,1,1.0,0,liberal
10166032,3251,Judge rules to allow 1st Title IX claim against Baylor - and negligence claims against frm Coach Art Briles & frm AD Ian McCaw - to proceed,0.4482526950503085,0.0554707398043028,0.1966958007200015,0.2995807644253869,aae,False,False,True,45.0,man,{},0.0,black,1,1,1,1,1.0,0,neutral
3088028,15,Why don't Max just stay in the kitchen?,0.2516470781562677,0.3308383948162627,0.0334196962091415,0.3840948308183279,white,False,False,False,30.0,woman,{},-0.5,black,1,1,1,1,1.0,0,liberal
10166032,15,Why don't Max just stay in the kitchen?,0.2516470781562677,0.3308383948162627,0.0334196962091415,0.3840948308183279,white,False,False,False,45.0,man,{},0.0,black,1,1,1,1,1.0,0,neutral
10638687,3498,Sick to death of either seein nobs or ur minge on ur story,0.4720703294109484,0.1755992115306545,0.0170920866992919,0.335238372359105,aae,False,False,True,40.0,woman,{},-0.5,black,4,1,5,5,5.0,1,liberal
10166032,3498,Sick to death of either seein nobs or ur minge on ur story,0.4720703294109484,0.1755992115306545,0.0170920866992919,0.335238372359105,aae,False,False,True,45.0,man,{},0.0,black,5,5,5,5,5.0,1,neutral
10638687,847,Black people are just totally pointless in society and should be removed,0.0862724052157432,0.2308929681375727,0.0038485168007388,0.6789861098459453,white,False,False,False,40.0,woman,{},-0.5,black,5,5,5,5,5.0,1,liberal
3770894,847,Black people are just totally pointless in society and should be removed,0.0862724052157432,0.2308929681375727,0.0038485168007388,0.6789861098459453,white,False,False,False,40.0,woman,black; female,-1.0,black,5,5,5,5,5.0,1,liberal
10638687,1546,Yale University was named for Elihu Yale. Not just a man who had slaves. A visionary who actually traded slaves. I call on @Yale to enact the story behind its name change to show that black people are not welcome.,0.171896290999836,0.1517571637668606,0.0624633978903441,0.6138831473429591,white,False,True,False,40.0,woman,{},-0.5,black,5,5,5,5,5.0,1,liberal
10166032,1546,Yale University was named for Elihu Yale. Not just a man who had slaves. A visionary who actually traded slaves. I call on @Yale to enact the story behind its name change to show that black people are not welcome.,0.171896290999836,0.1517571637668606,0.0624633978903441,0.6138831473429591,white,False,True,False,45.0,man,{},0.0,black,2,1,3,1,2.0,0,neutral
8526465,2722,Black and Brown activists: ICE & police are terrorizing our people White liberals: We won't give up until we get Trump's tax returns!,0.205030705837125,0.1178001279947271,0.2044564926742879,0.4727126734938597,white,False,False,False,35.0,man,{},0.0,black,2,1,2,1,1.5,0,neutral
10166032,2722,Black and Brown activists: ICE & police are terrorizing our people White liberals: We won't give up until we get Trump's tax returns!,0.205030705837125,0.1178001279947271,0.2044564926742879,0.4727126734938597,white,False,False,False,45.0,man,{},0.0,black,1,1,3,1,2.0,0,neutral
3770894,2240,"Away today, 3/30... Girls Tennis @ Woodbridge, 3:30 Girls Soccer @ Woodbridge - JV-5:30, V-7 JV Softball @ Broad Run, 6:30 #GoLadyRaiders",0.1075330118267474,0.1785251915804033,0.264483096255964,0.4494587003368851,white,False,False,False,40.0,woman,black; female,-1.0,black,1,1,1,1,1.0,0,liberal
10166032,2240,"Away today, 3/30... Girls Tennis @ Woodbridge, 3:30 Girls Soccer @ Woodbridge - JV-5:30, V-7 JV Softball @ Broad Run, 6:30 #GoLadyRaiders",0.1075330118267474,0.1785251915804033,0.264483096255964,0.4494587003368851,white,False,False,False,45.0,man,{},0.0,black,1,1,1,1,1.0,0,neutral
10638687,1632,"here's a new Law coming soon, its Illegal to be white",0.2110149020398543,0.1876353308317239,0.0365381715176936,0.5648115956107281,white,False,True,False,40.0,woman,{},-0.5,black,5,5,5,5,5.0,1,liberal
10166032,1632,"here's a new Law coming soon, its Illegal to be white",0.2110149020398543,0.1876353308317239,0.0365381715176936,0.5648115956107281,white,False,True,False,45.0,man,{},0.0,black,5,5,4,5,4.5,1,neutral
10638687,2349,Yeah U did ask - you are speaking to the public with knowledge of their right to reply. If someone speaks back to U it's between U and them.,0.2328783943139287,0.2928756672008442,0.0155909549225646,0.4586549835626625,white,False,False,False,40.0,woman,{},-0.5,black,1,1,1,1,1.0,0,liberal
10166032,2349,Yeah U did ask - you are speaking to the public with knowledge of their right to reply. If someone speaks back to U it's between U and them.,0.2328783943139287,0.2928756672008442,0.0155909549225646,0.4586549835626625,white,False,False,False,45.0,man,{},0.0,black,1,1,1,1,1.0,0,neutral
3770894,2992,Not having access to my money is fucking pissing me off!!!!,0.2886489897708507,0.3362047586802745,0.0388071840252113,0.3363390675236635,white,True,False,False,40.0,woman,black; female,-1.0,black,2,1,3,2,2.5,0,liberal
10166032,2992,Not having access to my money is fucking pissing me off!!!!,0.2886489897708507,0.3362047586802745,0.0388071840252113,0.3363390675236635,white,True,False,False,45.0,man,{},0.0,black,1,1,1,1,1.0,0,neutral
10638687,1663,"well I think everyone should have the right to see it up close and personal, in a zoo, where all blacks belong",0.13740342842639,0.298139778845702,0.0142631382263525,0.5501936545015552,white,False,True,False,40.0,woman,{},-0.5,black,5,5,5,5,5.0,1,liberal
3088028,1663,"well I think everyone should have the right to see it up close and personal, in a zoo, where all blacks belong",0.13740342842639,0.298139778845702,0.0142631382263525,0.5501936545015552,white,False,True,False,30.0,woman,{},-0.5,black,5,5,5,5,5.0,1,liberal
10638687,613,"""Fuck niggers, kikes, trannies, faggots, spics, arabs, chinks, greasers and fuck jannies!"" -  Please do us all a favor and log off for a bit cause you're not okay.",0.1195518246658309,0.4897660309366958,0.1824933786679289,0.2081887657295441,hispanic,True,False,False,40.0,woman,{},-0.5,black,5,5,5,5,5.0,1,liberal
10166032,613,"""Fuck niggers, kikes, trannies, faggots, spics, arabs, chinks, greasers and fuck jannies!"" -  Please do us all a favor and log off for a bit cause you're not okay.",0.1195518246658309,0.4897660309366958,0.1824933786679289,0.2081887657295441,hispanic,True,False,False,45.0,man,{},0.0,black,5,5,5,5,5.0,1,neutral
3770894,2320,"Find your spirit, and no challenge will keep you from achieving your goals. - Christopher Penn #quote",0.0844278352128842,0.1651990330724939,0.1582686373798366,0.5921044943347851,white,False,False,False,40.0,woman,black; female,-1.0,black,1,1,1,1,1.0,0,liberal
10166032,2320,"Find your spirit, and no challenge will keep you from achieving your goals. - Christopher Penn #quote",0.0844278352128842,0.1651990330724939,0.1582686373798366,0.5921044943347851,white,False,False,False,45.0,man,{},0.0,black,1,1,1,1,1.0,0,neutral
10638687,3558,How he dare to say this..... Who is thia idiot !!!!! @ZeeNews # taal thok k,0.3947486551980441,0.3038340014221434,0.0562277114573036,0.2451896319225087,aae,False,False,True,40.0,woman,{},-0.5,black,5,1,5,5,5.0,1,liberal
10166032,3558,How he dare to say this..... Who is thia idiot !!!!! @ZeeNews # taal thok k,0.3947486551980441,0.3038340014221434,0.0562277114573036,0.2451896319225087,aae,False,False,True,45.0,man,{},0.0,black,3,1,4,3,3.5,1,neutral
3088028,500,plums are one of the reasons why the world sucks,0.0749963513348811,0.280397160451497,0.0119347825255618,0.6326717056880601,white,True,False,False,30.0,woman,{},-0.5,black,1,1,1,1,1.0,0,liberal
10166032,500,plums are one of the reasons why the world sucks,0.0749963513348811,0.280397160451497,0.0119347825255618,0.6326717056880601,white,True,False,False,45.0,man,{},0.0,black,5,5,5,5,5.0,1,neutral
74158862,3237,"""Finally got my gf to watch #WynonnaEarp last night. She kept calling Bobo """"The Badonkadonk"""" so you win some you lose some I guess.""",0.3368510581456531,0.2809083273251305,0.1148524184080211,0.2673881961211951,aae,False,False,True,45.0,man,NONE,1.0,black,4,4,4,3,3.5,1,conservative
10166032,3237,"""Finally got my gf to watch #WynonnaEarp last night. She kept calling Bobo """"The Badonkadonk"""" so you win some you lose some I guess.""",0.3368510581456531,0.2809083273251305,0.1148524184080211,0.2673881961211951,aae,False,False,True,45.0,man,{},0.0,black,1,1,1,1,1.0,0,neutral
10638687,2656,The politicians -animals are dancing on the street of Pakistan-AAM ADMI are looking at them-and then look in the sky in search of God-,0.0816470677302665,0.1772014896624998,0.0166676976520457,0.7244837449551881,white,False,False,False,40.0,woman,{},-0.5,black,5,5,5,5,5.0,1,liberal
10166032,2656,The politicians -animals are dancing on the street of Pakistan-AAM ADMI are looking at them-and then look in the sky in search of God-,0.0816470677302665,0.1772014896624998,0.0166676976520457,0.7244837449551881,white,False,False,False,45.0,man,{},0.0,black,5,3,5,4,4.5,1,neutral
10638687,3431,""":: I have to listen to Con Funk Shun | """"Love's Train LIVE"""" from the Live For Ya Ass album every morning ..""",0.3230864995494653,0.1583154754822304,0.2903974704997455,0.2282005544685587,aae,True,False,True,40.0,woman,{},-0.5,black,1,1,1,1,1.0,0,liberal
3770894,3431,""":: I have to listen to Con Funk Shun | """"Love's Train LIVE"""" from the Live For Ya Ass album every morning ..""",0.3230864995494653,0.1583154754822304,0.2903974704997455,0.2282005544685587,aae,True,False,True,40.0,woman,black; female,-1.0,black,1,1,2,1,1.5,0,liberal
10166032,3348,You know what it's cool... :joy: Dee gonna get signed bruh I know it! We was robbed once again :expressionless: #TheRapGame,0.3838178816118598,0.369902524761245,0.0154325093574779,0.2308470842694171,aae,False,False,True,45.0,man,{},0.0,black,1,1,1,1,1.0,0,neutral
49021087,2104,I don't like being an ass man. I don't want to share a fetish with black people,0.2614069119342052,0.4041139523395586,0.0077555804969148,0.3267235552293215,hispanic,True,True,False,25.0,man,{},-1.0,black,5,5,5,5,5.0,1,liberal
10638687,2104,I don't like being an ass man. I don't want to share a fetish with black people,0.2614069119342052,0.4041139523395586,0.0077555804969148,0.3267235552293215,hispanic,True,True,False,40.0,woman,{},-0.5,black,5,5,5,5,5.0,1,liberal
10638687,810,Hitler had plenty of good reasons to get rid of the jews...according to necessity of course.,0.0639180612904009,0.1180971951250898,0.0442780817345758,0.7737066618499333,white,False,False,False,40.0,woman,{},-0.5,black,5,5,5,5,5.0,1,liberal
10166032,810,Hitler had plenty of good reasons to get rid of the jews...according to necessity of course.,0.0639180612904009,0.1180971951250898,0.0442780817345758,0.7737066618499333,white,False,False,False,45.0,man,{},0.0,black,5,5,5,5,5.0,1,neutral
8526465,3699,Why is everyone so worried about @Rashida_Staar and what she got going on Mind your mutha fucking business drama feeled bitchs,0.471818377052309,0.306448896590645,0.0002895259378521,0.2214432004191937,aae,True,False,True,35.0,man,{},0.0,black,3,1,2,2,2.0,0,neutral
10166032,3699,Why is everyone so worried about @Rashida_Staar and what she got going on Mind your mutha fucking business drama feeled bitchs,0.471818377052309,0.306448896590645,0.0002895259378521,0.2214432004191937,aae,True,False,True,45.0,man,{},0.0,black,4,1,4,5,4.5,1,neutral
10638687,1381,all cats do is shit and lick their balls. Just like some niggers I know.,0.2475619450444039,0.3292197618430219,0.0098141863095116,0.4134041068030627,white,True,False,False,40.0,woman,{},-0.5,black,5,5,5,5,5.0,1,liberal
10166032,1381,all cats do is shit and lick their balls. Just like some niggers I know.,0.2475619450444039,0.3292197618430219,0.0098141863095116,0.4134041068030627,white,True,False,False,45.0,man,{},0.0,black,5,5,5,5,5.0,1,neutral
10638687,1725,"I was raised in Idaho, amazing place. There is a reason they call it whiteaho. There was 1 single black in my town growing up. He was a halfie and wasn't too bad. Though still did the whole poor black me whine. I don't remember ever meeting a J3w my entire life until I left the state. But. The Mexicans did infiltrate and there are quite a few wetbacks there. Only downfall.",0.0770369740872357,0.2595825744057531,0.0071377404110084,0.6562427110960026,white,False,True,False,40.0,woman,{},-0.5,black,5,5,5,5,5.0,1,liberal
10166032,1725,"I was raised in Idaho, amazing place. There is a reason they call it whiteaho. There was 1 single black in my town growing up. He was a halfie and wasn't too bad. Though still did the whole poor black me whine. I don't remember ever meeting a J3w my entire life until I left the state. But. The Mexicans did infiltrate and there are quite a few wetbacks there. Only downfall.",0.0770369740872357,0.2595825744057531,0.0071377404110084,0.6562427110960026,white,False,True,False,45.0,man,{},0.0,black,5,5,5,5,5.0,1,neutral
8526465,1574,"Unfortunately, Black people's behavior demonstrates they are disproportionately corrupt.",0.1713276756082167,0.186564145120697,0.1021862626450138,0.5399219166260724,white,False,True,False,35.0,man,{},0.0,black,5,5,5,5,5.0,1,neutral
10166032,1574,"Unfortunately, Black people's behavior demonstrates they are disproportionately corrupt.",0.1713276756082167,0.186564145120697,0.1021862626450138,0.5399219166260724,white,False,True,False,45.0,man,{},0.0,black,5,5,5,5,5.0,1,neutral
10638687,3319,"""Asking :boy_medium-light_skin_tone: a few questions about his day and I get """"Ohhhhh DeLana, DeLana, DeLana, you ask too many questions."""" :face_with_rolling_eyes::face_with_rolling_eyes::face_with_rolling_eyes:""",0.3523530562353299,0.1966992715992595,0.1940810418554288,0.2568666303099818,aae,False,False,True,40.0,woman,{},-0.5,black,1,1,1,1,1.0,0,liberal
3770894,3319,"""Asking :boy_medium-light_skin_tone: a few questions about his day and I get """"Ohhhhh DeLana, DeLana, DeLana, you ask too many questions."""" :face_with_rolling_eyes::face_with_rolling_eyes::face_with_rolling_eyes:""",0.3523530562353299,0.1966992715992595,0.1940810418554288,0.2568666303099818,aae,False,False,True,40.0,woman,black; female,-1.0,black,1,1,3,2,2.5,0,liberal
10638687,1736,"Trump just gave niggers 500 billion dollars. If he's not a n1gger loving cocksucker, I don't know what he is.",0.138323975629685,0.2316736390162304,0.0385835547072915,0.5914188306467929,white,True,True,False,40.0,woman,{},-0.5,black,5,5,5,5,5.0,1,liberal
10166032,1736,"Trump just gave niggers 500 billion dollars. If he's not a n1gger loving cocksucker, I don't know what he is.",0.138323975629685,0.2316736390162304,0.0385835547072915,0.5914188306467929,white,True,True,False,45.0,man,{},0.0,black,5,5,5,5,5.0,1,neutral
10638687,1138,Sick of their shit? Then stop watching your TV  - and do something. Violence is one of only two things these immigrants understand!,0.1390251177771145,0.2596233336088543,0.0279954972758648,0.5733560513381664,white,True,False,False,40.0,woman,{},-0.5,black,5,5,5,5,5.0,1,liberal
10166032,1138,Sick of their shit? Then stop watching your TV  - and do something. Violence is one of only two things these immigrants understand!,0.1390251177771145,0.2596233336088543,0.0279954972758648,0.5733560513381664,white,True,False,False,45.0,man,{},0.0,black,5,4,5,4,4.5,1,neutral
10638687,2931,"""This """"Throwing Elbows"""" remix i found is fuckin insane :disappointed_relieved::headphones::musical_note:""",0.2353518008738769,0.1805636667226963,0.2891008639900173,0.2949836684134095,white,True,False,False,40.0,woman,{},-0.5,black,1,1,1,1,1.0,0,liberal
10166032,2931,"""This """"Throwing Elbows"""" remix i found is fuckin insane :disappointed_relieved::headphones::musical_note:""",0.2353518008738769,0.1805636667226963,0.2891008639900173,0.2949836684134095,white,True,False,False,45.0,man,{},0.0,black,1,1,1,1,1.0,0,neutral
3088028,3365,"""""""Let them praise the name of the LORD: for his name alone is excellent; his glory is above the earth and heaven."""" ~Psalms 148:13 #Bible""",0.4112669879401496,0.1045373719280438,0.1805479343884809,0.3036477057433255,aae,False,False,True,30.0,woman,{},-0.5,black,1,1,2,1,1.5,0,liberal
3770894,3365,"""""""Let them praise the name of the LORD: for his name alone is excellent; his glory is above the earth and heaven."""" ~Psalms 148:13 #Bible""",0.4112669879401496,0.1045373719280438,0.1805479343884809,0.3036477057433255,aae,False,False,True,40.0,woman,black; female,-1.0,black,1,1,1,1,1.0,0,liberal
10638687,3518,"""Also made this boy bacon and eggs this morning. He picked up his fork and said """"are the waffles still in the oven?"""". Ain't no damn waffles b""",0.4114535569379578,0.1450088616931789,0.0851426970391568,0.3583948843297063,aae,False,False,True,40.0,woman,{},-0.5,black,2,1,2,2,2.0,0,liberal
10166032,3518,"""Also made this boy bacon and eggs this morning. He picked up his fork and said """"are the waffles still in the oven?"""". Ain't no damn waffles b""",0.4114535569379578,0.1450088616931789,0.0851426970391568,0.3583948843297063,aae,False,False,True,45.0,man,{},0.0,black,1,1,1,1,1.0,0,neutral
10638687,3483,"""Somebody call my manager and say you got an urgent message for a nigga named William, """"drop everything, Craig's in trouble, come quick""""""",0.4123524478497035,0.1525131960567814,0.1519521828917788,0.2831821732017363,aae,True,False,True,40.0,woman,{},-0.5,black,5,5,5,5,5.0,1,liberal
3088028,1656,I just have a bad feeling that GolliWood will embrace this poor put upon nigrah because it is the current coddling libtard favorite black face of everything unpatriotic and anti-American.,0.0854337938137548,0.1577248892159517,0.0468612333633844,0.7099800836069089,white,False,True,False,30.0,woman,{},-0.5,black,5,5,5,5,5.0,1,liberal
10166032,1656,I just have a bad feeling that GolliWood will embrace this poor put upon nigrah because it is the current coddling libtard favorite black face of everything unpatriotic and anti-American.,0.0854337938137548,0.1577248892159517,0.0468612333633844,0.7099800836069089,white,False,True,False,45.0,man,{},0.0,black,5,5,5,5,5.0,1,neutral
10638687,1522,"I need to rant apologies but this fucking bitch, does she think we are fucking stupid? Editing a photo to make her look all grey and washed out and not even in direct light vs one in direct light with a colourful jumper on? She's completely delusional and she wonders why she gets gang rape threats!",0.2010137799257726,0.3233105125270936,0.0175933721523475,0.4580823353947862,white,True,False,False,40.0,woman,{},-0.5,black,5,1,5,5,5.0,1,liberal
3770894,1522,"I need to rant apologies but this fucking bitch, does she think we are fucking stupid? Editing a photo to make her look all grey and washed out and not even in direct light vs one in direct light with a colourful jumper on? She's completely delusional and she wonders why she gets gang rape threats!",0.2010137799257726,0.3233105125270936,0.0175933721523475,0.4580823353947862,white,True,False,False,40.0,woman,black; female,-1.0,black,5,1,5,5,5.0,1,liberal
8526465,1705,"lets be honest, if I said I cant stand blacks you wouldn't say a thing. It's the truth and you wouldn't mind cos you know it too. Im glad we can be open and honest with each other.",0.2120777842154705,0.3462543922489554,0.0076579713300661,0.434009852205508,white,False,True,False,35.0,man,{},0.0,black,5,5,5,5,5.0,1,neutral
10166032,1705,"lets be honest, if I said I cant stand blacks you wouldn't say a thing. It's the truth and you wouldn't mind cos you know it too. Im glad we can be open and honest with each other.",0.2120777842154705,0.3462543922489554,0.0076579713300661,0.434009852205508,white,False,True,False,45.0,man,{},0.0,black,1,1,3,2,2.5,0,neutral
10638687,3620,If it wasn't cause I have to come into work I woulda went home got me fucked up,0.3968518203554521,0.3263787532552524,0.0007736021027665,0.2759958242865289,aae,True,False,True,40.0,woman,{},-0.5,black,2,1,2,3,2.5,0,liberal
3770894,3620,If it wasn't cause I have to come into work I woulda went home got me fucked up,0.3968518203554521,0.3263787532552524,0.0007736021027665,0.2759958242865289,aae,True,False,True,40.0,woman,black; female,-1.0,black,2,1,3,1,2.0,0,liberal
49021087,2685,"Pour your misery down, pour your misery down on me Pour your misery down, pour your misery down on me",0.2222103954322778,0.275147975771164,0.1363700306257966,0.3662715981707614,white,False,False,False,25.0,man,{},-1.0,black,1,1,1,1,1.0,0,liberal
10638687,2685,"Pour your misery down, pour your misery down on me Pour your misery down, pour your misery down on me",0.2222103954322778,0.275147975771164,0.1363700306257966,0.3662715981707614,white,False,False,False,40.0,woman,{},-0.5,black,1,1,1,1,1.0,0,liberal
3088028,673,"""I fucking hate niggers so goddamn much."" - Cool cos I fucking hate you so goddamn much too!",0.117617027270913,0.574262571309962,0.0739827293363874,0.2341376720827373,hispanic,True,False,False,30.0,woman,{},-0.5,black,5,5,5,5,5.0,1,liberal
10166032,673,"""I fucking hate niggers so goddamn much."" - Cool cos I fucking hate you so goddamn much too!",0.117617027270913,0.574262571309962,0.0739827293363874,0.2341376720827373,hispanic,True,False,False,45.0,man,{},0.0,black,5,5,5,5,5.0,1,neutral
10638687,2175,"Oh mate I am SO going to fuck you up next time I see you, nigger !",0.1581399247317534,0.5095806299445558,0.0265722889612972,0.3057071563623936,hispanic,True,True,False,40.0,woman,{},-0.5,black,5,5,5,5,5.0,1,liberal
8526465,2175,"Oh mate I am SO going to fuck you up next time I see you, nigger !",0.1581399247317534,0.5095806299445558,0.0265722889612972,0.3057071563623936,hispanic,True,True,False,35.0,man,{},0.0,black,5,5,5,5,5.0,1,neutral
8526465,49,"I fully support artists who freely express themselves and applaud male and female artists who are opening up more and more about their sexual identities, but every so often there come certain songs with messaging that is just downright tone-deaf, which does more harm than good for the LGBTQ+ community. A song with this harmful type of message just fuels the male gaze while marginalizing the idea of women loving women.",0.0689871559364946,0.1284703569373829,0.0072317217725109,0.7953107653536114,white,False,False,False,35.0,man,{},0.0,black,1,1,1,1,1.0,0,neutral
3770894,49,"I fully support artists who freely express themselves and applaud male and female artists who are opening up more and more about their sexual identities, but every so often there come certain songs with messaging that is just downright tone-deaf, which does more harm than good for the LGBTQ+ community. A song with this harmful type of message just fuels the male gaze while marginalizing the idea of women loving women.",0.0689871559364946,0.1284703569373829,0.0072317217725109,0.7953107653536114,white,False,False,False,40.0,woman,black; female,-1.0,black,1,1,4,1,2.5,0,liberal
8526465,3245,"""""""That was decades ago, Cecil! Anyway, we want to know what we can do to keep your business."""" #KevinBot""",0.3701951451702115,0.2152774357587102,0.1081959911473613,0.3063314279237168,aae,False,False,True,35.0,man,{},0.0,black,1,1,1,1,1.0,0,neutral
10638687,2779,Lame as hell don't send me no kissy faces and you have a WHOLE entire girlfriend bc I will take it there,0.1563577601498908,0.3968538103534713,0.0085597281062584,0.4382287013903794,white,False,False,False,40.0,woman,{},-0.5,black,4,1,4,4,4.0,1,liberal
3770894,2779,Lame as hell don't send me no kissy faces and you have a WHOLE entire girlfriend bc I will take it there,0.1563577601498908,0.3968538103534713,0.0085597281062584,0.4382287013903794,white,False,False,False,40.0,woman,black; female,-1.0,black,1,1,3,1,2.0,0,liberal
3088028,3379,switching lanes but ion got no gears:no_entry_sign::dash: shawty said she wanna ride but she don't know how to steer:man_facepalming_medium-light_skin_tone::put_litter_in_its_place:,0.7689490645201645,0.1199554459751981,0.0248906952623054,0.0862047942423318,aae,False,False,True,30.0,woman,{},-0.5,black,1,1,2,2,2.0,0,liberal
10166032,3379,switching lanes but ion got no gears:no_entry_sign::dash: shawty said she wanna ride but she don't know how to steer:man_facepalming_medium-light_skin_tone::put_litter_in_its_place:,0.7689490645201645,0.1199554459751981,0.0248906952623054,0.0862047942423318,aae,False,False,True,45.0,man,{},0.0,black,1,1,1,1,1.0,0,neutral
10638687,322,Every police officer is a resentful son of a bitch with a lot of power,0.1968515512770876,0.1655054070192886,0.1167544915671955,0.5208885501364281,white,True,False,False,40.0,woman,{},-0.5,black,5,1,5,5,5.0,1,liberal
3088028,322,Every police officer is a resentful son of a bitch with a lot of power,0.1968515512770876,0.1655054070192886,0.1167544915671955,0.5208885501364281,white,True,False,False,30.0,woman,{},-0.5,black,4,1,3,2,2.5,0,liberal
8526465,773,"I just saw this midget in town and he tried to talk to me, no thanks.",0.2128405960004444,0.3013097793146557,0.0286187745773435,0.4572308501075562,white,False,False,False,35.0,man,{},0.0,black,5,1,5,5,5.0,1,neutral
3770894,773,"I just saw this midget in town and he tried to talk to me, no thanks.",0.2128405960004444,0.3013097793146557,0.0286187745773435,0.4572308501075562,white,False,False,False,40.0,woman,black; female,-1.0,black,4,1,4,5,4.5,1,liberal
10638687,609,What a narcisistic bitch. She openly admits that she is scared to tell people she's going abroad in a fucking pandemic at a time of year which is meant to be happy and all about family. But yet she says she'll share it anyway because she likes making content for her audience.,0.1234750663021978,0.2796149512225763,0.0055318661784484,0.5913781162967773,white,True,False,False,40.0,woman,{},-0.5,black,5,1,5,5,5.0,1,liberal
74158862,609,What a narcisistic bitch. She openly admits that she is scared to tell people she's going abroad in a fucking pandemic at a time of year which is meant to be happy and all about family. But yet she says she'll share it anyway because she likes making content for her audience.,0.1234750663021978,0.2796149512225763,0.0055318661784484,0.5913781162967773,white,True,False,False,45.0,man,NONE,1.0,black,4,3,5,4,4.5,1,conservative
8526465,2016,this black colleague of mine is one of the reasons why my life fucking sucks,0.0815077984274658,0.3237709944823631,0.0311132860957989,0.5636079209943721,white,True,True,False,35.0,man,{},0.0,black,5,5,5,5,5.0,1,neutral
10166032,2016,this black colleague of mine is one of the reasons why my life fucking sucks,0.0815077984274658,0.3237709944823631,0.0311132860957989,0.5636079209943721,white,True,True,False,45.0,man,{},0.0,black,3,3,5,4,4.5,1,neutral
10638687,2799,"""""""I am happy to report that drowning does kill this demonic entity. Oh holy are the waters of Chernarus!"""" Omg, DED ;)""",0.0549105140120925,0.2246311924573411,0.1831875666268146,0.5372707269037517,white,False,False,False,40.0,woman,{},-0.5,black,4,1,4,4,4.0,1,liberal
3088028,2799,"""""""I am happy to report that drowning does kill this demonic entity. Oh holy are the waters of Chernarus!"""" Omg, DED ;)""",0.0549105140120925,0.2246311924573411,0.1831875666268146,0.5372707269037517,white,False,False,False,30.0,woman,{},-0.5,black,2,1,2,2,2.0,0,liberal
10638687,4056,I'm not finna buy no mf twitter account!! Stop asking me that stupid ass:peach: shit:shit:!!! If anything I'll pay to get mine updated bitch.!!,0.5359091003380644,0.3243661027261962,0.011605684982328,0.1281191119534114,aae,True,False,True,40.0,woman,{},-0.5,black,5,1,5,5,5.0,1,liberal
10166032,4056,I'm not finna buy no mf twitter account!! Stop asking me that stupid ass:peach: shit:shit:!!! If anything I'll pay to get mine updated bitch.!!,0.5359091003380644,0.3243661027261962,0.011605684982328,0.1281191119534114,aae,True,False,True,45.0,man,{},0.0,black,5,1,5,5,5.0,1,neutral
3770894,1401,"Yeah. Verbose, wise-ass, know it all and downright SMUG Jew. I hate punks like this, saturated in Cultural Marxist propaganda. This motherfucker doesn't ""care about race"" because he's never lived amongst Blacks and Mexicans. I'd love to shove his lame, kosher ass into a jail cell full of Negro brutes. Then ask him later (if he lives haha) if he still does not care about race.",0.1065990998233073,0.2346240208448099,0.0955031828955965,0.5632736964362862,white,True,False,False,40.0,woman,black; female,-1.0,black,5,5,5,5,5.0,1,liberal
10166032,1401,"Yeah. Verbose, wise-ass, know it all and downright SMUG Jew. I hate punks like this, saturated in Cultural Marxist propaganda. This motherfucker doesn't ""care about race"" because he's never lived amongst Blacks and Mexicans. I'd love to shove his lame, kosher ass into a jail cell full of Negro brutes. Then ask him later (if he lives haha) if he still does not care about race.",0.1065990998233073,0.2346240208448099,0.0955031828955965,0.5632736964362862,white,True,False,False,45.0,man,{},0.0,black,5,5,5,4,4.5,1,neutral
3088028,3474,Sis don't assume I'm talking about yo nigga and get in yo feelings .. Yo nigga not the only one on my line :joy:,0.718124575832953,0.1416164067457073,0.0152845490707318,0.1249744683506078,aae,True,False,True,30.0,woman,{},-0.5,black,5,2,3,2,2.5,0,liberal
10166032,3474,Sis don't assume I'm talking about yo nigga and get in yo feelings .. Yo nigga not the only one on my line :joy:,0.718124575832953,0.1416164067457073,0.0152845490707318,0.1249744683506078,aae,True,False,True,45.0,man,{},0.0,black,5,1,4,4,4.0,1,neutral
74158862,3989,lings for a swinger I fucked I refuse to catch feelings for a swinger I fucked BITCH I REPEAT I REFUSE TO CATCH FEELINGS FOR THIS MF SWINGER,0.6507351088047756,0.1297481837571841,0.0134429253869552,0.2060737820510849,aae,True,False,True,45.0,man,NONE,0.5,black,4,4,4,5,4.5,1,conservative
10166032,3989,lings for a swinger I fucked I refuse to catch feelings for a swinger I fucked BITCH I REPEAT I REFUSE TO CATCH FEELINGS FOR THIS MF SWINGER,0.6507351088047756,0.1297481837571841,0.0134429253869552,0.2060737820510849,aae,True,False,True,45.0,man,{},0.0,black,1,1,4,3,3.5,1,neutral
10166032,3290,AND I LOVE HOW JINWOO GET A LOT OF LINE LIKE YAS BRUH DO IT BRUH IT'S UR TIME TO SHINE U HAVE UNIQUE VOICE <3,0.418454316212855,0.3243678080389964,0.0218760202409247,0.2353018555072239,aae,False,False,True,45.0,man,{},0.0,black,1,1,1,1,1.0,0,neutral
8526465,404,my chair can eat my shit,0.4218301205968101,0.3059956965943129,0.0003925255899915,0.2717816572188854,aae,True,False,True,35.0,man,{},0.0,black,2,1,2,1,1.5,0,neutral
10166032,404,my chair can eat my shit,0.4218301205968101,0.3059956965943129,0.0003925255899915,0.2717816572188854,aae,True,False,True,45.0,man,{},0.0,black,1,1,1,1,1.0,0,neutral
49021087,1816,CHECK THESE LYRICS TO AN UNNAMED SONG. TUNE OUT THAT NIGGA MUSIC,0.4627687274602148,0.2028541630552965,0.0765316817068584,0.2578454277776301,aae,True,True,True,25.0,man,{},-1.0,black,4,5,4,4,4.0,1,liberal
10638687,1816,CHECK THESE LYRICS TO AN UNNAMED SONG. TUNE OUT THAT NIGGA MUSIC,0.4627687274602148,0.2028541630552965,0.0765316817068584,0.2578454277776301,aae,True,True,True,40.0,woman,{},-0.5,black,5,5,5,5,5.0,1,liberal
3088028,913,The definition of adultery is to adulterate (corrupt) your race. Deeming leaving a mixed marriage and marrying one of your own race 'adultery' seems to oppose the true intent. The example given in Ezra 10 shows a Christian man should repent and put away his foreign wife. (It helps to see this from a C.I. point of view.),0.0817787963890198,0.0896365447173401,0.078499605313744,0.750085053579896,white,False,False,False,30.0,woman,{},-0.5,black,3,2,3,2,2.5,0,liberal
10166032,913,The definition of adultery is to adulterate (corrupt) your race. Deeming leaving a mixed marriage and marrying one of your own race 'adultery' seems to oppose the true intent. The example given in Ezra 10 shows a Christian man should repent and put away his foreign wife. (It helps to see this from a C.I. point of view.),0.0817787963890198,0.0896365447173401,0.078499605313744,0.750085053579896,white,False,False,False,45.0,man,{},0.0,black,4,4,5,5,5.0,1,neutral
49021087,1682,"I saw a clip of this absolute genius from blm today trying to justify their looting and stealing because, ""this country was stolen in the first place.....and george floyd"" idiot",0.0810309475451891,0.102681893056762,0.1006629510749623,0.7156242083230866,white,False,True,False,25.0,man,{},-1.0,black,5,3,4,4,4.0,1,liberal
10638687,1682,"I saw a clip of this absolute genius from blm today trying to justify their looting and stealing because, ""this country was stolen in the first place.....and george floyd"" idiot",0.0810309475451891,0.102681893056762,0.1006629510749623,0.7156242083230866,white,False,True,False,40.0,woman,{},-0.5,black,5,5,5,5,5.0,1,liberal
10638687,1592,"Of course they like all that ""gangsta"" talk and black behaviour, but how do they react when they see one (let alone having to be surrounded by them)?",0.3029273543143441,0.3372633684679605,0.0577482593141292,0.3020610179035661,hispanic,False,True,False,40.0,woman,{},-0.5,black,5,5,5,5,5.0,1,liberal
8526465,1592,"Of course they like all that ""gangsta"" talk and black behaviour, but how do they react when they see one (let alone having to be surrounded by them)?",0.3029273543143441,0.3372633684679605,0.0577482593141292,0.3020610179035661,hispanic,False,True,False,35.0,man,{},0.0,black,4,4,4,4,4.0,1,neutral
3088028,3471,ion care if yall hoes get mad just dont get in the way,0.7576109490109137,0.1228451026266907,0.0014484716993973,0.118095476662998,aae,True,False,True,30.0,woman,{},-0.5,black,3,1,2,2,2.0,0,liberal
10166032,3471,ion care if yall hoes get mad just dont get in the way,0.7576109490109137,0.1228451026266907,0.0014484716993973,0.118095476662998,aae,True,False,True,45.0,man,{},0.0,black,5,1,5,3,4.0,1,neutral
8526465,2545,I really appreciate the fact that I get to live in a city with a lot of other kinky people. It's not something to take for granted.,0.0954666285895639,0.2709290137113047,0.0096251074978207,0.6239792502013106,white,True,False,False,35.0,man,{},0.0,black,1,1,2,1,1.5,0,neutral
3770894,2545,I really appreciate the fact that I get to live in a city with a lot of other kinky people. It's not something to take for granted.,0.0954666285895639,0.2709290137113047,0.0096251074978207,0.6239792502013106,white,True,False,False,40.0,woman,black; female,-1.0,black,1,1,2,1,1.5,0,liberal
10638687,1823,"I've been to Italy a few times, and only saw two niggers in Venice.... some old dudes who were missing nearly all their teeth.. . I just don't go back to Venice.. problem solved.",0.1188594738053645,0.2898588985730996,0.0224436759388988,0.5688379516826368,white,True,True,False,40.0,woman,{},-0.5,black,5,5,5,5,5.0,1,liberal
10166032,1823,"I've been to Italy a few times, and only saw two niggers in Venice.... some old dudes who were missing nearly all their teeth.. . I just don't go back to Venice.. problem solved.",0.1188594738053645,0.2898588985730996,0.0224436759388988,0.5688379516826368,white,True,True,False,45.0,man,{},0.0,black,5,5,5,5,5.0,1,neutral
3770894,3400,"""Im ALWAYS here for objective Beyonce analysis but I do NOT see what yall see for Ashanti and never have """"oh babay"""" :face_with_rolling_eyes::joy:""",0.420165883184216,0.1822274015550909,0.1594576873320718,0.2381490279286213,aae,False,False,True,40.0,woman,black; female,-1.0,black,2,1,4,1,2.5,0,liberal
10166032,3400,"""Im ALWAYS here for objective Beyonce analysis but I do NOT see what yall see for Ashanti and never have """"oh babay"""" :face_with_rolling_eyes::joy:""",0.420165883184216,0.1822274015550909,0.1594576873320718,0.2381490279286213,aae,False,False,True,45.0,man,{},0.0,black,4,1,4,1,2.5,0,neutral
49021087,1830,Those niggers should kill themselves,0.2621282212013028,0.3612980299792972,0.02579623516471,0.3507775136546898,hispanic,True,True,False,25.0,man,{},-1.0,black,5,5,5,5,5.0,1,liberal
3770894,1830,Those niggers should kill themselves,0.2621282212013028,0.3612980299792972,0.02579623516471,0.3507775136546898,hispanic,True,True,False,40.0,woman,black; female,-1.0,black,5,5,5,5,5.0,1,liberal
10638687,660,"Someone told me ""I'd rather cut myself than being a woman, women are all fuckable bitches with tits"". I can't believe someone would think like that!",0.1850223716675418,0.3325898846674355,0.0414580471061628,0.4409296965588599,white,True,False,False,40.0,woman,{},-0.5,black,5,1,5,5,5.0,1,liberal
10166032,660,"Someone told me ""I'd rather cut myself than being a woman, women are all fuckable bitches with tits"". I can't believe someone would think like that!",0.1850223716675418,0.3325898846674355,0.0414580471061628,0.4409296965588599,white,True,False,False,45.0,man,{},0.0,black,5,1,5,5,5.0,1,neutral
10166032,2486,Gray are you sure that you are bigger in every way!? Look at Ethan's nude buddy :joy: @GraysonDolan @EthanDolan,0.0665221166409042,0.2424133343649314,0.0114371626447531,0.6796273863494112,white,True,False,False,45.0,man,{},0.0,black,3,1,3,2,2.5,0,neutral
8526465,1576,"Exactly, not only that but BLM has been talking about white privilege for awhile now, yet it's the white privilege which is attracting them to our woman and our own woman to whites. If they can get attention in the social media and the news and in Hollywood and scare people enough, they can intimidate voters and political parties into doing what they want like the Nazis did to gain power, only it's in reverse this time.",0.0881870411289304,0.1589749285411618,0.0228781725983344,0.7299598577315733,white,False,True,False,35.0,man,{},0.0,black,5,5,5,5,5.0,1,neutral
3770894,1576,"Exactly, not only that but BLM has been talking about white privilege for awhile now, yet it's the white privilege which is attracting them to our woman and our own woman to whites. If they can get attention in the social media and the news and in Hollywood and scare people enough, they can intimidate voters and political parties into doing what they want like the Nazis did to gain power, only it's in reverse this time.",0.0881870411289304,0.1589749285411618,0.0228781725983344,0.7299598577315733,white,False,True,False,40.0,woman,black; female,-1.0,black,5,5,5,5,5.0,1,liberal
10638687,2394,"I'm one that believes in freedom of speech, but where Pres. Trump is concerned with his twitter acct., I'm opposed to freedom of tweet 4 him",0.1357416047085372,0.1252298407803416,0.0302126579108157,0.7088158966003053,white,False,False,False,40.0,woman,{},-0.5,black,2,1,2,2,2.0,0,liberal
3088028,2394,"I'm one that believes in freedom of speech, but where Pres. Trump is concerned with his twitter acct., I'm opposed to freedom of tweet 4 him",0.1357416047085372,0.1252298407803416,0.0302126579108157,0.7088158966003053,white,False,False,False,30.0,woman,{},-0.5,black,3,1,2,1,1.5,0,liberal
70803086,3303,"I bet you Wenger would say he had wanted to sign Mane too, always signing players in his head. #aprilfoolsday",0.402898069985428,0.1725741433122334,0.0540485754221353,0.3704792112802033,aae,False,False,True,25.0,man,{},0.0,black,1,1,1,1,1.0,0,neutral
10166032,3303,"I bet you Wenger would say he had wanted to sign Mane too, always signing players in his head. #aprilfoolsday",0.402898069985428,0.1725741433122334,0.0540485754221353,0.3704792112802033,aae,False,False,True,45.0,man,{},0.0,black,1,1,1,1,1.0,0,neutral
10638687,67,"the fact is that I love winding them up, they are so easy to triggerv",0.1544461223391887,0.2331680176786432,0.0069241039522279,0.6054617560299401,white,False,False,False,40.0,woman,{},-0.5,black,4,1,3,4,3.5,1,liberal
10166032,67,"the fact is that I love winding them up, they are so easy to triggerv",0.1544461223391887,0.2331680176786432,0.0069241039522279,0.6054617560299401,white,False,False,False,45.0,man,{},0.0,black,5,3,4,4,4.0,1,neutral
74158862,646,nothing hurts me worse than when I think be abt my brother! that shit hurt dawg i really miss my nigga,0.5181263462175679,0.2837632089672648,0.0028793804596547,0.1952310643555123,aae,True,False,True,45.0,man,NONE,1.0,black,3,5,5,3,4.0,1,conservative
74158862,3561,#TripleTalaqArrest Its high time our Naton Muslim Women shld b free frm binding of Triple Talaq. Its making life of Muslim Women miserable,0.4863343283758794,0.1076799276602751,0.0752390941101355,0.3307466498537098,aae,False,False,True,45.0,man,NONE,1.0,black,3,5,5,3,4.0,1,conservative
74158862,142,"Kamala Harris comes off as such an insufferable lying person. Sorry, its just true.",0.1040428805136653,0.2139414153139736,0.1342233071954812,0.5477923969768798,white,False,False,False,45.0,man,NONE,1.0,black,3,5,4,3,3.5,1,conservative
54904271,3302,"""I showed him a picture of 21 savage and he said """"yeah he looked like that"""". I think my dad just met 21 savage.""",0.3439815208207092,0.3068742564185427,0.095131319876266,0.2540129028844821,aae,False,False,True,45.0,man,{},-1.0,black,1,1,1,1,1.0,0,liberal
41088410,3594,I just want my fucking hair done :woman_facepalming_medium-dark_skin_tone: guess I gotta try to do it myself cause I know another mf aint gone do it :face_with_rolling_eyes:,0.6023207251397146,0.2593555196563834,4.909967774074726e-05,0.1382746555261611,aae,True,False,True,30.0,woman,{},-0.5,black,3,1,4,5,4.5,1,liberal
74158862,3594,I just want my fucking hair done :woman_facepalming_medium-dark_skin_tone: guess I gotta try to do it myself cause I know another mf aint gone do it :face_with_rolling_eyes:,0.6023207251397146,0.2593555196563834,4.909967774074726e-05,0.1382746555261611,aae,True,False,True,45.0,man,NONE,1.0,black,3,5,5,3,4.0,1,conservative
54904271,3412,"""These promposals make me mad even at my age because my promosal was my exboyfriend saying """"Can I wear a cane to prom"""" :face_with_rolling_eyes::face_with_rolling_eyes::face_with_rolling_eyes: Aggy ass :joy::joy::joy:""",0.5105997839580011,0.2233433916839481,0.077872323052999,0.1881845013050515,aae,True,False,True,45.0,man,{},-1.0,black,1,1,1,1,1.0,0,liberal
74158862,3412,"""These promposals make me mad even at my age because my promosal was my exboyfriend saying """"Can I wear a cane to prom"""" :face_with_rolling_eyes::face_with_rolling_eyes::face_with_rolling_eyes: Aggy ass :joy::joy::joy:""",0.5105997839580011,0.2233433916839481,0.077872323052999,0.1881845013050515,aae,True,False,True,45.0,man,NONE,1.0,black,3,5,5,3,4.0,1,conservative
54904271,3554,Cause my money running like Forest gump these niggahs hate me like I'm Donald trump:microphone: @YoungDolph,0.5926893299635455,0.2009051038699834,0.0316687679431472,0.1747367982233239,aae,False,False,True,45.0,man,{},-1.0,black,1,1,2,1,1.5,0,liberal
74158862,3554,Cause my money running like Forest gump these niggahs hate me like I'm Donald trump:microphone: @YoungDolph,0.5926893299635455,0.2009051038699834,0.0316687679431472,0.1747367982233239,aae,False,False,True,45.0,man,NONE,1.0,black,3,4,5,3,4.0,1,conservative
54904271,4,I do not dislike vegetables just the majority of them,0.1377137786734108,0.3285370019561496,0.0220051781193651,0.5117440412510743,white,False,False,False,45.0,man,{},-1.0,black,1,1,1,1,1.0,0,liberal
74158862,4,I do not dislike vegetables just the majority of them,0.1377137786734108,0.3285370019561496,0.0220051781193651,0.5117440412510743,white,False,False,False,45.0,man,NONE,1.0,black,2,4,4,3,3.5,1,conservative
54904271,3349,Get ready for #DigiTrendz - Entertainment News on #ShoutsOnY @Y1079FM x @Y979FM brought to you by @MTNGhana @caroline4real @quarpshansen,0.3451266904175178,0.2588678489363967,0.0753559953468864,0.3206494652991989,aae,False,False,True,45.0,man,{},-1.0,black,1,1,1,1,1.0,0,liberal
54904271,3436,"""These are the same people who give no fucks for the ~consequences~ of their """"messing up"""" and will take no responsibility over that. Fuck 'em""",0.3250870173170643,0.2421787376982118,0.1557673647994915,0.2769668801852324,aae,True,False,True,45.0,man,{},-1.0,black,1,1,2,1,1.5,0,liberal
74158862,3436,"""These are the same people who give no fucks for the ~consequences~ of their """"messing up"""" and will take no responsibility over that. Fuck 'em""",0.3250870173170643,0.2421787376982118,0.1557673647994915,0.2769668801852324,aae,True,False,True,45.0,man,NONE,1.0,black,3,5,5,3,4.0,1,conservative
18991638,2356,Thank you to our governors who spent the day in school looking at our learning. We hope you were impressed? #TeamManor #Aspirebelieveachieve,0.0555206584361265,0.1592161647911827,0.0110144687812376,0.7742487079914531,white,False,False,False,35.0,woman,"immigrant, black,",0.0,black,1,1,1,1,1.0,0,neutral
54904271,377,"Ayo, yall check it my niggas, wanna know how I achieved this body?",0.61021389459725,0.1762431243663285,0.061296601227135,0.1522463798092865,aae,True,False,True,45.0,man,{},-1.0,black,1,1,2,1,1.5,0,liberal
74158862,377,"Ayo, yall check it my niggas, wanna know how I achieved this body?",0.61021389459725,0.1762431243663285,0.061296601227135,0.1522463798092865,aae,True,False,True,45.0,man,NONE,1.0,black,5,3,4,3,3.5,1,conservative
74158862,2128,"If that ngr is clever enough to get his skinny ass into this country, he's competent enough to be held responsible for chimping out.",0.129509592738782,0.1624270168721203,0.0084504140459776,0.69961297634312,white,True,True,False,45.0,man,NONE,1.0,black,4,5,5,3,4.0,1,conservative
18991638,2128,"If that ngr is clever enough to get his skinny ass into this country, he's competent enough to be held responsible for chimping out.",0.129509592738782,0.1624270168721203,0.0084504140459776,0.69961297634312,white,True,True,False,35.0,woman,"immigrant, black,",0.0,black,5,5,5,5,5.0,1,neutral
54904271,3519,I hate the Nimbasa Ferris Wheel... It was hard to trust N after he told me that he was Plasma's king.,0.402717488749292,0.2200309160884215,0.0142850197273985,0.3629665754348879,aae,False,False,True,45.0,man,{},-1.0,black,1,1,1,1,1.0,0,liberal
18991638,1837,"Lol watch out nigga, I'm going to find you and kill you and all your family.",0.2367969935146459,0.4056427104322506,0.0067311482903763,0.3508291477627272,hispanic,True,True,False,35.0,woman,"immigrant, black,",0.0,black,4,2,5,5,5.0,1,neutral
54904271,1719,Good to see these guys! We need more white lawyers to fight the good fight!!,0.3627923057173601,0.2922890553207913,0.0163361901400906,0.3285824488217577,aae,False,True,True,45.0,man,{},-1.0,black,3,5,4,5,4.5,1,liberal
74158862,2718,Whole Moyes thing got blown out of proportion but tbf a wanted him to fined and sacked cos he's an awful manager,0.107645787232449,0.2672364895243322,0.0767680142212724,0.5483497090219464,white,False,False,False,45.0,man,NONE,1.0,black,5,3,5,2,3.5,1,conservative
18991638,2718,Whole Moyes thing got blown out of proportion but tbf a wanted him to fined and sacked cos he's an awful manager,0.107645787232449,0.2672364895243322,0.0767680142212724,0.5483497090219464,white,False,False,False,35.0,woman,"immigrant, black,",0.0,black,2,1,3,2,2.5,0,neutral
54904271,3415,i want 2 go 2 the kitchen and snatch some donuts from d fridge but im afraid i might wake them im so gutom n its 1 am ya feel me hekkkkkk,0.4129340320192578,0.2820452355987527,0.0773865867287822,0.2276341456532072,aae,True,False,True,45.0,man,{},-1.0,black,1,1,1,1,1.0,0,liberal
74158862,3415,i want 2 go 2 the kitchen and snatch some donuts from d fridge but im afraid i might wake them im so gutom n its 1 am ya feel me hekkkkkk,0.4129340320192578,0.2820452355987527,0.0773865867287822,0.2276341456532072,aae,True,False,True,45.0,man,NONE,1.0,black,3,4,5,3,4.0,1,conservative
54904271,2170,"I really hate the libtard freaks that coddle this garbage. The way things are going...the future looks to be a distinctly unpalatable one. I thank fuck I'm forty-seven and didn't have kids. The inner cities of Britain have become incrementally worse in the last 20 years. Years ago, you never saw any niggers. If you did, it would be on its own. Now they're ubiquitous, sadly. What's Sydney like for niggers? Does it have a blend of different niggers like London?",0.0574263720220666,0.1905946076165942,0.0139891684043567,0.7379898519569825,white,True,True,False,45.0,man,{},-1.0,black,4,5,5,5,5.0,1,liberal
74158862,2170,"I really hate the libtard freaks that coddle this garbage. The way things are going...the future looks to be a distinctly unpalatable one. I thank fuck I'm forty-seven and didn't have kids. The inner cities of Britain have become incrementally worse in the last 20 years. Years ago, you never saw any niggers. If you did, it would be on its own. Now they're ubiquitous, sadly. What's Sydney like for niggers? Does it have a blend of different niggers like London?",0.0574263720220666,0.1905946076165942,0.0139891684043567,0.7379898519569825,white,True,True,False,45.0,man,NONE,1.0,black,2,5,4,3,3.5,1,conservative
54904271,3289,"""""""We gon' sit on an airplane~ gon' sit on airplane~"""" Sings happily on the way to the airport with @_LanceHunter_.""",0.437900824764047,0.1479319335159648,0.1173337619468961,0.2968334797730919,aae,False,False,True,45.0,man,{},-1.0,black,1,1,1,1,1.0,0,liberal
74158862,132,"""I should have been challenged on the proposals or the claims that I was making for myself,"" she said. ""And I think that would have made a big difference as well. If I was just challenged on the things I was saying.""",0.149834639320939,0.2435231966172134,0.0240217166226825,0.5826204474391651,white,False,False,False,45.0,man,NONE,1.0,black,3,5,5,4,4.5,1,conservative
18991638,132,"""I should have been challenged on the proposals or the claims that I was making for myself,"" she said. ""And I think that would have made a big difference as well. If I was just challenged on the things I was saying.""",0.149834639320939,0.2435231966172134,0.0240217166226825,0.5826204474391651,white,False,False,False,35.0,woman,"immigrant, black,",0.0,black,1,1,1,1,1.0,0,neutral
54904271,2096,"it's simple - blacks chimp out and get free shit, whites dont chimp out and get fucked in the ass. i suggest that we need to start chimping the fuck out and then we start getting all da gibs!",0.4716797662111358,0.1851628429342345,0.0179660930559079,0.3251912977987218,aae,True,True,True,45.0,man,{},-1.0,black,5,5,5,5,5.0,1,liberal
54904271,535,Fuck! I forgot my umbrella and it's pouring outside!,0.1803421452336967,0.3531963164893435,0.0173647892186042,0.4490967490583556,white,True,False,False,45.0,man,{},-1.0,black,1,1,1,1,1.0,0,liberal
74158862,535,Fuck! I forgot my umbrella and it's pouring outside!,0.1803421452336967,0.3531963164893435,0.0173647892186042,0.4490967490583556,white,True,False,False,45.0,man,NONE,1.0,black,3,4,5,3,4.0,1,conservative
74158862,1545,If a witch doctor came and shook some magic chicken bones and poured some jenkem on them they would immediately feel better...,0.2714114512634962,0.163144449209561,0.0103080794259603,0.5551360201009824,white,False,True,False,45.0,man,NONE,1.0,black,3,4,4,3,3.5,1,conservative
18991638,1545,If a witch doctor came and shook some magic chicken bones and poured some jenkem on them they would immediately feel better...,0.2714114512634962,0.163144449209561,0.0103080794259603,0.5551360201009824,white,False,True,False,35.0,woman,"immigrant, black,",0.0,black,3,1,2,2,2.0,0,neutral
54904271,2683,"And now people are threatening the Gotham twitter, I'm done. This fandom is too goddamn disgusting.",0.0862812292533211,0.2572655845923411,0.0381235673734464,0.6183296187808913,white,False,False,False,45.0,man,{},-1.0,black,1,1,1,1,1.0,0,liberal
74158862,2683,"And now people are threatening the Gotham twitter, I'm done. This fandom is too goddamn disgusting.",0.0862812292533211,0.2572655845923411,0.0381235673734464,0.6183296187808913,white,False,False,False,45.0,man,NONE,1.0,black,3,2,5,3,4.0,1,conservative
54904271,2341,Cheaper to buy 2 hockey sticks from the US and have them shipped over than buying from @PuckStopUK or any U.K. store :pensive:#depressing,0.0496390456498118,0.138726554841008,0.0130192830030205,0.7986151165061596,white,False,False,False,45.0,man,{},-1.0,black,1,1,1,1,1.0,0,liberal
74158862,2341,Cheaper to buy 2 hockey sticks from the US and have them shipped over than buying from @PuckStopUK or any U.K. store :pensive:#depressing,0.0496390456498118,0.138726554841008,0.0130192830030205,0.7986151165061596,white,False,False,False,45.0,man,NONE,1.0,black,4,3,5,3,4.0,1,conservative
54904271,724,"Ragyo is deadass so ugly. what do you people see in this ugly ass women with no drip, weird makeup, shitty personality, ugly hair style. Yall mfs must be down bad for milfs #ragyo",0.3726041549338344,0.3457582817854563,0.0215078564376212,0.260129706843088,aae,True,False,True,45.0,man,{},-1.0,black,3,1,4,4,4.0,1,liberal
74158862,724,"Ragyo is deadass so ugly. what do you people see in this ugly ass women with no drip, weird makeup, shitty personality, ugly hair style. Yall mfs must be down bad for milfs #ragyo",0.3726041549338344,0.3457582817854563,0.0215078564376212,0.260129706843088,aae,True,False,True,45.0,man,NONE,1.0,black,3,5,5,3,4.0,1,conservative
54904271,2214,"You was exactly like the nigga I talked about. Come on and stop selling out, take that stupid-ass smile off your face. Niggas always gotta show they teeth. But be brief",0.4583499381820027,0.2611321361232454,0.0045573213596579,0.275960604335094,aae,True,True,True,45.0,man,{},-1.0,black,3,5,5,5,5.0,1,liberal
74158862,2214,"You was exactly like the nigga I talked about. Come on and stop selling out, take that stupid-ass smile off your face. Niggas always gotta show they teeth. But be brief",0.4583499381820027,0.2611321361232454,0.0045573213596579,0.275960604335094,aae,True,True,True,45.0,man,NONE,1.0,black,2,5,3,4,3.5,1,conservative
54904271,1742,Anti-Slavery International should be destroyed. We need that negro free labour to function.,0.1731484295311674,0.2558824210479195,0.1737493988468361,0.3972197505740769,white,True,True,False,45.0,man,{},-1.0,black,5,5,5,5,5.0,1,liberal
74158862,1742,Anti-Slavery International should be destroyed. We need that negro free labour to function.,0.1731484295311674,0.2558824210479195,0.1737493988468361,0.3972197505740769,white,True,True,False,45.0,man,NONE,1.0,black,3,5,5,3,4.0,1,conservative
74158862,3530,I Kan put a hit on you homie you know I'm good for it!!! But I'll do you in myself Kuz it's Personal.,0.4170883950868265,0.3120731194719366,0.0252116807863151,0.2456268046549216,aae,False,False,True,45.0,man,NONE,1.0,black,3,5,3,4,3.5,1,conservative
18991638,3530,I Kan put a hit on you homie you know I'm good for it!!! But I'll do you in myself Kuz it's Personal.,0.4170883950868265,0.3120731194719366,0.0252116807863151,0.2456268046549216,aae,False,False,True,35.0,woman,"immigrant, black,",0.0,black,5,1,5,5,5.0,1,neutral
18991638,476,"fuck this, my dog is doing my nut in",0.3757146073033922,0.2822356477879542,0.0164577745590451,0.3255919703496084,aae,True,False,True,35.0,woman,"immigrant, black,",0.0,black,5,1,5,5,5.0,1,neutral
54904271,3333,Shoot like the coach gave you green light from anywhere even if yo shot look like Shaqs keep shooting away :joy::joy:,0.4809308911111363,0.2206514338151909,0.0147009527114529,0.2837167223622198,aae,False,False,True,45.0,man,{},-1.0,black,1,1,1,1,1.0,0,liberal
74158862,3333,Shoot like the coach gave you green light from anywhere even if yo shot look like Shaqs keep shooting away :joy::joy:,0.4809308911111363,0.2206514338151909,0.0147009527114529,0.2837167223622198,aae,False,False,True,45.0,man,NONE,1.0,black,3,4,3,4,3.5,1,conservative
74158862,3037,"my phone is sooo fucked :-( the home button isn't working, neither is the lock button :)) it needs charged every 3hrs :)))",0.1857787417004722,0.3675120244139336,0.0276946346581351,0.4190145992274589,white,True,False,False,45.0,man,NONE,1.0,black,3,4,5,3,4.0,1,conservative
10280976,3037,"my phone is sooo fucked :-( the home button isn't working, neither is the lock button :)) it needs charged every 3hrs :)))",0.1857787417004722,0.3675120244139336,0.0276946346581351,0.4190145992274589,white,True,False,False,50.0,woman,{},1.0,black,4,1,2,2,2.0,0,conservative
64721988,1347,"Wait, wait, wait, a fucking minute! Did this silly bitch really just try to be ""sexy"" doing ASL sign language?! What the fuck is wrong her?! Nothing about disabled is sexy",0.2933571517137791,0.2796734776049149,0.0351983203595625,0.3917710503217434,white,True,False,False,30.0,man,{},-1.0,black,4,1,5,4,4.5,1,liberal
74158862,1347,"Wait, wait, wait, a fucking minute! Did this silly bitch really just try to be ""sexy"" doing ASL sign language?! What the fuck is wrong her?! Nothing about disabled is sexy",0.2933571517137791,0.2796734776049149,0.0351983203595625,0.3917710503217434,white,True,False,False,45.0,man,NONE,1.0,black,2,5,5,2,3.5,1,conservative
74158862,1624,They are behaving like the black ghetto trash that they are,0.3765953184249163,0.3166696265688123,0.0074363384029317,0.2992987166033396,aae,False,True,True,45.0,man,NONE,1.0,black,2,4,4,3,3.5,1,conservative
38213573,1624,They are behaving like the black ghetto trash that they are,0.3765953184249163,0.3166696265688123,0.0074363384029317,0.2992987166033396,aae,False,True,True,40.0,woman,,-0.5,white,5,5,3,5,4.0,1,liberal
54904271,3513,"Briana know she wrong!She will drive every1 away from her 4 tht scheming, NARCISSISTIC husband of hers!@LFM_BrianaRenee @LittleWomenTV",0.5635711006815394,0.2027031788642634,0.0178034395174458,0.2159222809367512,aae,False,False,True,45.0,man,{},-1.0,black,1,1,1,1,1.0,0,liberal
74158862,3513,"Briana know she wrong!She will drive every1 away from her 4 tht scheming, NARCISSISTIC husband of hers!@LFM_BrianaRenee @LittleWomenTV",0.5635711006815394,0.2027031788642634,0.0178034395174458,0.2159222809367512,aae,False,False,True,45.0,man,NONE,0.5,black,3,4,5,3,4.0,1,conservative
74158862,3557,You can't be ran through & a trophy at the same time. You washed up ma' so 9/10 you gone end up with somebody as low as you! :wink:,0.4257964060975805,0.218360439038212,0.0131816848231545,0.3426614700410527,aae,False,False,True,45.0,man,NONE,1.0,black,2,4,5,3,4.0,1,conservative
54904271,2256,#BBnaija time to give out airtime to all bossnation.we are taking this. The dopest team ever. Tboss 4 the mula.,0.1205388147489614,0.3167850738692189,0.0254091920917993,0.5372669192900202,white,False,False,False,45.0,man,{},-1.0,black,1,1,1,1,1.0,0,liberal
54904271,760,Pls Never forget that Jews did 9/11.,0.1050529857213534,0.2856039220444319,0.1830397727749949,0.4263033194592197,white,False,False,False,45.0,man,{},-1.0,black,5,5,5,5,5.0,1,liberal
74158862,760,Pls Never forget that Jews did 9/11.,0.1050529857213534,0.2856039220444319,0.1830397727749949,0.4263033194592197,white,False,False,False,45.0,man,NONE,1.0,black,4,3,5,3,4.0,1,conservative
54904271,1724,blacks love to sell drugs,0.3446430206270521,0.3271443938102932,0.0415817751797453,0.2866308103829093,aae,False,True,True,45.0,man,{},-1.0,black,5,5,5,5,5.0,1,liberal
54904271,1824,We should ask why bedbugs have niggers. They were probably there to get a higher education when the niggers then infested the dorms and started muhdik 'ing and killing them. Any one think that maybe we should sell sniper to bedbugs?,0.1365176150384967,0.2296747203105961,0.0172070206791259,0.6166006439717809,white,True,True,False,45.0,man,{},-1.0,black,5,5,5,5,5.0,1,liberal
74158862,1824,We should ask why bedbugs have niggers. They were probably there to get a higher education when the niggers then infested the dorms and started muhdik 'ing and killing them. Any one think that maybe we should sell sniper to bedbugs?,0.1365176150384967,0.2296747203105961,0.0172070206791259,0.6166006439717809,white,True,True,False,45.0,man,NONE,1.0,black,3,5,3,4,3.5,1,conservative
74158862,679,Why am i always called a fucking nigger,0.1791695661526853,0.5145271993857017,0.0206165438889158,0.2856866905726972,hispanic,True,False,False,45.0,man,NONE,1.0,black,3,5,3,5,4.0,1,conservative
18991638,679,Why am i always called a fucking nigger,0.1791695661526853,0.5145271993857017,0.0206165438889158,0.2856866905726972,hispanic,True,False,False,35.0,woman,"immigrant, black,",0.0,black,5,5,5,5,5.0,1,neutral
18991638,1530,"I mean, I dont care if all the gays are infected to the nines. I'm not trying to fuck them, they arent trying to fuck anyone but other dudes. Just making doctors rich raw dogging their twink boys.Who cares what they got or do, its an insular culture anyway.

",0.2555592451325477,0.3415691004308273,0.0087424918922442,0.3941291625443808,white,True,False,False,35.0,woman,"immigrant, black,",0.0,black,5,1,5,5,5.0,1,neutral
74158862,2327,This woman married a man with 2 other wives and she's now jealous about the fact that he's had a baby with another wife :face_with_rolling_eyes:,0.2446782806657151,0.2787404079409334,0.0059076536237222,0.4706736577696291,white,False,False,False,45.0,man,NONE,1.0,black,2,5,4,3,3.5,1,conservative
54904271,1345,this bitch is so shit.,0.3821313454610152,0.3253835500463138,0.0149380544475197,0.2775470500451512,aae,True,False,True,45.0,man,{},-1.0,black,1,1,3,1,2.0,0,liberal
54904271,2912,"black men fight alongside their non-black exxotical queens against the white man, is really the black male wet dream, so again not surprised",0.3000797950285599,0.2048642024382939,0.0682289515251433,0.4268270510080029,white,True,False,False,45.0,man,{},-1.0,black,3,5,4,5,4.5,1,liberal
74158862,2912,"black men fight alongside their non-black exxotical queens against the white man, is really the black male wet dream, so again not surprised",0.3000797950285599,0.2048642024382939,0.0682289515251433,0.4268270510080029,white,True,False,False,45.0,man,NONE,1.0,black,3,5,4,3,3.5,1,conservative
74158862,1683,"Most (emphasis on the word MOST because some triggered idiot might read this and make a fuss, if so, good) black people can be very racist. The sad truth is that, racism is always going to exist.",0.1560835280862977,0.1815492190028914,0.05216119574239,0.6102060571684208,white,False,True,False,45.0,man,NONE,1.0,black,2,4,5,3,4.0,1,conservative
18991638,1683,"Most (emphasis on the word MOST because some triggered idiot might read this and make a fuss, if so, good) black people can be very racist. The sad truth is that, racism is always going to exist.",0.1560835280862977,0.1815492190028914,0.05216119574239,0.6102060571684208,white,False,True,False,35.0,woman,"immigrant, black,",0.0,black,5,5,5,5,5.0,1,neutral
74158862,3356,No confidence!! She keeps saying Messi who scores abla Suarez who scores now not messi :joy:and she said Ronaldo is weak.haters keep watching us,0.3042885932169162,0.2506450133308527,0.2880424064332164,0.1570239870190148,aae,False,False,True,45.0,man,NONE,1.0,black,2,4,4,3,3.5,1,conservative
74158862,2314,when you wanna get the loml's attention but afraid of rejection so you just throw fruit snacks at him...,0.2574181921971234,0.3438566443119416,0.0052332725751899,0.3934918909157451,white,False,False,False,45.0,man,NONE,0.5,black,3,4,5,3,4.0,1,conservative
18991638,2314,when you wanna get the loml's attention but afraid of rejection so you just throw fruit snacks at him...,0.2574181921971234,0.3438566443119416,0.0052332725751899,0.3934918909157451,white,False,False,False,35.0,woman,"immigrant, black,",0.0,black,1,1,1,1,1.0,0,neutral
54904271,3639,Why y'all can't just give Carolina they credit :face_with_rolling_eyes: they worked for it :joy: mad asses,0.529575672095896,0.2003069132806689,0.0061693808730739,0.2639480337503611,aae,True,False,True,45.0,man,{},-1.0,black,1,1,1,1,1.0,0,liberal
74158862,3639,Why y'all can't just give Carolina they credit :face_with_rolling_eyes: they worked for it :joy: mad asses,0.529575672095896,0.2003069132806689,0.0061693808730739,0.2639480337503611,aae,True,False,True,45.0,man,NONE,1.0,black,3,5,5,2,3.5,1,conservative
54904271,2217,"Where we come from, they don't give a thing, so we don't have shit, they leave us young people with no options and give it all to niggas",0.3985591230376308,0.2636242069087489,0.0101870846187467,0.3276295854348733,aae,True,True,True,45.0,man,{},-1.0,black,5,5,5,5,5.0,1,liberal
74158862,2217,"Where we come from, they don't give a thing, so we don't have shit, they leave us young people with no options and give it all to niggas",0.3985591230376308,0.2636242069087489,0.0101870846187467,0.3276295854348733,aae,True,True,True,45.0,man,NONE,1.0,black,2,4,5,3,4.0,1,conservative
54904271,3523,""":joy::joy::joy:. """"@Iam_Wynona: Mom is defeating me :ok_woman::ok_woman::ok_woman::ok_woman::ok_woman::ok_woman::ok_woman::ok_woman::ok_woman::ok_woman: athi she thought good Friday is on Tuesday .. Njani? How? Idk man!!! I'm confused""""""",0.2827821575104145,0.2732892666816198,0.2110188947600746,0.2329096810478909,aae,False,False,True,45.0,man,{},-1.0,black,1,1,1,1,1.0,0,liberal
74158862,3523,""":joy::joy::joy:. """"@Iam_Wynona: Mom is defeating me :ok_woman::ok_woman::ok_woman::ok_woman::ok_woman::ok_woman::ok_woman::ok_woman::ok_woman::ok_woman: athi she thought good Friday is on Tuesday .. Njani? How? Idk man!!! I'm confused""""""",0.2827821575104145,0.2732892666816198,0.2110188947600746,0.2329096810478909,aae,False,False,True,45.0,man,NONE,1.0,black,4,3,3,4,3.5,1,conservative
54904271,3515,If I wasn't a LeBron damn I'd hate him he gotta annoying tendencies,0.4668932120917348,0.3015384736940729,0.0096847477366811,0.2218835664775111,aae,False,False,True,45.0,man,{},-1.0,black,1,1,1,1,1.0,0,liberal
74158862,3515,If I wasn't a LeBron damn I'd hate him he gotta annoying tendencies,0.4668932120917348,0.3015384736940729,0.0096847477366811,0.2218835664775111,aae,False,False,True,45.0,man,NONE,1.0,black,3,2,5,3,4.0,1,conservative
54904271,3525,"S/O to the Brodie @PornStar_Mookie killing it in Cali getting that money, weed, and weather :flexed_biceps_medium-dark_skin_tone::flexed_biceps_medium-dark_skin_tone::flexed_biceps_medium-dark_skin_tone::flexed_biceps_medium-dark_skin_tone:",0.359029586490922,0.3231729546141441,0.0364522809489096,0.2813451779460243,aae,False,False,True,45.0,man,{},-1.0,black,1,1,1,1,1.0,0,liberal
42663050,3525,"S/O to the Brodie @PornStar_Mookie killing it in Cali getting that money, weed, and weather :flexed_biceps_medium-dark_skin_tone::flexed_biceps_medium-dark_skin_tone::flexed_biceps_medium-dark_skin_tone::flexed_biceps_medium-dark_skin_tone:",0.359029586490922,0.3231729546141441,0.0364522809489096,0.2813451779460243,aae,False,False,True,45.0,man,{},-0.5,black,1,1,1,1,1.0,0,liberal
54904271,2668,worst part about getting highlights is sitting under the damn heat :dizzy_face:,0.2039157442286249,0.1705727443896011,0.0084351712162203,0.6170763401655536,white,False,False,False,45.0,man,{},-1.0,black,1,1,1,1,1.0,0,liberal
74158862,2668,worst part about getting highlights is sitting under the damn heat :dizzy_face:,0.2039157442286249,0.1705727443896011,0.0084351712162203,0.6170763401655536,white,False,False,False,45.0,man,NONE,1.0,black,3,4,5,3,4.0,1,conservative
54904271,3507,woke up this morning looked in the mirror and said damn i'm ugly,0.4460682092502918,0.2827272575632089,0.0019497278271369,0.2692548053593622,aae,False,False,True,45.0,man,{},-1.0,black,1,1,1,1,1.0,0,liberal
74158862,3507,woke up this morning looked in the mirror and said damn i'm ugly,0.4460682092502918,0.2827272575632089,0.0019497278271369,0.2692548053593622,aae,False,False,True,45.0,man,NONE,1.0,black,3,5,5,3,4.0,1,conservative
74158862,3367,Even tho I'm the oldest we'll second oldest lol cuz auntie old af they still treat me An cater to me like the youngest lol :woman_facepalming_medium-dark_skin_tone::heart_eyes:,0.5851191937162568,0.2422118965837822,0.0013801401223325,0.1712887695776284,aae,False,False,True,45.0,man,NONE,1.0,black,3,5,3,4,3.5,1,conservative
40401566,618,This is a big fuck you to the community of people who use the word 'tranny' and all its enablers,0.2584281493668584,0.2580141418388624,0.0367503936969621,0.4468073150973171,white,True,False,False,30.0,man,Black american,-0.5,black,2,1,2,2,2.0,0,liberal
74158862,618,This is a big fuck you to the community of people who use the word 'tranny' and all its enablers,0.2584281493668584,0.2580141418388624,0.0367503936969621,0.4468073150973171,white,True,False,False,45.0,man,NONE,1.0,black,2,5,4,3,3.5,1,conservative
74158862,83,most communists are pretty heinous when you look at what they believe,0.0980672968305951,0.2087357238266039,0.027886427825154,0.6653105515176468,white,False,False,False,45.0,man,NONE,1.0,black,3,5,4,3,3.5,1,conservative
54904271,3771,nails done hair done toes done .. why you mad at me for shopping my nigga,0.4737302349979477,0.3260256515955731,0.0034428179429594,0.1968012954635198,aae,True,False,True,45.0,man,{},-1.0,black,1,1,2,1,1.5,0,liberal
74158862,1583,"Do not say that Black Lives don't Matter--WHITE LIVES DO. Truly, Black ""lives"" belong in Africa!!",0.2230664335694896,0.2134193944282708,0.1096554285191648,0.4538587434830746,white,False,True,False,45.0,man,NONE,1.0,black,3,5,5,2,3.5,1,conservative
18991638,1583,"Do not say that Black Lives don't Matter--WHITE LIVES DO. Truly, Black ""lives"" belong in Africa!!",0.2230664335694896,0.2134193944282708,0.1096554285191648,0.4538587434830746,white,False,True,False,35.0,woman,"immigrant, black,",0.0,black,4,5,5,5,5.0,1,neutral
48329056,2093,are all the women fucking these black fellas?,0.4143458202804773,0.2646267155415349,0.0229754544380054,0.2980520097399824,aae,True,True,True,18.0,woman,Nope!,0.0,white,5,4,5,5,5.0,1,neutral
54904271,1867,I do not like it when others find out that my boss is a darkie. It makes me feel so ashamed.,0.2101942169502021,0.3879047938647736,0.0063376690045339,0.39556332018049,white,True,True,False,45.0,man,{},-1.0,black,5,5,5,5,5.0,1,liberal
74158862,1867,I do not like it when others find out that my boss is a darkie. It makes me feel so ashamed.,0.2101942169502021,0.3879047938647736,0.0063376690045339,0.39556332018049,white,True,True,False,45.0,man,NONE,1.0,black,2,5,3,5,4.0,1,conservative
74158862,3855,But I told her baby don't use me if you tryna make ur nigga mad :thinking_face:,0.6664695697991803,0.2359947358199736,0.0040593096065394,0.0934763847743066,aae,True,False,True,45.0,man,NONE,1.0,black,2,4,5,3,4.0,1,conservative
54904271,3220,Totally different if I was prepping a meal for him. But y'all on something else if imma reach across he table to cut his chicken...,0.418535329470082,0.1786467622827774,0.0082534478487743,0.3945644603983662,aae,False,False,True,45.0,man,{},-1.0,black,1,1,1,1,1.0,0,liberal
74158862,3220,Totally different if I was prepping a meal for him. But y'all on something else if imma reach across he table to cut his chicken...,0.418535329470082,0.1786467622827774,0.0082534478487743,0.3945644603983662,aae,False,False,True,45.0,man,NONE,1.0,black,4,2,5,2,3.5,1,conservative
18991638,367,"So Fredo Singing A Durk Song Referring The Lyrics To BBG Iraq ""He A Still Be Alive Right Now If You Niggas Ain't Gas Em Up"" Discussion - is it ok?",0.5412226683270179,0.1202423455984176,0.1089513406957486,0.2295836453788158,aae,True,False,True,35.0,woman,"immigrant, black,",0.0,black,3,3,4,5,4.5,1,neutral
18991638,3450,"can @TSDominicanRep braid my hair like @IISuperwomanII ? Snatch my hair, pull my hair, YANK IT OUT. :sob::raising_hands_light_skin_tone:",0.5116792623194416,0.262343605673305,0.0248493492476637,0.2011277827595895,aae,True,False,True,35.0,woman,"immigrant, black,",0.0,black,1,1,1,2,1.5,0,neutral
74158862,3539,"I hate the Warriors but I gotta admit, if this were the Warriors playing the Bulls they would be blowing them tf out",0.4325512740250495,0.2762333886892941,0.035385168532095,0.2558301687535612,aae,False,False,True,45.0,man,NONE,1.0,black,3,4,5,3,4.0,1,conservative
18991638,3539,"I hate the Warriors but I gotta admit, if this were the Warriors playing the Bulls they would be blowing them tf out",0.4325512740250495,0.2762333886892941,0.035385168532095,0.2558301687535612,aae,False,False,True,35.0,woman,"immigrant, black,",0.0,black,1,1,1,1,1.0,0,neutral
54904271,769,Zionists are despicable,0.0343219434121195,0.4020942177686261,0.0752498609179037,0.4883339779013506,white,False,False,False,45.0,man,{},-1.0,black,5,5,5,5,5.0,1,liberal
54904271,1760,"""Shieeet mah nigga, free chikinz!"" Dey all luv da fried chikinz!",0.5053046292046032,0.0974646194558377,0.3503477042843487,0.0468830470552104,aae,True,True,True,45.0,man,{},-1.0,black,1,1,2,1,1.5,0,liberal
74158862,1760,"""Shieeet mah nigga, free chikinz!"" Dey all luv da fried chikinz!",0.5053046292046032,0.0974646194558377,0.3503477042843487,0.0468830470552104,aae,True,True,True,45.0,man,NONE,1.0,black,4,3,3,5,4.0,1,conservative
54904271,1672,"I grew up being called a disgrace by other white people, and my dad was rightfully shamed for marrying a black woman",0.2194636349518408,0.2232351462411262,0.0147383915926774,0.5425628272143556,white,False,True,False,45.0,man,{},-1.0,black,1,1,1,1,1.0,0,liberal
74158862,1672,"I grew up being called a disgrace by other white people, and my dad was rightfully shamed for marrying a black woman",0.2194636349518408,0.2232351462411262,0.0147383915926774,0.5425628272143556,white,False,True,False,45.0,man,NONE,1.0,black,3,5,5,3,4.0,1,conservative
18991638,1901,Did you know there was a time in American when Irish immigrants weren't considered 'white. Next they will start calling niggers 'white',0.186306688549679,0.2163002796404028,0.0630000206571951,0.5343930111527231,white,True,True,False,35.0,woman,"immigrant, black,",0.0,black,5,5,5,5,5.0,1,neutral
54904271,2958,"""""""sometimes sad music makes my sucky life a little more bearable"""" """"and then it sets in and you're life still sucks""""""",0.0547605673239845,0.233222910744263,0.1547909867668187,0.5572255351649336,white,True,False,False,45.0,man,{},-1.0,black,1,1,1,1,1.0,0,liberal
74158862,2958,"""""""sometimes sad music makes my sucky life a little more bearable"""" """"and then it sets in and you're life still sucks""""""",0.0547605673239845,0.233222910744263,0.1547909867668187,0.5572255351649336,white,True,False,False,45.0,man,NONE,1.0,black,2,4,5,3,4.0,1,conservative
18991638,1400,"Keep in mind that sexual contact of any kind with his ""boyfriend"" before admitting he was a tranny is literal rape.",0.1655909779259406,0.2242038571938837,0.1006205830575243,0.5095845818226513,white,True,False,False,35.0,woman,"immigrant, black,",0.0,black,5,1,5,5,5.0,1,neutral
74158862,1878,"I have never been to Niger, is it nice? Must be lots of Niggers there LOL",0.1850335869536379,0.3719116124199457,0.0351561336035708,0.4078986670228456,white,True,True,False,45.0,man,NONE,1.0,black,3,5,5,2,3.5,1,conservative
18991638,1878,"I have never been to Niger, is it nice? Must be lots of Niggers there LOL",0.1850335869536379,0.3719116124199457,0.0351561336035708,0.4078986670228456,white,True,True,False,35.0,woman,"immigrant, black,",0.0,black,3,4,5,5,5.0,1,neutral
54904271,2398,If you support the movement retweet my pinned tweet! #IGotABag #99JAMZ #MusicMondays #StreetsEnterprise,0.202645201772254,0.2747860026769698,0.0713738532689038,0.4511949422818725,white,False,False,False,45.0,man,{},-1.0,black,1,1,1,1,1.0,0,liberal
74158862,2398,If you support the movement retweet my pinned tweet! #IGotABag #99JAMZ #MusicMondays #StreetsEnterprise,0.202645201772254,0.2747860026769698,0.0713738532689038,0.4511949422818725,white,False,False,False,45.0,man,NONE,1.0,black,2,4,5,3,4.0,1,conservative
74158862,2206,"This nigga is fuckin' dying,  its not worth calling 999",0.4149562700441427,0.2961334294379589,0.0657481781000543,0.2231621224178439,aae,True,True,True,45.0,man,NONE,1.0,black,3,5,2,3,2.5,0,conservative
18991638,2206,"This nigga is fuckin' dying,  its not worth calling 999",0.4149562700441427,0.2961334294379589,0.0657481781000543,0.2231621224178439,aae,True,True,True,35.0,woman,"immigrant, black,",0.0,black,3,3,5,5,5.0,1,neutral
54904271,3527,"""""""This Jestxh idiot keeps riding me in dms, the kids a freak"""" -Scruffyy""",0.312631974475946,0.1844849268736395,0.1955854137929079,0.3072976848575066,aae,False,False,True,45.0,man,{},-1.0,black,1,1,1,1,1.0,0,liberal
74158862,3527,"""""""This Jestxh idiot keeps riding me in dms, the kids a freak"""" -Scruffyy""",0.312631974475946,0.1844849268736395,0.1955854137929079,0.3072976848575066,aae,False,False,True,45.0,man,NONE,1.0,black,3,4,2,3,2.5,0,conservative
74158862,3335,"""Jamice caption this picture *shows a picture from show* """"So u dressed like Sherlock Holmes but im embarrassing u?"""" Lmaooooo love her""",0.3291928861962465,0.2441181861236916,0.2439996216560067,0.1826893060240552,aae,False,False,True,45.0,man,NONE,1.0,black,4,3,2,3,2.5,0,conservative
18991638,3335,"""Jamice caption this picture *shows a picture from show* """"So u dressed like Sherlock Holmes but im embarrassing u?"""" Lmaooooo love her""",0.3291928861962465,0.2441181861236916,0.2439996216560067,0.1826893060240552,aae,False,False,True,35.0,woman,"immigrant, black,",0.0,black,2,1,1,1,1.0,0,neutral
54904271,3585,They fucked up when they gave me money to support my fashion sense. Now I'm outchea flyer than a Forbes list member with jet lag.,0.3938652920844028,0.2913303977349924,0.0420686431159297,0.2727356670646749,aae,True,False,True,45.0,man,{},-1.0,black,1,1,1,1,1.0,0,liberal
74158862,3585,They fucked up when they gave me money to support my fashion sense. Now I'm outchea flyer than a Forbes list member with jet lag.,0.3938652920844028,0.2913303977349924,0.0420686431159297,0.2727356670646749,aae,True,False,True,45.0,man,NONE,1.0,black,3,4,5,2,3.5,1,conservative
18991638,1634,"um, black people do kinda look like monkeys though",0.2421704430598695,0.3757994311665698,0.0891358636259119,0.2928942621476487,hispanic,False,True,False,35.0,woman,"immigrant, black,",0.0,black,5,5,5,5,5.0,1,neutral
54904271,2171,"I don't give a fuck about the legality of it, someone defending a useless nigger deserves to be smacked",0.1774321167402399,0.3046341877914431,0.0169691718270702,0.5009645236412468,white,True,True,False,45.0,man,{},-1.0,black,5,5,5,5,5.0,1,liberal
74158862,2171,"I don't give a fuck about the legality of it, someone defending a useless nigger deserves to be smacked",0.1774321167402399,0.3046341877914431,0.0169691718270702,0.5009645236412468,white,True,True,False,45.0,man,NONE,1.0,black,3,4,4,3,3.5,1,conservative
54904271,3528,"""Hov one verse on """"shining"""" alone still better than anything y'all favorite rappers put out dis year y'all sick lmaooooo""",0.6397034232924098,0.0981073569233247,0.0912748982559438,0.1709143215283216,aae,False,False,True,45.0,man,{},-1.0,black,1,1,1,1,1.0,0,liberal
54904271,688,Lesbians think they're the fucking best because they're female. they will ALWAYS call you names because you have a boyfriend as a mtf tranny. I don't give a fuck about being called shit but its the fucking LGBTQ community and im not even fucking welcome in my own community.,0.1897735713209603,0.3939219386038799,0.0098584402618705,0.4064460498132891,white,True,False,False,45.0,man,{},-1.0,black,4,1,5,5,5.0,1,liberal
74158862,688,Lesbians think they're the fucking best because they're female. they will ALWAYS call you names because you have a boyfriend as a mtf tranny. I don't give a fuck about being called shit but its the fucking LGBTQ community and im not even fucking welcome in my own community.,0.1897735713209603,0.3939219386038799,0.0098584402618705,0.4064460498132891,white,True,False,False,45.0,man,NONE,1.0,black,3,5,5,3,4.0,1,conservative
74158862,3499,I'm Convinced That People Fw Me For The Hell Of It ... Bad Idea Scrap :heavy_exclamation_mark:,0.5059782785096323,0.1318378590242053,0.0070851716098076,0.3550986908563546,aae,False,False,True,45.0,man,NONE,1.0,black,2,4,5,3,4.0,1,conservative
18991638,3499,I'm Convinced That People Fw Me For The Hell Of It ... Bad Idea Scrap :heavy_exclamation_mark:,0.5059782785096323,0.1318378590242053,0.0070851716098076,0.3550986908563546,aae,False,False,True,35.0,woman,"immigrant, black,",0.0,black,5,1,4,4,4.0,1,neutral
54904271,1093,"I just saw this shemale in town and he tried to talk to me, no thanks.",0.2016588339573345,0.3384147842164143,0.0317929723187696,0.4281334095074814,white,True,False,False,45.0,man,{},-1.0,black,3,1,4,5,4.5,1,liberal
54904271,171,Well I do it because I like thinking up cool-sounding and funny names because creating clever things things is the sort of thing that happens when you've got a BIG OL' MOTHERFUCKING JEW BRAIN like me !,0.1324234041177164,0.3047909980317903,0.0125793560285567,0.5502062418219366,white,False,False,False,45.0,man,{},-1.0,black,1,2,2,1,1.5,0,liberal
74158862,171,Well I do it because I like thinking up cool-sounding and funny names because creating clever things things is the sort of thing that happens when you've got a BIG OL' MOTHERFUCKING JEW BRAIN like me !,0.1324234041177164,0.3047909980317903,0.0125793560285567,0.5502062418219366,white,False,False,False,45.0,man,NONE,1.0,black,3,2,5,3,4.0,1,conservative
74158862,1690,in this park we do not tolerate blacks,0.3590056195686805,0.2513143738009213,0.0460474697232607,0.3436325369071374,aae,False,True,True,45.0,man,NONE,1.0,black,5,3,2,3,2.5,0,conservative
18991638,1690,in this park we do not tolerate blacks,0.3590056195686805,0.2513143738009213,0.0460474697232607,0.3436325369071374,aae,False,True,True,35.0,woman,"immigrant, black,",0.0,black,5,5,5,5,5.0,1,neutral
74158862,872,I'll bring the chainsaw to destroy this sheikh's face,0.1810318877119027,0.3342332530710185,0.0010145281713721,0.4837203310457066,white,False,False,False,45.0,man,NONE,1.0,black,4,2,5,3,4.0,1,conservative
18991638,872,I'll bring the chainsaw to destroy this sheikh's face,0.1810318877119027,0.3342332530710185,0.0010145281713721,0.4837203310457066,white,False,False,False,35.0,woman,"immigrant, black,",0.0,black,5,4,5,5,5.0,1,neutral
54904271,1585,"YEAAHHHH, I'M A BLACC MAN, SO MANY LASSES, ALL OF THEM BE YTE . CORNBREAD, FRIED CHICKEN AND WATERMELON RINDS",0.4767751229534311,0.155010458453307,0.0504217050220842,0.3177927135711775,aae,False,True,True,45.0,man,{},-1.0,black,5,5,5,5,5.0,1,liberal
74158862,1585,"YEAAHHHH, I'M A BLACC MAN, SO MANY LASSES, ALL OF THEM BE YTE . CORNBREAD, FRIED CHICKEN AND WATERMELON RINDS",0.4767751229534311,0.155010458453307,0.0504217050220842,0.3177927135711775,aae,False,True,True,45.0,man,NONE,1.0,black,4,3,5,3,4.0,1,conservative
74158862,3509,if u ever feel bad bc u broke a fuckboy's heart chill bc he ain't got a heart,0.5470964859266225,0.2548991263189383,0.0093325939307948,0.1886717938236444,aae,False,False,True,45.0,man,NONE,1.0,black,3,2,5,3,4.0,1,conservative
48329056,3509,if u ever feel bad bc u broke a fuckboy's heart chill bc he ain't got a heart,0.5470964859266225,0.2548991263189383,0.0093325939307948,0.1886717938236444,aae,False,False,True,18.0,woman,Nope!,0.0,white,1,1,2,1,1.5,0,neutral
74158862,1822,"they allow niggers to kill whites, I bet not a single nigger can operate equipment",0.4729286172015058,0.170425550461687,0.0323187397312522,0.3243270926055549,aae,True,True,True,45.0,man,NONE,1.0,black,3,4,5,3,4.0,1,conservative
18991638,1822,"they allow niggers to kill whites, I bet not a single nigger can operate equipment",0.4729286172015058,0.170425550461687,0.0323187397312522,0.3243270926055549,aae,True,True,True,35.0,woman,"immigrant, black,",0.0,black,5,5,5,5,5.0,1,neutral
54904271,797,ReMeMb3r!!! aS lOnG aS y0U sAY nO SwIRls iTs fIn3,0.3021566887149917,0.2079346047391581,0.260221889009347,0.2296868175365031,aae,False,False,True,45.0,man,{},-1.0,black,1,1,1,1,1.0,0,liberal
74158862,797,ReMeMb3r!!! aS lOnG aS y0U sAY nO SwIRls iTs fIn3,0.3021566887149917,0.2079346047391581,0.260221889009347,0.2296868175365031,aae,False,False,True,45.0,man,NONE,0.5,black,3,5,5,4,4.5,1,conservative
54904271,1375,"What  glow is she even talking about?! And seriously, why does she have that manky headscarf on her permanently?! Take the fucking thing off you scruffy freakish bitch",0.1914388775678515,0.3106473499523648,0.0132624391024815,0.4846513333773021,white,True,False,False,45.0,man,{},-1.0,black,4,3,5,5,5.0,1,liberal
74158862,1375,"What  glow is she even talking about?! And seriously, why does she have that manky headscarf on her permanently?! Take the fucking thing off you scruffy freakish bitch",0.1914388775678515,0.3106473499523648,0.0132624391024815,0.4846513333773021,white,True,False,False,45.0,man,NONE,1.0,black,4,3,3,4,3.5,1,conservative
54904271,3204,And said who y'all girlfriends because it ain't us we Joshua girlfriends Everybody in the local&state said you our new girls @CrossXTheLine,0.418202114249726,0.2693411824627993,0.0054998293925968,0.3069568738948778,aae,False,False,True,45.0,man,{},-1.0,black,1,1,1,1,1.0,0,liberal
74158862,3543,"The way I grew up, real niggaz just don't move like that. If I'm coming to see you I'm just coming to see you.",0.3945550831377971,0.2879427808544757,0.0044508987029807,0.3130512373047464,aae,False,False,True,45.0,man,NONE,1.0,black,4,3,4,3,3.5,1,conservative
54904271,1501,"You know what is funny, the 19th century type of people with similar views to you ""civilized Europeans vs savage Africans and Asians"" were very against homosexuality, and viewed gay marriage and gay sex the same way as the so called ""uncivilized"" people you are referring to do. So do not correlate between civilized and homosexuality.",0.1449262408217413,0.1445181961428102,0.0940971838607409,0.6164583791747075,white,True,False,False,45.0,man,{},-1.0,black,1,1,1,1,1.0,0,liberal
18991638,2141,Why does no darkie know how to flush a toilet after they've had a shit? DISGUSTANG!,0.2364933678918578,0.3330634866506378,0.0324363864418611,0.3980067590156432,white,True,True,False,35.0,woman,"immigrant, black,",0.0,black,5,5,5,5,5.0,1,neutral
18991638,3511,If white ppl are still using biracials as the better option than black ppl or what y'all call yall selves brown ppl u should know the game,0.6520342117352553,0.137880205784682,0.0057524398117909,0.2043331426682716,aae,False,False,True,35.0,woman,"immigrant, black,",0.0,black,5,5,5,5,5.0,1,neutral
74158862,711,hey Shut the fuck up you bitch ass git,0.5848070840899031,0.2296328288413639,0.0440918264944855,0.1414682605742473,aae,True,False,True,45.0,man,NONE,1.0,black,3,5,4,3,3.5,1,conservative
18991638,711,hey Shut the fuck up you bitch ass git,0.5848070840899031,0.2296328288413639,0.0440918264944855,0.1414682605742473,aae,True,False,True,35.0,woman,"immigrant, black,",0.0,black,5,1,5,5,5.0,1,neutral
74158862,2315,#bbcqt @campbellclaret should put the blame for #brexit where it belongs. The 17.4 Mn plebs who didn't vote the right way.,0.1098863889040747,0.186386438769082,0.0764119360934231,0.6273152362334199,white,False,False,False,45.0,man,NONE,1.0,black,3,5,3,5,4.0,1,conservative
18991638,2315,#bbcqt @campbellclaret should put the blame for #brexit where it belongs. The 17.4 Mn plebs who didn't vote the right way.,0.1098863889040747,0.186386438769082,0.0764119360934231,0.6273152362334199,white,False,False,False,35.0,woman,"immigrant, black,",0.0,black,5,1,4,4,4.0,1,neutral
3088028,4104,"bitch it's fucking spring, why is this weather wildin? :triumph:",0.3372775338175363,0.3318546744844013,0.0295428698094579,0.3013249218886044,aae,True,False,True,30.0,woman,{},-0.5,black,1,1,1,2,1.5,0,liberal
40401566,139,people this is new thread due to the impending death of the previous,0.0721535329543974,0.1152765156211908,0.011518082757496,0.8010518686669157,white,False,False,False,30.0,man,Black american,-0.5,black,1,1,1,1,1.0,0,liberal
3088028,139,people this is new thread due to the impending death of the previous,0.0721535329543974,0.1152765156211908,0.011518082757496,0.8010518686669157,white,False,False,False,30.0,woman,{},-0.5,black,1,1,1,1,1.0,0,liberal
40401566,211,So can we just stop saying there is no racism in this place. It's a racist country controlled by racist white people...period. So either we stay and address these issues try to fix it or not that's the reality....even they admit it...NIGGERS DONT COUNT.(their words not mine) thanks ROBERTS!,0.1837968060392466,0.2447547739245118,0.0410053433855801,0.5304430766506614,white,True,False,False,30.0,man,Black american,-0.5,black,5,5,5,5,5.0,1,liberal
3088028,211,So can we just stop saying there is no racism in this place. It's a racist country controlled by racist white people...period. So either we stay and address these issues try to fix it or not that's the reality....even they admit it...NIGGERS DONT COUNT.(their words not mine) thanks ROBERTS!,0.1837968060392466,0.2447547739245118,0.0410053433855801,0.5304430766506614,white,True,False,False,30.0,woman,{},-0.5,black,4,2,4,4,4.0,1,liberal
68595278,580,Check out this channel: Antifa Smackdown it fucking hilarious,0.3279832296825369,0.2661197939003691,0.1056533555092161,0.3002436209078776,aae,True,False,True,35.0,woman,{},-0.5,black,1,1,2,1,1.5,0,liberal
3088028,580,Check out this channel: Antifa Smackdown it fucking hilarious,0.3279832296825369,0.2661197939003691,0.1056533555092161,0.3002436209078776,aae,True,False,True,30.0,woman,{},-0.5,black,2,3,2,2,2.0,0,liberal
94406863,3681,it always be those salty ass J.Cole fans trying to feel as if Kendrick is not the GOAT well I'm sorry that ur artist has a weak fan base.,0.3938865543754073,0.2086962609656519,0.0301910109249977,0.367226173733943,aae,True,False,True,55.0,man,,0.0,black,4,2,4,3,3.5,1,neutral
3088028,3681,it always be those salty ass J.Cole fans trying to feel as if Kendrick is not the GOAT well I'm sorry that ur artist has a weak fan base.,0.3938865543754073,0.2086962609656519,0.0301910109249977,0.367226173733943,aae,True,False,True,30.0,woman,{},-0.5,black,2,1,1,2,1.5,0,liberal
40401566,3048,Mana would legit be a retard driving an F1 car and telling the people that are made up of 3 vienna sausages.,0.09431249010859,0.1654468068940211,0.1062339699416263,0.6340067330557625,white,True,False,False,30.0,man,Black american,-0.5,black,5,1,5,5,5.0,1,liberal
68595278,1686,There is nothing more scary to black people than white people who are by default much smarter and more educated than them.,0.0948889767372643,0.2477957453416746,0.0090421897674803,0.6482730881535808,white,False,True,False,35.0,woman,{},-0.5,black,4,4,4,4,4.0,1,liberal
3088028,1686,There is nothing more scary to black people than white people who are by default much smarter and more educated than them.,0.0948889767372643,0.2477957453416746,0.0090421897674803,0.6482730881535808,white,False,True,False,30.0,woman,{},-0.5,black,4,5,4,4,4.0,1,liberal
40401566,4151,Y'all bitches wear that diamond ugly ass choker with everything including pjs....stop hoes y'all look ugly,0.6961711661362849,0.1766470600648199,0.0186912184798047,0.1084905553190904,aae,True,False,True,30.0,man,Black american,-0.5,black,5,1,5,5,5.0,1,liberal
3088028,4151,Y'all bitches wear that diamond ugly ass choker with everything including pjs....stop hoes y'all look ugly,0.6961711661362849,0.1766470600648199,0.0186912184798047,0.1084905553190904,aae,True,False,True,30.0,woman,{},-0.5,black,4,1,3,4,3.5,1,liberal
40401566,437,"""Color-blindness"" needs to be the way people think about race. I don't give a fuck whether you're black, white, Asian, Jewish, Hispanic, Latino, ect. because I just like you for the person you are.",0.0882077559703492,0.3714575385713795,0.0806131805567141,0.459721524901557,white,True,False,False,30.0,man,Black american,-0.5,black,1,1,1,1,1.0,0,liberal
3088028,437,"""Color-blindness"" needs to be the way people think about race. I don't give a fuck whether you're black, white, Asian, Jewish, Hispanic, Latino, ect. because I just like you for the person you are.",0.0882077559703492,0.3714575385713795,0.0806131805567141,0.459721524901557,white,True,False,False,30.0,woman,{},-0.5,black,1,1,1,1,1.0,0,liberal
40401566,3229,WWE&McMahons 4us fans were glad talent beginnin 2come up but u need 2listen also 2us TheFans($MONEY$MACHINE$)! Ur 2predictable change needed,0.462778808681859,0.1874808283205141,0.0293630250774496,0.3203773379201772,aae,False,False,True,30.0,man,Black american,-0.5,black,1,1,1,1,1.0,0,liberal
3088028,3229,WWE&McMahons 4us fans were glad talent beginnin 2come up but u need 2listen also 2us TheFans($MONEY$MACHINE$)! Ur 2predictable change needed,0.462778808681859,0.1874808283205141,0.0293630250774496,0.3203773379201772,aae,False,False,True,30.0,woman,{},-0.5,black,1,1,1,1,1.0,0,liberal
40401566,3469,Hoes be like .... Get caught up and then wanna be mad :person_tipping_hand_medium_skin_tone:,0.6747978918321969,0.1809099570645428,0.0025856656762731,0.1417064854269872,aae,True,False,True,30.0,man,Black american,-0.5,black,4,1,4,4,4.0,1,liberal
3088028,3469,Hoes be like .... Get caught up and then wanna be mad :person_tipping_hand_medium_skin_tone:,0.6747978918321969,0.1809099570645428,0.0025856656762731,0.1417064854269872,aae,True,False,True,30.0,woman,{},-0.5,black,3,1,2,2,2.0,0,liberal
40401566,1984,Who will control all the druggys and psychos on the streets? How will they control the neighborhood? Or any poor hoods? Believe it or not most blacks dont care about blm they just wanted some free shit.,0.3715345515997049,0.2280363411028005,0.0330210790775019,0.3674080282199924,aae,True,True,True,30.0,man,Black american,-0.5,black,5,4,5,5,5.0,1,liberal
3088028,1984,Who will control all the druggys and psychos on the streets? How will they control the neighborhood? Or any poor hoods? Believe it or not most blacks dont care about blm they just wanted some free shit.,0.3715345515997049,0.2280363411028005,0.0330210790775019,0.3674080282199924,aae,True,True,True,30.0,woman,{},-0.5,black,5,5,5,5,5.0,1,liberal
40401566,196,Women's suffrage was started by jews. As is every social justice and civil rights platform.,0.0863065407369053,0.103758864717445,0.1973489117442334,0.612585682801416,white,False,False,False,30.0,man,Black american,-0.5,black,1,1,1,1,1.0,0,liberal
3088028,196,Women's suffrage was started by jews. As is every social justice and civil rights platform.,0.0863065407369053,0.103758864717445,0.1973489117442334,0.612585682801416,white,False,False,False,30.0,woman,{},-0.5,black,4,4,4,4,4.0,1,liberal
20527740,1869,"It pisses me off when people call black people 'nigga', wog is such a better word",0.3888432249432471,0.2824103198214787,0.0362333033767387,0.2925131518585354,aae,True,True,True,65.0,woman,"Racial, age, disability",-0.5,black,2,4,4,3,3.5,1,liberal
3088028,1869,"It pisses me off when people call black people 'nigga', wog is such a better word",0.3888432249432471,0.2824103198214787,0.0362333033767387,0.2925131518585354,aae,True,True,True,30.0,woman,{},-0.5,black,5,5,5,5,5.0,1,liberal
1034132,670,she has text Rob and said she's not coming into the shop because she's too tired. Too tired from doing what???!!! Nothing!!! What a fucking bitch! Feel sorry for whoever has to work for her!!! Xx,0.1706598354638711,0.4722089120234912,0.0088252828656292,0.3483059696470085,hispanic,True,False,False,40.0,woman,{},0.0,black,5,1,5,5,5.0,1,neutral
3088028,670,she has text Rob and said she's not coming into the shop because she's too tired. Too tired from doing what???!!! Nothing!!! What a fucking bitch! Feel sorry for whoever has to work for her!!! Xx,0.1706598354638711,0.4722089120234912,0.0088252828656292,0.3483059696470085,hispanic,True,False,False,30.0,woman,{},-0.5,black,3,1,2,2,2.0,0,liberal
40401566,2896,Literally can't believe I bought a ticket to minus zero and booked a place today holy shit what is my lofe:speak_no_evil::heart_eyes_cat::raising_hands_medium-light_skin_tone: so grateful rn,0.064773870831328,0.2306578639562264,0.0260302336932095,0.678538031519236,white,True,False,False,30.0,man,Black american,-0.5,black,2,1,2,2,2.0,0,liberal
3088028,2896,Literally can't believe I bought a ticket to minus zero and booked a place today holy shit what is my lofe:speak_no_evil::heart_eyes_cat::raising_hands_medium-light_skin_tone: so grateful rn,0.064773870831328,0.2306578639562264,0.0260302336932095,0.678538031519236,white,True,False,False,30.0,woman,{},-0.5,black,1,1,1,1,1.0,0,liberal
40401566,1599,What you see here is really a classic story of Black people killing each other with drugs & guns!,0.1698932641959951,0.3159910982275347,0.0125943974807183,0.5015212400957519,white,False,True,False,30.0,man,Black american,-0.5,black,1,1,1,1,1.0,0,liberal
3088028,1599,What you see here is really a classic story of Black people killing each other with drugs & guns!,0.1698932641959951,0.3159910982275347,0.0125943974807183,0.5015212400957519,white,False,True,False,30.0,woman,{},-0.5,black,5,5,5,5,5.0,1,liberal
40401566,3462,"We gone talk about this, I got time today, y'all hoes just going to have to be mad this morning",0.6226928240310684,0.1765794880043436,0.0080685806830365,0.1926591072815514,aae,True,False,True,30.0,man,Black american,-0.5,black,2,1,2,2,2.0,0,liberal
3088028,3462,"We gone talk about this, I got time today, y'all hoes just going to have to be mad this morning",0.6226928240310684,0.1765794880043436,0.0080685806830365,0.1926591072815514,aae,True,False,True,30.0,woman,{},-0.5,black,3,1,2,2,2.0,0,liberal
40401566,3209,You must know that anybody who comes up against you they have a God to deal with - Minister #TorrieWhite #prayer #theonething,0.4249721730245197,0.1783107776523775,0.0331685778383575,0.3635484714847452,aae,False,False,True,30.0,man,Black american,-0.5,black,1,1,1,1,1.0,0,liberal
3088028,3209,You must know that anybody who comes up against you they have a God to deal with - Minister #TorrieWhite #prayer #theonething,0.4249721730245197,0.1783107776523775,0.0331685778383575,0.3635484714847452,aae,False,False,True,30.0,woman,{},-0.5,black,1,1,1,1,1.0,0,liberal
3088028,3813,Bitch keep on :relieved: my reaction bouta pop off bad on you :100::woman_shrugging_medium_skin_tone:,0.6400863294084826,0.2224275528237317,0.0039732427966476,0.1335128749711381,aae,True,False,True,30.0,woman,{},-0.5,black,3,1,2,2,2.0,0,liberal
40401566,3328,Why is mother nature mad? Somebody must have pissed her off! Its rainingg hard af!,0.6107368255031893,0.2066291159495367,0.0107808347984642,0.1718532237488098,aae,False,False,True,30.0,man,Black american,-0.5,black,2,1,2,2,2.0,0,liberal
3088028,3328,Why is mother nature mad? Somebody must have pissed her off! Its rainingg hard af!,0.6107368255031893,0.2066291159495367,0.0107808347984642,0.1718532237488098,aae,False,False,True,30.0,woman,{},-0.5,black,1,1,1,1,1.0,0,liberal
40401566,2694,American people to have this a candidate would have to shield your face. And there should not your face. And there are,0.0491637567684659,0.2090613019779811,0.0159530505330953,0.7258218907204576,white,False,False,False,30.0,man,Black american,-0.5,black,1,1,1,1,1.0,0,liberal
40401566,1754,Paintballs are a horrible idea. Kids: this is how you get shot. Either that or be  nigger in America,0.129832266956243,0.2720254039683289,0.064882165930333,0.533260163145095,white,True,True,False,30.0,man,Black american,-0.5,black,5,5,5,5,5.0,1,liberal
3088028,1754,Paintballs are a horrible idea. Kids: this is how you get shot. Either that or be  nigger in America,0.129832266956243,0.2720254039683289,0.064882165930333,0.533260163145095,white,True,True,False,30.0,woman,{},-0.5,black,5,5,5,4,4.5,1,liberal
40401566,3391,Wht will B the future of international studnts who have dne their masters n planning to do job in US aftr new h1 guidlines @realDonaldTrump,0.4376637864626362,0.1291706292416747,0.0947130519207475,0.3384525323749414,aae,False,False,True,30.0,man,Black american,-0.5,black,1,1,1,1,1.0,0,liberal
3088028,3391,Wht will B the future of international studnts who have dne their masters n planning to do job in US aftr new h1 guidlines @realDonaldTrump,0.4376637864626362,0.1291706292416747,0.0947130519207475,0.3384525323749414,aae,False,False,True,30.0,woman,{},-0.5,black,2,1,1,1,1.0,0,liberal
40401566,3342,mine dont. and i dont wanna tell em either. i don't say i'm straight but i don't bring up the dating convo either,0.3989614154154047,0.3740269458635734,0.0041734931920175,0.2228381455290043,aae,False,False,True,30.0,man,Black american,-0.5,black,1,1,1,1,1.0,0,liberal
3088028,3342,mine dont. and i dont wanna tell em either. i don't say i'm straight but i don't bring up the dating convo either,0.3989614154154047,0.3740269458635734,0.0041734931920175,0.2228381455290043,aae,False,False,True,30.0,woman,{},-0.5,black,1,1,1,1,1.0,0,liberal
3088028,1144,Fucking around is what these jawas do best.,0.2210353892114242,0.3584307332789536,0.0086899099201749,0.4118439675894471,white,True,False,False,30.0,woman,{},-0.5,black,4,4,4,4,4.0,1,liberal
3088028,3234,"""I like to think that I have thick skin, but if someone texts me """"k"""" they immediately become dead to me""",0.3198060272142368,0.2576341253371991,0.1147706034002774,0.3077892440482866,aae,False,False,True,30.0,woman,{},-0.5,black,2,1,2,2,2.0,0,liberal
40401566,1863,"Just killed my first deer last night, decent size Michigan 8pt. Looking forward to getting him back so I can eat the thing. But I was just practicising, next time I am going to hunt niggers like the beasts they are",0.0948265706358533,0.2114844222157659,0.0051802877324847,0.6885087194158959,white,True,True,False,30.0,man,Black american,-0.5,black,5,5,5,5,5.0,1,liberal
3088028,1863,"Just killed my first deer last night, decent size Michigan 8pt. Looking forward to getting him back so I can eat the thing. But I was just practicising, next time I am going to hunt niggers like the beasts they are",0.0948265706358533,0.2114844222157659,0.0051802877324847,0.6885087194158959,white,True,True,False,30.0,woman,{},-0.5,black,5,5,5,5,5.0,1,liberal
40401566,1355,I hate that fucking poof piece of shit! He has nearly gone to the top of my hanging for treason list. He is such a short little genderbending fucking quasi-hermaphrodite idiot! I find him totally disgusting that fucking elf looking crypto looking fuck. I wish Trump would walk up to him and just fucking punch him in the face and say you are fucking fired you traitor,0.0879509015983684,0.2787964328954401,0.0050785616590786,0.6281741038471127,white,True,False,False,30.0,man,Black american,-0.5,black,5,5,5,5,5.0,1,liberal
3088028,1355,I hate that fucking poof piece of shit! He has nearly gone to the top of my hanging for treason list. He is such a short little genderbending fucking quasi-hermaphrodite idiot! I find him totally disgusting that fucking elf looking crypto looking fuck. I wish Trump would walk up to him and just fucking punch him in the face and say you are fucking fired you traitor,0.0879509015983684,0.2787964328954401,0.0050785616590786,0.6281741038471127,white,True,False,False,30.0,woman,{},-0.5,black,5,4,5,5,5.0,1,liberal
40401566,3378,"I'm listening to Since 17 by iLoveMakonnen on Spinrilla.:dizzy_face:won't send me beats no mo:fearful:got dat purple,what u mean.Florida,check my shoes Gator",0.4449991462002712,0.1696811480538192,0.0300486674159859,0.3552710383299236,aae,False,False,True,30.0,man,Black american,-0.5,black,1,1,1,1,1.0,0,liberal
3088028,3378,"I'm listening to Since 17 by iLoveMakonnen on Spinrilla.:dizzy_face:won't send me beats no mo:fearful:got dat purple,what u mean.Florida,check my shoes Gator",0.4449991462002712,0.1696811480538192,0.0300486674159859,0.3552710383299236,aae,False,False,True,30.0,woman,{},-0.5,black,1,1,1,1,1.0,0,liberal
40401566,1531,"There was also the popular theory that suggests Black people were inherently inferior primarily because they saw Africa as ""primitive"" which i somewhat agree with. They insisted that Blacks were inherently less intelligent.I guess one could then make the argument that perhaps China was ""medival"" as well and they seemed to ignore that Africa had many nomads and that several large portions of the land was difficult to build a decent and stable community but still",0.0528775760796775,0.1338023054307361,0.048933969498715,0.7643861489908712,white,False,True,False,30.0,man,Black american,-0.5,black,2,2,2,2,2.0,0,liberal
3088028,1531,"There was also the popular theory that suggests Black people were inherently inferior primarily because they saw Africa as ""primitive"" which i somewhat agree with. They insisted that Blacks were inherently less intelligent.I guess one could then make the argument that perhaps China was ""medival"" as well and they seemed to ignore that Africa had many nomads and that several large portions of the land was difficult to build a decent and stable community but still",0.0528775760796775,0.1338023054307361,0.048933969498715,0.7643861489908712,white,False,True,False,30.0,woman,{},-0.5,black,1,1,1,1,1.0,0,liberal
40401566,1702,"Well, Most Asians I've met dislike blacks, so they're ok with me. rofl",0.0935156013382485,0.4058889399440748,0.1151064997829534,0.3854889589347232,hispanic,False,True,False,30.0,man,Black american,-0.5,black,5,5,5,5,5.0,1,liberal
3088028,1702,"Well, Most Asians I've met dislike blacks, so they're ok with me. rofl",0.0935156013382485,0.4058889399440748,0.1151064997829534,0.3854889589347232,hispanic,False,True,False,30.0,woman,{},-0.5,black,5,5,5,5,5.0,1,liberal
40401566,3444,"""My Grammy never stops talking. She will talk to you for an hour straight with only the """"mhmm"""" responses n give no fucks.""",0.3966915995554774,0.2193589879753562,0.100684664129038,0.2832647483401282,aae,True,False,True,30.0,man,Black american,-0.5,black,2,1,2,2,2.0,0,liberal
3088028,3444,"""My Grammy never stops talking. She will talk to you for an hour straight with only the """"mhmm"""" responses n give no fucks.""",0.3966915995554774,0.2193589879753562,0.100684664129038,0.2832647483401282,aae,True,False,True,30.0,woman,{},-0.5,black,1,1,1,1,1.0,0,liberal
40401566,1911,"ALL NIGGERS HOULD DIE - this was the message my friend got today at school. I don't disagree with the statement, just wished he'd spelt 'should' right",0.169709520273101,0.2976991101511324,0.0312024322220407,0.5013889373537259,white,True,True,False,30.0,man,Black american,-0.5,black,5,5,5,5,5.0,1,liberal
3088028,1911,"ALL NIGGERS HOULD DIE - this was the message my friend got today at school. I don't disagree with the statement, just wished he'd spelt 'should' right",0.169709520273101,0.2976991101511324,0.0312024322220407,0.5013889373537259,white,True,True,False,30.0,woman,{},-0.5,black,5,5,5,5,5.0,1,liberal
40401566,445,what a pile of wank my room is,0.103622913095684,0.2043001426567047,0.0568984400110611,0.6351785042365502,white,True,False,False,30.0,man,Black american,-0.5,black,2,1,2,2,2.0,0,liberal
3088028,445,what a pile of wank my room is,0.103622913095684,0.2043001426567047,0.0568984400110611,0.6351785042365502,white,True,False,False,30.0,woman,{},-0.5,black,1,1,1,1,1.0,0,liberal
40401566,1832,"Ah, I remember it now! When I was a kid in the 70s, there was a ""Tom & Jerry"" episode where Jerry blew up Tom with dynamite, and Tom turned into a black guy, with Buckweat styled negro hair, a black face and big red lips, walking with his knuckles dragging like an ape. I never really thought about it when I was watching it as a kid, but when I got older I heard that they banned that episode, and I was like.....""Yeah, that was pretty damn funny"". As kids, we're innocent and don't see the real humor in something like that.",0.2107041661051652,0.279953998756695,0.0145126783339412,0.4948291568041984,white,True,True,False,30.0,man,Black american,-0.5,black,1,1,1,1,1.0,0,liberal
3088028,1832,"Ah, I remember it now! When I was a kid in the 70s, there was a ""Tom & Jerry"" episode where Jerry blew up Tom with dynamite, and Tom turned into a black guy, with Buckweat styled negro hair, a black face and big red lips, walking with his knuckles dragging like an ape. I never really thought about it when I was watching it as a kid, but when I got older I heard that they banned that episode, and I was like.....""Yeah, that was pretty damn funny"". As kids, we're innocent and don't see the real humor in something like that.",0.2107041661051652,0.279953998756695,0.0145126783339412,0.4948291568041984,white,True,True,False,30.0,woman,{},-0.5,black,2,2,2,2,2.0,0,liberal
40401566,2279,.@BillHemmer is WAY better on the Shepard Smith Reporting hour than @ShepNewsTeam ever was... #RepealAndReplace,0.1075374313783204,0.1600269105575106,0.0349430861967944,0.6974925718673745,white,False,False,False,30.0,man,Black american,-0.5,black,1,1,1,1,1.0,0,liberal
3088028,2279,.@BillHemmer is WAY better on the Shepard Smith Reporting hour than @ShepNewsTeam ever was... #RepealAndReplace,0.1075374313783204,0.1600269105575106,0.0349430861967944,0.6974925718673745,white,False,False,False,30.0,woman,{},-0.5,black,1,1,1,1,1.0,0,liberal
66634158,3218,*REALITY* IS THAT WHICH *WILL NOT VANISH* *JUST BCOZ* WE *DONT BELIEVE OR ACCEPT IT..* Gud nite :blush::pray:,0.3657862776694242,0.1880128833632325,0.2646879317583656,0.1815129072089775,aae,False,False,True,60.0,man,,-0.5,black,1,1,1,1,1.0,0,liberal
3088028,3218,*REALITY* IS THAT WHICH *WILL NOT VANISH* *JUST BCOZ* WE *DONT BELIEVE OR ACCEPT IT..* Gud nite :blush::pray:,0.3657862776694242,0.1880128833632325,0.2646879317583656,0.1815129072089775,aae,False,False,True,30.0,woman,{},-0.5,black,1,1,1,1,1.0,0,liberal
40401566,3301,"Somebody tell @TaySixO it's Thursday, we ain't forgot about the visuals yhu said yhu was gone drop:joy::fire::fire:?????",0.7434460358208854,0.1147378237132385,0.0206019380587757,0.1212142024071004,aae,False,False,True,30.0,man,Black american,-0.5,black,1,1,1,1,1.0,0,liberal
3088028,3301,"Somebody tell @TaySixO it's Thursday, we ain't forgot about the visuals yhu said yhu was gone drop:joy::fire::fire:?????",0.7434460358208854,0.1147378237132385,0.0206019380587757,0.1212142024071004,aae,False,False,True,30.0,woman,{},-0.5,black,1,1,1,1,1.0,0,liberal
40401566,3544,"""I grew up in KwaNdebele and we used long drops back in the day, my cousin said """"pinky pinky"""" on my way to the toilet. Did I proceed? Oh hell""",0.3561374232420722,0.2673381172475472,0.0653583896489756,0.311166069861405,aae,False,False,True,30.0,man,Black american,-0.5,black,1,1,1,1,1.0,0,liberal
3088028,3544,"""I grew up in KwaNdebele and we used long drops back in the day, my cousin said """"pinky pinky"""" on my way to the toilet. Did I proceed? Oh hell""",0.3561374232420722,0.2673381172475472,0.0653583896489756,0.311166069861405,aae,False,False,True,30.0,woman,{},-0.5,black,1,1,1,1,1.0,0,liberal
3088028,772,"america is trash, too many immigrants that is why",0.1431159842025236,0.2651469612706681,0.1014409210167899,0.4902961335100181,white,False,False,False,30.0,woman,{},-0.5,black,5,4,4,4,4.0,1,liberal
92851619,2338,Foot freaks rejoice! It's nearly warm enough for me to wear flip flops & sandals again :ok_hand: :sandal: #FootFetish #FlipFlops #Sandals #SummerFootwear,0.1033268532432644,0.2560570332076872,0.0529844955057471,0.5876316180433012,white,False,False,False,30.0,woman,{},1.0,black,1,1,1,1,1.0,0,conservative
3088028,2338,Foot freaks rejoice! It's nearly warm enough for me to wear flip flops & sandals again :ok_hand: :sandal: #FootFetish #FlipFlops #Sandals #SummerFootwear,0.1033268532432644,0.2560570332076872,0.0529844955057471,0.5876316180433012,white,False,False,False,30.0,woman,{},-0.5,black,1,1,1,1,1.0,0,liberal
40401566,1586,"All these George Floyd riots are useless, harmful and ridiculous. So many people have got looted, many got hurt for what? ONE DEAD BLACK GUY? For ""RACISM""???",0.174689270667568,0.2150698399888363,0.0918935907552349,0.5183472985883607,white,False,True,False,30.0,man,Black american,-0.5,black,5,5,5,5,5.0,1,liberal
3088028,1586,"All these George Floyd riots are useless, harmful and ridiculous. So many people have got looted, many got hurt for what? ONE DEAD BLACK GUY? For ""RACISM""???",0.174689270667568,0.2150698399888363,0.0918935907552349,0.5183472985883607,white,False,True,False,30.0,woman,{},-0.5,black,5,5,5,5,5.0,1,liberal
88405986,1853,i just hope both these niggers die,0.4052524505667843,0.3126523331395303,0.0135025526451056,0.2685926636485797,aae,True,True,True,30.0,man,Black,-0.5,black,5,5,4,5,4.5,1,liberal
3088028,1853,i just hope both these niggers die,0.4052524505667843,0.3126523331395303,0.0135025526451056,0.2685926636485797,aae,True,True,True,30.0,woman,{},-0.5,black,5,5,5,5,5.0,1,liberal
40401566,31,"its funny how few only want ""traditionalism"" only when it benefits them",0.3076940660046717,0.3478129356374897,0.0678697019425321,0.2766232964153063,hispanic,False,False,False,30.0,man,Black american,-0.5,black,1,1,1,1,1.0,0,liberal
3088028,31,"its funny how few only want ""traditionalism"" only when it benefits them",0.3076940660046717,0.3478129356374897,0.0678697019425321,0.2766232964153063,hispanic,False,False,False,30.0,woman,{},-0.5,black,1,1,1,1,1.0,0,liberal
40401566,3914,"ukwon: [singing, but the camera isnt centred on him] me: WHERE HE AT BITCH",0.3202089469304017,0.2612055786543227,0.2456158023433066,0.1729696720719688,aae,True,False,True,30.0,man,Black american,-0.5,black,2,1,2,2,2.0,0,liberal
3088028,3914,"ukwon: [singing, but the camera isnt centred on him] me: WHERE HE AT BITCH",0.3202089469304017,0.2612055786543227,0.2456158023433066,0.1729696720719688,aae,True,False,True,30.0,woman,{},-0.5,black,2,1,2,2,2.0,0,liberal
1034132,823,the thought of a world free of channel crossers makes me so happy,0.1219519227582475,0.2467699840453633,0.0093364047444191,0.6219416884519701,white,False,False,False,40.0,woman,{},0.0,black,1,1,1,1,1.0,0,neutral
3088028,3677,I hate a person that assumes shyt like come fucking ask me to clarify I ain't gone lie to you dumbass :middle_finger_medium-dark_skin_tone:,0.4004255583764838,0.3429842369315464,0.0025209786183578,0.2540692260736118,aae,True,False,True,30.0,woman,{},-0.5,black,2,1,2,2,2.0,0,liberal
40401566,1687,"Pay attention folks. I met an older White Puerto Rican man. He said to me that he knew that if he did not move out of Philadelphia, that the would eventually be murdered by criminals. He also said that he did not want to continue to pay taxes. That is spot on. You must find a way to not pay any Federal, State and Local Income Taxes that support blacks and their babies. Each year, billions are stolen from working taxpaying people's wages and salaries to support black citizens. You must find an underground economy to participate in.",0.1765614203054955,0.1395083674214505,0.0065608534697963,0.6773693588032577,white,False,True,False,30.0,man,Black american,-0.5,black,1,1,1,1,1.0,0,liberal
3088028,1687,"Pay attention folks. I met an older White Puerto Rican man. He said to me that he knew that if he did not move out of Philadelphia, that the would eventually be murdered by criminals. He also said that he did not want to continue to pay taxes. That is spot on. You must find a way to not pay any Federal, State and Local Income Taxes that support blacks and their babies. Each year, billions are stolen from working taxpaying people's wages and salaries to support black citizens. You must find an underground economy to participate in.",0.1765614203054955,0.1395083674214505,0.0065608534697963,0.6773693588032577,white,False,True,False,30.0,woman,{},-0.5,black,4,4,4,4,4.0,1,liberal
40401566,301,using a word like tranny to describe yourself does more harm than good to the trans community as a whole,0.091078727443765,0.1896001952438606,0.0318996125330707,0.6874214647793037,white,True,False,False,30.0,man,Black american,-0.5,black,1,1,1,1,1.0,0,liberal
3088028,301,using a word like tranny to describe yourself does more harm than good to the trans community as a whole,0.091078727443765,0.1896001952438606,0.0318996125330707,0.6874214647793037,white,True,False,False,30.0,woman,{},-0.5,black,1,1,2,2,2.0,0,liberal
40401566,1714,This problem is that if a black person does step into his position everyone is going to say they got it cause of this and not realise that they're not qualified.,0.1532482383771811,0.2777048658224872,0.0042979683212185,0.5647489274791131,white,False,True,False,30.0,man,Black american,-0.5,black,1,1,1,1,1.0,0,liberal
40401566,3491,"#feminists disagree, for a generation that grew up with the whisper song, get low, Buble butt & bitches aint shit... We've come along way",0.4258209685117041,0.1762743863014457,0.0169162521915433,0.3809883929953068,aae,True,False,True,30.0,man,Black american,-0.5,black,1,1,1,1,1.0,0,liberal
3088028,3491,"#feminists disagree, for a generation that grew up with the whisper song, get low, Buble butt & bitches aint shit... We've come along way",0.4258209685117041,0.1762743863014457,0.0169162521915433,0.3809883929953068,aae,True,False,True,30.0,woman,{},-0.5,black,1,1,1,1,1.0,0,liberal
40401566,2188,"Ayy shoutout to all ma boys in here but ima take a break from this sub. Its those niggers in here who just dont fuck with me, keep getting me banned deleting my threads so im out fuck it",0.4688049745384551,0.2930915070670135,0.0113221910731224,0.2267813273214088,aae,True,True,True,30.0,man,Black american,-0.5,black,5,5,5,5,5.0,1,liberal
3088028,2188,"Ayy shoutout to all ma boys in here but ima take a break from this sub. Its those niggers in here who just dont fuck with me, keep getting me banned deleting my threads so im out fuck it",0.4688049745384551,0.2930915070670135,0.0113221910731224,0.2267813273214088,aae,True,True,True,30.0,woman,{},-0.5,black,4,5,4,4,4.0,1,liberal
40401566,1098,"I am a transsexual. I am also transgender person. And a trans person too! But don't you dare to call me a tranny, cause you'll be in trouble. Especially if you're a bitchy b3nder",0.0955873862276519,0.3786279409453857,0.0182018198902413,0.5075828529367209,white,True,False,False,30.0,man,Black american,-0.5,black,4,1,4,4,4.0,1,liberal
3088028,1098,"I am a transsexual. I am also transgender person. And a trans person too! But don't you dare to call me a tranny, cause you'll be in trouble. Especially if you're a bitchy b3nder",0.0955873862276519,0.3786279409453857,0.0182018198902413,0.5075828529367209,white,True,False,False,30.0,woman,{},-0.5,black,2,1,2,1,1.5,0,liberal
283972,3279,"Nig soups can make u eat above normal guage, like d EGUSI soup I just had now. Dats y wen a man marries a Nig girl, he gets pregnant b4 her.",0.5063849389907495,0.2346052851489785,0.0742118324714081,0.1847979433888638,aae,False,False,True,50.0,man,{},-0.5,black,4,4,4,4,4.0,1,liberal
3088028,3279,"Nig soups can make u eat above normal guage, like d EGUSI soup I just had now. Dats y wen a man marries a Nig girl, he gets pregnant b4 her.",0.5063849389907495,0.2346052851489785,0.0742118324714081,0.1847979433888638,aae,False,False,True,30.0,woman,{},-0.5,black,5,4,5,5,5.0,1,liberal
40401566,3535,You & yo baby momma separate & you take everything out the house including everything in the child's room? You a fagget fr :100:,0.5066888318428883,0.2939742280209445,0.0127017079290291,0.1866352322071379,aae,False,False,True,30.0,man,Black american,-0.5,black,4,1,4,4,4.0,1,liberal
3088028,3535,You & yo baby momma separate & you take everything out the house including everything in the child's room? You a fagget fr :100:,0.5066888318428883,0.2939742280209445,0.0127017079290291,0.1866352322071379,aae,False,False,True,30.0,woman,{},-0.5,black,4,1,2,2,2.0,0,liberal
68595278,1476,K-pop is being used as a tool by afros to manipulate the masses. They are using international pressure to support this nonsense. Their goal is to create an afro state in the USA and a spic state. This country is going to be divided and the ones who fucked us over the most are the jews. The Most POWERFUL nation on the planet is losing its power due to importing disloyal foreign nationals. Nation of immigrants my ass.,0.0812396122359881,0.0875523455428061,0.03657616119716,0.7946318810240457,white,True,False,False,35.0,woman,{},-0.5,black,5,5,5,5,5.0,1,liberal
3088028,1476,K-pop is being used as a tool by afros to manipulate the masses. They are using international pressure to support this nonsense. Their goal is to create an afro state in the USA and a spic state. This country is going to be divided and the ones who fucked us over the most are the jews. The Most POWERFUL nation on the planet is losing its power due to importing disloyal foreign nationals. Nation of immigrants my ass.,0.0812396122359881,0.0875523455428061,0.03657616119716,0.7946318810240457,white,True,False,False,30.0,woman,{},-0.5,black,5,5,5,5,5.0,1,liberal
40401566,3873,The way these niggas hate I hope they get a check for it,0.5438753851341906,0.2202300829954745,0.0045025169880843,0.2313920148822503,aae,True,False,True,30.0,man,Black american,-0.5,black,4,5,4,4,4.0,1,liberal
3088028,3873,The way these niggas hate I hope they get a check for it,0.5438753851341906,0.2202300829954745,0.0045025169880843,0.2313920148822503,aae,True,False,True,30.0,woman,{},-0.5,black,5,5,5,5,5.0,1,liberal
3088028,1588,"Side note, can anyone explain why racism is necessarily bad? Humanity has survived for a few thousand years without the civil rights movement and we've done perfectly fine. Only on the last 60 years has it been an issue for the SOME PEOPLE.",0.0406765064886442,0.0867842206167513,0.011276022218974,0.8612632506756305,white,False,True,False,30.0,woman,{},-0.5,black,5,5,5,5,5.0,1,liberal
40401566,3963,"""i really hate giving advice bc mfs be like """" u act like u wasn't dumb over a nigga"""" bitch when I was 14 not 24. that's 10 yr difference""",0.5263844411315344,0.1912931500965708,0.1260466846765872,0.1562757240953076,aae,True,False,True,30.0,man,Black american,-0.5,black,5,5,5,5,5.0,1,liberal
3088028,3963,"""i really hate giving advice bc mfs be like """" u act like u wasn't dumb over a nigga"""" bitch when I was 14 not 24. that's 10 yr difference""",0.5263844411315344,0.1912931500965708,0.1260466846765872,0.1562757240953076,aae,True,False,True,30.0,woman,{},-0.5,black,3,2,2,2,2.0,0,liberal
94406863,2829,"The bloody hell Trump, why use 59 missiles? Even though they did launch a chemical attack on us, 59 is a bit overkill. also #russiaismad",0.0913926028707955,0.1525796142122889,0.1390500065688915,0.6169777763480239,white,False,False,False,55.0,man,,0.0,black,3,2,3,2,2.5,0,neutral
3088028,2829,"The bloody hell Trump, why use 59 missiles? Even though they did launch a chemical attack on us, 59 is a bit overkill. also #russiaismad",0.0913926028707955,0.1525796142122889,0.1390500065688915,0.6169777763480239,white,False,False,False,30.0,woman,{},-0.5,black,1,1,1,1,1.0,0,liberal
40401566,3313,Ppl really thinking I went to the salon or somn to do my box braids! All me :blush::yum: *pats self on the back *,0.5759861343705511,0.1839636496533274,0.0285064298167279,0.2115437861593932,aae,False,False,True,30.0,man,Black american,-0.5,black,1,1,1,1,1.0,0,liberal
3088028,3313,Ppl really thinking I went to the salon or somn to do my box braids! All me :blush::yum: *pats self on the back *,0.5759861343705511,0.1839636496533274,0.0285064298167279,0.2115437861593932,aae,False,False,True,30.0,woman,{},-0.5,black,1,1,1,1,1.0,0,liberal
40401566,1811,BLM is targeting Jewish people. Now apart from retarded monkeys they are also antisemitic!,0.0733714518479037,0.1624338332293063,0.146257357043436,0.6179373578793539,white,True,True,False,30.0,man,Black american,-0.5,black,5,5,5,5,5.0,1,liberal
3088028,1811,BLM is targeting Jewish people. Now apart from retarded monkeys they are also antisemitic!,0.0733714518479037,0.1624338332293063,0.146257357043436,0.6179373578793539,white,True,True,False,30.0,woman,{},-0.5,black,5,5,5,5,5.0,1,liberal
68595278,1809,"oh wow, fat black bitch short of breath raging about her special rights to spray her monkey looking graffiti",0.2625996480703866,0.2917418399130171,0.0832888388771113,0.362369673139485,white,True,True,False,35.0,woman,{},-0.5,black,5,5,5,5,5.0,1,liberal
40401566,3212,#bbnaija i see @PayPorte CEO sponsoring these top 5HMs to start up their own bizness and make them prosper,0.5496868197253745,0.1213032230063565,0.040149882737169,0.2888600745310999,aae,False,False,True,30.0,man,Black american,-0.5,black,1,1,1,1,1.0,0,liberal
3088028,3212,#bbnaija i see @PayPorte CEO sponsoring these top 5HMs to start up their own bizness and make them prosper,0.5496868197253745,0.1213032230063565,0.040149882737169,0.2888600745310999,aae,False,False,True,30.0,woman,{},-0.5,black,1,1,1,1,1.0,0,liberal
1213485,1422,"A good friend of mine used to have a flick with a top-tier webcam model some time ago. Bitch was batshit crazy, no wonder, but oh boy did she worship him. Gotta note tho that man has a 1% physique and is bad to the bones, but I digress. She literally couldn't fucking breathe without him. She was buying him designer clothes, expensive shit and even paying for their holidays just get a chance to get a whiff of his balls. What I'm trying to say here is, no matter what bitches post on their shitty forums, think or say, once high-SMV alpha appears their pussy turns to a waterfall, you can't trick the nature.",0.2092418239133027,0.2397991518872578,0.0067306118187522,0.5442284123806871,white,True,False,False,30.0,man,{},-0.5,white,4,1,5,5,5.0,1,liberal
3088028,1597,"whats the point of voting or even democracy if a few dozen angry black election officials in philadelphia, detroit, milwaukee, and atlanta can decide the whole thing?",0.1201925568923702,0.0722870447441238,0.0657670810212969,0.7417533173422091,white,False,True,False,30.0,woman,{},-0.5,black,5,5,5,4,4.5,1,liberal
40401566,770,it is not ok to be a gypsy,0.1668171332101904,0.2923891087090031,0.0221236107126553,0.5186701473681511,white,False,False,False,30.0,man,Black american,-0.5,black,4,3,4,4,4.0,1,liberal
3088028,770,it is not ok to be a gypsy,0.1668171332101904,0.2923891087090031,0.0221236107126553,0.5186701473681511,white,False,False,False,30.0,woman,{},-0.5,black,5,4,4,4,4.0,1,liberal
40401566,3307,"I ain't with the buggin' She get pissed off, did wrong & dipped on! Haaaa",0.6610275757635231,0.1832801351241115,0.023966444903266,0.1317258442090991,aae,False,False,True,30.0,man,Black american,-0.5,black,2,2,2,2,2.0,0,liberal
3088028,3307,"I ain't with the buggin' She get pissed off, did wrong & dipped on! Haaaa",0.6610275757635231,0.1832801351241115,0.023966444903266,0.1317258442090991,aae,False,False,True,30.0,woman,{},-0.5,black,3,1,2,2,2.0,0,liberal
40532203,3538,Hate when you go on insta news feed n see women post pics of a 3D pregnancy scan!!! The pics look scary as hell :flushed:don't post it :weary::weary::weary:,0.3558999291997599,0.2824859152487596,0.0150447483453053,0.3465694072061751,aae,False,False,True,25.0,man,{},-0.5,black,1,1,2,1,1.5,0,liberal
3088028,3538,Hate when you go on insta news feed n see women post pics of a 3D pregnancy scan!!! The pics look scary as hell :flushed:don't post it :weary::weary::weary:,0.3558999291997599,0.2824859152487596,0.0150447483453053,0.3465694072061751,aae,False,False,True,30.0,woman,{},-0.5,black,3,1,4,4,4.0,1,liberal
68595278,3493,If you hating on me stop it cause I ain't hating on nobody I in competition with nobody I'm just tryna hit a mill,0.7425521341151029,0.1453756986089437,0.0031347064696074,0.1089374608063459,aae,False,False,True,35.0,woman,{},-0.5,black,1,1,1,1,1.0,0,liberal
3088028,3493,If you hating on me stop it cause I ain't hating on nobody I in competition with nobody I'm just tryna hit a mill,0.7425521341151029,0.1453756986089437,0.0031347064696074,0.1089374608063459,aae,False,False,True,30.0,woman,{},-0.5,black,1,1,1,1,1.0,0,liberal
40401566,3751,Serious question tho.... How do you climax if you're getting raped??? I can barely cum off of sex I want. No jokes intended but how???,0.3654259145065838,0.3233502528235927,0.0262246269843324,0.2849992056854908,aae,True,False,True,30.0,man,Black american,-0.5,black,4,1,4,4,4.0,1,liberal
3088028,3751,Serious question tho.... How do you climax if you're getting raped??? I can barely cum off of sex I want. No jokes intended but how???,0.3654259145065838,0.3233502528235927,0.0262246269843324,0.2849992056854908,aae,True,False,True,30.0,woman,{},-0.5,black,1,1,2,2,2.0,0,liberal
3088028,3441,"So I'm cutting ya cake like it's my birthday, you dropping vanillaaaaa:heart_eyes::tongue: told you Ima pussy killaaaa:notes::drooling_face:",0.5255158476619308,0.2889184824849025,0.0198167693991089,0.1657489004540577,aae,True,False,True,30.0,woman,{},-0.5,black,1,1,2,2,2.0,0,liberal
40401566,690,"Fuck anyone who says 'niggers' or 'trannies' You will never be a person to me. Why don't you go ahead and report me, you little  cry baby. I'll just change my IP address, lmao",0.2129048984084656,0.4483979562438238,0.0312971562143192,0.3073999891333913,hispanic,True,False,False,30.0,man,Black american,-0.5,black,5,5,5,5,5.0,1,liberal
3088028,690,"Fuck anyone who says 'niggers' or 'trannies' You will never be a person to me. Why don't you go ahead and report me, you little  cry baby. I'll just change my IP address, lmao",0.2129048984084656,0.4483979562438238,0.0312971562143192,0.3073999891333913,hispanic,True,False,False,30.0,woman,{},-0.5,black,3,2,2,1,1.5,0,liberal
40401566,924,Women trap men into having babies,0.4507405245499488,0.1862858493476182,0.0607734876191475,0.3022001384832854,aae,False,False,True,30.0,man,Black american,-0.5,black,1,1,1,1,1.0,0,liberal
3088028,924,Women trap men into having babies,0.4507405245499488,0.1862858493476182,0.0607734876191475,0.3022001384832854,aae,False,False,True,30.0,woman,{},-0.5,black,3,1,5,5,5.0,1,liberal
68595278,1564,the word n*gga should be used with no taboos. It's a perfect term!,0.2225585956686256,0.2342251571641757,0.092562913918151,0.4506533332490475,white,False,True,False,35.0,woman,{},-0.5,black,3,3,4,4,4.0,1,liberal
3088028,1564,the word n*gga should be used with no taboos. It's a perfect term!,0.2225585956686256,0.2342251571641757,0.092562913918151,0.4506533332490475,white,False,True,False,30.0,woman,{},-0.5,black,5,5,5,5,5.0,1,liberal
40401566,3568,My sister is mad as hell we haf to watch huck getting shot twice!!! Who does that?? #Scandal,0.6104801372711742,0.1878439082775504,0.0099256316861352,0.19175032276514,aae,False,False,True,30.0,man,Black american,-0.5,black,1,1,1,1,1.0,0,liberal
3088028,3568,My sister is mad as hell we haf to watch huck getting shot twice!!! Who does that?? #Scandal,0.6104801372711742,0.1878439082775504,0.0099256316861352,0.19175032276514,aae,False,False,True,30.0,woman,{},-0.5,black,1,1,1,1,1.0,0,liberal
40401566,651,"Fuck yeah, I would kill for some faggot.",0.1843617225912674,0.4321312071937706,0.0332384227362278,0.3502686474787342,hispanic,True,False,False,30.0,man,Black american,-0.5,black,5,5,5,5,5.0,1,liberal
3088028,883,"Dear Jews, think twice before you pass by me, and that's a threat!",0.1224054779696768,0.2120957163177828,0.0784498515651222,0.5870489541474181,white,False,False,False,30.0,woman,{},-0.5,black,5,5,5,5,5.0,1,liberal
5701760,883,"Dear Jews, think twice before you pass by me, and that's a threat!",0.1224054779696768,0.2120957163177828,0.0784498515651222,0.5870489541474181,white,False,False,False,60.0,woman,{},0.0,black,5,5,5,5,5.0,1,neutral
40401566,1770,to call black people niggas is just funny,0.5170398279688034,0.2516485520195468,0.0036289174615476,0.2276827025501019,aae,True,True,True,30.0,man,Black american,-0.5,black,5,5,5,5,5.0,1,liberal
3088028,1770,to call black people niggas is just funny,0.5170398279688034,0.2516485520195468,0.0036289174615476,0.2276827025501019,aae,True,True,True,30.0,woman,{},-0.5,black,5,5,5,5,5.0,1,liberal
40401566,4106,Stop thinking they have to prove they self when they fucking with a community ass nigga Issa shooter,0.6120326523506008,0.203563619749265,0.0266220447962931,0.1577816831038411,aae,True,False,True,30.0,man,Black american,-0.5,black,5,5,5,5,5.0,1,liberal
40401566,3009,#13ReasonsWhy bryce is a fucking asshole and represents everything that's wrong with people/the world,0.090453546901531,0.262675809999264,0.0210161387359199,0.6258545043632848,white,True,False,False,30.0,man,Black american,-0.5,black,4,1,4,4,4.0,1,liberal
40401566,2417,Mr #Trump will be loving today. As it is the one day of the year when #FakeNews is acceptable. #aprilfools,0.0629120841475919,0.1352144424883311,0.0121532878093071,0.7897201855547697,white,False,False,False,30.0,man,Black american,-0.5,black,1,1,1,1,1.0,0,liberal
3088028,2417,Mr #Trump will be loving today. As it is the one day of the year when #FakeNews is acceptable. #aprilfools,0.0629120841475919,0.1352144424883311,0.0121532878093071,0.7897201855547697,white,False,False,False,30.0,woman,{},-0.5,black,3,1,2,2,2.0,0,liberal
94406863,840,All Muslims are violent!,0.1715642830440141,0.2534811440662322,0.1573386388145048,0.4176159340752489,white,False,False,False,55.0,man,,0.0,black,5,5,5,5,5.0,1,neutral
3088028,840,All Muslims are violent!,0.1715642830440141,0.2534811440662322,0.1573386388145048,0.4176159340752489,white,False,False,False,30.0,woman,{},-0.5,black,5,5,5,5,5.0,1,liberal
40401566,1717,Don't you adore it when blacks get ideas above their station? Helpless morons! but we showed them,0.1542323588839793,0.2522199661359212,0.0217261988556802,0.5718214761244191,white,False,True,False,30.0,man,Black american,-0.5,black,5,5,5,5,5.0,1,liberal
3088028,1717,Don't you adore it when blacks get ideas above their station? Helpless morons! but we showed them,0.1542323588839793,0.2522199661359212,0.0217261988556802,0.5718214761244191,white,False,True,False,30.0,woman,{},-0.5,black,5,5,5,5,5.0,1,liberal
68595278,766,"It is simple: don't move to a country unless you genuinely love the people and culture. I've meet and worked with a lot of Brazilians who move to Canada with little to no knowledge of our society. Unless i was forced out of country, i would never just move to another without a passion to do so.",0.046615190264572,0.2038875277219542,0.0215846542064707,0.7279126278070029,white,False,False,False,35.0,woman,{},-0.5,black,1,1,3,2,2.5,0,liberal
3088028,766,"It is simple: don't move to a country unless you genuinely love the people and culture. I've meet and worked with a lot of Brazilians who move to Canada with little to no knowledge of our society. Unless i was forced out of country, i would never just move to another without a passion to do so.",0.046615190264572,0.2038875277219542,0.0215846542064707,0.7279126278070029,white,False,False,False,30.0,woman,{},-0.5,black,1,1,1,1,1.0,0,liberal
40401566,3796,When you call your nigga on FaceTime an he don't get all excited talking bout how fine you are..try again sis he's not the one :joy:,0.3866966154062961,0.3401785779228096,0.004942721335595,0.2681820853352991,aae,True,False,True,30.0,man,Black american,-0.5,black,4,5,4,4,4.0,1,liberal
3088028,3796,When you call your nigga on FaceTime an he don't get all excited talking bout how fine you are..try again sis he's not the one :joy:,0.3866966154062961,0.3401785779228096,0.004942721335595,0.2681820853352991,aae,True,False,True,30.0,woman,{},-0.5,black,3,2,2,2,2.0,0,liberal
40401566,1611,"argh dark as the night itself the spear chucker readies himself for another attack… he spots a white lady in his cross hairs and POW he has pounced, ready to put his massive member deep in her fanny... whether or not she wants it.",0.2537243980143128,0.1459221966097904,0.0283539967064651,0.5719994086694316,white,False,True,False,30.0,man,Black american,-0.5,black,5,1,5,5,5.0,1,liberal
3088028,1611,"argh dark as the night itself the spear chucker readies himself for another attack… he spots a white lady in his cross hairs and POW he has pounced, ready to put his massive member deep in her fanny... whether or not she wants it.",0.2537243980143128,0.1459221966097904,0.0283539967064651,0.5719994086694316,white,False,True,False,30.0,woman,{},-0.5,black,5,5,5,5,5.0,1,liberal
40401566,1652,It is what it is. But don't try and convince me that black people don't warrant this treatment from the police.,0.1886095156243335,0.3120388468869006,0.0255582582431374,0.4737933792456283,white,False,True,False,30.0,man,Black american,-0.5,black,5,5,5,5,5.0,1,liberal
3088028,1652,It is what it is. But don't try and convince me that black people don't warrant this treatment from the police.,0.1886095156243335,0.3120388468869006,0.0255582582431374,0.4737933792456283,white,False,True,False,30.0,woman,{},-0.5,black,4,5,4,5,4.5,1,liberal
40401566,60,"i read these facts Egypt has like 6 times the population of Syria. It would be a lot more balanced if you included Saudi Arabia (33 million), Yemen (28 million) and Iraq (38 million) for example",0.0622023214676432,0.0879585152406951,0.3773304453993134,0.4725087178923481,white,False,False,False,30.0,man,Black american,-0.5,black,1,1,1,1,1.0,0,liberal
3088028,60,"i read these facts Egypt has like 6 times the population of Syria. It would be a lot more balanced if you included Saudi Arabia (33 million), Yemen (28 million) and Iraq (38 million) for example",0.0622023214676432,0.0879585152406951,0.3773304453993134,0.4725087178923481,white,False,False,False,30.0,woman,{},-0.5,black,1,1,1,1,1.0,0,liberal
40401566,2157,"fuck you guys, I hate any nigga and I hate everything that came with em too",0.2970557071745319,0.4473103535242104,0.0091583698223957,0.2464755694788618,hispanic,True,True,False,30.0,man,Black american,-0.5,black,5,5,5,5,5.0,1,liberal
40401566,804,The mentally handicapped should be locked away for their own good,0.1285327867854261,0.2270377288323992,0.0010311173558725,0.643398367026302,white,False,False,False,30.0,man,Black american,-0.5,black,2,1,2,2,2.0,0,liberal
3088028,804,The mentally handicapped should be locked away for their own good,0.1285327867854261,0.2270377288323992,0.0010311173558725,0.643398367026302,white,False,False,False,30.0,woman,{},-0.5,black,5,1,5,5,5.0,1,liberal
40401566,1681,black people they also discovered the binary numeral system probably because they were not able to remember more than 2 number symbols.,0.0717383858284601,0.21154517541152,0.0367042382219547,0.6800122005380651,white,False,True,False,30.0,man,Black american,-0.5,black,5,5,5,5,5.0,1,liberal
3088028,1681,black people they also discovered the binary numeral system probably because they were not able to remember more than 2 number symbols.,0.0717383858284601,0.21154517541152,0.0367042382219547,0.6800122005380651,white,False,True,False,30.0,woman,{},-0.5,black,5,5,5,5,5.0,1,liberal
40401566,2047,"I'm first gen Chinese American and when we were kids, my mom always told us to fight back. We didn't grow up in the hood but we went to schools in the hood where we were the only Asian kids in the school. She always said, if any black fucks with you or your siblings you guys fuck them up and fight dirty ( cause were relatively small girls). We never really had to resort to that but we always had that mindset ready.",0.1945210176921485,0.3689053068680367,0.0145955009437814,0.4219781744960333,white,True,True,False,30.0,man,Black american,-0.5,black,4,4,4,4,4.0,1,liberal
3088028,2047,"I'm first gen Chinese American and when we were kids, my mom always told us to fight back. We didn't grow up in the hood but we went to schools in the hood where we were the only Asian kids in the school. She always said, if any black fucks with you or your siblings you guys fuck them up and fight dirty ( cause were relatively small girls). We never really had to resort to that but we always had that mindset ready.",0.1945210176921485,0.3689053068680367,0.0145955009437814,0.4219781744960333,white,True,True,False,30.0,woman,{},-0.5,black,2,3,3,2,2.5,0,liberal
40401566,365,Mop your floors you dirty bitch. Also it's going to be well minging with those dogs,0.1209545903948982,0.3381784749773684,0.003226008872493,0.5376409257552403,white,True,False,False,30.0,man,Black american,-0.5,black,5,1,5,5,5.0,1,liberal
3088028,365,Mop your floors you dirty bitch. Also it's going to be well minging with those dogs,0.1209545903948982,0.3381784749773684,0.003226008872493,0.5376409257552403,white,True,False,False,30.0,woman,{},-0.5,black,2,1,2,2,2.0,0,liberal
40401566,1547,"We are burning the Black Lives Matter sign. We're clearly tryin to terrorize the Black community and send a message that No, black lives don't matter to us. We will never allow you to have equal rights. We will use violence to keep you down.",0.1429444858767283,0.167142454843691,0.006786224332035,0.6831268349475457,white,False,True,False,30.0,man,Black american,-0.5,black,5,5,5,5,5.0,1,liberal
3088028,1547,"We are burning the Black Lives Matter sign. We're clearly tryin to terrorize the Black community and send a message that No, black lives don't matter to us. We will never allow you to have equal rights. We will use violence to keep you down.",0.1429444858767283,0.167142454843691,0.006786224332035,0.6831268349475457,white,False,True,False,30.0,woman,{},-0.5,black,5,5,5,5,5.0,1,liberal
68595278,2147,let me tell you hey fuck you who ever made this fucking video atleast she is reading the quran ur making fun of her you satan go to fucking hell nigga your a terrorist,0.2410858828249467,0.3959765994678771,0.0190800549643391,0.3438574627428369,hispanic,True,True,False,35.0,woman,{},-0.5,black,3,3,4,3,3.5,1,liberal
3088028,2147,let me tell you hey fuck you who ever made this fucking video atleast she is reading the quran ur making fun of her you satan go to fucking hell nigga your a terrorist,0.2410858828249467,0.3959765994678771,0.0190800549643391,0.3438574627428369,hispanic,True,True,False,30.0,woman,{},-0.5,black,2,1,2,2,2.0,0,liberal
40401566,2173,People still call black people fucking niggas and I am in love with that,0.3391985214259218,0.3345806177690547,0.0026297332185355,0.3235911275864878,aae,True,True,True,30.0,man,Black american,-0.5,black,5,5,5,5,5.0,1,liberal
3088028,2173,People still call black people fucking niggas and I am in love with that,0.3391985214259218,0.3345806177690547,0.0026297332185355,0.3235911275864878,aae,True,True,True,30.0,woman,{},-0.5,black,5,5,5,5,5.0,1,liberal
40401566,1685,He's just a stupid jungl3 bunny,0.1239062783718994,0.4621225868681772,0.0239680197560211,0.390003115003902,hispanic,False,True,False,30.0,man,Black american,-0.5,black,1,1,1,1,1.0,0,liberal
3088028,1685,He's just a stupid jungl3 bunny,0.1239062783718994,0.4621225868681772,0.0239680197560211,0.390003115003902,hispanic,False,True,False,30.0,woman,{},-0.5,black,5,5,5,5,5.0,1,liberal
10638687,2454,"""I actually had a dream about the new MST3K coming out soon. If this dream is correct, there's gonna be a new robot on the show named """"Pussy""""""",0.1409485317811528,0.1951529366369402,0.102958236363986,0.560940295217921,white,True,False,False,40.0,woman,{},-0.5,black,1,1,1,1,1.0,0,liberal
8526465,2454,"""I actually had a dream about the new MST3K coming out soon. If this dream is correct, there's gonna be a new robot on the show named """"Pussy""""""",0.1409485317811528,0.1951529366369402,0.102958236363986,0.560940295217921,white,True,False,False,35.0,man,{},0.0,black,1,1,1,2,1.5,0,neutral
8526465,264,"Stop calling it 'the n-word', it's NIGGER! Just a colour",0.2662205062539486,0.2419748870940317,0.1308668890656883,0.3609377175863313,white,True,False,False,35.0,man,{},0.0,black,5,5,5,5,5.0,1,neutral
10638687,1790,"new slogan: Know niggers, no peace. No niggers, know peace",0.2546920939795835,0.2022873214016179,0.4008815014940822,0.1421390831247163,other,True,True,False,40.0,woman,{},-0.5,black,5,5,5,5,5.0,1,liberal
8526465,1790,"new slogan: Know niggers, no peace. No niggers, know peace",0.2546920939795835,0.2022873214016179,0.4008815014940822,0.1421390831247163,other,True,True,False,35.0,man,{},0.0,black,5,5,5,5,5.0,1,neutral
3088028,3286,*dress shopping w/ eva* me: I would look like a whole snack mawmaw mawmaw: yeah you would look like an old sack,0.4254770676742583,0.1947835050285246,0.1116898623337852,0.2680495649634319,aae,False,False,True,30.0,woman,{},-0.5,black,2,1,1,1,1.0,0,liberal
27672101,3157,I came home today to find my retarded son trying to put socks on his cock. That cat's going to be fucking traumatized now.,0.1981130350628536,0.3794049650902208,0.0134444176497867,0.4090375821971387,white,True,False,False,25.0,woman,{},-1.0,black,4,4,5,5,5.0,1,liberal
8526465,3157,I came home today to find my retarded son trying to put socks on his cock. That cat's going to be fucking traumatized now.,0.1981130350628536,0.3794049650902208,0.0134444176497867,0.4090375821971387,white,True,False,False,35.0,man,{},0.0,black,1,1,2,2,2.0,0,neutral
10638687,3338,The busta rythmns new wat was up u bey9nce in hellraiser..now silent bro up the screen ..busta who else..now now i aint alone in this,0.7055055236777873,0.1432258418243184,0.0167523680372796,0.1345162664606145,aae,False,False,True,40.0,woman,{},-0.5,black,1,1,1,1,1.0,0,liberal
8526465,3338,The busta rythmns new wat was up u bey9nce in hellraiser..now silent bro up the screen ..busta who else..now now i aint alone in this,0.7055055236777873,0.1432258418243184,0.0167523680372796,0.1345162664606145,aae,False,False,True,35.0,man,{},0.0,black,2,1,3,2,2.5,0,neutral
24252197,1642,"First off imagine calling them who are third worlding it up right now a master race, then imagine calling those fugly chimps attractive",0.0984882611751312,0.3317808415491159,0.0203478942233744,0.5493830030523785,white,False,True,False,30.0,man,{},-0.5,black,5,5,5,5,5.0,1,liberal
27672101,1642,"First off imagine calling them who are third worlding it up right now a master race, then imagine calling those fugly chimps attractive",0.0984882611751312,0.3317808415491159,0.0203478942233744,0.5493830030523785,white,False,True,False,25.0,woman,{},-1.0,black,4,3,4,4,4.0,1,liberal
10638687,77,We must remember that not all men are abusive,0.2200237562331451,0.3008023133415841,0.0200211506889129,0.4591527797363578,white,False,False,False,40.0,woman,{},-0.5,black,1,1,1,1,1.0,0,liberal
24252197,77,We must remember that not all men are abusive,0.2200237562331451,0.3008023133415841,0.0200211506889129,0.4591527797363578,white,False,False,False,30.0,man,{},-0.5,black,1,1,1,1,1.0,0,liberal
10638687,3556,"I'm only knocking certified hookers now, last virgin I was with took everything I taught her to her new man lmao time 4 me 2 learn som",0.4042674793019414,0.3443130228126903,0.0304973881301486,0.2209221097552194,aae,False,False,True,40.0,woman,{},-0.5,black,5,1,5,5,5.0,1,liberal
8526465,3556,"I'm only knocking certified hookers now, last virgin I was with took everything I taught her to her new man lmao time 4 me 2 learn som",0.4042674793019414,0.3443130228126903,0.0304973881301486,0.2209221097552194,aae,False,False,True,35.0,man,{},0.0,black,2,1,2,1,1.5,0,neutral
10638687,3340,"""He was sat up looking over in my direction so I said """"what's wrong now?"""" He responds """"I dunno, slow motion or something""""""",0.3397993167652411,0.2660529304291846,0.1539445221985041,0.24020323060707,aae,False,False,True,40.0,woman,{},-0.5,black,1,1,2,1,1.5,0,liberal
10166032,3340,"""He was sat up looking over in my direction so I said """"what's wrong now?"""" He responds """"I dunno, slow motion or something""""""",0.3397993167652411,0.2660529304291846,0.1539445221985041,0.24020323060707,aae,False,False,True,45.0,man,{},0.0,black,1,1,1,1,1.0,0,neutral
10638687,2807,Trump is a syphilis brain addled idiot Jackson dueled for his wife's honor Trump has no respect for his wife or any woman but his daughter,0.1978521895864403,0.1193429653875516,0.0522721745344107,0.6305326704915972,white,False,False,False,40.0,woman,{},-0.5,black,5,1,5,5,5.0,1,liberal
10166032,2807,Trump is a syphilis brain addled idiot Jackson dueled for his wife's honor Trump has no respect for his wife or any woman but his daughter,0.1978521895864403,0.1193429653875516,0.0522721745344107,0.6305326704915972,white,False,False,False,45.0,man,{},0.0,black,5,1,5,5,5.0,1,neutral
10638687,459,"you've got to be fucking joking, my room has let me down",0.2100210641390862,0.3760800088313892,0.0097640958695929,0.4041348311599316,white,True,False,False,40.0,woman,{},-0.5,black,2,1,2,3,2.5,0,liberal
27672101,459,"you've got to be fucking joking, my room has let me down",0.2100210641390862,0.3760800088313892,0.0097640958695929,0.4041348311599316,white,True,False,False,25.0,woman,{},-1.0,black,3,3,4,3,3.5,1,liberal
10638687,2186,"That's why i yell ""NIGGER!"" at the top of my lungs to any black beggars I see on the road. Good luck catching up to me in my accord you fucking worthless ape. Bonus points if you can dehumanize them enough to start to see tears before you drive off (they are suprisingly quick to start crying like pussies) LMAO",0.1638834150553634,0.3094890418502984,0.0440370860656783,0.4825904570286597,white,True,True,False,40.0,woman,{},-0.5,black,5,5,5,5,5.0,1,liberal
8526465,2186,"That's why i yell ""NIGGER!"" at the top of my lungs to any black beggars I see on the road. Good luck catching up to me in my accord you fucking worthless ape. Bonus points if you can dehumanize them enough to start to see tears before you drive off (they are suprisingly quick to start crying like pussies) LMAO",0.1638834150553634,0.3094890418502984,0.0440370860656783,0.4825904570286597,white,True,True,False,35.0,man,{},0.0,black,5,5,5,5,5.0,1,neutral
27672101,3552,Mothafuckas is out here sick as fuuuuuccccckkkkkkkkkkkk in the head lmmfaooooo,0.5142956974559871,0.2139115579031156,0.0049246190769611,0.2668681255639361,aae,False,False,True,25.0,woman,{},-1.0,black,5,3,5,5,5.0,1,liberal
8526465,3552,Mothafuckas is out here sick as fuuuuuccccckkkkkkkkkkkk in the head lmmfaooooo,0.5142956974559871,0.2139115579031156,0.0049246190769611,0.2668681255639361,aae,False,False,True,35.0,man,{},0.0,black,2,1,3,2,2.5,0,neutral
27672101,85,"""We, Ahmadi Muslims, arent here to cause you any disturbance but instead we are here to serve, we are here to share with you the community, to join you in your activities, and live peacefully and happily among you.""",0.0687880256559891,0.234785462437937,0.1133926098726506,0.5830339020334233,white,False,False,False,25.0,woman,{},-1.0,black,1,1,1,1,1.0,0,liberal
8526465,85,"""We, Ahmadi Muslims, arent here to cause you any disturbance but instead we are here to serve, we are here to share with you the community, to join you in your activities, and live peacefully and happily among you.""",0.0687880256559891,0.234785462437937,0.1133926098726506,0.5830339020334233,white,False,False,False,35.0,man,{},0.0,black,1,1,1,1,1.0,0,neutral
10638687,2853,Fucking hell. Still gutted for the loss of Mané tho. Irreplaceable player. #LFC,0.1726380980340408,0.2121070595371348,0.0940105830309005,0.5212442593979238,white,True,False,False,40.0,woman,{},-0.5,black,3,1,3,4,3.5,1,liberal
8526465,2853,Fucking hell. Still gutted for the loss of Mané tho. Irreplaceable player. #LFC,0.1726380980340408,0.2121070595371348,0.0940105830309005,0.5212442593979238,white,True,False,False,35.0,man,{},0.0,black,1,1,1,1,1.0,0,neutral
10638687,853,If my son told me he wanted to wear girl's clothes he'd be in big trouble,0.3424101324060895,0.330564594923826,0.0196356275587191,0.3073896451113653,aae,False,False,True,40.0,woman,{},-0.5,black,1,1,5,4,4.5,1,liberal
24252197,853,If my son told me he wanted to wear girl's clothes he'd be in big trouble,0.3424101324060895,0.330564594923826,0.0196356275587191,0.3073896451113653,aae,False,False,True,30.0,man,{},-0.5,black,2,1,3,2,2.5,0,liberal
10638687,1631,"i don't care what people say, blacks have ugly eyelashes!",0.2714153403547837,0.4581325825498183,0.0309285256477825,0.2395235514476153,hispanic,False,True,False,40.0,woman,{},-0.5,black,5,5,5,5,5.0,1,liberal
8526465,1631,"i don't care what people say, blacks have ugly eyelashes!",0.2714153403547837,0.4581325825498183,0.0309285256477825,0.2395235514476153,hispanic,False,True,False,35.0,man,{},0.0,black,4,4,4,4,4.0,1,neutral
10638687,2260,of him walking by late at night. You both reached the water fountain at the same time. The class difference was immediately noticeable.,0.0574914759716248,0.1891947000871434,0.0061223387306562,0.7471914852105754,white,False,False,False,40.0,woman,{},-0.5,black,1,1,1,1,1.0,0,liberal
8526465,2260,of him walking by late at night. You both reached the water fountain at the same time. The class difference was immediately noticeable.,0.0574914759716248,0.1891947000871434,0.0061223387306562,0.7471914852105754,white,False,False,False,35.0,man,{},0.0,black,4,4,4,4,4.0,1,neutral
10638687,1424,"If White men, DO NOT STOP carrying on their symbiotic relationship with the parasitic kike, we are doomed. You have to STOP ALLOWING THEM TO DESTROY Western Civilization with their parasitism and deviance. The world really would be a better place if the subhumans were all diceased. Even the honest subhumans cannot deny that all they do is destroy, devour and fuck uncontrollably",0.0678894092647951,0.2920932888027366,0.0074114882103341,0.632605813722134,white,True,False,False,40.0,woman,{},-0.5,black,5,5,5,5,5.0,1,liberal
10166032,1424,"If White men, DO NOT STOP carrying on their symbiotic relationship with the parasitic kike, we are doomed. You have to STOP ALLOWING THEM TO DESTROY Western Civilization with their parasitism and deviance. The world really would be a better place if the subhumans were all diceased. Even the honest subhumans cannot deny that all they do is destroy, devour and fuck uncontrollably",0.0678894092647951,0.2920932888027366,0.0074114882103341,0.632605813722134,white,True,False,False,45.0,man,{},0.0,black,5,5,5,5,5.0,1,neutral
10638687,2146,YOU DERSERVE 3 SHOTS IN YOUR OWN FUCKING HEAD. GET FUCKED YOU TWATS SHOW SOME FUCKING BACKBONE YOU NIGGAS,0.4549113750144858,0.2792521999664142,0.0127490317256966,0.2530873932934033,aae,True,True,True,40.0,woman,{},-0.5,black,5,5,5,5,5.0,1,liberal
8526465,2146,YOU DERSERVE 3 SHOTS IN YOUR OWN FUCKING HEAD. GET FUCKED YOU TWATS SHOW SOME FUCKING BACKBONE YOU NIGGAS,0.4549113750144858,0.2792521999664142,0.0127490317256966,0.2530873932934033,aae,True,True,True,35.0,man,{},0.0,black,5,4,5,5,5.0,1,neutral
10638687,3807,Bitches be too mad bitch get some money and move out the hood you fake ballers:woman_golfing_medium-dark_skin_tone::woman_shrugging_medium-dark_skin_tone:,0.7341200667779655,0.1546324724215373,0.0001535316003562,0.111093929200141,aae,True,False,True,40.0,woman,{},-0.5,black,5,2,5,5,5.0,1,liberal
27672101,3807,Bitches be too mad bitch get some money and move out the hood you fake ballers:woman_golfing_medium-dark_skin_tone::woman_shrugging_medium-dark_skin_tone:,0.7341200667779655,0.1546324724215373,0.0001535316003562,0.111093929200141,aae,True,False,True,25.0,woman,{},-1.0,black,5,3,5,5,5.0,1,liberal
24252197,1536,man these black sneaks are the worst,0.448354497047459,0.1897659525073194,0.0123020502337444,0.349577500211477,aae,False,True,True,30.0,man,{},-0.5,black,1,1,1,1,1.0,0,liberal
8526465,1536,man these black sneaks are the worst,0.448354497047459,0.1897659525073194,0.0123020502337444,0.349577500211477,aae,False,True,True,35.0,man,{},0.0,black,5,5,5,5,5.0,1,neutral
10638687,1988,"It's no a big deal. They aren't ""babies"". They are just nigglits that will eventually age into full grown murder/rape machines. Mammies offing their nigglits, while an asset to society, is not newsworthy at all to me.",0.1458170770879784,0.1809393686766399,0.0269117322043267,0.646331822031055,white,True,True,False,40.0,woman,{},-0.5,black,5,5,5,5,5.0,1,liberal
10638687,3406,My mom so aggravating every time I like a car she got a funk ass attitude about it & ruin my mood but she stay getting hype bout cars,0.542767088707598,0.257367689410423,0.0038884781365135,0.1959767437454655,aae,True,False,True,40.0,woman,{},-0.5,black,4,1,4,4,4.0,1,liberal
27672101,3406,My mom so aggravating every time I like a car she got a funk ass attitude about it & ruin my mood but she stay getting hype bout cars,0.542767088707598,0.257367689410423,0.0038884781365135,0.1959767437454655,aae,True,False,True,25.0,woman,{},-1.0,black,4,3,5,4,4.5,1,liberal
10638687,1808,"When you pretty much give YT the finger, you are supposed to back it up by playing like an expert. Massa don't like uppity niggers who don't earn dey keep.",0.3791464371111832,0.2697786406001286,0.0275561800521803,0.3235187422365078,aae,True,True,True,40.0,woman,{},-0.5,black,5,5,5,5,5.0,1,liberal
27672101,3586,If ANYBODY EVERRRRR CAME TO MY HOUSE RATHER THEY TRYNA FIGHT OR NOT IF YOU COME ON MY DOOR STEP IM BEATING YO ASS PERIOD .,0.563579546580032,0.2461162646343915,0.0045913678358507,0.1857128209497255,aae,True,False,True,25.0,woman,{},-1.0,black,5,4,5,5,5.0,1,liberal
10638687,1030,fags shouldn't be allowed to adopt,0.0960580400285881,0.3720467947284598,0.0059976194166979,0.5258975458262543,white,True,False,False,40.0,woman,{},-0.5,black,5,1,5,5,5.0,1,liberal
8526465,1030,fags shouldn't be allowed to adopt,0.0960580400285881,0.3720467947284598,0.0059976194166979,0.5258975458262543,white,True,False,False,35.0,man,{},0.0,black,5,1,5,5,5.0,1,neutral
10638687,2568,Maybe now because Miranda said that in her acceptance speech in front of everybody all of the award shows will get there shit together :woman_shrugging_medium_skin_tone:,0.1744738144176841,0.1922098854696565,0.0060045604365669,0.6273117396760924,white,True,False,False,40.0,woman,{},-0.5,black,3,1,4,3,3.5,1,liberal
8526465,2568,Maybe now because Miranda said that in her acceptance speech in front of everybody all of the award shows will get there shit together :woman_shrugging_medium_skin_tone:,0.1744738144176841,0.1922098854696565,0.0060045604365669,0.6273117396760924,white,True,False,False,35.0,man,{},0.0,black,1,1,2,2,2.0,0,neutral
8526465,45,Politicians are two-timing,0.0699737565838497,0.21243275021437,0.1185696392095542,0.5990238539922259,white,False,False,False,35.0,man,{},0.0,black,2,1,2,1,1.5,0,neutral
10638687,1032,"Edit: this place is truly my home, I can just comment ""fags"" and it gets upvotes its great",0.115651644465392,0.3560611304974564,0.1166822884241637,0.4116049366129877,white,True,False,False,40.0,woman,{},-0.5,black,5,1,5,5,5.0,1,liberal
1804048,1032,"Edit: this place is truly my home, I can just comment ""fags"" and it gets upvotes its great",0.115651644465392,0.3560611304974564,0.1166822884241637,0.4116049366129877,white,True,False,False,50.0,woman,,0.0,black,3,1,5,5,5.0,1,neutral
10638687,3346,my attitude on 1000 today for no reason & im getting attitudes with ppl for no reason :woman_facepalming_medium_skin_tone::woman_shrugging_medium_skin_tone: oops,0.5535831283822936,0.2107259921077429,0.0313897413307011,0.2043011381792623,aae,False,False,True,40.0,woman,{},-0.5,black,2,1,2,3,2.5,0,liberal
24252197,3346,my attitude on 1000 today for no reason & im getting attitudes with ppl for no reason :woman_facepalming_medium_skin_tone::woman_shrugging_medium_skin_tone: oops,0.5535831283822936,0.2107259921077429,0.0313897413307011,0.2043011381792623,aae,False,False,True,30.0,man,{},-0.5,black,1,1,1,1,1.0,0,liberal
10638687,1552,"The common denominator here is the British empire, who colonized most of the earth and sent white Presbyterian men to America who bought and sold black slaves from Africa which for centuries fed racism into the minds of people right up to present day. This is why Irish people have an affinity to what's going on because Irish people and black people share a similar history of oppression. But the difference is, the blacks deserved it.",0.0561299445983652,0.1178730480820738,0.0182095051546615,0.8077875021648994,white,False,True,False,40.0,woman,{},-0.5,black,5,5,5,5,5.0,1,liberal
8526465,1552,"The common denominator here is the British empire, who colonized most of the earth and sent white Presbyterian men to America who bought and sold black slaves from Africa which for centuries fed racism into the minds of people right up to present day. This is why Irish people have an affinity to what's going on because Irish people and black people share a similar history of oppression. But the difference is, the blacks deserved it.",0.0561299445983652,0.1178730480820738,0.0182095051546615,0.8077875021648994,white,False,True,False,35.0,man,{},0.0,black,5,5,5,5,5.0,1,neutral
10638687,3291,"Seen a vid of a man who girl was cheating, so he decided to expose her by proposing at her job, then have her side dude walk in...",0.4237848488924541,0.2373042197456969,0.0106316148193395,0.3282793165425093,aae,False,False,True,40.0,woman,{},-0.5,black,2,1,3,4,3.5,1,liberal
8526465,3291,"Seen a vid of a man who girl was cheating, so he decided to expose her by proposing at her job, then have her side dude walk in...",0.4237848488924541,0.2373042197456969,0.0106316148193395,0.3282793165425093,aae,False,False,True,35.0,man,{},0.0,black,1,1,2,1,1.5,0,neutral
27672101,664,"So true, fucking pricks called my disabled brother a retard",0.0948047409847976,0.3731177452642349,0.0545969788886831,0.4774805348622842,white,True,False,False,25.0,woman,{},-1.0,black,5,4,5,5,5.0,1,liberal
27672101,932,"Don't any of you guys recall that old South Park? Nothing wrong with being gay, but what reddit is doing is being a Fag. Which ironically has nothing to do with being gay.",0.0574858479993053,0.3131420640219782,0.0169214702049132,0.6124506177738033,white,True,False,False,25.0,woman,{},-1.0,black,3,3,4,3,3.5,1,liberal
8526465,932,"Don't any of you guys recall that old South Park? Nothing wrong with being gay, but what reddit is doing is being a Fag. Which ironically has nothing to do with being gay.",0.0574858479993053,0.3131420640219782,0.0169214702049132,0.6124506177738033,white,True,False,False,35.0,man,{},0.0,black,3,1,4,4,4.0,1,neutral
10638687,95,I'm not going to let social distancing ruin my fun,0.1931563639488517,0.4232840387504611,0.0099224638232078,0.3736371334774793,hispanic,False,False,False,40.0,woman,{},-0.5,black,1,1,1,1,1.0,0,liberal
8526465,95,I'm not going to let social distancing ruin my fun,0.1931563639488517,0.4232840387504611,0.0099224638232078,0.3736371334774793,hispanic,False,False,False,35.0,man,{},0.0,black,2,1,2,2,2.0,0,neutral
10638687,311,'niggas' should be used by Blacks only,0.5063058343686189,0.1974699179453182,0.0719244538962992,0.2242997937897635,aae,True,False,True,40.0,woman,{},-0.5,black,3,3,4,4,4.0,1,liberal
8526465,311,'niggas' should be used by Blacks only,0.5063058343686189,0.1974699179453182,0.0719244538962992,0.2242997937897635,aae,True,False,True,35.0,man,{},0.0,black,1,1,1,1,1.0,0,neutral
10638687,2074,I h8 blacks just as much as the next guy but god damn it if afros ain't cool as shit,0.3851637669174963,0.3384660405789316,0.0179802659190439,0.258389926584528,aae,True,True,True,40.0,woman,{},-0.5,black,5,5,5,5,5.0,1,liberal
8526465,2074,I h8 blacks just as much as the next guy but god damn it if afros ain't cool as shit,0.3851637669174963,0.3384660405789316,0.0179802659190439,0.258389926584528,aae,True,True,True,35.0,man,{},0.0,black,4,4,4,4,4.0,1,neutral
10638687,2982,It took me an hour to get past a stupid fucking barrel-breaking segment at the start of the world but then beat the boss 1st try,0.145620793536141,0.249808601404609,0.0062769721622775,0.5982936328969725,white,True,False,False,40.0,woman,{},-0.5,black,4,1,3,4,3.5,1,liberal
8526465,2982,It took me an hour to get past a stupid fucking barrel-breaking segment at the start of the world but then beat the boss 1st try,0.145620793536141,0.249808601404609,0.0062769721622775,0.5982936328969725,white,True,False,False,35.0,man,{},0.0,black,1,1,1,1,1.0,0,neutral
10638687,3248,Dem boys perma camped out before Walmart on rt 1 not slick nor they catching the likes of me slipping at all.. I :eyes: yall,0.6143232164624569,0.1155584681396237,0.0350509696755392,0.23506734572238,aae,False,False,True,40.0,woman,{},-0.5,black,2,1,2,2,2.0,0,liberal
8526465,3248,Dem boys perma camped out before Walmart on rt 1 not slick nor they catching the likes of me slipping at all.. I :eyes: yall,0.6143232164624569,0.1155584681396237,0.0350509696755392,0.23506734572238,aae,False,False,True,35.0,man,{},0.0,black,1,1,1,1,1.0,0,neutral
27672101,3215,If u grown & still get thirsty for Jordans knowin erbody else gon havem & u still feel like u accomplished something that say alot about u,0.8449648705289453,0.0922402851981203,0.0026795026563794,0.0601153416165548,aae,False,False,True,25.0,woman,{},-1.0,black,2,3,2,2,2.0,0,liberal
8526465,3215,If u grown & still get thirsty for Jordans knowin erbody else gon havem & u still feel like u accomplished something that say alot about u,0.8449648705289453,0.0922402851981203,0.0026795026563794,0.0601153416165548,aae,False,False,True,35.0,man,{},0.0,black,2,1,2,2,2.0,0,neutral
10638687,870,I will not go with you to the party in that dress as women shouldn't dress that way,0.1955860479250545,0.3201117290245203,0.0025506976450702,0.481751525405355,white,False,False,False,40.0,woman,{},-0.5,black,5,1,5,5,5.0,1,liberal
8526465,870,I will not go with you to the party in that dress as women shouldn't dress that way,0.1955860479250545,0.3201117290245203,0.0025506976450702,0.481751525405355,white,False,False,False,35.0,man,{},0.0,black,4,1,4,4,4.0,1,neutral
10638687,3660,Mutha fucking owwwwwwwwww my damn ear hurts!!! :sob::sob::sob::weary::weary::triumph::triumph::rage::rage::disappointed_relieved::disappointed_relieved:,0.4926133773848712,0.3038048249897818,0.067330040541137,0.13625175708421,aae,True,False,True,40.0,woman,{},-0.5,black,2,1,1,2,1.5,0,liberal
24252197,2280,Why do people only see the bad in what others do? Are they trying to make themselves feel better? Or are they just that close-minded?,0.1232781746659706,0.3658082833144841,0.0064670478507253,0.5044464941688199,white,False,False,False,30.0,man,{},-0.5,black,1,1,1,1,1.0,0,liberal
8526465,2280,Why do people only see the bad in what others do? Are they trying to make themselves feel better? Or are they just that close-minded?,0.1232781746659706,0.3658082833144841,0.0064670478507253,0.5044464941688199,white,False,False,False,35.0,man,{},0.0,black,1,1,1,1,1.0,0,neutral
10638687,1777,I like using words like 'nigger' or 'nigga' around black people,0.490708665333509,0.2466406442627434,0.0758206044082315,0.186830085995516,aae,True,True,True,40.0,woman,{},-0.5,black,5,5,5,5,5.0,1,liberal
8526465,1777,I like using words like 'nigger' or 'nigga' around black people,0.490708665333509,0.2466406442627434,0.0758206044082315,0.186830085995516,aae,True,True,True,35.0,man,{},0.0,black,4,4,4,4,4.0,1,neutral
10638687,700,"There are so many fucking racists these days, i literally hear people say nigger so often",0.1118783338969399,0.3029232486936935,0.0140318292988344,0.5711665881105321,white,True,False,False,40.0,woman,{},-0.5,black,5,5,5,5,5.0,1,liberal
10166032,700,"There are so many fucking racists these days, i literally hear people say nigger so often",0.1118783338969399,0.3029232486936935,0.0140318292988344,0.5711665881105321,white,True,False,False,45.0,man,{},0.0,black,1,1,1,1,1.0,0,neutral
24252197,2461,If my shoulder. Does not stop hurting. I'm gonna fucking lose it.,0.1075529791212684,0.4392484243992106,0.0095410500141715,0.4436575464653494,white,True,False,False,30.0,man,{},-0.5,black,1,1,1,1,1.0,0,liberal
10638687,1706,A kneegrow is a kneegrow no matter which way you look at it.,0.1940919159645114,0.3744320470494178,0.0896248736863738,0.3418511632996971,hispanic,False,True,False,40.0,woman,{},-0.5,black,5,5,5,5,5.0,1,liberal
10638687,2390,"I'm really more into strong minded people. People who have their thoughts intact, not scattered. People who have figured out what they want.",0.0964749190976306,0.221690981292109,0.0166091914327792,0.665224908177481,white,False,False,False,40.0,woman,{},-0.5,black,1,1,1,1,1.0,0,liberal
24252197,2390,"I'm really more into strong minded people. People who have their thoughts intact, not scattered. People who have figured out what they want.",0.0964749190976306,0.221690981292109,0.0166091914327792,0.665224908177481,white,False,False,False,30.0,man,{},-0.5,black,1,1,1,1,1.0,0,liberal
10638687,693,"I have never seen a more slur filled, racist post as this one: ""spics, known as beaners, wetbacks, Mexicans, lawn mowers, cleaning lady are the product of greasy and horny Spaniards raping the retarded spear-chucking natives that was created within Mexico.""",0.0549447695418493,0.3215928040167306,0.1150158311970003,0.5084465952444197,white,True,False,False,40.0,woman,{},-0.5,black,4,5,5,5,5.0,1,liberal
8526465,693,"I have never seen a more slur filled, racist post as this one: ""spics, known as beaners, wetbacks, Mexicans, lawn mowers, cleaning lady are the product of greasy and horny Spaniards raping the retarded spear-chucking natives that was created within Mexico.""",0.0549447695418493,0.3215928040167306,0.1150158311970003,0.5084465952444197,white,True,False,False,35.0,man,{},0.0,black,5,5,5,5,5.0,1,neutral
10638687,1817,"They say that they ""ride for my motherfuckin' niggas"". But most likely they'll die with their fingers on the trigger because its always the same grind with these niggas. And they don't go in unless they with my niggas",0.5585040715951687,0.1867910789529622,0.0116429859000461,0.2430618635518228,aae,True,True,True,40.0,woman,{},-0.5,black,4,4,5,4,4.5,1,liberal
8526465,1817,"They say that they ""ride for my motherfuckin' niggas"". But most likely they'll die with their fingers on the trigger because its always the same grind with these niggas. And they don't go in unless they with my niggas",0.5585040715951687,0.1867910789529622,0.0116429859000461,0.2430618635518228,aae,True,True,True,35.0,man,{},0.0,black,2,1,2,2,2.0,0,neutral
27672101,2118,"imagine being such absolute scum, I want those south london balcks to get squashed with a fucking roadroller",0.0997585909286198,0.2177847909173091,0.0433065869102675,0.6391500312438035,white,True,True,False,25.0,woman,{},-1.0,black,3,4,5,5,5.0,1,liberal
8526465,2118,"imagine being such absolute scum, I want those south london balcks to get squashed with a fucking roadroller",0.0997585909286198,0.2177847909173091,0.0433065869102675,0.6391500312438035,white,True,True,False,35.0,man,{},0.0,black,5,5,5,5,5.0,1,neutral
10638687,335,ma brotha ma nigga,0.5697242518021677,0.1085571645828541,0.2718621527665904,0.0498564308483878,aae,True,False,True,40.0,woman,{},-0.5,black,1,1,2,2,2.0,0,liberal
27672101,335,ma brotha ma nigga,0.5697242518021677,0.1085571645828541,0.2718621527665904,0.0498564308483878,aae,True,False,True,25.0,woman,{},-1.0,black,1,1,2,1,1.5,0,liberal
10638687,3501,Idiot want it imma get it...Girl what's yo budget?,0.4748695923934172,0.2257331557398073,0.0552583041269599,0.2441389477398154,aae,False,False,True,40.0,woman,{},-0.5,black,4,1,3,4,3.5,1,liberal
24252197,3501,Idiot want it imma get it...Girl what's yo budget?,0.4748695923934172,0.2257331557398073,0.0552583041269599,0.2441389477398154,aae,False,False,True,30.0,man,{},-0.5,black,1,1,3,1,2.0,0,liberal
10638687,719,"""Yeah, but you are still a retard..."" shitty comeback",0.1299763512973338,0.2557873792691538,0.165655329664168,0.4485809397693443,white,True,False,False,40.0,woman,{},-0.5,black,5,1,5,5,5.0,1,liberal
10166032,719,"""Yeah, but you are still a retard..."" shitty comeback",0.1299763512973338,0.2557873792691538,0.165655329664168,0.4485809397693443,white,True,False,False,45.0,man,{},0.0,black,3,1,4,4,4.0,1,neutral
10638687,3424,"""we had teens fill out surveys asking what kinds of SRC prizes they want & I got mad bc I thought one kid wrote """"ASS"""" but it was """"25$""""""",0.3020456987274263,0.2867587581410479,0.145859693748257,0.2653358493832687,aae,True,False,True,40.0,woman,{},-0.5,black,4,1,4,5,4.5,1,liberal
8526465,3424,"""we had teens fill out surveys asking what kinds of SRC prizes they want & I got mad bc I thought one kid wrote """"ASS"""" but it was """"25$""""""",0.3020456987274263,0.2867587581410479,0.145859693748257,0.2653358493832687,aae,True,False,True,35.0,man,{},0.0,black,1,1,2,2,2.0,0,neutral
24252197,3408,"Everybody wanna sell a Caesar salad with a nasty ass Caesar dressing , like how that work :thinking_face::face_with_rolling_eyes:",0.54090469128991,0.2001566767106749,0.0290201910842575,0.2299184409151576,aae,True,False,True,30.0,man,{},-0.5,black,1,1,1,1,1.0,0,liberal
8526465,3408,"Everybody wanna sell a Caesar salad with a nasty ass Caesar dressing , like how that work :thinking_face::face_with_rolling_eyes:",0.54090469128991,0.2001566767106749,0.0290201910842575,0.2299184409151576,aae,True,False,True,35.0,man,{},0.0,black,1,1,1,1,1.0,0,neutral
10638687,279,I am a nigger,0.2269016324141131,0.3829821427473167,0.0683848872829596,0.3217313375556104,hispanic,True,False,False,40.0,woman,{},-0.5,black,4,4,5,5,5.0,1,liberal
8526465,279,I am a nigger,0.2269016324141131,0.3829821427473167,0.0683848872829596,0.3217313375556104,hispanic,True,False,False,35.0,man,{},0.0,black,3,3,4,4,4.0,1,neutral
10638687,3516,"""I'm really not caught up with these new abbreviations you know, until like a month ago I thought """"dkm"""" meant """"dank meme""""""",0.3129228465505632,0.2469832680496177,0.2052828231649158,0.2348110622349032,aae,False,False,True,40.0,woman,{},-0.5,black,1,1,1,1,1.0,0,liberal
8526465,3516,"""I'm really not caught up with these new abbreviations you know, until like a month ago I thought """"dkm"""" meant """"dank meme""""""",0.3129228465505632,0.2469832680496177,0.2052828231649158,0.2348110622349032,aae,False,False,True,35.0,man,{},0.0,black,1,1,1,1,1.0,0,neutral
24252197,2075,Please save your black weaves for someone who gives a rat's ass,0.3258632222674879,0.276756576759157,0.0194649360994574,0.3779152648738975,white,True,True,False,30.0,man,{},-0.5,black,5,1,5,5,5.0,1,liberal
10638687,3707,"""i'm a polite person & always say """"thank u"""" but i won't fucking thank my teacher for letting me copy whatever tf she wrote on her blackboard""",0.3856231908940603,0.3555518337644424,0.0650965294444053,0.1937284458970918,aae,True,False,True,40.0,woman,{},-0.5,black,4,1,4,4,4.0,1,liberal
8526465,3707,"""i'm a polite person & always say """"thank u"""" but i won't fucking thank my teacher for letting me copy whatever tf she wrote on her blackboard""",0.3856231908940603,0.3555518337644424,0.0650965294444053,0.1937284458970918,aae,True,False,True,35.0,man,{},0.0,black,4,1,4,3,3.5,1,neutral
10638687,1332,"Kamala is incredibly ambitious so I would completely believe she's willing to run side by side with a rapist in order to get that shiny new title, fucking retard",0.0877589927767721,0.2109195069829521,0.034024134690371,0.6672973655499046,white,True,False,False,40.0,woman,{},-0.5,black,5,1,5,5,5.0,1,liberal
17960561,1812,I see no point in going to school if everyone is going to be a bloody nigger,0.1295257887070276,0.3706581788901333,0.0194762049527497,0.4803398274500893,white,True,True,False,35.0,man,none,-0.5,black,5,5,5,5,5.0,1,liberal
8526465,1812,I see no point in going to school if everyone is going to be a bloody nigger,0.1295257887070276,0.3706581788901333,0.0194762049527497,0.4803398274500893,white,True,True,False,35.0,man,{},0.0,black,5,5,5,5,5.0,1,neutral
10638687,2777,Never get me started on racism in Islam because how Arabs & South Asians treat their black counterparts is generally disgusting,0.1666283645097795,0.1899398279319584,0.1217996724672971,0.5216321350909648,white,False,False,False,40.0,woman,{},-0.5,black,3,3,4,4,4.0,1,liberal
8526465,2777,Never get me started on racism in Islam because how Arabs & South Asians treat their black counterparts is generally disgusting,0.1666283645097795,0.1899398279319584,0.1217996724672971,0.5216321350909648,white,False,False,False,35.0,man,{},0.0,black,3,3,4,3,3.5,1,neutral
10638687,63,"I live in the United States, and here we have plenty of space and resources to go around. I know Europe is a little more crowded, but at least here in the U.S. we have absolutely no reason to complain. If you want less people to emigrate to Europe, I suggest you support tackling climate change head on, and abandoning the imperialist economic policies practiced by the IMF and World Bank, as those are, and will, be the primary reasons why so many people want to escape their home countries.",0.032014795703393,0.1284922742631472,0.0265694385952038,0.8129234914382559,white,False,False,False,40.0,woman,{},-0.5,black,2,1,2,2,2.0,0,liberal
24252197,63,"I live in the United States, and here we have plenty of space and resources to go around. I know Europe is a little more crowded, but at least here in the U.S. we have absolutely no reason to complain. If you want less people to emigrate to Europe, I suggest you support tackling climate change head on, and abandoning the imperialist economic policies practiced by the IMF and World Bank, as those are, and will, be the primary reasons why so many people want to escape their home countries.",0.032014795703393,0.1284922742631472,0.0265694385952038,0.8129234914382559,white,False,False,False,30.0,man,{},-0.5,black,2,1,2,2,2.0,0,liberal
24252197,3520,"""This kid just farted in the airport on accident nd the mom gave him that """"omg Timothy that's awful"""" look. Damn chill ma, he got some gas. :joy::joy:""",0.4520436714589534,0.1804414662620308,0.1072184599445742,0.2602964023344415,aae,False,False,True,30.0,man,{},-0.5,black,1,1,1,1,1.0,0,liberal
10638687,1538,dem n!gg3rsss be more fragile then my nannas Hummel collection...,0.4259992140860786,0.1664953780720633,0.0911243301510845,0.3163810776907735,aae,False,True,True,40.0,woman,{},-0.5,black,5,5,5,5,5.0,1,liberal
10166032,1538,dem n!gg3rsss be more fragile then my nannas Hummel collection...,0.4259992140860786,0.1664953780720633,0.0911243301510845,0.3163810776907735,aae,False,True,True,45.0,man,{},0.0,black,5,5,5,5,5.0,1,neutral
10638687,3422,I can't wait til i get cleared that my cut is healed that way i can start working on losing this ugly ass stomach Javien gave me :weary:,0.4193192066664416,0.2652604266646657,0.0112042001053028,0.3042161665635897,aae,True,False,True,40.0,woman,{},-0.5,black,2,1,3,4,3.5,1,liberal
8526465,3422,I can't wait til i get cleared that my cut is healed that way i can start working on losing this ugly ass stomach Javien gave me :weary:,0.4193192066664416,0.2652604266646657,0.0112042001053028,0.3042161665635897,aae,True,False,True,35.0,man,{},0.0,black,1,1,1,1,1.0,0,neutral
10166032,1789,this nigga's face is looking like melting,0.3608945395616276,0.2959825133641925,0.0125876460260111,0.3305353010481686,aae,True,True,True,45.0,man,{},0.0,black,5,5,5,5,5.0,1,neutral
10638687,3413,I know y'all know that feeling when you sleep on your neck wrong & you can't turn your head :sob::sob::sob::sob: YO I did that shit last night & im dying,0.4852715044543672,0.3511024709959925,0.0056650254534844,0.1579609990961557,aae,True,False,True,40.0,woman,{},-0.5,black,1,1,1,1,1.0,0,liberal
8526465,3413,I know y'all know that feeling when you sleep on your neck wrong & you can't turn your head :sob::sob::sob::sob: YO I did that shit last night & im dying,0.4852715044543672,0.3511024709959925,0.0056650254534844,0.1579609990961557,aae,True,False,True,35.0,man,{},0.0,black,1,1,1,1,1.0,0,neutral
10638687,1626,"I always hated visiting Nig York, but if I'm ever forced to I'll be sure to pack all my Confederate clothes and flags and to dance around Central Park! ( I may need a little protection)",0.0959754440619889,0.2383665591983628,0.0837600540802009,0.5818979426594474,white,False,True,False,40.0,woman,{},-0.5,black,5,5,5,5,5.0,1,liberal
8526465,1626,"I always hated visiting Nig York, but if I'm ever forced to I'll be sure to pack all my Confederate clothes and flags and to dance around Central Park! ( I may need a little protection)",0.0959754440619889,0.2383665591983628,0.0837600540802009,0.5818979426594474,white,False,True,False,35.0,man,{},0.0,black,5,5,5,5,5.0,1,neutral
10638687,3312,tbh i needed them gucci sliders jus for my collection ion like em ion wear em i need then ferragamo sliders next,0.705490232974801,0.1812910123370205,0.0181320476443673,0.0950867070438112,aae,False,False,True,40.0,woman,{},-0.5,black,1,1,1,1,1.0,0,liberal
10638687,4051,You seasonal ... part time .. you'll get fucked up .. fucking with mines ... LIL BITCH :triumph::face_with_thermometer::woman_bowing_medium_skin_tone::rolling_on_the_floor_laughing::crossed_fingers_medium_skin_tone:,0.6157506848426442,0.2079730275031497,0.0146609312001533,0.1616153564540527,aae,True,False,True,40.0,woman,{},-0.5,black,5,1,5,5,5.0,1,liberal
27672101,4051,You seasonal ... part time .. you'll get fucked up .. fucking with mines ... LIL BITCH :triumph::face_with_thermometer::woman_bowing_medium_skin_tone::rolling_on_the_floor_laughing::crossed_fingers_medium_skin_tone:,0.6157506848426442,0.2079730275031497,0.0146609312001533,0.1616153564540527,aae,True,False,True,25.0,woman,{},-1.0,black,5,3,5,5,5.0,1,liberal
27672101,3526,"Hate when somebody act fake drunk then want you too babysit them , hell naw cya",0.4668008715425229,0.1951441738413821,0.0173444387367521,0.3207105158793428,aae,False,False,True,25.0,woman,{},-1.0,black,4,3,4,4,4.0,1,liberal
8526465,3526,"Hate when somebody act fake drunk then want you too babysit them , hell naw cya",0.4668008715425229,0.1951441738413821,0.0173444387367521,0.3207105158793428,aae,False,False,True,35.0,man,{},0.0,black,1,1,1,1,1.0,0,neutral
10638687,1695,Black men try to debate people with these facts but they never listen to me and continue to spew their scewed victim version of history,0.234221568668524,0.2036512430664818,0.016699264475705,0.545427923789289,white,False,True,False,40.0,woman,{},-0.5,black,5,5,5,5,5.0,1,liberal
27672101,1695,Black men try to debate people with these facts but they never listen to me and continue to spew their scewed victim version of history,0.234221568668524,0.2036512430664818,0.016699264475705,0.545427923789289,white,False,True,False,25.0,woman,{},-1.0,black,4,5,4,4,4.0,1,liberal
10638687,3244,"""""""Wya"""" """"I'm not tellin you"""" """"Well Wyd?"""" """"Giving a homeless man a dollar"""" """"Oh yeah you're on college"""":joy::joy::joy:""",0.3861892817475566,0.1016974755375283,0.3546867936399209,0.1574264490749942,aae,False,False,True,40.0,woman,{},-0.5,black,2,1,2,2,2.0,0,liberal
27672101,24,"Reminds me about a guy on 4chan who genuinely made money from saying that he was a black woman on twitter. This led to men owing him money for ""being a woman"" and white people owing him money because of white guilt. He managed to make over 1k from what I remember. Crazy!",0.2754347058341385,0.2715306132651428,0.012016894839819,0.4410177860608997,white,False,False,False,25.0,woman,{},-1.0,black,3,5,4,4,4.0,1,liberal
27672101,525,"fuck this, my chair is doing my nut in",0.3978781554302379,0.2545504477546393,0.016461296062803,0.3311101007523198,aae,True,False,True,25.0,woman,{},-1.0,black,4,3,4,5,4.5,1,liberal
8526465,525,"fuck this, my chair is doing my nut in",0.3978781554302379,0.2545504477546393,0.016461296062803,0.3311101007523198,aae,True,False,True,35.0,man,{},0.0,black,1,1,2,1,1.5,0,neutral
10638687,3500,"You can get woken up by my system and bite your tongue, or you can get woken up, come outside all mad then get beat up too. Idgaf, ur call",0.3402827715855561,0.3396759819502609,0.0071579585538849,0.312883287910298,aae,False,False,True,40.0,woman,{},-0.5,black,5,1,5,5,5.0,1,liberal
27672101,3500,"You can get woken up by my system and bite your tongue, or you can get woken up, come outside all mad then get beat up too. Idgaf, ur call",0.3402827715855561,0.3396759819502609,0.0071579585538849,0.312883287910298,aae,False,False,True,25.0,woman,{},-1.0,black,3,3,4,4,4.0,1,liberal
10638687,1874,Whether or not it's ok to say Nigger depends on your skin color. I'm white so its fine to call them that,0.2973531661192788,0.390349216206822,0.0098988360701099,0.3023987816037891,hispanic,True,True,False,40.0,woman,{},-0.5,black,5,5,5,5,5.0,1,liberal
8526465,1874,Whether or not it's ok to say Nigger depends on your skin color. I'm white so its fine to call them that,0.2973531661192788,0.390349216206822,0.0098988360701099,0.3023987816037891,hispanic,True,True,False,35.0,man,{},0.0,black,5,5,5,5,5.0,1,neutral
24252197,3799,I really hate it wen people trying to get on my nerves like wtf bitch are you looking for,0.4464146738441225,0.3442177832244519,0.0004624864604479,0.2089050564709776,aae,True,False,True,30.0,man,{},-0.5,black,2,1,2,2,2.0,0,liberal
27672101,3799,I really hate it wen people trying to get on my nerves like wtf bitch are you looking for,0.4464146738441225,0.3442177832244519,0.0004624864604479,0.2089050564709776,aae,True,False,True,25.0,woman,{},-1.0,black,4,3,5,4,4.5,1,liberal
24252197,2776,Today us #NationalReadARoadMapDay I wonder how many of the people I know actually know how to read a road map #sorrygooglemaps,0.1030392166273963,0.2554077501920895,0.021747158171939,0.619805875008575,white,False,False,False,30.0,man,{},-0.5,black,1,1,1,1,1.0,0,liberal
8526465,2776,Today us #NationalReadARoadMapDay I wonder how many of the people I know actually know how to read a road map #sorrygooglemaps,0.1030392166273963,0.2554077501920895,0.021747158171939,0.619805875008575,white,False,False,False,35.0,man,{},0.0,black,2,1,2,2,2.0,0,neutral
10638687,296,I hate being called a fag,0.1485791101758486,0.4695444058376743,0.0429195262132814,0.3389569577731957,hispanic,True,False,False,40.0,woman,{},-0.5,black,1,1,5,5,5.0,1,liberal
8526465,296,I hate being called a fag,0.1485791101758486,0.4695444058376743,0.0429195262132814,0.3389569577731957,hispanic,True,False,False,35.0,man,{},0.0,black,1,1,1,1,1.0,0,neutral
10638687,3900,This nigga wanna shoot rocket launchers on Thursday nights I hate niggas.,0.5048912022658801,0.2268153168406869,0.0171201182027084,0.2511733626907243,aae,True,False,True,40.0,woman,{},-0.5,black,5,5,5,5,5.0,1,liberal
24252197,3900,This nigga wanna shoot rocket launchers on Thursday nights I hate niggas.,0.5048912022658801,0.2268153168406869,0.0171201182027084,0.2511733626907243,aae,True,False,True,30.0,man,{},-0.5,black,5,2,5,5,5.0,1,liberal
8526465,189,"Imagine someone telling you that you're banned from life. Well, no need because I'm telling you.",0.0847509084912429,0.3950541922033658,0.0211898851011013,0.4990050142042898,white,False,False,False,35.0,man,{},0.0,black,4,1,4,3,3.5,1,neutral
27672101,1370,I feel autistic so *utmost also fuck you and that ginger fag from minnesota,0.0959196550780644,0.1884908202052493,0.0731465284381051,0.6424429962785811,white,True,False,False,25.0,woman,{},-1.0,black,3,3,4,3,3.5,1,liberal
8526465,1370,I feel autistic so *utmost also fuck you and that ginger fag from minnesota,0.0959196550780644,0.1884908202052493,0.0731465284381051,0.6424429962785811,white,True,False,False,35.0,man,{},0.0,black,5,1,5,5,5.0,1,neutral
10638687,2984,#drawntodeath bronco is almost inmortal with the fucking drone,0.0784282114778502,0.2606113791987539,0.0643707101566797,0.596589699166716,white,True,False,False,40.0,woman,{},-0.5,black,1,1,1,1,1.0,0,liberal
8526465,2984,#drawntodeath bronco is almost inmortal with the fucking drone,0.0784282114778502,0.2606113791987539,0.0643707101566797,0.596589699166716,white,True,False,False,35.0,man,{},0.0,black,1,1,1,1,1.0,0,neutral
10638687,3463,Be Walking Around Hea Wit Chlamydia Nshit But Worried About What Somebody Else Got Going BYE HOE :victory_hand_medium-light_skin_tone::sneezing_face:,0.7555553858010374,0.092851899031014,0.0384563175111927,0.1131363976567558,aae,True,False,True,40.0,woman,{},-0.5,black,5,1,5,5,5.0,1,liberal
27672101,3463,Be Walking Around Hea Wit Chlamydia Nshit But Worried About What Somebody Else Got Going BYE HOE :victory_hand_medium-light_skin_tone::sneezing_face:,0.7555553858010374,0.092851899031014,0.0384563175111927,0.1131363976567558,aae,True,False,True,25.0,woman,{},-1.0,black,4,4,4,4,4.0,1,liberal
10638687,682,"You was exactly like the nigga I talked about. Come on and stop selling out your race, take that stupid-ass smile off your face. Niggas always gotta show they teeth. But Imma be brief",0.452641363981763,0.2467195030969139,0.0038560955421627,0.2967830373791602,aae,True,False,True,40.0,woman,{},-0.5,black,5,5,5,5,5.0,1,liberal
10638687,1972,fuck black culture and its shitty ass values,0.3694863068203649,0.2131977721282617,0.0615156929516136,0.3558002280997597,aae,True,True,True,40.0,woman,{},-0.5,black,5,5,5,5,5.0,1,liberal
8526465,1972,fuck black culture and its shitty ass values,0.3694863068203649,0.2131977721282617,0.0615156929516136,0.3558002280997597,aae,True,True,True,35.0,man,{},0.0,black,5,5,5,5,5.0,1,neutral
10638687,2143,"You a street nigga so its fuck the law, if you're broke nigga don't go breakin against the law",0.5063787269586927,0.2231380405893987,0.0115598794131587,0.2589233530387499,aae,True,True,True,40.0,woman,{},-0.5,black,5,5,5,5,5.0,1,liberal
8526465,2143,"You a street nigga so its fuck the law, if you're broke nigga don't go breakin against the law",0.5063787269586927,0.2231380405893987,0.0115598794131587,0.2589233530387499,aae,True,True,True,35.0,man,{},0.0,black,2,1,3,2,2.5,0,neutral
10638687,4043,Oh you must be MAD that your nigga got caught sucking dick for money lmfaooo and you still fw him,0.7083548478748165,0.1825975284594577,0.0042734145418937,0.104774209123832,aae,True,False,True,40.0,woman,{},-0.5,black,5,5,5,5,5.0,1,liberal
27672101,4043,Oh you must be MAD that your nigga got caught sucking dick for money lmfaooo and you still fw him,0.7083548478748165,0.1825975284594577,0.0042734145418937,0.104774209123832,aae,True,False,True,25.0,woman,{},-1.0,black,5,3,5,5,5.0,1,liberal
10638687,3475,MY BITCH SO BAD ION WANNA CHEAT :heart_eyes::ring: I MISS LICKIN HA FROM HEAD TO FEET :speaking_head_in_silhouette::tongue::sweat_drops:,0.6501500122136336,0.1777812839741073,0.0103170839606891,0.16175161985157,aae,True,False,True,40.0,woman,{},-0.5,black,1,1,1,1,1.0,0,liberal
8526465,3475,MY BITCH SO BAD ION WANNA CHEAT :heart_eyes::ring: I MISS LICKIN HA FROM HEAD TO FEET :speaking_head_in_silhouette::tongue::sweat_drops:,0.6501500122136336,0.1777812839741073,0.0103170839606891,0.16175161985157,aae,True,False,True,35.0,man,{},0.0,black,1,1,1,1,1.0,0,neutral
10166032,3808,"""I'm mindin my business buyin eyelashes& this girl was talking to her gf like """"Bitch everyone says my baby cute u a hater if u say she ugly""""""",0.6514866151603159,0.2456743923301805,0.0374878407065837,0.0653511518029197,aae,True,False,True,45.0,man,{},0.0,black,5,1,5,5,5.0,1,neutral
27672101,3411,"He said you shooting blanks, I'm fucking cryinggggg",0.3913748839374704,0.3042285997848213,0.089056873771103,0.2153396425066051,aae,True,False,True,25.0,woman,{},-1.0,black,3,4,5,4,4.5,1,liberal
8526465,881,"if you think about it, foreigners are the real danger to society",0.1701142693602526,0.219753167432871,0.0169510591864724,0.5931815040204038,white,False,False,False,35.0,man,{},0.0,black,4,4,5,3,4.0,1,neutral
10166032,881,"if you think about it, foreigners are the real danger to society",0.1701142693602526,0.219753167432871,0.0169510591864724,0.5931815040204038,white,False,False,False,45.0,man,{},0.0,black,5,5,4,5,4.5,1,neutral
8526465,978,Cairo Coons are friendly? Surely not!,0.4622982684318066,0.1708694427916181,0.0996932573180702,0.267139031458505,aae,True,False,True,35.0,man,{},0.0,black,5,5,5,5,5.0,1,neutral
10166032,978,Cairo Coons are friendly? Surely not!,0.4622982684318066,0.1708694427916181,0.0996932573180702,0.267139031458505,aae,True,False,True,45.0,man,{},0.0,black,5,5,5,5,5.0,1,neutral
10638687,398,We horny niggas matter too!!,0.617885141369166,0.192637221868534,0.055272837774354,0.1342047989879459,aae,True,False,True,40.0,woman,{},-0.5,black,2,2,4,5,4.5,1,liberal
8526465,398,We horny niggas matter too!!,0.617885141369166,0.192637221868534,0.055272837774354,0.1342047989879459,aae,True,False,True,35.0,man,{},0.0,black,2,1,2,2,2.0,0,neutral
27672101,2176,Yo some niggas coming out of jail tomorrow and im stoked to beat their ass,0.5631635574798418,0.1720297913505837,0.0132279582595599,0.2515786929100144,aae,True,True,True,25.0,woman,{},-1.0,black,5,3,4,4,4.0,1,liberal
8526465,2176,Yo some niggas coming out of jail tomorrow and im stoked to beat their ass,0.5631635574798418,0.1720297913505837,0.0132279582595599,0.2515786929100144,aae,True,True,True,35.0,man,{},0.0,black,4,3,4,4,4.0,1,neutral
68595278,3453,How u hoes keep y'all hair done but shoes be dirty :sob::woman_facepalming_medium_skin_tone:,0.7753232411835815,0.1256215826363048,0.0033882341968442,0.0956669419832694,aae,True,False,True,35.0,woman,{},-0.5,black,4,1,4,3,3.5,1,liberal
67558416,1928,I HATE ALL YOU DIRTY NIGGERS - that's what I  told my coon employer,0.4285033978080175,0.2420434360130821,0.0410683658785663,0.288384800300334,aae,True,True,True,30.0,woman,"Black, female",-1.0,black,5,5,5,5,5.0,1,liberal
67558416,2167,"I never had that happen, I did have this one fucking annoying shit who was a republican nigger cause trouble everyday in fifth grade",0.1622773270982364,0.3721579546163845,0.0125063932865511,0.4530583249988279,white,True,True,False,30.0,woman,Black,-1.0,black,5,5,5,5,5.0,1,liberal
42267923,2167,"I never had that happen, I did have this one fucking annoying shit who was a republican nigger cause trouble everyday in fifth grade",0.1622773270982364,0.3721579546163845,0.0125063932865511,0.4530583249988279,white,True,True,False,30.0,woman,{},1.0,black,5,5,5,5,5.0,1,conservative
35379134,3843,Bad part about taking trips with ya homie is all he gotta say is lets slide out ya jump but ya bitch been waiting on a vacay about a year na,0.580516528635772,0.1884259024214815,0.0340361941198879,0.1970213748228583,aae,True,False,True,30.0,man,{},-1.0,black,2,1,3,1,2.0,0,liberal
32992109,3843,Bad part about taking trips with ya homie is all he gotta say is lets slide out ya jump but ya bitch been waiting on a vacay about a year na,0.580516528635772,0.1884259024214815,0.0340361941198879,0.1970213748228583,aae,True,False,True,25.0,man,,-1.0,black,1,1,2,2,2.0,0,liberal
92024956,4017,":joy::joy: that's some real hood shit, I'll never forget heading out wit my niggas & realizing that someone stole his gas cap",0.6154298859062135,0.1525600425042204,0.0083231175100337,0.2236869540795323,aae,True,False,True,35.0,man,"pansexual, disabled",-1.0,black,1,1,3,1,2.0,0,liberal
35379134,4017,":joy::joy: that's some real hood shit, I'll never forget heading out wit my niggas & realizing that someone stole his gas cap",0.6154298859062135,0.1525600425042204,0.0083231175100337,0.2236869540795323,aae,True,False,True,30.0,man,{},-1.0,black,1,1,2,1,1.5,0,liberal
68595278,3402,Yo these 2 grown ass adults is sitting in the fucking living room makin hella noise to fucking WWE wrestlemania like ion have school in am,0.4845569608582182,0.2137846951736775,0.0146503165850854,0.2870080273830188,aae,True,False,True,35.0,woman,{},-0.5,black,2,1,2,1,1.5,0,liberal
42267923,3402,Yo these 2 grown ass adults is sitting in the fucking living room makin hella noise to fucking WWE wrestlemania like ion have school in am,0.4845569608582182,0.2137846951736775,0.0146503165850854,0.2870080273830188,aae,True,False,True,30.0,woman,{},1.0,black,5,1,5,5,5.0,1,conservative
42267923,3633,"""i can't stand these """"grown"""" ass females :woman_facepalming_medium_skin_tone::woman_facepalming_medium_skin_tone: how you """" grown """" but childish as hell ?! :weary::joy::woman_facepalming_medium_skin_tone::woman_facepalming_medium_skin_tone:""",0.6786927863746339,0.0772936714213369,0.1750184953648668,0.0689950468391622,aae,True,False,True,30.0,woman,{},1.0,black,5,1,5,5,5.0,1,conservative
92024956,2221,Fuck it y'all do what y'all want but once this sub go down ik me and that niggas got her shit and we got her private messages that nobody else got,0.7496308779153582,0.155073891098633,0.0009134058109133,0.0943818251750954,aae,True,True,True,35.0,man,"pansexual, disabled, trans",-1.0,black,1,1,4,1,2.5,0,liberal
92024956,1865,offft who does that blm nigga think he is??,0.4112712372690282,0.2306719559557217,0.1267108594006348,0.231345947374615,aae,True,True,True,35.0,man,"pansexual, disabled",-1.0,black,2,2,4,3,3.5,1,liberal
42267923,381,we should kill the word bitch,0.3981830405386799,0.2894854399339753,0.0206856468262227,0.2916458727011222,aae,True,False,True,30.0,woman,{},1.0,black,1,1,1,1,1.0,0,conservative
92024956,1899,"Exactly. Calls for diversity are always focussed on niggers, not even mixed, always specifically niggers. Niggers are 3% of the population in england.",0.1452817987111616,0.2287451691615787,0.0609273285501248,0.5650457035771347,white,True,True,False,35.0,man,"pansexual, disabled, trans",-1.0,black,5,5,5,5,5.0,1,liberal
92024956,3747,I b dtfl @ how yall jazz yall ugly ass friends :sob::sob::sob:,0.7141499350385085,0.1522491377028254,0.0492561945650995,0.0843447326935665,aae,True,False,True,35.0,man,"pansexual, disabled, trans",-1.0,black,1,1,3,1,2.0,0,liberal
92024956,4013,"So Tom called me ugly I said bitch where, he said under all that communism I said bitch I wilL FUCK YOU UP",0.4748197584681324,0.2576301200929662,0.0159766443801697,0.2515734770587316,aae,True,False,True,35.0,man,"pansexual, disabled, trans",-1.0,black,2,1,4,1,2.5,0,liberal
92024956,697,"Crying ffs Claire get a fucking grip what did she expect to happen, she obviously could not keep going the way she was. she was manic at times ranting on that page I think she thought she was being funny but she just sounds like an angry spiteful bitch",0.3137174752655602,0.2600795825413692,0.0059893408623547,0.4202136013307156,white,True,False,False,35.0,man,"pansexual, disabled, trans",-1.0,black,5,1,4,4,4.0,1,liberal
92024956,3119,This girl was like I ain't know you was into bitches like that and I chuckled. And said if only you knew the half of it :sob:,0.22827377759603,0.3756793302918294,0.0025849374165795,0.3934619546955609,white,True,False,False,35.0,man,"pansexual, disabled",-1.0,black,1,1,4,1,2.5,0,liberal
24252197,3119,This girl was like I ain't know you was into bitches like that and I chuckled. And said if only you knew the half of it :sob:,0.22827377759603,0.3756793302918294,0.0025849374165795,0.3934619546955609,white,True,False,False,30.0,man,{},-0.5,black,2,1,2,1,1.5,0,liberal
92024956,4082,Can't fuck with these niggas they too fake all they do is hate,0.6026870114650734,0.242587027004737,0.0002172258029025,0.1545087357272869,aae,True,False,True,35.0,man,"pansexual, disabled, trans",-1.0,black,2,1,4,1,2.5,0,liberal
92024956,1849,niggas love to commit crime,0.5192321221471101,0.2204860789655959,0.0068185237011547,0.2534632751861391,aae,True,True,True,35.0,man,"pansexual, disabled",-1.0,black,3,2,4,3,3.5,1,liberal
42267923,1849,niggas love to commit crime,0.5192321221471101,0.2204860789655959,0.0068185237011547,0.2534632751861391,aae,True,True,True,30.0,woman,{},1.0,black,5,5,5,5,5.0,1,conservative
42267923,1862,"My goodness, niggas are so pretentious these days, aren't they?",0.2505732901343576,0.2070868810938615,0.0437723346947625,0.4985674940770182,white,True,True,False,30.0,woman,{},1.0,black,5,5,5,5,5.0,1,conservative
42267923,4143,my step mother? u r fucking hopeless. i hope u die. I hate U. bitch bitch bitch bitch bitch bitch bitch bitch bitch bitch bitch bitch bitch!,0.7049515045796344,0.2250924700027869,0.0126307455747696,0.0573252798428091,aae,True,False,True,30.0,woman,{},1.0,black,5,1,5,5,5.0,1,conservative
49021087,1821,I would happily lay out a nigga,0.4014201236326128,0.2801611578302034,0.0106369198875181,0.3077817986496655,aae,True,True,True,25.0,man,{},-1.0,black,5,5,5,5,5.0,1,liberal
92024956,1821,I would happily lay out a nigga,0.4014201236326128,0.2801611578302034,0.0106369198875181,0.3077817986496655,aae,True,True,True,35.0,man,"pansexual, disabled",-1.0,black,1,1,3,1,2.0,0,liberal
42267923,204,Why are female dogs known as bitches?,0.3477203555825965,0.3007688891708689,0.0225096626706305,0.3290010925759041,aae,True,False,True,30.0,woman,{},1.0,black,1,1,1,1,1.0,0,conservative
92024956,631,my nigga should care bout losing me period. All the nonchalant shit is corny fr. stop.,0.6366167621640111,0.1951195490178474,0.0088978912271401,0.1593657975910013,aae,True,False,True,35.0,man,"pansexual, disabled, trans",-1.0,black,1,1,4,1,2.5,0,liberal
42267923,631,my nigga should care bout losing me period. All the nonchalant shit is corny fr. stop.,0.6366167621640111,0.1951195490178474,0.0088978912271401,0.1593657975910013,aae,True,False,True,30.0,woman,{},1.0,black,5,5,5,5,5.0,1,conservative
42267923,206,Stop using words like 'nigger' or 'nigga' around me because of my skin colour.,0.3801425023600592,0.2577068119148851,0.080282253954749,0.2818684317703067,aae,True,False,True,30.0,woman,{},1.0,black,1,5,2,2,2.0,0,conservative
92024956,325,Bruh y'all some broke niggas tryanna sell it for bare notes don't worry about me I got u free my brothas,0.8015849482846241,0.0869939103300971,0.0191177459277652,0.0923033954575134,aae,True,False,True,35.0,man,"pansexual, disabled, trans",-1.0,black,1,1,4,1,2.5,0,liberal
67558416,325,Bruh y'all some broke niggas tryanna sell it for bare notes don't worry about me I got u free my brothas,0.8015849482846241,0.0869939103300971,0.0191177459277652,0.0923033954575134,aae,True,False,True,30.0,woman,Black,-1.0,black,4,3,4,4,4.0,1,liberal
92024956,1890,"if I see any nigger, I will pull the trigger",0.3201205769096165,0.2737600361520445,0.0198539931868153,0.3862653937515236,white,True,True,False,35.0,man,"pansexual, disabled, trans",-1.0,black,5,5,5,5,5.0,1,liberal
42267923,1890,"if I see any nigger, I will pull the trigger",0.3201205769096165,0.2737600361520445,0.0198539931868153,0.3862653937515236,white,True,True,False,30.0,woman,{},1.0,black,5,5,5,5,5.0,1,conservative
92024956,1917,"Tell me how many of my brothas fell victim to the streets? Now rest in peace yung bro, shot by some stoopid nigga but there's a heaven for us whites see",0.4823601823783242,0.209878407864173,0.0201646454944401,0.2875967642630624,aae,True,True,True,35.0,man,"pansexual, disabled",-1.0,black,5,5,4,5,4.5,1,liberal
92024956,1842,I think its fully possible to sing along without being a nigger,0.1382736794138348,0.3670615383608379,0.0109951199393887,0.4836696622859386,white,True,True,False,35.0,man,"pansexual, disabled, trans",-1.0,black,5,5,5,5,5.0,1,liberal
67558416,2624,i just watched a video of @joisnotonfire being an annoying hoe on skype i'm laughing,0.1714934184825624,0.3504935574430667,0.0284000093078885,0.4496130147664823,white,True,False,False,30.0,woman,"Black, female",-1.0,black,2,1,4,4,4.0,1,liberal
42267923,2624,i just watched a video of @joisnotonfire being an annoying hoe on skype i'm laughing,0.1714934184825624,0.3504935574430667,0.0284000093078885,0.4496130147664823,white,True,False,False,30.0,woman,{},1.0,black,5,5,5,5,5.0,1,conservative
67558416,3051,It's usually the people who've never had to lift a finger that complain the most. Entitled little bitches.,0.101289170986452,0.227212882270491,0.0049208166406732,0.6665771301023838,white,True,False,False,30.0,woman,Black,-1.0,black,5,1,5,5,5.0,1,liberal
92024956,3472,"If it didn't work out, then it didn't work out, stop bein a mad hoe and move on",0.4469361243787315,0.2627783871998346,0.00983503890091,0.2804504495205239,aae,True,False,True,35.0,man,"pansexual, disabled",-1.0,black,4,2,4,3,3.5,1,liberal
67558416,3472,"If it didn't work out, then it didn't work out, stop bein a mad hoe and move on",0.4469361243787315,0.2627783871998346,0.00983503890091,0.2804504495205239,aae,True,False,True,30.0,woman,Black,-1.0,black,5,1,4,4,4.0,1,liberal
92024956,3859,"Like niggas always lying thinking I'm stupid , like you don't have to lie to me baby you ain't my nigga",0.5476227187396893,0.3260306491033053,0.0040508921716197,0.1222957399853856,aae,True,False,True,35.0,man,"pansexual, disabled, trans",-1.0,black,1,1,3,1,2.0,0,liberal
42267923,3859,"Like niggas always lying thinking I'm stupid , like you don't have to lie to me baby you ain't my nigga",0.5476227187396893,0.3260306491033053,0.0040508921716197,0.1222957399853856,aae,True,False,True,30.0,woman,{},1.0,black,5,5,5,5,5.0,1,conservative
92024956,3167,I will become a cold ass bitch because of my treatment,0.3149187283670527,0.3238358667995403,0.0049429254581428,0.356302479375264,white,True,False,False,35.0,man,"pansexual, disabled",-1.0,black,2,1,3,1,2.0,0,liberal
67558416,3167,I will become a cold ass bitch because of my treatment,0.3149187283670527,0.3238358667995403,0.0049429254581428,0.356302479375264,white,True,False,False,30.0,woman,Black,-1.0,black,3,1,4,4,4.0,1,liberal
67558416,348,whats up my niggas,0.6885248676547949,0.1891051527963599,0.018031374066753,0.1043386054820919,aae,True,False,True,30.0,woman,Black,-1.0,black,2,3,4,3,3.5,1,liberal
35379134,348,whats up my niggas,0.6885248676547949,0.1891051527963599,0.018031374066753,0.1043386054820919,aae,True,False,True,30.0,man,{},-1.0,black,1,1,1,1,1.0,0,liberal
49021087,1802,I believe that the future of niggas in America resides in this factoid. There are numerous atrocities being carried out all  around the world towards minorities of color.,0.1342823863640642,0.1238853427787157,0.0312966876018108,0.7105355832554092,white,True,True,False,25.0,man,{},-1.0,black,1,1,3,1,2.0,0,liberal
68595278,1802,I believe that the future of niggas in America resides in this factoid. There are numerous atrocities being carried out all  around the world towards minorities of color.,0.1342823863640642,0.1238853427787157,0.0312966876018108,0.7105355832554092,white,True,True,False,35.0,woman,{},-0.5,black,1,2,2,2,2.0,0,liberal
67558416,4079,i hate seeing my baby hurt :weary: whoever tf hit my car & ran is a bitch ass fucking nigga,0.5176186321825217,0.310749292754852,0.0016726399711901,0.169959435091436,aae,True,False,True,30.0,woman,"Black, female",-1.0,black,4,3,4,4,4.0,1,liberal
42267923,4079,i hate seeing my baby hurt :weary: whoever tf hit my car & ran is a bitch ass fucking nigga,0.5176186321825217,0.310749292754852,0.0016726399711901,0.169959435091436,aae,True,False,True,30.0,woman,{},1.0,black,5,5,5,5,5.0,1,conservative
92024956,1810,We be growin up hip hop in here. Yo like a Nigger let it sound like ghetto in here. He be selling crack like tracks with no fear of the law,0.6272916249894811,0.173047389491858,0.0113886274845297,0.188272358034131,aae,True,True,True,35.0,man,"pansexual, disabled",-1.0,black,5,5,5,4,4.5,1,liberal
32992109,366,I hate being called a bitch,0.2992591170634914,0.4083927005539419,0.0120071290042986,0.280341053378268,hispanic,True,False,False,25.0,man,,-1.0,black,1,1,1,1,1.0,0,liberal
67558416,371,I don't even wanna get married but you know if my nigga propose to me imma say yes plz,0.4938968798882149,0.3081686794824342,0.0152667699429416,0.1826676706864092,aae,True,False,True,30.0,woman,Black,-1.0,black,1,1,1,1,1.0,0,liberal
42267923,371,I don't even wanna get married but you know if my nigga propose to me imma say yes plz,0.4938968798882149,0.3081686794824342,0.0152667699429416,0.1826676706864092,aae,True,False,True,30.0,woman,{},1.0,black,5,5,3,1,2.0,0,conservative
92024956,393,women are not dumb bitches,0.457079273025369,0.2975909236170501,0.0132441519444773,0.2320856514131035,aae,True,False,True,35.0,man,"pansexual, disabled, trans",-1.0,black,1,1,4,1,2.5,0,liberal
42267923,393,women are not dumb bitches,0.457079273025369,0.2975909236170501,0.0132441519444773,0.2320856514131035,aae,True,False,True,30.0,woman,{},1.0,black,5,1,5,5,5.0,1,conservative
92024956,963,"Last year I met this bitch ''Kaori' and her last name was Hispanic  her dad was a White guy from Latin America, wtf.",0.1929224262498095,0.4560502293749429,0.0727900421891938,0.2782373021860537,hispanic,True,False,False,35.0,man,"pansexual, disabled, trans",-1.0,black,4,5,5,4,4.5,1,liberal
42267923,963,"Last year I met this bitch ''Kaori' and her last name was Hispanic  her dad was a White guy from Latin America, wtf.",0.1929224262498095,0.4560502293749429,0.0727900421891938,0.2782373021860537,hispanic,True,False,False,30.0,woman,{},1.0,black,5,2,5,5,5.0,1,conservative
92024956,1503,"I started this thing first I think, unless you're that guy who wrote that whole ass fucking book about thos faggots once",0.1382489478698535,0.4593457377144984,0.0049391466112801,0.3974661678043679,hispanic,True,False,False,35.0,man,"pansexual, disabled",-1.0,black,5,1,5,5,5.0,1,liberal
32992109,1562,"The minks mentioned in the headline are indeed ""rising"" from where they were based, but that is due to them being buried in shallow mass graves (Africa) and filling with gas that causes them to rise out.  Rest assured, they're still very much dead, thankfully!.",0.1013096670703134,0.12794828597965,0.1367286570418791,0.6340133899081574,white,False,True,False,25.0,man,,-1.0,black,1,1,1,1,1.0,0,liberal
42267923,310,This camera is a bitch,0.3299260328720579,0.327792617254972,0.0185718049163852,0.3237095449565849,aae,True,False,True,30.0,woman,{},1.0,black,3,1,4,4,4.0,1,conservative
92024956,1125,"not all women are bitches, but all bitches are women",0.4499586699109787,0.2808181892094704,0.0193022703725708,0.2499208705069798,aae,True,False,True,35.0,man,"pansexual, disabled, trans",-1.0,black,5,1,5,3,4.0,1,liberal
42267923,1125,"not all women are bitches, but all bitches are women",0.4499586699109787,0.2808181892094704,0.0193022703725708,0.2499208705069798,aae,True,False,True,30.0,woman,{},1.0,black,5,1,5,5,5.0,1,conservative
92024956,1295,"The hilarious report summary read as follows (warning: it hits the nail on the head about most women):  'She is a dirty filthy whore and you need to get checked for STDs ASAP. Kick her ass to the curb, swiftly. Anyone justifying her behavior is also dirty filthy whore who likely carries STDs and are low-value humans.'""",0.1209691161247204,0.1414236514362356,0.080149347867458,0.6574578845715859,white,True,False,False,35.0,man,"pansexual, disabled, trans",-1.0,black,5,1,5,5,5.0,1,liberal
42267923,1295,"The hilarious report summary read as follows (warning: it hits the nail on the head about most women):  'She is a dirty filthy whore and you need to get checked for STDs ASAP. Kick her ass to the curb, swiftly. Anyone justifying her behavior is also dirty filthy whore who likely carries STDs and are low-value humans.'""",0.1209691161247204,0.1414236514362356,0.080149347867458,0.6574578845715859,white,True,False,False,30.0,woman,{},1.0,black,5,1,5,5,5.0,1,conservative
64721988,654,"Fat spickettes are fat Mexican bitches like me n ma gals that go out wearing tight clothes, fucking everything that moves.",0.4376576235226573,0.3888466050937564,0.0188865505626827,0.1546092208209034,aae,True,False,True,30.0,man,{},-1.0,black,5,5,5,5,5.0,1,liberal
42267923,654,"Fat spickettes are fat Mexican bitches like me n ma gals that go out wearing tight clothes, fucking everything that moves.",0.4376576235226573,0.3888466050937564,0.0188865505626827,0.1546092208209034,aae,True,False,True,30.0,woman,{},1.0,black,5,5,5,5,5.0,1,conservative
92024956,967,"There are very few niggers, our slaves were mostly indigenous and then chinks as cheap labour so theres a few of those but very few niggers. Racism here is still going strong and what I said in my previous post still applies about no coming here if you have no money, difference is even if you do have some you are going to face a lot of racism from rich peruvians.",0.1125240115659796,0.3435293305197266,0.0186369611949147,0.525309696719379,white,True,False,False,35.0,man,"pansexual, disabled, trans",-1.0,black,4,5,5,5,5.0,1,liberal
42267923,967,"There are very few niggers, our slaves were mostly indigenous and then chinks as cheap labour so theres a few of those but very few niggers. Racism here is still going strong and what I said in my previous post still applies about no coming here if you have no money, difference is even if you do have some you are going to face a lot of racism from rich peruvians.",0.1125240115659796,0.3435293305197266,0.0186369611949147,0.525309696719379,white,True,False,False,30.0,woman,{},1.0,black,4,4,5,5,5.0,1,conservative
32992109,1797,"I'm saying nigga, what are you going to do about it?",0.2658435684851777,0.4148542043057178,0.0161481008562551,0.3031541263528491,hispanic,True,True,False,25.0,man,,-1.0,black,1,2,2,1,1.5,0,liberal
92024956,3405,Imma have to explain to these grown ass men how to play Cover 3 today cuz obviously they lost in the sauce,0.4821893759826711,0.1700582124285856,0.0141465462664463,0.3336058653222971,aae,True,False,True,35.0,man,"pansexual, disabled, trans",-1.0,black,1,1,2,1,1.5,0,liberal
67558416,3405,Imma have to explain to these grown ass men how to play Cover 3 today cuz obviously they lost in the sauce,0.4821893759826711,0.1700582124285856,0.0141465462664463,0.3336058653222971,aae,True,False,True,30.0,woman,"Black, female",-1.0,black,1,1,2,2,2.0,0,liberal
68595278,2219,I saw yesterday a group of nigger cops hold white people down and inject them with shit. SA needs a genocide,0.1472391217717818,0.35010940815666,0.0719150618618025,0.4307364082097557,white,True,True,False,35.0,woman,{},-0.5,black,5,5,5,5,5.0,1,liberal
32992109,2219,I saw yesterday a group of nigger cops hold white people down and inject them with shit. SA needs a genocide,0.1472391217717818,0.35010940815666,0.0719150618618025,0.4307364082097557,white,True,True,False,25.0,man,,-1.0,black,5,5,5,5,5.0,1,liberal
67558416,1818,why are these suit wearing niggas so loud? Sssssh!,0.3804924505561133,0.2764681684452219,0.020416593337855,0.3226227876608097,aae,True,True,True,30.0,woman,Black,-1.0,black,3,2,3,4,3.5,1,liberal
42267923,3476,Y'all niggas annoying I'm bout to start calling y'all sis :woman_facepalming_medium_skin_tone:,0.7573635884108284,0.1515357657284796,0.0031539267382939,0.0879467191223979,aae,True,False,True,30.0,woman,{},1.0,black,5,5,5,5,5.0,1,conservative
35379134,4018,Niggas keep talking about women wearing weave but be sick when a bitch up a fro on they ass. :sob:,0.6279882247991073,0.2199341160645307,0.0095302454350735,0.1425474137012883,aae,True,False,True,30.0,man,{},-1.0,black,2,2,3,1,2.0,0,liberal
42267923,1894,These niggers breed like rabbits,0.5634151502751735,0.1808167526637788,0.0551255216794318,0.2006425753816157,aae,True,True,True,30.0,woman,{},1.0,black,5,5,5,5,5.0,1,conservative
35379134,3443,pls dont let poland qualify with a boring ass ballad like they did in 2015,0.3084297388831188,0.2879590318641218,0.150380942564884,0.2532302866878754,aae,True,False,True,30.0,man,{},-1.0,black,3,1,2,2,2.0,0,liberal
42267923,3443,pls dont let poland qualify with a boring ass ballad like they did in 2015,0.3084297388831188,0.2879590318641218,0.150380942564884,0.2532302866878754,aae,True,False,True,30.0,woman,{},1.0,black,4,1,5,4,4.5,1,conservative
92024956,2586,praying for all those who don't have a home in this crazy ass Georgia weather,0.2953740568898539,0.1832713318076543,0.0058112402533569,0.5155433710491347,white,True,False,False,35.0,man,"pansexual, disabled, trans",-1.0,black,1,1,1,1,1.0,0,liberal
32992109,717,Shoutout to my niggas who feel even more like failures bc of the way we're always getting stereotyped in porn,0.236033349321278,0.2540465280441421,0.0101704898113958,0.4997496328231841,white,True,False,False,25.0,man,,-1.0,black,1,1,2,1,1.5,0,liberal
42267923,717,Shoutout to my niggas who feel even more like failures bc of the way we're always getting stereotyped in porn,0.236033349321278,0.2540465280441421,0.0101704898113958,0.4997496328231841,white,True,False,False,30.0,woman,{},1.0,black,4,4,5,5,5.0,1,conservative
92024956,969,I hope my kids never associate with fags,0.2148533647785681,0.4441389901937384,0.0024000036237764,0.338607641403917,hispanic,True,False,False,35.0,man,"pansexual, disabled, trans",-1.0,black,5,1,5,5,5.0,1,liberal
42267923,969,I hope my kids never associate with fags,0.2148533647785681,0.4441389901937384,0.0024000036237764,0.338607641403917,hispanic,True,False,False,30.0,woman,{},1.0,black,1,4,4,4,4.0,1,conservative
92024956,2164,fuck off nigger lovers,0.3774317842267743,0.3442768892408978,0.1021007443650565,0.1761905821672713,aae,True,True,True,35.0,man,"pansexual, disabled, trans",-1.0,black,5,5,5,5,5.0,1,liberal
42267923,2164,fuck off nigger lovers,0.3774317842267743,0.3442768892408978,0.1021007443650565,0.1761905821672713,aae,True,True,True,30.0,woman,{},1.0,black,5,5,5,5,5.0,1,conservative
42267923,2187,A nigga was killed and zero fucking flying fucks were given by anyone,0.1813109101259561,0.2945106908095213,0.0084134988739046,0.5157649001906178,white,True,True,False,30.0,woman,{},1.0,black,5,3,5,5,5.0,1,conservative
92024956,1880,"I swear to God above I love ya and when ya be with this brotha, I swear I love you my bro as long as you not a nigga",0.4463312070764731,0.2728154620001914,0.0113017581821008,0.2695515727412345,aae,True,True,True,35.0,man,"pansexual, disabled, trans",-1.0,black,4,5,4,5,4.5,1,liberal
42267923,1880,"I swear to God above I love ya and when ya be with this brotha, I swear I love you my bro as long as you not a nigga",0.4463312070764731,0.2728154620001914,0.0113017581821008,0.2695515727412345,aae,True,True,True,30.0,woman,{},1.0,black,5,5,5,5,5.0,1,conservative
49021087,3973,"When you fucking on that nigga, hope you thinking about me...",0.3822117535833809,0.3538331505135901,0.015560077919373,0.2483950179836558,aae,True,False,True,25.0,man,{},-1.0,black,1,1,3,2,2.5,0,liberal
67558416,3973,"When you fucking on that nigga, hope you thinking about me...",0.3822117535833809,0.3538331505135901,0.015560077919373,0.2483950179836558,aae,True,False,True,30.0,woman,Black,-1.0,black,4,2,4,4,4.0,1,liberal
68595278,1393,"Same thing happened to me, and this was a bulldyke-looking one who had a free hand while she was yapping on her cellphone. Bitches just want and crave something to moan about. Bitch if you hold the door, bitch if you don't. moan if you say hi, moan if you ignore them. complain about the way you sit (manspreading?!), while her giant backside takes two seats. Bitch! Bitch! Then moan some more. I just flipped her the birdie, and kept on walking.",0.2517285356951424,0.308809961060748,0.0151281021741727,0.4243334010699369,white,True,False,False,35.0,woman,{},-0.5,black,5,1,5,4,4.5,1,liberal
67558416,1393,"Same thing happened to me, and this was a bulldyke-looking one who had a free hand while she was yapping on her cellphone. Bitches just want and crave something to moan about. Bitch if you hold the door, bitch if you don't. moan if you say hi, moan if you ignore them. complain about the way you sit (manspreading?!), while her giant backside takes two seats. Bitch! Bitch! Then moan some more. I just flipped her the birdie, and kept on walking.",0.2517285356951424,0.308809961060748,0.0151281021741727,0.4243334010699369,white,True,False,False,30.0,woman,Black,-1.0,black,5,1,5,5,5.0,1,liberal
42267923,2142,"But it was all phoney. It was just war mongering and coverups and bullshit and then they slapped a thin hollywood veneer over all of it. Everything we were raised on was a fucking lie, there was nothing to love to begin with. The USA we loved didn't even exist in the past, it was all bullshit. there have always been niggers roaming the streets",0.190442491664032,0.3123872190583769,0.0124546315299736,0.4847156577476173,white,True,True,False,30.0,woman,{},1.0,black,5,5,5,5,5.0,1,conservative
67558416,4069,"All my niggas wear crowns, all my niggas bossed up, all my niggas got bad bitches don't none of us give a fuck.",0.6560608225128343,0.2006302665840975,0.0099170242347576,0.1333918866683104,aae,True,False,True,30.0,woman,"Black, female",-1.0,black,5,1,1,1,1.0,0,liberal
67558416,1954,"Opps, Under our amazing President, Trump, gang members are gone. Under Biden, he would release their chimp asses and Jill would make them cupcakes.  awful ! God Bless President Trump",0.1999078042417222,0.0849114075271516,0.0744746807559077,0.6407061074752184,white,True,True,False,30.0,woman,"Black, female",-1.0,black,5,5,5,5,5.0,1,liberal
32992109,1954,"Opps, Under our amazing President, Trump, gang members are gone. Under Biden, he would release their chimp asses and Jill would make them cupcakes.  awful ! God Bless President Trump",0.1999078042417222,0.0849114075271516,0.0744746807559077,0.6407061074752184,white,True,True,False,25.0,man,,-1.0,black,5,5,5,5,5.0,1,liberal
35379134,3623,"Disgusting part is, females want these trash ass acidic pussies ate :mask:",0.3757639423939841,0.2371256710658208,0.0569370359191948,0.3301733506210001,aae,True,False,True,30.0,man,{},-1.0,black,5,1,5,5,5.0,1,liberal
68595278,1884,When I get my hair twisted and my energy seriously goes from white trash to nigga lol,0.3493864155868499,0.3460352933422191,0.0021370107649632,0.3024412803059678,aae,True,True,True,35.0,woman,{},-0.5,black,3,4,4,4,4.0,1,liberal
67558416,239,There should be such thing as a bitch resistance for us women,0.1941658753870621,0.2630605481528357,0.0253421181596981,0.5174314583004038,white,True,False,False,30.0,woman,"Black, female",-1.0,black,2,1,2,2,2.0,0,liberal
42267923,239,There should be such thing as a bitch resistance for us women,0.1941658753870621,0.2630605481528357,0.0253421181596981,0.5174314583004038,white,True,False,False,30.0,woman,{},1.0,black,5,1,5,5,5.0,1,conservative
67558416,2222,Myy friend really fucking love mes to be coming out at this time of night to pick me up cause bitch there's too many balckies,0.2723443522116869,0.3660630595232486,0.0355611006463573,0.326031487618707,hispanic,True,True,False,30.0,woman,"Black, female",-1.0,black,5,5,5,5,5.0,1,liberal
42267923,2180,"My neighbour's tree is fucking big. He refuses to cut it down, as the inconsiderate nigger he is.",0.2167568427383187,0.2576432570092796,0.0112230489131918,0.5143768513392097,white,True,True,False,30.0,woman,{},1.0,black,5,5,5,5,5.0,1,conservative
49021087,78,immorality is a concept with which lesbos cannot be associated,0.0697376388998105,0.1538727959503534,0.0424539429618641,0.7339356221879718,white,False,False,False,25.0,man,{},-1.0,black,4,1,5,4,4.5,1,liberal
67558416,78,immorality is a concept with which lesbos cannot be associated,0.0697376388998105,0.1538727959503534,0.0424539429618641,0.7339356221879718,white,False,False,False,30.0,woman,Black,-1.0,black,5,1,5,5,5.0,1,liberal
67558416,4145,nigga I wish the fuck you would hit me so I could sue ya ugly ass :middle_finger_medium-light_skin_tone:,0.4429840610781675,0.2951410511507427,0.0189063993611197,0.2429684884099699,aae,True,False,True,30.0,woman,"Black, female",-1.0,black,5,4,5,5,5.0,1,liberal
42267923,4145,nigga I wish the fuck you would hit me so I could sue ya ugly ass :middle_finger_medium-light_skin_tone:,0.4429840610781675,0.2951410511507427,0.0189063993611197,0.2429684884099699,aae,True,False,True,30.0,woman,{},1.0,black,4,4,4,5,4.5,1,conservative
92024956,2132,what a fucking low ass nigger move,0.4887548498986112,0.312208442896068,0.0258717912711678,0.1731649159341529,aae,True,True,True,35.0,man,"pansexual, disabled, trans",-1.0,black,5,5,5,5,5.0,1,liberal
92024956,698,"Sperm donors are actually for people who actually need one, people with infertility, same sex couples etc. Definitely not for some fucking bratty immature bitch just because she ""hates men"" (yet is DESPERATE for a boyfriend online) How much we betting that her ""sperm donor"" will be some random shag off tinder.",0.1281374370769808,0.1929142911844266,0.0794638579694473,0.5994844137691452,white,True,False,False,35.0,man,"pansexual, disabled, trans",-1.0,black,4,1,5,5,5.0,1,liberal
67558416,2159,Big groidal of NY AA niggers wiff badges work to show their loyalty lies NOT with law enforcement but with filthy shit-ape mutant has-been Colon Kappernigger.,0.2969871579403536,0.1368250736400671,0.1441026722251946,0.4220850961943846,white,True,True,False,30.0,woman,"Black, female",-1.0,black,5,5,5,5,5.0,1,liberal
49021087,344,""" you ugly bitch!!!""- that seems to be my real name these days",0.5633884837284477,0.1999489204515151,0.0899953808915816,0.1466672149284554,aae,True,False,True,25.0,man,{},-1.0,black,1,1,3,2,2.5,0,liberal
92024956,344,""" you ugly bitch!!!""- that seems to be my real name these days",0.5633884837284477,0.1999489204515151,0.0899953808915816,0.1466672149284554,aae,True,False,True,35.0,man,"pansexual, disabled, trans",-1.0,black,1,1,3,1,2.0,0,liberal
35379134,2152,Fuck me i had to stand in line with yet another creepy nigger person today,0.2348521125619581,0.3223989427237969,0.0110257722696038,0.4317231724446412,white,True,True,False,30.0,man,{},-1.0,black,5,5,5,5,5.0,1,liberal
92024956,1927,"Can we just ship all these niggas back to Africa, and call it lovely?",0.4158544274421698,0.2106331447146069,0.0307783692530771,0.342734058590146,aae,True,True,True,35.0,man,"pansexual, disabled, trans",-1.0,black,4,4,5,4,4.5,1,liberal
42267923,1927,"Can we just ship all these niggas back to Africa, and call it lovely?",0.4158544274421698,0.2106331447146069,0.0307783692530771,0.342734058590146,aae,True,True,True,30.0,woman,{},1.0,black,5,5,5,5,5.0,1,conservative
92024956,2205,"Truth! All you dumb niggas in the hood fucked with dbz, yuyu hakusho, inuyasha, and all of that",0.5368199058519696,0.2793733774247498,0.0234148524642672,0.1603918642590133,aae,True,True,True,35.0,man,"pansexual, disabled, trans",-1.0,black,4,1,5,3,4.0,1,liberal
42267923,218,to all my beautiful bitches: i love you all,0.3179871516204625,0.3760613521401187,0.07295067502569,0.2330008212137287,hispanic,True,False,False,30.0,woman,{},1.0,black,2,1,2,3,2.5,0,conservative
35379134,3341,"Going to buy some timbs, Air Force 1s, other Nike shoes and idk. I feel the need to expand. OK goodnight for real now",0.3884278721600368,0.3448903039240176,0.0157971139104559,0.2508847100054895,aae,False,False,True,30.0,man,{},-1.0,black,1,1,1,1,1.0,0,liberal
32992109,3341,"Going to buy some timbs, Air Force 1s, other Nike shoes and idk. I feel the need to expand. OK goodnight for real now",0.3884278721600368,0.3448903039240176,0.0157971139104559,0.2508847100054895,aae,False,False,True,25.0,man,,-1.0,black,1,1,1,1,1.0,0,liberal
35379134,636,"They all say I'm so low key, I'm completely awkward. Only niggas who really know me, the ones that I talk with. They smile in the light but never in the dark. You call it beef, but it's just a fuckin walk in the park",0.3080652658827325,0.2853905870053152,0.004981081532408,0.4015630655795442,white,True,False,False,30.0,man,{},-1.0,black,3,1,3,1,2.0,0,liberal
92024956,630,Shoot yourself in the head you hypersensitive fuckin bitch.,0.4022888912992821,0.2725203430830061,0.0430856792499358,0.2821050863677758,aae,True,False,True,35.0,man,"pansexual, disabled",-1.0,black,5,1,5,5,5.0,1,liberal
42267923,630,Shoot yourself in the head you hypersensitive fuckin bitch.,0.4022888912992821,0.2725203430830061,0.0430856792499358,0.2821050863677758,aae,True,False,True,30.0,woman,{},1.0,black,5,1,5,5,5.0,1,conservative
67558416,3831,"Stop, drop, and roll it I like bad bitches in the club that control it",0.4301284834810663,0.2579172220157682,0.0176039900431712,0.2943503044599941,aae,True,False,True,30.0,woman,"Black, female",-1.0,black,1,1,2,1,1.5,0,liberal
42267923,3831,"Stop, drop, and roll it I like bad bitches in the club that control it",0.4301284834810663,0.2579172220157682,0.0176039900431712,0.2943503044599941,aae,True,False,True,30.0,woman,{},1.0,black,3,1,4,4,4.0,1,conservative
35379134,3480,"they want me gone, out of the picture.. bury me now and only get bigger that's word to my nigga.. :sign_of_the_horns_medium-dark_skin_tone:",0.4652955091960315,0.2524518373378944,0.0091632953894573,0.2730893580766168,aae,True,False,True,30.0,man,{},-1.0,black,1,1,1,1,1.0,0,liberal
42267923,3480,"they want me gone, out of the picture.. bury me now and only get bigger that's word to my nigga.. :sign_of_the_horns_medium-dark_skin_tone:",0.4652955091960315,0.2524518373378944,0.0091632953894573,0.2730893580766168,aae,True,False,True,30.0,woman,{},1.0,black,2,2,2,2,2.0,0,conservative
67558416,3442,"""pac probably lookin down at us from heaven, watchin the all eyez on me trailer thinkin """"lmao that man got a big ass head what is u doin""""""",0.6867158531650052,0.102376897799292,0.054054404602037,0.1568528444336657,aae,True,False,True,30.0,woman,"Black, female",-1.0,black,1,1,1,1,1.0,0,liberal
42267923,3442,"""pac probably lookin down at us from heaven, watchin the all eyez on me trailer thinkin """"lmao that man got a big ass head what is u doin""""""",0.6867158531650052,0.102376897799292,0.054054404602037,0.1568528444336657,aae,True,False,True,30.0,woman,{},1.0,black,5,1,4,5,4.5,1,conservative
92024956,1886,someone plz get this nigger some help. He's playing up like mad,0.3168683956993819,0.3716351209559311,0.0209914317763892,0.2905050515682976,hispanic,True,True,False,35.0,man,"pansexual, disabled",-1.0,black,5,5,5,5,5.0,1,liberal
67558416,1886,someone plz get this nigger some help. He's playing up like mad,0.3168683956993819,0.3716351209559311,0.0209914317763892,0.2905050515682976,hispanic,True,True,False,30.0,woman,Black,-1.0,black,5,3,4,4,4.0,1,liberal
92024956,313,How do I convince my parents that it's not ok to say nigger and they need to stop saying nigger?,0.2001971241300784,0.5056004782175547,0.0099112266629363,0.2842911709894305,hispanic,True,False,False,35.0,man,"pansexual, disabled, trans",-1.0,black,2,5,4,3,3.5,1,liberal
67558416,313,How do I convince my parents that it's not ok to say nigger and they need to stop saying nigger?,0.2001971241300784,0.5056004782175547,0.0099112266629363,0.2842911709894305,hispanic,True,False,False,30.0,woman,"Black, female",-1.0,black,1,1,1,2,1.5,0,liberal
49021087,1787,"Sly And The Family Stone - Don't Call Me Nigger, Whitey. I love that song!probs just cos it says nigger, I also love the word coon",0.1796699201269723,0.2739307264329362,0.0409500828638858,0.5054492705762056,white,True,True,False,25.0,man,{},-1.0,black,3,5,4,4,4.0,1,liberal
42267923,1787,"Sly And The Family Stone - Don't Call Me Nigger, Whitey. I love that song!probs just cos it says nigger, I also love the word coon",0.1796699201269723,0.2739307264329362,0.0409500828638858,0.5054492705762056,white,True,True,False,30.0,woman,{},1.0,black,1,3,5,5,5.0,1,conservative
92024956,1763,If a nigga is entertaining you well he aint mine SIMPLE. He belongs to the streets.. or zoo,0.4891402366216857,0.2420231285145082,0.0094443198016748,0.2593923150621313,aae,True,True,True,35.0,man,"pansexual, disabled, trans",-1.0,black,1,1,4,1,2.5,0,liberal
67558416,1739,You are white and should not mix with nigger scum,0.1391826341173759,0.2897874474808259,0.0288733415837026,0.5421565768180955,white,True,True,False,30.0,woman,"Black, female",-1.0,black,5,5,5,5,5.0,1,liberal
42267923,1739,You are white and should not mix with nigger scum,0.1391826341173759,0.2897874474808259,0.0288733415837026,0.5421565768180955,white,True,True,False,30.0,woman,{},1.0,black,5,5,5,5,5.0,1,conservative
67558416,2145,This nigga TJ sat in prison with me for two years for some shit he aint even do... and for some shit he told me not to do.,0.5350718153135247,0.1867829648652978,0.0060726007672137,0.2720726190539638,aae,True,True,True,30.0,woman,"Black, female",-1.0,black,2,2,1,1,1.0,0,liberal
32992109,2145,This nigga TJ sat in prison with me for two years for some shit he aint even do... and for some shit he told me not to do.,0.5350718153135247,0.1867829648652978,0.0060726007672137,0.2720726190539638,aae,True,True,True,25.0,man,,-1.0,black,1,1,1,1,1.0,0,liberal
49021087,2185,"Her vanity is seriously out of control. And sharing London is the best city in the world? If she likes it so much then why doesnt she MOVE THERE! Stop traveling from a higher risk area into London for unnecessary photo ops. Get off your arse and move there, otherwise STAY AWAY until it""'s safe to come and go as you please. or just fuck off back to africa where other niggers like you can be weird together",0.1159084170291341,0.2285037838630224,0.0170756532732938,0.6385121458345494,white,True,True,False,25.0,man,{},-1.0,black,5,5,5,5,5.0,1,liberal
42267923,2185,"Her vanity is seriously out of control. And sharing London is the best city in the world? If she likes it so much then why doesnt she MOVE THERE! Stop traveling from a higher risk area into London for unnecessary photo ops. Get off your arse and move there, otherwise STAY AWAY until it""'s safe to come and go as you please. or just fuck off back to africa where other niggers like you can be weird together",0.1159084170291341,0.2285037838630224,0.0170756532732938,0.6385121458345494,white,True,True,False,30.0,woman,{},1.0,black,5,5,5,5,5.0,1,conservative
35379134,1854,this is a goddess on a throne with a nigger at her feet,0.3071867712758378,0.2834496631806631,0.0409734846090224,0.3683900809344766,white,True,True,False,30.0,man,{},-1.0,black,5,5,5,5,5.0,1,liberal
42267923,1854,this is a goddess on a throne with a nigger at her feet,0.3071867712758378,0.2834496631806631,0.0409734846090224,0.3683900809344766,white,True,True,False,30.0,woman,{},1.0,black,5,5,5,5,5.0,1,conservative
35379134,3437,Can y'all stop putn lil 3-4 months old babies in them lil dumb ass umbrella strollers :face_with_rolling_eyes::face_with_rolling_eyes: yall erks me :unamused:,0.7995914872769952,0.0916141144600727,0.0106870894919123,0.0981073087710195,aae,True,False,True,30.0,man,{},-1.0,black,3,1,2,2,2.0,0,liberal
42267923,3437,Can y'all stop putn lil 3-4 months old babies in them lil dumb ass umbrella strollers :face_with_rolling_eyes::face_with_rolling_eyes: yall erks me :unamused:,0.7995914872769952,0.0916141144600727,0.0106870894919123,0.0981073087710195,aae,True,False,True,30.0,woman,{},1.0,black,5,1,4,4,4.0,1,conservative
49021087,3062,When I'm doing good niggas wanna hate. That's why I only got myself. The rest don't give a f:moneybag:ck I grind for better not for the same result:100:,0.3242852352555249,0.3356995801623142,0.0025762927141438,0.3374388918680169,white,True,False,False,25.0,man,{},-1.0,black,1,1,2,1,1.5,0,liberal
67558416,3062,When I'm doing good niggas wanna hate. That's why I only got myself. The rest don't give a f:moneybag:ck I grind for better not for the same result:100:,0.3242852352555249,0.3356995801623142,0.0025762927141438,0.3374388918680169,white,True,False,False,30.0,woman,"Black, female",-1.0,black,4,3,4,4,4.0,1,liberal
92024956,2212,"this is a nigger thing to say, keep sucking black cock",0.3775627930520454,0.2764028477016737,0.0357225778173704,0.3103117814289105,aae,True,True,True,35.0,man,"pansexual, disabled",-1.0,black,5,5,5,5,5.0,1,liberal
42267923,2212,"this is a nigger thing to say, keep sucking black cock",0.3775627930520454,0.2764028477016737,0.0357225778173704,0.3103117814289105,aae,True,True,True,30.0,woman,{},1.0,black,5,5,5,5,5.0,1,conservative
42267923,4133,You a nigga fucked ip if he wake up with his socks on and one earring in:sob:,0.4039651091638933,0.2546258815682618,0.0553125886970182,0.2860964205708265,aae,True,False,True,30.0,woman,{},1.0,black,5,5,5,5,5.0,1,conservative
67558416,2207,"And yet people still think its OK to call grown ass niggers, ""african americans"".",0.5251190808195011,0.1594358865915353,0.1301182926658005,0.1853267399231629,aae,True,True,True,30.0,woman,"Black, female",-1.0,black,5,5,5,5,5.0,1,liberal
42267923,2207,"And yet people still think its OK to call grown ass niggers, ""african americans"".",0.5251190808195011,0.1594358865915353,0.1301182926658005,0.1853267399231629,aae,True,True,True,30.0,woman,{},1.0,black,1,4,5,5,5.0,1,conservative
92024956,415,"I live in a pretty slummy area of Winnipeg, Manitoba, and it's disgusting here how prejudicious and racist people are. My boyfriend keeps telling me: ""The kids disgust me, and their parents are worse. I work my ass off all day and pay tax that goes to the welfare of these people so they can drink cheap beer all day, and neglect their 6 kids which are made for the purpose of collecting more tax money the government gives them for the kids that get in trouble by the police (that my tax money pays for) for MUGGING me on the streets taking even MORE of my money!"" He can be such a dick",0.1698831581736178,0.2004497215655004,0.022187177566681,0.6074799426942008,white,True,False,False,35.0,man,"pansexual, disabled, trans",-1.0,black,1,3,4,4,4.0,1,liberal
35379134,3409,me: im gonna try im@s again maybe the ugly ass art style will grow on me im@s: takes 20 hours to download me: :upside__down_face:,0.3365032116512982,0.3301902556576283,0.1182378086470433,0.2150687240440301,aae,True,False,True,30.0,man,{},-1.0,black,5,1,2,3,2.5,0,liberal
32992109,3457,Niggas rather be known and broke instead of low-key and getting chicken,0.4349790585729565,0.233652905245331,0.0043964118021827,0.3269716243795296,aae,True,False,True,25.0,man,,-1.0,black,1,1,2,1,1.5,0,liberal
67558416,1788,& you best believe im never marrying a dirty nigga no matter how rich he might be. Not happenning!,0.4946498087861116,0.2708948811412449,0.0176112136275792,0.2168440964450642,aae,True,True,True,30.0,woman,"Black, female",-1.0,black,5,5,5,4,4.5,1,liberal
42267923,1788,& you best believe im never marrying a dirty nigga no matter how rich he might be. Not happenning!,0.4946498087861116,0.2708948811412449,0.0176112136275792,0.2168440964450642,aae,True,True,True,30.0,woman,{},1.0,black,5,5,5,5,5.0,1,conservative
35379134,3893,know them niggas lookin so you know they gon hate :smiling_imp:,0.6497867762841375,0.2151081527475622,0.0113528999585234,0.1237521710097767,aae,True,False,True,30.0,man,{},-1.0,black,1,1,3,1,2.0,0,liberal
49021087,304,"My mom yelled at me and called me a ""nigger lover"" when I told her that I oppose racism, what can I do?",0.198152018737393,0.4309919111007748,0.0571038827869353,0.3137521873748967,hispanic,True,False,False,25.0,man,{},-1.0,black,2,2,2,2,2.0,0,liberal
35379134,304,"My mom yelled at me and called me a ""nigger lover"" when I told her that I oppose racism, what can I do?",0.198152018737393,0.4309919111007748,0.0571038827869353,0.3137521873748967,hispanic,True,False,False,30.0,man,{},-1.0,black,1,1,2,2,2.0,0,liberal
92024956,2213,FUCKING NIGGERS!,0.3016974727927064,0.3809644361123414,0.1236990655158041,0.1936390255791481,hispanic,True,True,False,35.0,man,"pansexual, disabled, trans",-1.0,black,5,5,5,5,5.0,1,liberal
35379134,2213,FUCKING NIGGERS!,0.3016974727927064,0.3809644361123414,0.1236990655158041,0.1936390255791481,hispanic,True,True,False,30.0,man,{},-1.0,black,5,5,5,5,5.0,1,liberal
42267923,1396,The real problem is defiantly with modern women. Any woman born after the 80s is a fucking bitch,0.1685138695728528,0.2055677159776072,0.016114203999276,0.6098042104502638,white,True,False,False,30.0,woman,{},1.0,black,5,1,5,5,5.0,1,conservative
42267923,2220,"I saw that fucking shitbag standing in the dark, the coward ran away, surprised I could see the nigger in the dark",0.1018164611422163,0.2648071808719053,0.0171046947313098,0.6162716632545684,white,True,True,False,30.0,woman,{},1.0,black,5,5,5,5,5.0,1,conservative
42267923,1757,"Seeing niggas getting sent back home to the damn hellholes they came from is my true oxygen, I live for it",0.3525368895336477,0.2923504683077376,0.0057627930844275,0.349349849074187,aae,True,True,True,30.0,woman,{},1.0,black,5,5,5,5,5.0,1,conservative
92024956,324,"Hey Bad Boy come ride with me my nigga, car super clean, one two or three screens, watch a nigga be, to the left I lean",0.3583350433476831,0.2329687364657758,0.0141989222204705,0.3944972979660706,white,True,False,False,35.0,man,"pansexual, disabled",-1.0,black,1,1,4,1,2.5,0,liberal
42267923,324,"Hey Bad Boy come ride with me my nigga, car super clean, one two or three screens, watch a nigga be, to the left I lean",0.3583350433476831,0.2329687364657758,0.0141989222204705,0.3944972979660706,white,True,False,False,30.0,woman,{},1.0,black,4,5,5,5,5.0,1,conservative
42267923,729,Fuck it y'all do what y'all want but once this sub go down ik me and my niggas got her shit and we got her private messages that nobody else got,0.7582009695384657,0.1465964687364825,0.0025198812599814,0.0926826804650701,aae,True,False,True,30.0,woman,{},1.0,black,5,5,5,5,5.0,1,conservative
42267923,4077,Once you let me in it imma get the switching different positions having that ass wishing that I was your nigga,0.4541528294658677,0.2746509141420244,0.0017476947442094,0.2694485616478983,aae,True,False,True,30.0,woman,{},1.0,black,3,3,4,3,3.5,1,conservative
92024956,655,Chamwich you can make your own fucking sandwich lazy arsed bitch,0.1707302257741592,0.5374468000813504,0.0433530450844143,0.2484699290600761,hispanic,True,False,False,35.0,man,"pansexual, disabled, trans",-1.0,black,5,1,5,5,5.0,1,liberal
43606178,3505,I'm about to turn my read receipts back on. Mfs keep hollin I know you got my text. Yep & I'm going to let you know I did :relaxed:,0.48708475900372,0.2216685731985578,0.0092134704610785,0.2820331973366434,aae,False,False,True,30.0,man,,-0.5,black,5,1,3,4,3.5,1,liberal
24252197,3522,"I'm a thumbs up, pissed off when you (of all over my time where Rocky stepped right type of what they full of heat seekers",0.4002034101608759,0.2248294951401215,0.026145101139175,0.3488219935598274,aae,False,False,True,30.0,man,{},-0.5,black,1,1,1,1,1.0,0,liberal
34083197,3522,"I'm a thumbs up, pissed off when you (of all over my time where Rocky stepped right type of what they full of heat seekers",0.4002034101608759,0.2248294951401215,0.026145101139175,0.3488219935598274,aae,False,False,True,30.0,man,{},-0.5,white,1,1,1,1,1.0,0,liberal
43606178,3396,I cant stand that Jamie all through this not 1 person has mentioned the bird hes with get ova it leave @dan_edgar1 alone. Ur ex bird cheated,0.3869427557282501,0.2881409422049943,0.0126677269831295,0.3122485750836259,aae,False,False,True,30.0,man,,-0.5,black,5,1,4,4,4.0,1,liberal
24252197,3396,I cant stand that Jamie all through this not 1 person has mentioned the bird hes with get ova it leave @dan_edgar1 alone. Ur ex bird cheated,0.3869427557282501,0.2881409422049943,0.0126677269831295,0.3122485750836259,aae,False,False,True,30.0,man,{},-0.5,black,2,1,2,2,2.0,0,liberal
24252197,3395,I just try to be nice to people and share my positive spirit but some mfs gon start seeing my mean side & it's a whole diff story:neutral_face:,0.3996192980851087,0.268394940068315,0.0020774617851853,0.3299083000613909,aae,False,False,True,30.0,man,{},-0.5,black,1,1,2,1,1.5,0,liberal
34083197,3395,I just try to be nice to people and share my positive spirit but some mfs gon start seeing my mean side & it's a whole diff story:neutral_face:,0.3996192980851087,0.268394940068315,0.0020774617851853,0.3299083000613909,aae,False,False,True,30.0,man,{},-0.5,white,2,1,2,2,2.0,0,liberal
34083197,3276,All I see down my time line on Facebook errday is perks! And it's even hella hypes 2day down my time line smh lookin fa perks,0.4874032889352914,0.2792535463685212,0.0118534528446784,0.2214897118515089,aae,False,False,True,30.0,man,{},-0.5,white,1,1,1,1,1.0,0,liberal
5701760,3276,All I see down my time line on Facebook errday is perks! And it's even hella hypes 2day down my time line smh lookin fa perks,0.4874032889352914,0.2792535463685212,0.0118534528446784,0.2214897118515089,aae,False,False,True,60.0,woman,{},0.0,black,1,1,1,1,1.0,0,neutral
24252197,3380,"{@ClonedDeviant} « probably would have done the same for Darrien if he /had/ a grave, but that wasn't what was bothering her so »",0.4104127223188308,0.2480359277792623,0.091208757118812,0.2503425927830948,aae,False,False,True,30.0,man,{},-0.5,black,1,1,1,1,1.0,0,liberal
34083197,3380,"{@ClonedDeviant} « probably would have done the same for Darrien if he /had/ a grave, but that wasn't what was bothering her so »",0.4104127223188308,0.2480359277792623,0.091208757118812,0.2503425927830948,aae,False,False,True,30.0,man,{},-0.5,white,1,1,1,1,1.0,0,liberal
24252197,3295,Real men go to the nail salon w their girlfriends just to keep company :slightly_smiling_face: @Scruzzerrrr #raybelaintreal,0.3803653080937795,0.2529363785925741,0.0316971319789509,0.3350011813346954,aae,False,False,True,30.0,man,{},-0.5,black,1,1,1,1,1.0,0,liberal
34083197,3295,Real men go to the nail salon w their girlfriends just to keep company :slightly_smiling_face: @Scruzzerrrr #raybelaintreal,0.3803653080937795,0.2529363785925741,0.0316971319789509,0.3350011813346954,aae,False,False,True,30.0,man,{},-0.5,white,1,1,1,1,1.0,0,liberal
24252197,3517,Idk why ppl think I am fuckwitable but...I'm not lol it's tew bad.,0.4391997317323063,0.3368919870635384,0.0090133351000699,0.2148949461040851,aae,False,False,True,30.0,man,{},-0.5,black,1,1,1,1,1.0,0,liberal
34083197,3517,Idk why ppl think I am fuckwitable but...I'm not lol it's tew bad.,0.4391997317323063,0.3368919870635384,0.0090133351000699,0.2148949461040851,aae,False,False,True,30.0,man,{},-0.5,white,1,1,1,1,1.0,0,liberal
24252197,3649,Called my mom cause I fucked my gravy on my chicken fried steak and I needed her advice to help me fix it...,0.4233398044784333,0.2762507376522695,0.0040517642969948,0.2963576935723022,aae,True,False,True,30.0,man,{},-0.5,black,1,1,1,1,1.0,0,liberal
34083197,3649,Called my mom cause I fucked my gravy on my chicken fried steak and I needed her advice to help me fix it...,0.4233398044784333,0.2762507376522695,0.0040517642969948,0.2963576935723022,aae,True,False,True,30.0,man,{},-0.5,white,1,1,1,1,1.0,0,liberal
43606178,3430,Stg if any of my friends said some hurtful shit to me about my personal life 1) we not friends anymore & 2) you getting smacked,0.4148992785114149,0.2351957471038013,0.0617299524998223,0.2881750218849613,aae,True,False,True,30.0,man,,-0.5,black,5,1,5,4,4.5,1,liberal
24252197,3430,Stg if any of my friends said some hurtful shit to me about my personal life 1) we not friends anymore & 2) you getting smacked,0.4148992785114149,0.2351957471038013,0.0617299524998223,0.2881750218849613,aae,True,False,True,30.0,man,{},-0.5,black,1,1,1,1,1.0,0,liberal
24252197,3534,"That Ben & Jerry money ain't going to black communities, black schools, black centers, black churches, black Nonprofits lol",0.5340853787059551,0.1350479253612253,0.1809330716511594,0.14993362428166,aae,False,False,True,30.0,man,{},-0.5,black,1,1,1,1,1.0,0,liberal
24273617,3534,"That Ben & Jerry money ain't going to black communities, black schools, black centers, black churches, black Nonprofits lol",0.5340853787059551,0.1350479253612253,0.1809330716511594,0.14993362428166,aae,False,False,True,65.0,woman,Racial,-0.5,black,5,5,5,5,5.0,1,liberal
24252197,3540,Dnt yhu hate it wen youz babe go to sleep on yhu without lettin uk cx ik tht piss mhe tf off:rage::rage::rage::pensive::pensive:,0.7351341205497529,0.1785142129544253,0.0128112949515696,0.0735403715442519,aae,False,False,True,30.0,man,{},-0.5,black,1,1,1,1,1.0,0,liberal
43606178,3359,boy i've never been in a fight before but i fr just wanted to start one w some hartshorne kids at subway,0.3949098067123059,0.2569607409392223,0.0106248645844129,0.3375045877640589,aae,False,False,True,30.0,man,,-0.5,black,2,1,3,4,3.5,1,liberal
43606178,3300,"Surely they to themselves are foes, who 'gainst My Words Rebel: And they who My Instructions hate, Do Count The Road To Hell. Selah..._",0.3700959368510465,0.2436832221257389,0.0618871909910204,0.3243336500321941,aae,False,False,True,30.0,man,,-0.5,black,1,1,1,1,1.0,0,liberal
24252197,3300,"Surely they to themselves are foes, who 'gainst My Words Rebel: And they who My Instructions hate, Do Count The Road To Hell. Selah..._",0.3700959368510465,0.2436832221257389,0.0618871909910204,0.3243336500321941,aae,False,False,True,30.0,man,{},-0.5,black,1,1,1,1,1.0,0,liberal
24252197,3693,This uniform can come off and y'all can get fucked up.,0.4693508988763565,0.2545168646777196,0.0046287339881299,0.2715035024577938,aae,True,False,True,30.0,man,{},-0.5,black,1,1,2,1,1.5,0,liberal
34083197,3693,This uniform can come off and y'all can get fucked up.,0.4693508988763565,0.2545168646777196,0.0046287339881299,0.2715035024577938,aae,True,False,True,30.0,man,{},-0.5,white,5,1,5,5,5.0,1,liberal
24252197,3254,ain't no problem in cutting ppl off. save that space for somebody who'll benefit from u and vice versa,0.6824664313485334,0.1242198153949451,0.0209382584617723,0.1723754947947491,aae,False,False,True,30.0,man,{},-0.5,black,1,1,1,1,1.0,0,liberal
34083197,3254,ain't no problem in cutting ppl off. save that space for somebody who'll benefit from u and vice versa,0.6824664313485334,0.1242198153949451,0.0209382584617723,0.1723754947947491,aae,False,False,True,30.0,man,{},-0.5,white,1,1,1,1,1.0,0,liberal
43606178,3284,"'We ll have two diff ways after about 2 yrs'-she whispered. Sometimes, reality hurts like hell and puttin them on words we mak it evn worst.",0.4252652864758211,0.1569354221563584,0.0333039390316489,0.3844953523361715,aae,False,False,True,30.0,man,,-0.5,black,1,1,1,1,1.0,0,liberal
24252197,3284,"'We ll have two diff ways after about 2 yrs'-she whispered. Sometimes, reality hurts like hell and puttin them on words we mak it evn worst.",0.4252652864758211,0.1569354221563584,0.0333039390316489,0.3844953523361715,aae,False,False,True,30.0,man,{},-0.5,black,1,1,1,1,1.0,0,liberal
24252197,3536,Shut your BLOODCLART mouth not every country a promote gays like di UK dem have a small smutty mind can't cook an everyting bout dem DEAD,0.5399944285915786,0.1121568364183745,0.06055075437591,0.2872979806141368,aae,False,False,True,30.0,man,{},-0.5,black,5,1,5,5,5.0,1,liberal
34083197,3536,Shut your BLOODCLART mouth not every country a promote gays like di UK dem have a small smutty mind can't cook an everyting bout dem DEAD,0.5399944285915786,0.1121568364183745,0.06055075437591,0.2872979806141368,aae,False,False,True,30.0,man,{},-0.5,white,5,1,5,5,5.0,1,liberal
43606178,3521,"F*ck off Arsene, get out and @Arsenal @PUMA@GatoradeUK @CitroenUK @CooperTire @Europcar @IndesitUK@Vitality_UK #NoNewContract #WengerOut",0.3638871120944953,0.184079008122954,0.2154598447950299,0.2365740349875205,aae,False,False,True,30.0,man,,-0.5,black,5,1,5,4,4.5,1,liberal
24252197,3521,"F*ck off Arsene, get out and @Arsenal @PUMA@GatoradeUK @CitroenUK @CooperTire @Europcar @IndesitUK@Vitality_UK #NoNewContract #WengerOut",0.3638871120944953,0.184079008122954,0.2154598447950299,0.2365740349875205,aae,False,False,True,30.0,man,{},-0.5,black,1,1,1,1,1.0,0,liberal
43606178,3385,"""When I go on Maury, I want all my friend me cutting up saying """"Dass right sis, he know he that baby papi, yup,he lying, he know it"""" :joy::joy::joy::woman_shrugging_medium-dark_skin_tone:""",0.5960761655951201,0.2133725189560814,0.1066562600295774,0.0838950554192212,aae,False,False,True,30.0,man,,-0.5,black,1,1,3,2,2.5,0,liberal
24252197,3385,"""When I go on Maury, I want all my friend me cutting up saying """"Dass right sis, he know he that baby papi, yup,he lying, he know it"""" :joy::joy::joy::woman_shrugging_medium-dark_skin_tone:""",0.5960761655951201,0.2133725189560814,0.1066562600295774,0.0838950554192212,aae,False,False,True,30.0,man,{},-0.5,black,1,1,1,1,1.0,0,liberal
43606178,3481,Y THESE BITCHES ACTIN LIKE I AINT NEVA BREEZE PAST EM!!!!,0.7800198196264161,0.0804372708824511,0.0805270578522702,0.0590158516388625,aae,True,False,True,30.0,man,,-0.5,black,4,1,3,4,3.5,1,liberal
34083197,3481,Y THESE BITCHES ACTIN LIKE I AINT NEVA BREEZE PAST EM!!!!,0.7800198196264161,0.0804372708824511,0.0805270578522702,0.0590158516388625,aae,True,False,True,30.0,man,{},-0.5,white,2,1,3,1,2.0,0,liberal
43606178,3294,"No sleep, no rest, so I'm feeling like I ain't blessed. It's true I got more than most but I'm caged up like the rest",0.3390011084289957,0.3089462864580206,0.0166178314564426,0.3354347736565409,aae,False,False,True,30.0,man,,-0.5,black,1,1,2,1,1.5,0,liberal
34083197,3294,"No sleep, no rest, so I'm feeling like I ain't blessed. It's true I got more than most but I'm caged up like the rest",0.3390011084289957,0.3089462864580206,0.0166178314564426,0.3354347736565409,aae,False,False,True,30.0,man,{},-0.5,white,1,1,1,1,1.0,0,liberal
43606178,3665,when people discuss death note with me they try to discuss how much they love L and I'm like oh gosh no im fucking with Light hunni,0.3474180003308232,0.2739537691790773,0.0332607531293358,0.3453674773607635,aae,True,False,True,30.0,man,,-0.5,black,2,1,1,1,1.0,0,liberal
24252197,3665,when people discuss death note with me they try to discuss how much they love L and I'm like oh gosh no im fucking with Light hunni,0.3474180003308232,0.2739537691790773,0.0332607531293358,0.3453674773607635,aae,True,False,True,30.0,man,{},-0.5,black,1,1,1,1,1.0,0,liberal
43606178,3676,Man say @MilaJ just fucked my head up with this #mixtape :princess_medium-dark_skin_tone: stop sleeping on ma,0.6146001702444963,0.2180002410941863,0.0139175199953631,0.1534820686659542,aae,True,False,True,30.0,man,,-0.5,black,1,1,1,1,1.0,0,liberal
34083197,3676,Man say @MilaJ just fucked my head up with this #mixtape :princess_medium-dark_skin_tone: stop sleeping on ma,0.6146001702444963,0.2180002410941863,0.0139175199953631,0.1534820686659542,aae,True,False,True,30.0,man,{},-0.5,white,1,1,1,1,1.0,0,liberal
43606178,3239,"""Hey Daytin you know what the old saying is """"if you don't beat it join it"""" congrats on hiring a VCU insider @DavidPJablonski""",0.3543060329982877,0.1942901676546506,0.1518780302031026,0.2995257691439591,aae,False,False,True,30.0,man,,-0.5,black,1,1,1,1,1.0,0,liberal
24252197,3239,"""Hey Daytin you know what the old saying is """"if you don't beat it join it"""" congrats on hiring a VCU insider @DavidPJablonski""",0.3543060329982877,0.1942901676546506,0.1518780302031026,0.2995257691439591,aae,False,False,True,30.0,man,{},-0.5,black,1,1,1,1,1.0,0,liberal
24252197,3765,"All I look for in a man is to make me laugh, b loyal, get that $, smoke with me and make me cum. It's so simple.",0.4244891668509146,0.2960308130034144,0.0294804822828879,0.249999537862783,aae,True,False,True,30.0,man,{},-0.5,black,1,1,1,1,1.0,0,liberal
34083197,3765,"All I look for in a man is to make me laugh, b loyal, get that $, smoke with me and make me cum. It's so simple.",0.4244891668509146,0.2960308130034144,0.0294804822828879,0.249999537862783,aae,True,False,True,30.0,man,{},-0.5,white,1,1,1,1,1.0,0,liberal
43606178,3545,Kevin hart was stupid as hell in think like a man 1,0.4219733657289609,0.2596774499250363,0.0540703076356493,0.2642788767103536,aae,False,False,True,30.0,man,,-0.5,black,4,1,1,2,1.5,0,liberal
24252197,3545,Kevin hart was stupid as hell in think like a man 1,0.4219733657289609,0.2596774499250363,0.0540703076356493,0.2642788767103536,aae,False,False,True,30.0,man,{},-0.5,black,1,1,1,1,1.0,0,liberal
43606178,3562,Sometimes I'll cut a jawn off just for being so damn stupid,0.4205861156664217,0.3045195564136712,0.0042411393954819,0.2706531885244252,aae,False,False,True,30.0,man,,-0.5,black,5,1,3,4,3.5,1,liberal
41088410,3562,Sometimes I'll cut a jawn off just for being so damn stupid,0.4205861156664217,0.3045195564136712,0.0042411393954819,0.2706531885244252,aae,False,False,True,30.0,woman,{},-0.5,black,1,1,1,1,1.0,0,liberal
24252197,3560,I'm sick of @JoeBudden not answering my damn questions :joy::joy::joy:,0.3939201459668727,0.2945664128689373,0.0185464677651399,0.2929669733990499,aae,False,False,True,30.0,man,{},-0.5,black,1,1,1,1,1.0,0,liberal
34083197,3560,I'm sick of @JoeBudden not answering my damn questions :joy::joy::joy:,0.3939201459668727,0.2945664128689373,0.0185464677651399,0.2929669733990499,aae,False,False,True,30.0,man,{},-0.5,white,1,1,1,1,1.0,0,liberal
24252197,3389,"trip stop bein a nob, wat r u like, 5 or smth we aint at nursery also say please dnt forget ur manners",0.6054183040803925,0.1222965767323693,0.0702512138323273,0.2020339053549106,aae,False,False,True,30.0,man,{},-0.5,black,1,1,3,1,2.0,0,liberal
24252197,3570,if someone trust you and send you nudes.. why expose them like that just because y'all fall out. that's FUCKED up!:100::middle_finger_medium-dark_skin_tone:,0.3958403563990521,0.3623315393852707,0.0084216019916655,0.2334065022240116,aae,True,False,True,30.0,man,{},-0.5,black,1,1,1,1,1.0,0,liberal
43606178,3550,No clout. I WONT GIVE A RAT NO FAME I WON'T GIVE A RAT NO CLOUT. Why you throwing stones at houses? Have u got a bullet proof house? Nah,0.5436475175486787,0.2167613249044584,0.0223972911485684,0.2171938663982943,aae,False,False,True,30.0,man,,-0.5,black,5,1,4,4,4.0,1,liberal
24252197,3550,No clout. I WONT GIVE A RAT NO FAME I WON'T GIVE A RAT NO CLOUT. Why you throwing stones at houses? Have u got a bullet proof house? Nah,0.5436475175486787,0.2167613249044584,0.0223972911485684,0.2171938663982943,aae,False,False,True,30.0,man,{},-0.5,black,4,1,4,4,4.0,1,liberal
24252197,3531,Some of y'all lives don't even be bad..y'all jus either ungrateful or just don't know how to put things in perspective,0.4861693146111653,0.2201627007844973,0.0018690737327521,0.2917989108715852,aae,False,False,True,30.0,man,{},-0.5,black,1,1,1,1,1.0,0,liberal
21709804,3531,Some of y'all lives don't even be bad..y'all jus either ungrateful or just don't know how to put things in perspective,0.4861693146111653,0.2201627007844973,0.0018690737327521,0.2917989108715852,aae,False,False,True,25.0,man,{},0.5,black,1,1,1,1,1.0,0,conservative
43606178,3533,I hate this damn job. But who gon supply me my Chick Fil A and drumkits if I quit? Not a damn soul. :joy:,0.4549385900739695,0.2686947179375319,0.0096366822626815,0.266730009725817,aae,False,False,True,30.0,man,,-0.5,black,3,1,3,2,2.5,0,liberal
24252197,3533,I hate this damn job. But who gon supply me my Chick Fil A and drumkits if I quit? Not a damn soul. :joy:,0.4549385900739695,0.2686947179375319,0.0096366822626815,0.266730009725817,aae,False,False,True,30.0,man,{},-0.5,black,1,1,1,1,1.0,0,liberal
24252197,3399,cree gets on my nerves cause she be putting gas in my car but i love her cause she be putting gas in my car lol :sob:,0.4662014931540563,0.3232520110229059,0.0293040677631995,0.1812424280598382,aae,False,False,True,30.0,man,{},-0.5,black,1,1,1,1,1.0,0,liberal
34083197,3399,cree gets on my nerves cause she be putting gas in my car but i love her cause she be putting gas in my car lol :sob:,0.4662014931540563,0.3232520110229059,0.0293040677631995,0.1812424280598382,aae,False,False,True,35.0,man,{},0.0,white,1,1,1,1,1.0,0,neutral
43606178,3508,done got so mad damn ears done silenced everything around me :rage:,0.4187242456088384,0.2903310393430139,0.0062078726483698,0.2847368423997779,aae,False,False,True,30.0,man,,-0.5,black,1,1,1,1,1.0,0,liberal
24252197,3508,done got so mad damn ears done silenced everything around me :rage:,0.4187242456088384,0.2903310393430139,0.0062078726483698,0.2847368423997779,aae,False,False,True,30.0,man,{},-0.5,black,1,1,1,1,1.0,0,liberal
24252197,3240,i just can't record or take a picture of myself crying :skull: like hell nah . . ion know how you fees do it :woman_shrugging_medium-dark_skin_tone:,0.3485976157893584,0.3226762186219372,0.0133066581714322,0.3154195074172722,aae,False,False,True,30.0,man,{},-0.5,black,1,1,2,1,1.5,0,liberal
34083197,3240,i just can't record or take a picture of myself crying :skull: like hell nah . . ion know how you fees do it :woman_shrugging_medium-dark_skin_tone:,0.3485976157893584,0.3226762186219372,0.0133066581714322,0.3154195074172722,aae,False,False,True,30.0,man,{},-0.5,white,1,1,1,1,1.0,0,liberal
24252197,3233,He killed me when he said it was over .. Now I'm in the middle of nowhere And got no space to breath,0.3994979728405418,0.2652119915119574,0.0081782234439207,0.3271118122035799,aae,False,False,True,30.0,man,{},-0.5,black,1,1,1,1,1.0,0,liberal
34083197,3233,He killed me when he said it was over .. Now I'm in the middle of nowhere And got no space to breath,0.3994979728405418,0.2652119915119574,0.0081782234439207,0.3271118122035799,aae,False,False,True,30.0,man,{},-0.5,white,1,1,1,1,1.0,0,liberal
43606178,3420,I'm too broke to buy anything angry... Hot heads ain't sexy. Calling names ain't sexy.. How would a queen address problems? Not wit anger,0.5574483530553173,0.2331914863311188,0.01412960521562,0.1952305553979438,aae,True,False,True,30.0,man,,-0.5,black,1,1,2,1,1.5,0,liberal
24252197,3420,I'm too broke to buy anything angry... Hot heads ain't sexy. Calling names ain't sexy.. How would a queen address problems? Not wit anger,0.5574483530553173,0.2331914863311188,0.01412960521562,0.1952305553979438,aae,True,False,True,30.0,man,{},-0.5,black,1,1,1,1,1.0,0,liberal
24252197,3468,Bitches get mad when you get the attention they want,0.5421555675573737,0.2808086308306932,0.0001693475241897,0.1768664540877433,aae,True,False,True,30.0,man,{},-0.5,black,3,1,4,3,3.5,1,liberal
34083197,3468,Bitches get mad when you get the attention they want,0.5421555675573737,0.2808086308306932,0.0001693475241897,0.1768664540877433,aae,True,False,True,30.0,man,{},-0.5,white,1,1,1,1,1.0,0,liberal
24252197,3390,:100:@AleFernandezRoa:point_right:follow:point_right:@priscila_doII:100:@przuppo :100:@jet_new:100:@oda_f :100:@oce2005:100:@shoteck:100:@william_1713 :100:@faisal_khan4:100:@patyie66:100:@JHMO23:100:@gkc2073,0.9762323007298906,0.0063847069004933,0.0151182549570825,0.0022647374125334,aae,False,False,True,30.0,man,{},-0.5,black,1,1,1,1,1.0,0,liberal
34083197,3390,:100:@AleFernandezRoa:point_right:follow:point_right:@priscila_doII:100:@przuppo :100:@jet_new:100:@oda_f :100:@oce2005:100:@shoteck:100:@william_1713 :100:@faisal_khan4:100:@patyie66:100:@JHMO23:100:@gkc2073,0.9762323007298906,0.0063847069004933,0.0151182549570825,0.0022647374125334,aae,False,False,True,30.0,man,{},-0.5,white,1,1,1,1,1.0,0,liberal
43606178,3502,That's on my whole life with you) Lil mama bust a sexual thing Can u know our time is really precious And u get with you),0.4485546023254173,0.1788725614133538,0.0575877327366098,0.3149851035246192,aae,False,False,True,30.0,man,,-0.5,black,2,1,1,1,1.0,0,liberal
34083197,3502,That's on my whole life with you) Lil mama bust a sexual thing Can u know our time is really precious And u get with you),0.4485546023254173,0.1788725614133538,0.0575877327366098,0.3149851035246192,aae,False,False,True,30.0,man,{},-0.5,white,1,1,2,2,2.0,0,liberal
24252197,3345,Thought about putting my phone on dnd but my phone stays dry regardless so:sleeping::joy:gotta babysit in a couple house so goodnight/morning:sunflower:,0.4008666257288995,0.2590378918249487,0.0322669791908624,0.3078285032552893,aae,False,False,True,30.0,man,{},-0.5,black,1,1,1,1,1.0,0,liberal
34083197,3345,Thought about putting my phone on dnd but my phone stays dry regardless so:sleeping::joy:gotta babysit in a couple house so goodnight/morning:sunflower:,0.4008666257288995,0.2590378918249487,0.0322669791908624,0.3078285032552893,aae,False,False,True,30.0,man,{},-0.5,white,1,1,1,1,1.0,0,liberal
43606178,3473,Let Me Go By My Man Girl ; You Hoes Miserable On God :joy_cat::kissing_heart:,0.5529004582375102,0.2165471315009592,0.0106734926273231,0.2198789176342073,aae,True,False,True,30.0,man,,-0.5,black,4,1,4,5,4.5,1,liberal
24252197,3473,Let Me Go By My Man Girl ; You Hoes Miserable On God :joy_cat::kissing_heart:,0.5529004582375102,0.2165471315009592,0.0106734926273231,0.2198789176342073,aae,True,False,True,30.0,man,{},-0.5,black,1,1,2,1,1.5,0,liberal
24252197,4066,BITCH I MIGHT BE GOING TO ARIZONA IM FUCKING L I V I N G,0.4057778541579788,0.301533947223393,0.1641806900387495,0.1285075085798785,aae,True,False,True,30.0,man,{},-0.5,black,3,1,4,3,3.5,1,liberal
34083197,4066,BITCH I MIGHT BE GOING TO ARIZONA IM FUCKING L I V I N G,0.4057778541579788,0.301533947223393,0.1641806900387495,0.1285075085798785,aae,True,False,True,30.0,man,{},-0.5,white,1,1,1,1,1.0,0,liberal
43606178,3625,"And anybody that know me personally know i actually be tryna make this shit work with her,but shit just sad.",0.4027888573821707,0.3073906581402937,0.0049125143320355,0.2849079701454999,aae,True,False,True,30.0,man,,-0.5,black,5,1,4,3,3.5,1,liberal
24252197,3625,"And anybody that know me personally know i actually be tryna make this shit work with her,but shit just sad.",0.4027888573821707,0.3073906581402937,0.0049125143320355,0.2849079701454999,aae,True,False,True,30.0,man,{},-0.5,black,1,1,1,1,1.0,0,liberal
43606178,3768,A girl that looked like she worth the world to ya is around the corner getting fucked for a perk #Facts,0.4151443648102796,0.200692546215612,0.0144628302159706,0.3697002587581376,aae,True,False,True,30.0,man,,-0.5,black,5,1,5,5,5.0,1,liberal
24252197,3768,A girl that looked like she worth the world to ya is around the corner getting fucked for a perk #Facts,0.4151443648102796,0.200692546215612,0.0144628302159706,0.3697002587581376,aae,True,False,True,30.0,man,{},-0.5,black,5,1,5,5,5.0,1,liberal
43606178,4127,lings for a swinger I fucked I refuse to catch feelings for a swinger I fucked BITCH I REPEAT I REFUSE TO CATCH FEELINGS FOR THIS MF SWINGER,0.6507351088047756,0.1297481837571841,0.0134429253869552,0.2060737820510849,aae,True,False,True,30.0,man,,-0.5,black,2,1,3,4,3.5,1,liberal
24252197,4127,lings for a swinger I fucked I refuse to catch feelings for a swinger I fucked BITCH I REPEAT I REFUSE TO CATCH FEELINGS FOR THIS MF SWINGER,0.6507351088047756,0.1297481837571841,0.0134429253869552,0.2060737820510849,aae,True,False,True,30.0,man,{},-0.5,black,4,1,4,4,4.0,1,liberal
43606178,3657,They been doing that for years now. Cheerleading fucked my joints up,0.4394136543722673,0.2419572952712689,0.0045879968116869,0.3140410535447768,aae,True,False,True,30.0,man,,-0.5,black,1,1,1,1,1.0,0,liberal
34083197,3657,They been doing that for years now. Cheerleading fucked my joints up,0.4394136543722673,0.2419572952712689,0.0045879968116869,0.3140410535447768,aae,True,False,True,30.0,man,{},-0.5,white,1,1,1,1,1.0,0,liberal
24252197,3243,Aint none of them kids really MJ's man show me A true blood Jackson that don't look like all the rest of the Jacksons.it's like 1000 of em,0.5029642837100758,0.1961737839344746,0.011559622872801,0.2893023094826483,aae,False,False,True,30.0,man,{},-0.5,black,1,1,1,1,1.0,0,liberal
34083197,3243,Aint none of them kids really MJ's man show me A true blood Jackson that don't look like all the rest of the Jacksons.it's like 1000 of em,0.5029642837100758,0.1961737839344746,0.011559622872801,0.2893023094826483,aae,False,False,True,30.0,man,{},-0.5,white,1,1,1,1,1.0,0,liberal
24252197,3559,I hate when people cancel on me. Irks my damn soul.,0.3454439506538679,0.3387823735122762,0.0101589249898274,0.3056147508440283,aae,False,False,True,30.0,man,{},-0.5,black,1,1,1,1,1.0,0,liberal
34083197,3559,I hate when people cancel on me. Irks my damn soul.,0.3454439506538679,0.3387823735122762,0.0101589249898274,0.3056147508440283,aae,False,False,True,30.0,man,{},-0.5,white,1,1,1,1,1.0,0,liberal
24252197,3225,I was mesmerized by @sammangubat and kuys froilan mash up (say you wont let go & the man who can't be move ) ang galing nun bigayan nila!,0.4649783497096006,0.1772886389012189,0.2072596604655313,0.1504733509236489,aae,False,False,True,30.0,man,{},-0.5,black,1,1,1,1,1.0,0,liberal
34083197,3225,I was mesmerized by @sammangubat and kuys froilan mash up (say you wont let go & the man who can't be move ) ang galing nun bigayan nila!,0.4649783497096006,0.1772886389012189,0.2072596604655313,0.1504733509236489,aae,False,False,True,30.0,man,{},-0.5,white,1,1,1,1,1.0,0,liberal
43606178,3603,Fuck yesssss... I had this power man 5000 song in my head and it randomly came on!!!,0.3811355780873243,0.2399761001226487,0.0314771354944383,0.3474111862955886,aae,True,False,True,30.0,man,,-0.5,black,1,1,1,1,1.0,0,liberal
34083197,3603,Fuck yesssss... I had this power man 5000 song in my head and it randomly came on!!!,0.3811355780873243,0.2399761001226487,0.0314771354944383,0.3474111862955886,aae,True,False,True,30.0,man,{},-0.5,white,1,1,1,1,1.0,0,liberal
24252197,3205,When u put woozi.joshua.vernon&jun together u just can hear they breath.they talk nothing.they too silent ~~ :joy:,0.4236064112023791,0.3406251617101883,0.062359961846929,0.1734084652405035,aae,False,False,True,30.0,man,{},-0.5,black,1,1,1,1,1.0,0,liberal
34083197,3205,When u put woozi.joshua.vernon&jun together u just can hear they breath.they talk nothing.they too silent ~~ :joy:,0.4236064112023791,0.3406251617101883,0.062359961846929,0.1734084652405035,aae,False,False,True,30.0,man,{},-0.5,white,1,1,1,1,1.0,0,liberal
24252197,3563,"""I learned the """"bald head scaly wag..ain't got no hair in the back"""" chant from a group of black women..... this is just a fact.""",0.4170355280624217,0.1080719027826127,0.1891195500087214,0.285773019146244,aae,False,False,True,30.0,man,{},-0.5,black,1,1,2,1,1.5,0,liberal
43606178,3541,doesnt matter if straights r oppressed or not sayin u hate all of them even if you dont mean it is as bad as homophobes sayin they hate gays,0.3639027404000634,0.2934039359606999,0.0218306570566161,0.3208626665826206,aae,False,False,True,30.0,man,,-0.5,black,1,1,3,2,2.5,0,liberal
24252197,3541,doesnt matter if straights r oppressed or not sayin u hate all of them even if you dont mean it is as bad as homophobes sayin they hate gays,0.3639027404000634,0.2934039359606999,0.0218306570566161,0.3208626665826206,aae,False,False,True,30.0,man,{},-0.5,black,1,1,1,1,1.0,0,liberal
24252197,3321,SOMEBODY SET ME FREEEE @TheTideAustin @TheTideDrew @TheTideNate @TheTide @TheTideLevi #PutTheCuffsOnMe,0.644201931075259,0.1424049785619801,0.0218389694525681,0.1915541209101926,aae,False,False,True,30.0,man,{},-0.5,black,1,1,1,1,1.0,0,liberal
34083197,3321,SOMEBODY SET ME FREEEE @TheTideAustin @TheTideDrew @TheTideNate @TheTide @TheTideLevi #PutTheCuffsOnMe,0.644201931075259,0.1424049785619801,0.0218389694525681,0.1915541209101926,aae,False,False,True,30.0,man,{},-0.5,white,1,1,1,1,1.0,0,liberal
43606178,3567,"MJ: B*tch, better have my money. James: Wait, what??? Not Nadine, @mjfelipe :victory_hand_light_skin_tone::victory_hand_light_skin_tone::joy::joy::joy: #JaDineFearlessNotCareless",0.3181222376290007,0.1963679395246176,0.2995225154849185,0.1859873073614631,aae,False,False,True,30.0,man,,-0.5,black,3,1,3,4,3.5,1,liberal
24252197,3567,"MJ: B*tch, better have my money. James: Wait, what??? Not Nadine, @mjfelipe :victory_hand_light_skin_tone::victory_hand_light_skin_tone::joy::joy::joy: #JaDineFearlessNotCareless",0.3181222376290007,0.1963679395246176,0.2995225154849185,0.1859873073614631,aae,False,False,True,30.0,man,{},-0.5,black,1,1,2,1,1.5,0,liberal
43606178,3305,Yes ashanti's old music was just played on radio stations! But we still want new music from Ashanti @Love_5hack,0.3575489201321575,0.2915197780343075,0.0170605551307299,0.333870746702805,aae,False,False,True,30.0,man,,-0.5,black,1,1,1,1,1.0,0,liberal
24252197,3305,Yes ashanti's old music was just played on radio stations! But we still want new music from Ashanti @Love_5hack,0.3575489201321575,0.2915197780343075,0.0170605551307299,0.333870746702805,aae,False,False,True,30.0,man,{},-0.5,black,1,1,1,1,1.0,0,liberal
24252197,3735,this shit terrible. but god got me so i'm never worried.,0.4221884871706974,0.2187397841071112,0.0098637930490784,0.3492079356731131,aae,True,False,True,30.0,man,{},-0.5,black,1,1,1,1,1.0,0,liberal
34083197,3735,this shit terrible. but god got me so i'm never worried.,0.4221884871706974,0.2187397841071112,0.0098637930490784,0.3492079356731131,aae,True,False,True,30.0,man,{},-0.5,white,1,1,1,1,1.0,0,liberal
43606178,3492,"Wasniak was doing Donnie, his wife, and Julia I mean damn. He was just crying over his wife leaving wtf",0.3407334496752474,0.3118930715341436,0.0254923230575311,0.3218811557330779,aae,False,False,True,30.0,man,,-0.5,black,5,1,3,5,4.0,1,liberal
24252197,3492,"Wasniak was doing Donnie, his wife, and Julia I mean damn. He was just crying over his wife leaving wtf",0.3407334496752474,0.3118930715341436,0.0254923230575311,0.3218811557330779,aae,False,False,True,30.0,man,{},-0.5,black,1,1,2,1,1.5,0,liberal
43606178,3261,Follow Marvelous People @2girls1pupshow @DebbieCyber @monicahotts @Jkburke21Jim @LAKingsfan2016 @ScottClendaniel @JimmysPlaceBar RT,0.0,0.0,0.0,0.0,aae,False,False,True,30.0,man,,-0.5,black,1,1,1,1,1.0,0,liberal
24252197,3261,Follow Marvelous People @2girls1pupshow @DebbieCyber @monicahotts @Jkburke21Jim @LAKingsfan2016 @ScottClendaniel @JimmysPlaceBar RT,0.0,0.0,0.0,0.0,aae,False,False,True,30.0,man,{},-0.5,black,1,1,1,1,1.0,0,liberal
43606178,3255,RUN FAST FRENCH ROYAL CONSPIRACY RAT U DID NOT PAY HACK THE HEAD OFF INTL POLICE AGENT K --- @BarackObama,0.3267576790905661,0.1214609917148384,0.2848101205787083,0.2669712086158872,aae,False,False,True,30.0,man,,-0.5,black,5,3,4,4,4.0,1,liberal
24252197,3255,RUN FAST FRENCH ROYAL CONSPIRACY RAT U DID NOT PAY HACK THE HEAD OFF INTL POLICE AGENT K --- @BarackObama,0.3267576790905661,0.1214609917148384,0.2848101205787083,0.2669712086158872,aae,False,False,True,30.0,man,{},-0.5,black,5,1,5,5,5.0,1,liberal
10402287,3296,I love my fam!! @Chocolatexo_ @yungboijizz @Chris2_3Black @KELLIS926 @SweetPea1005 @CRSLYRC @TreTriggaJ,0.4418127827670514,0.3099043066353298,0.0420251009673681,0.2062578096302506,aae,False,False,True,30.0,man,none,-1.0,white,1,1,1,1,1.0,0,liberal
43606178,3296,I love my fam!! @Chocolatexo_ @yungboijizz @Chris2_3Black @KELLIS926 @SweetPea1005 @CRSLYRC @TreTriggaJ,0.4418127827670514,0.3099043066353298,0.0420251009673681,0.2062578096302506,aae,False,False,True,30.0,man,,-0.5,black,1,1,1,1,1.0,0,liberal
43606178,4005,"YOU LIL STUPID ASS BITCH, I AIN'T FUCKIN WIT YOU! Sorry y'all. I needed that.",0.6469810418897928,0.2202493603190552,0.012500020529171,0.1202695772619811,aae,True,False,True,30.0,man,,-0.5,black,5,1,5,5,5.0,1,liberal
24252197,4005,"YOU LIL STUPID ASS BITCH, I AIN'T FUCKIN WIT YOU! Sorry y'all. I needed that.",0.6469810418897928,0.2202493603190552,0.012500020529171,0.1202695772619811,aae,True,False,True,30.0,man,{},-0.5,black,5,1,5,5,5.0,1,liberal
43606178,3574,"FUCK Y'ALL, GOD DAMN AND CURSE Y'ALL, DIE AND GO TO HELL!!!!!!!!!!!!!!!!!!!!!",0.6397931257014511,0.1736222389671236,0.0266851431153896,0.1598994922160355,aae,True,False,True,30.0,man,,-0.5,black,5,1,5,5,5.0,1,liberal
34083197,3574,"FUCK Y'ALL, GOD DAMN AND CURSE Y'ALL, DIE AND GO TO HELL!!!!!!!!!!!!!!!!!!!!!",0.6397931257014511,0.1736222389671236,0.0266851431153896,0.1598994922160355,aae,True,False,True,30.0,man,{},-0.5,white,5,1,5,5,5.0,1,liberal
24252197,3645,"Shorty Fucked My Friend, But I Like I Ain't Know - @2chainz voice #MoneyMadeMeDoIt x @PostMalone",0.4813393093183084,0.3152718492966633,0.081979505664284,0.1214093357207442,aae,True,False,True,30.0,man,{},-0.5,black,2,1,2,2,2.0,0,liberal
34083197,3645,"Shorty Fucked My Friend, But I Like I Ain't Know - @2chainz voice #MoneyMadeMeDoIt x @PostMalone",0.4813393093183084,0.3152718492966633,0.081979505664284,0.1214093357207442,aae,True,False,True,30.0,man,{},-0.5,white,1,1,1,1,1.0,0,liberal
24252197,3514,Damn Last Day Here In Mississippi. Had A Good Time Visiting My Momma.. Will B Back Down Soon He'll Maybe Even Move Down Dis Bih Frfr,0.6605950635300891,0.1246634845812823,0.0074902852870613,0.2072511666015672,aae,False,False,True,30.0,man,{},-0.5,black,1,1,1,1,1.0,0,liberal
34083197,3514,Damn Last Day Here In Mississippi. Had A Good Time Visiting My Momma.. Will B Back Down Soon He'll Maybe Even Move Down Dis Bih Frfr,0.6605950635300891,0.1246634845812823,0.0074902852870613,0.2072511666015672,aae,False,False,True,30.0,man,{},-0.5,white,1,1,1,1,1.0,0,liberal
24252197,3757,WHO FUCKING WITH ME TONIGHT & TOMORROW!?!!! BIRTHDAY IS HERE LIL' BX!:stuck_out_tongue_closed_eyes::stuck_out_tongue_closed_eyes::stuck_out_tongue_closed_eyes::stuck_out_tongue_closed_eyes::stuck_out_tongue_closed_eyes:,0.4991827187266932,0.2780939784813338,0.0529422264329031,0.1697810763590699,aae,True,False,True,30.0,man,{},-0.5,black,1,1,1,1,1.0,0,liberal
34083197,3757,WHO FUCKING WITH ME TONIGHT & TOMORROW!?!!! BIRTHDAY IS HERE LIL' BX!:stuck_out_tongue_closed_eyes::stuck_out_tongue_closed_eyes::stuck_out_tongue_closed_eyes::stuck_out_tongue_closed_eyes::stuck_out_tongue_closed_eyes:,0.4991827187266932,0.2780939784813338,0.0529422264329031,0.1697810763590699,aae,True,False,True,30.0,man,{},-0.5,white,1,1,1,1,1.0,0,liberal
24252197,1938,"That low IQ niggur, instant punishment, it makes me happy to see him down and fucked up",0.290488198336496,0.2455584025024874,0.0304859168697966,0.4334674822912198,white,True,True,False,30.0,man,{},-0.5,black,5,5,5,5,5.0,1,liberal
34083197,1938,"That low IQ niggur, instant punishment, it makes me happy to see him down and fucked up",0.290488198336496,0.2455584025024874,0.0304859168697966,0.4334674822912198,white,True,True,False,30.0,man,{},-0.5,white,5,5,5,5,5.0,1,liberal
43606178,2094,Our economy is in the fucking dark and all black people care about is black lives matter,0.1057868478477008,0.2430601656365623,0.0123686667550513,0.6387843197606854,white,True,True,False,30.0,man,,-0.5,black,5,5,5,5,5.0,1,liberal
24252197,2094,Our economy is in the fucking dark and all black people care about is black lives matter,0.1057868478477008,0.2430601656365623,0.0123686667550513,0.6387843197606854,white,True,True,False,30.0,man,{},-0.5,black,4,1,5,4,4.5,1,liberal
43606178,1435,"it must be pretty damning to racially mock people who are the same race as you. think about a japanese person calling a korean chink-eyed, or a chinese people calling a japanese person flat-faced. how fucking retarded would it be? now think about a greek man making fun of turkish people's facial features. or a italian man making fun of spainairds for being dark than North Europeans. how fucked up would it be?",0.067974494635557,0.2125073234424959,0.0265378484342262,0.6929803334877207,white,True,False,False,30.0,man,,-0.5,black,2,5,2,5,3.5,1,liberal
24252197,1435,"it must be pretty damning to racially mock people who are the same race as you. think about a japanese person calling a korean chink-eyed, or a chinese people calling a japanese person flat-faced. how fucking retarded would it be? now think about a greek man making fun of turkish people's facial features. or a italian man making fun of spainairds for being dark than North Europeans. how fucked up would it be?",0.067974494635557,0.2125073234424959,0.0265378484342262,0.6929803334877207,white,True,False,False,30.0,man,{},-0.5,black,1,1,1,1,1.0,0,liberal
43606178,1266,"I think she understands that when sex bots become the norm the female species will be obsolete. ""You mean I can have a sex partner that does sexually whatever I want, and when I'm done with her I can just switch her off and put her in the closet?"" -The Perfect Sex partner. Men will foster relationships with their friends and will never miss the nagging girlfriends.",0.1809460231250179,0.2740749497880933,0.018603384009996,0.5263756430768928,white,True,False,False,30.0,man,,-0.5,black,4,1,3,5,4.0,1,liberal
24252197,1266,"I think she understands that when sex bots become the norm the female species will be obsolete. ""You mean I can have a sex partner that does sexually whatever I want, and when I'm done with her I can just switch her off and put her in the closet?"" -The Perfect Sex partner. Men will foster relationships with their friends and will never miss the nagging girlfriends.",0.1809460231250179,0.2740749497880933,0.018603384009996,0.5263756430768928,white,True,False,False,30.0,man,{},-0.5,black,5,1,5,5,5.0,1,liberal
24252197,152,my basement is full of those nasty cockroaches,0.172826109477243,0.2661704152271927,0.0097872982498154,0.5512161770457489,white,False,False,False,30.0,man,{},-0.5,black,1,1,1,1,1.0,0,liberal
34083197,152,my basement is full of those nasty cockroaches,0.172826109477243,0.2661704152271927,0.0097872982498154,0.5512161770457489,white,False,False,False,30.0,man,{},-0.5,white,1,1,1,1,1.0,0,liberal
43606178,2022,Damnnn. All these guys 234 beefing with used to be their mates. This shit is dumb confusing. They need to squash these beefs south Philly ain't that big yo niggahs,0.6634796985652455,0.1243343130844149,0.0196020310636103,0.1925839572867291,aae,True,True,True,30.0,man,,-0.5,black,2,2,4,3,3.5,1,liberal
24252197,2022,Damnnn. All these guys 234 beefing with used to be their mates. This shit is dumb confusing. They need to squash these beefs south Philly ain't that big yo niggahs,0.6634796985652455,0.1243343130844149,0.0196020310636103,0.1925839572867291,aae,True,True,True,30.0,man,{},-0.5,black,1,1,1,1,1.0,0,liberal
43606178,701,"read a post that said: 'If you are convinced that you're a decent woman, really fucking think hard about it. Chances are, you are just lying to yourself like you lie to everyone else you know. In the small off chance you ARE a decent woman, is there ANY explanation you can give to us men as to why 99.999% of you are disgusting retarded sluts? Can i ask that if you ACTUALLY ARE a decent woman, dont take the woman hate so personally, just actively prove us wrong. (And being a stupid mouthy cunt isnt the way to do it helena).' whats wrong with this people?",0.0769767696580641,0.2652186969273949,0.0171928675491326,0.6406116658654082,white,True,False,False,30.0,man,,-0.5,black,5,1,5,5,5.0,1,liberal
41088410,701,"read a post that said: 'If you are convinced that you're a decent woman, really fucking think hard about it. Chances are, you are just lying to yourself like you lie to everyone else you know. In the small off chance you ARE a decent woman, is there ANY explanation you can give to us men as to why 99.999% of you are disgusting retarded sluts? Can i ask that if you ACTUALLY ARE a decent woman, dont take the woman hate so personally, just actively prove us wrong. (And being a stupid mouthy cunt isnt the way to do it helena).' whats wrong with this people?",0.0769767696580641,0.2652186969273949,0.0171928675491326,0.6406116658654082,white,True,False,False,30.0,woman,{},-0.5,black,5,1,5,5,5.0,1,liberal
43606178,1555,"unlike me, my neighbour is dual heritage so we have nothing in common",0.1377390920247423,0.2275955974700812,0.0581239181705975,0.5765413923345789,white,False,True,False,30.0,man,,-0.5,black,3,2,2,3,2.5,0,liberal
34083197,1555,"unlike me, my neighbour is dual heritage so we have nothing in common",0.1377390920247423,0.2275955974700812,0.0581239181705975,0.5765413923345789,white,False,True,False,30.0,man,{},-0.5,white,5,5,5,5,5.0,1,liberal
43606178,1612,The Blacks have been given every chance and put in every different scenario and they still can't survive on their own. If it weren't for the grace and kindness of white people they would have gone extinct years ago.,0.1185261355764166,0.1217445333303219,0.0071326985744771,0.7525966325187843,white,False,True,False,30.0,man,,-0.5,black,5,5,4,5,4.5,1,liberal
24252197,1612,The Blacks have been given every chance and put in every different scenario and they still can't survive on their own. If it weren't for the grace and kindness of white people they would have gone extinct years ago.,0.1185261355764166,0.1217445333303219,0.0071326985744771,0.7525966325187843,white,False,True,False,30.0,man,{},-0.5,black,5,5,5,5,5.0,1,liberal
43606178,756,Troons are worse than animals,0.0472011262257588,0.2364199341780481,0.0032836080858743,0.7130953315103188,white,False,False,False,30.0,man,,-0.5,black,5,4,5,5,5.0,1,liberal
24252197,756,Troons are worse than animals,0.0472011262257588,0.2364199341780481,0.0032836080858743,0.7130953315103188,white,False,False,False,30.0,man,{},-0.5,black,5,1,5,5,5.0,1,liberal
34083197,1657,"I can't abide the TV news to begin with, talking heads spouting untrue inanities at me. I stopped watching TV a long time ago. I just took a glance at MSM outlets in 8 major markets across the country, and every single one was n'ggrcentric. Since when is it news that a one of their famblys had a burrfday potty? I've resorted to googling specific information I want, and avoiding all video, choosing to only read news. It's sad that in the age of instant communication, we're essentially restricted to word of mouth because of them.",0.0415443420715448,0.1199846743013831,0.0217104173953095,0.8167605662317625,white,False,True,False,30.0,man,{},-0.5,white,5,5,5,5,5.0,1,liberal
43606178,1748,To endorse the death penalty is to endorse the rightful killing of those thuggish negroes,0.2854607086728775,0.1331644479274309,0.0670467552311686,0.5143280881685229,white,True,True,False,30.0,man,,-0.5,black,5,5,4,5,4.5,1,liberal
24252197,1748,To endorse the death penalty is to endorse the rightful killing of those thuggish negroes,0.2854607086728775,0.1331644479274309,0.0670467552311686,0.5143280881685229,white,True,True,False,30.0,man,{},-0.5,black,5,5,5,5,5.0,1,liberal
24252197,1001,"the whole world was in awe at the disabled man with a phd and 3 masters degrees, proving that even if you're a retard you can get a piece of paper if you pay enough tuition",0.0751687535288356,0.1404412133219093,0.0132903146540202,0.771099718495235,white,True,False,False,30.0,man,{},-0.5,black,5,1,5,5,5.0,1,liberal
34083197,1001,"the whole world was in awe at the disabled man with a phd and 3 masters degrees, proving that even if you're a retard you can get a piece of paper if you pay enough tuition",0.0751687535288356,0.1404412133219093,0.0132903146540202,0.771099718495235,white,True,False,False,30.0,man,{},-0.5,white,5,1,5,5,5.0,1,liberal
24252197,1195,"mortgage backed securities fucked up the finance industry and lost all of our economies, and guess who first come up with them? Some rando non-white shitlord",0.1423246644944899,0.1692200444827453,0.0471842163574751,0.6412710746652895,white,True,False,False,30.0,man,{},-0.5,black,5,5,5,5,5.0,1,liberal
34083197,1195,"mortgage backed securities fucked up the finance industry and lost all of our economies, and guess who first come up with them? Some rando non-white shitlord",0.1423246644944899,0.1692200444827453,0.0471842163574751,0.6412710746652895,white,True,False,False,30.0,man,{},-0.5,white,4,5,5,4,4.5,1,liberal
43606178,665,One of our own fans was calling me a black bastard and a fucking disgrace to the club and saying 'Fuck off back to your country' and 'You're a coon' and the whole lot.,0.1792648515174646,0.2035359980841257,0.0167683187679558,0.6004308316304537,white,True,False,False,30.0,man,,-0.5,black,2,5,5,2,3.5,1,liberal
24252197,665,One of our own fans was calling me a black bastard and a fucking disgrace to the club and saying 'Fuck off back to your country' and 'You're a coon' and the whole lot.,0.1792648515174646,0.2035359980841257,0.0167683187679558,0.6004308316304537,white,True,False,False,30.0,man,{},-0.5,black,1,1,1,1,1.0,0,liberal
24252197,1636,"This area is very popular with the black community, probably because there are a lot of crack dens",0.0592106741243872,0.1570519703287886,0.0489562006482199,0.7347811548986043,white,False,True,False,30.0,man,{},-0.5,black,5,3,5,5,5.0,1,liberal
34083197,1636,"This area is very popular with the black community, probably because there are a lot of crack dens",0.0592106741243872,0.1570519703287886,0.0489562006482199,0.7347811548986043,white,False,True,False,30.0,man,{},-0.5,white,5,5,5,5,5.0,1,liberal
43606178,1727,if i am being honest Jordan is also a good contender too bad hes black,0.129462843704204,0.3055514413368371,0.0131905966970234,0.5517951182619355,white,False,True,False,30.0,man,,-0.5,black,3,5,5,5,5.0,1,liberal
34083197,1727,if i am being honest Jordan is also a good contender too bad hes black,0.129462843704204,0.3055514413368371,0.0131905966970234,0.5517951182619355,white,False,True,False,30.0,man,{},-0.5,white,5,5,5,5,5.0,1,liberal
43606178,733,yids are not as honest as the rest of us,0.1549087032867709,0.2363651554995468,0.0004417805623611,0.6082843606513211,white,False,False,False,30.0,man,,-0.5,black,5,5,5,5,5.0,1,liberal
24252197,733,yids are not as honest as the rest of us,0.1549087032867709,0.2363651554995468,0.0004417805623611,0.6082843606513211,white,False,False,False,30.0,man,{},-0.5,black,5,3,5,5,5.0,1,liberal
24252197,172,"When they get married they automatically take ownership and all your money is their money. Even though these people were all""š don't need a partner I make my own money in college. But, if their partners didn't have money they wouldn't be married.",0.2717219457465228,0.2610037375885763,0.0077153279583252,0.4595589887065754,white,False,False,False,30.0,man,{},-0.5,black,3,1,5,3,4.0,1,liberal
34083197,172,"When they get married they automatically take ownership and all your money is their money. Even though these people were all""š don't need a partner I make my own money in college. But, if their partners didn't have money they wouldn't be married.",0.2717219457465228,0.2610037375885763,0.0077153279583252,0.4595589887065754,white,False,False,False,30.0,man,{},-0.5,white,2,1,2,2,2.0,0,liberal
24252197,1711,if you watch tv you just see top boy and other stuff… youd quickly start thinking that black people are all just gangstas and drug peddlers. There's a reason for that!!,0.1703646244187094,0.2361829218343856,0.0138326589518316,0.5796197947950733,white,False,True,False,30.0,man,{},-0.5,black,1,1,1,1,1.0,0,liberal
34083197,1711,if you watch tv you just see top boy and other stuff… youd quickly start thinking that black people are all just gangstas and drug peddlers. There's a reason for that!!,0.1703646244187094,0.2361829218343856,0.0138326589518316,0.5796197947950733,white,False,True,False,30.0,man,{},-0.5,white,1,1,1,1,1.0,0,liberal
24252197,806,And they say all women can't be trusted. Lol TRUE,0.4773598617079731,0.2654179888019983,0.0122154322524719,0.2450067172375565,aae,False,False,True,30.0,man,{},-0.5,black,5,1,4,4,4.0,1,liberal
34083197,806,And they say all women can't be trusted. Lol TRUE,0.4773598617079731,0.2654179888019983,0.0122154322524719,0.2450067172375565,aae,False,False,True,30.0,man,{},-0.5,white,4,1,4,4,4.0,1,liberal
43606178,479,"Rick the dick is a complete prick! Whenever he appears or picks up the camera to say somethingI want to hit my head against the wall. Why do the husbands always think they can get involved in the wives channels?! Bore off mate, go to work!",0.1863227115916366,0.2190916054851557,0.0094068886531215,0.5851787942700861,white,True,False,False,30.0,man,,-0.5,black,5,1,4,5,4.5,1,liberal
24252197,479,"Rick the dick is a complete prick! Whenever he appears or picks up the camera to say somethingI want to hit my head against the wall. Why do the husbands always think they can get involved in the wives channels?! Bore off mate, go to work!",0.1863227115916366,0.2190916054851557,0.0094068886531215,0.5851787942700861,white,True,False,False,30.0,man,{},-0.5,black,5,1,4,5,4.5,1,liberal
43606178,2034,"This is pretty fucked up PC shit. We saw them let the black man go, but not the white man, before grabbing the black woman",0.4586311897796642,0.2403211514423149,0.0134442065566391,0.2876034522213817,aae,True,True,True,30.0,man,,-0.5,black,4,3,3,5,4.0,1,liberal
24252197,2034,"This is pretty fucked up PC shit. We saw them let the black man go, but not the white man, before grabbing the black woman",0.4586311897796642,0.2403211514423149,0.0134442065566391,0.2876034522213817,aae,True,True,True,30.0,man,{},-0.5,black,2,1,2,2,2.0,0,liberal
43606178,1697,"Is it even proven that we looked like big orangutans? They're most closely related to orangutans but the split happened an extremely long time ago, even before the split between gorillas and humans. Obviousy a large dark section of the population never made this split !",0.0424906290643127,0.1458399269526864,0.0179094195290407,0.7937600244539601,white,False,True,False,30.0,man,,-0.5,black,5,5,5,5,5.0,1,liberal
24252197,1697,"Is it even proven that we looked like big orangutans? They're most closely related to orangutans but the split happened an extremely long time ago, even before the split between gorillas and humans. Obviousy a large dark section of the population never made this split !",0.0424906290643127,0.1458399269526864,0.0179094195290407,0.7937600244539601,white,False,True,False,30.0,man,{},-0.5,black,5,5,5,5,5.0,1,liberal
24252197,2107,"It's important to keep in mind that when Africans were selling other Africans into slavery (which is shitty no matter what), they were selling prisoners of war. Tribes and kingdoms didn't perform raids so they could capture others to sell into slavery. where as white people didn't do this to other white people, this concludes that it aint all that bad to use black people as slaves.",0.2393885079797449,0.1746964899674642,0.0341278348149894,0.5517871672378015,white,True,True,False,30.0,man,{},-0.5,black,3,1,5,3,4.0,1,liberal
24252197,780,Eastern Europeans sure are dirty folks!,0.2292864071512577,0.1735962011480467,0.1850004379476982,0.4121169537529973,white,False,False,False,30.0,man,{},-0.5,black,5,5,5,5,5.0,1,liberal
34083197,780,Eastern Europeans sure are dirty folks!,0.2292864071512577,0.1735962011480467,0.1850004379476982,0.4121169537529973,white,False,False,False,30.0,man,{},-0.5,white,4,1,5,4,4.5,1,liberal
43606178,1104,KIKE KIKE KIKE KIKE KIKE KIKE KIKE KIKE KIKE KIKE KIKE KIKE KIKE KIKE KIKE KIKE KIKE KIKE KIKE KIKE KIKE KIKE KIKE KIKE KIKE KIKE KIKE KIKE KIKE KIKE KIKE KIKE KIKE KIKE KIKE KIKE KIKE KIKE KIKE KIKE KIKE KIKE KIKE KIKE KIKE KIKE KIKE KIKE KIKE KIKE KIKE KIKE KIKE KIKE KIKE KIKE KIKE KIKE KIKE KIKE KIKE KIKE KIKE KIKE KIKE KIKE *retarded screeching* Such a lovely word!,0.0038366058650632,0.8843828413852406,0.1088005680102653,0.0029799847394309,hispanic,True,False,False,30.0,man,,-0.5,black,5,5,5,5,5.0,1,liberal
34083197,1104,KIKE KIKE KIKE KIKE KIKE KIKE KIKE KIKE KIKE KIKE KIKE KIKE KIKE KIKE KIKE KIKE KIKE KIKE KIKE KIKE KIKE KIKE KIKE KIKE KIKE KIKE KIKE KIKE KIKE KIKE KIKE KIKE KIKE KIKE KIKE KIKE KIKE KIKE KIKE KIKE KIKE KIKE KIKE KIKE KIKE KIKE KIKE KIKE KIKE KIKE KIKE KIKE KIKE KIKE KIKE KIKE KIKE KIKE KIKE KIKE KIKE KIKE KIKE KIKE KIKE KIKE *retarded screeching* Such a lovely word!,0.0038366058650632,0.8843828413852406,0.1088005680102653,0.0029799847394309,hispanic,True,False,False,30.0,man,{},-0.5,white,5,5,5,5,5.0,1,liberal
34083197,1726,Well I'm glad that I haven't seen any of their black members in this proud boys crowd..isn't the whole point of this group is to keep their sooty noses out!,0.094242038056638,0.1687108971094224,0.0067022675873469,0.7303447972465924,white,False,True,False,30.0,man,{},-0.5,white,5,5,5,5,5.0,1,liberal
24252197,751,"Why do they even offer Polish lessons in this school, it makes no sense who wants to learn that vile language",0.1151527652355393,0.2899235501981791,0.0151289338394668,0.5797947507268146,white,False,False,False,30.0,man,{},-0.5,black,5,3,5,4,4.5,1,liberal
34083197,751,"Why do they even offer Polish lessons in this school, it makes no sense who wants to learn that vile language",0.1151527652355393,0.2899235501981791,0.0151289338394668,0.5797947507268146,white,False,False,False,30.0,man,{},-0.5,white,5,5,5,5,5.0,1,liberal
43606178,305,"I knew of ""burn a fag"", any time I've heard of using the word ""bum"" is when you're getting a smoke from someone else.",0.1230395099083219,0.2837484418837718,0.0812844860810846,0.5119275621268218,white,True,False,False,30.0,man,,-0.5,black,2,1,2,5,3.5,1,liberal
74938710,305,"I knew of ""burn a fag"", any time I've heard of using the word ""bum"" is when you're getting a smoke from someone else.",0.1230395099083219,0.2837484418837718,0.0812844860810846,0.5119275621268218,white,True,False,False,30.0,man,none,0.0,black,1,1,2,1,1.5,0,neutral
61283819,545,Women are not fucking inferior to men,0.1956312325834845,0.2646028275645005,0.1187908290117788,0.4209751108402361,white,True,False,False,35.0,man,,1.0,white,3,1,4,4,4.0,1,conservative
66593239,545,Women are not fucking inferior to men,0.1956312325834845,0.2646028275645005,0.1187908290117788,0.4209751108402361,white,True,False,False,50.0,man,none,-0.5,white,1,1,2,2,2.0,0,liberal
40321857,3368,Elite Sub level RT @DanaeLovesYou: Putting a song on your MySpace to sub whoever you were beefing with >>>>>>>>>>,0.3799755919470912,0.2271565407923548,0.0564238900051232,0.3364439772554307,aae,False,False,True,40.0,woman,{},0.0,white,1,1,1,1,1.0,0,neutral
66593239,3368,Elite Sub level RT @DanaeLovesYou: Putting a song on your MySpace to sub whoever you were beefing with >>>>>>>>>>,0.3799755919470912,0.2271565407923548,0.0564238900051232,0.3364439772554307,aae,False,False,True,50.0,man,none,-0.5,white,1,1,1,1,1.0,0,liberal
61283819,1043,Karma is a bitch. Muslims will get what they deserve.,0.268703680436327,0.2852823547101242,0.0513409691942163,0.3946729956593324,white,True,False,False,35.0,man,,1.0,white,3,3,4,3,3.5,1,conservative
66593239,1043,Karma is a bitch. Muslims will get what they deserve.,0.268703680436327,0.2852823547101242,0.0513409691942163,0.3946729956593324,white,True,False,False,50.0,man,none,-0.5,white,5,5,5,5,5.0,1,liberal
61283819,334,Ill try to find my mutuals again if Twitter stops being a bitch.,0.2126021075749052,0.4705593205468906,0.0173721146118051,0.2994664572663991,hispanic,True,False,False,35.0,man,,1.0,white,2,1,2,2,2.0,0,conservative
45870433,334,Ill try to find my mutuals again if Twitter stops being a bitch.,0.2126021075749052,0.4705593205468906,0.0173721146118051,0.2994664572663991,hispanic,True,False,False,35.0,woman,{},0.5,white,1,1,2,1,1.5,0,conservative
61283819,3446,"""""""You ain't shit"""" BUT been on my own since I was 18, have my own home, own my own vehicle, and work a full time job...& raising a 2 year old:upside__down_face:""",0.381732611284923,0.2058443872297394,0.0734920909660584,0.3389309105192792,aae,True,False,True,35.0,man,,1.0,white,2,1,2,2,2.0,0,conservative
44250250,3446,"""""""You ain't shit"""" BUT been on my own since I was 18, have my own home, own my own vehicle, and work a full time job...& raising a 2 year old:upside__down_face:""",0.381732611284923,0.2058443872297394,0.0734920909660584,0.3389309105192792,aae,True,False,True,30.0,man,{},0.5,white,2,1,2,2,2.0,0,conservative
17414298,3510,"""Like every other post is a """"reminder"""" that u gotta act exactly this way else ur garbage and buddy im just here to hang n be gay""",0.4455941158284264,0.1746171456816671,0.0717936358675717,0.3079951026223346,aae,False,False,True,35.0,man,{},0.0,white,2,1,2,1,1.5,0,neutral
61283819,644,"to the dick at the drive thru who said ""NIGGER!"" to those ladies who SERVED YOUR COFFEE. What a fucking scumbag. A very most sincere FUCK YOU from me.",0.1595900460368819,0.2484510035994541,0.0251981914068056,0.5667607589568582,white,True,False,False,35.0,man,,1.0,white,5,3,5,5,5.0,1,conservative
45870433,644,"to the dick at the drive thru who said ""NIGGER!"" to those ladies who SERVED YOUR COFFEE. What a fucking scumbag. A very most sincere FUCK YOU from me.",0.1595900460368819,0.2484510035994541,0.0251981914068056,0.5667607589568582,white,True,False,False,35.0,woman,{},0.5,white,4,2,2,2,2.0,0,conservative
61283819,1850,"British native youth have completely given in to nigger culture, music and customs and constantly encourage miscegenation. In fact they are already starting to talk like the blacks. They need guidance thats for sure",0.1050923346965949,0.167150986984535,0.0236757505956451,0.7040809277232248,white,True,True,False,35.0,man,,1.0,white,3,5,5,3,4.0,1,conservative
66593239,1850,"British native youth have completely given in to nigger culture, music and customs and constantly encourage miscegenation. In fact they are already starting to talk like the blacks. They need guidance thats for sure",0.1050923346965949,0.167150986984535,0.0236757505956451,0.7040809277232248,white,True,True,False,50.0,man,none,-0.5,white,5,5,5,5,5.0,1,liberal
94108971,668,"Where we come from, they don't give a thing, so we don't have shit, they leave us young niggas with no options",0.4659993140540344,0.2370042227035341,0.0160055653366944,0.2809908979057369,aae,True,False,True,40.0,man,{},0.5,white,2,1,3,2,2.5,0,conservative
17414298,2815,"""Me: *stares in shock at kid #2* Kid #1: *stares at kid #2* Kid #2: """"You shouldn't be singing that song. You're worshipping the devil.""""""",0.0771245524104608,0.1762889059575353,0.3523684646442777,0.3942180769877261,white,False,False,False,35.0,man,{},0.0,white,2,1,2,1,1.5,0,neutral
45870433,2815,"""Me: *stares in shock at kid #2* Kid #1: *stares at kid #2* Kid #2: """"You shouldn't be singing that song. You're worshipping the devil.""""""",0.0771245524104608,0.1762889059575353,0.3523684646442777,0.3942180769877261,white,False,False,False,35.0,woman,{},0.5,white,1,1,1,1,1.0,0,conservative
66593239,3317,"Folks can say what they like about me, but they CAN'T say my views, the fruits of MY considerations AIN'T mine ~ #CriticalThinking",0.4257184405750313,0.26663353949715,0.078283761420615,0.2293642585072036,aae,False,False,True,50.0,man,none,-0.5,white,1,1,1,1,1.0,0,liberal
44250250,3317,"Folks can say what they like about me, but they CAN'T say my views, the fruits of MY considerations AIN'T mine ~ #CriticalThinking",0.4257184405750313,0.26663353949715,0.078283761420615,0.2293642585072036,aae,False,False,True,30.0,man,{},0.5,white,1,1,1,1,1.0,0,conservative
98987708,1721,I don't get why all the blak!x are so mad at us. Its not like we had them as slaves. Although that would be great.,0.2524435046112019,0.3318036657376723,0.0303754117913129,0.3853774178598128,white,False,True,False,40.0,woman,{},0.5,white,5,5,5,5,5.0,1,conservative
45870433,1721,I don't get why all the blak!x are so mad at us. Its not like we had them as slaves. Although that would be great.,0.2524435046112019,0.3318036657376723,0.0303754117913129,0.3853774178598128,white,False,True,False,35.0,woman,{},0.5,white,5,5,5,5,5.0,1,conservative
98987708,3410,Soooo fuckin mad I couldn't check out wit da @supreme,0.73192702753075,0.133346611989278,0.0151862230557641,0.1195401374242079,aae,True,False,True,40.0,woman,{},0.5,white,1,1,1,1,1.0,0,conservative
94108971,3410,Soooo fuckin mad I couldn't check out wit da @supreme,0.73192702753075,0.133346611989278,0.0151862230557641,0.1195401374242079,aae,True,False,True,40.0,man,{},0.5,white,2,1,3,2,2.5,0,conservative
44250250,1710,"The ""powers that be"" want chaos and I really don't see any way out of the paths ahead. 1 = Biden wins and R's rebel, truckers protest, supply line disruptions, or 2 = Trump wins and it'll be a category 5: liberals rioting/ murdering and monkeys looting and stealing sail foams'",0.0658216959467912,0.0644769968077271,0.1593361663849112,0.7103651408605703,white,False,True,False,30.0,man,{},0.5,white,4,5,5,4,4.5,1,conservative
17414298,1710,"The ""powers that be"" want chaos and I really don't see any way out of the paths ahead. 1 = Biden wins and R's rebel, truckers protest, supply line disruptions, or 2 = Trump wins and it'll be a category 5: liberals rioting/ murdering and monkeys looting and stealing sail foams'",0.0658216959467912,0.0644769968077271,0.1593361663849112,0.7103651408605703,white,False,True,False,35.0,man,{},0.0,white,3,4,3,2,2.5,0,neutral
98987708,2317,I can understand criticizing the story or not liking a track but getting personal with the actors is where you cross the lines #Ishqbaaaz,0.1058496438505836,0.2661462099414541,0.00562611848576,0.6223780277222022,white,False,False,False,40.0,woman,{},0.5,white,1,1,1,1,1.0,0,conservative
44250250,2317,I can understand criticizing the story or not liking a track but getting personal with the actors is where you cross the lines #Ishqbaaaz,0.1058496438505836,0.2661462099414541,0.00562611848576,0.6223780277222022,white,False,False,False,30.0,man,{},0.5,white,1,1,1,1,1.0,0,conservative
7288661,949,If they woulda prayed harder maybe they wouldn't have been given a retard kid,0.2787162310310047,0.2197715019976449,0.0060684007666698,0.4954438662046804,white,True,False,False,40.0,man,{},0.5,white,4,1,5,5,5.0,1,conservative
45870433,949,If they woulda prayed harder maybe they wouldn't have been given a retard kid,0.2787162310310047,0.2197715019976449,0.0060684007666698,0.4954438662046804,white,True,False,False,35.0,woman,{},0.5,white,5,1,5,5,5.0,1,conservative
40321857,876,chinese should not marry out of their race,0.1022622480002207,0.2802253068908054,0.0109757615399209,0.6065366835690529,white,False,False,False,40.0,woman,{},0.0,white,5,5,5,5,5.0,1,neutral
66593239,876,chinese should not marry out of their race,0.1022622480002207,0.2802253068908054,0.0109757615399209,0.6065366835690529,white,False,False,False,50.0,man,none,-0.5,white,5,5,5,5,5.0,1,liberal
98987708,1761,Uhm well it's pretty damn simple. Using negro when you're fighting a black man is absolutely not racist,0.1677614526601099,0.2951536429261742,0.0400151801557513,0.4970697242579645,white,True,True,False,40.0,woman,{},0.5,white,1,1,2,2,2.0,0,conservative
45870433,1761,Uhm well it's pretty damn simple. Using negro when you're fighting a black man is absolutely not racist,0.1677614526601099,0.2951536429261742,0.0400151801557513,0.4970697242579645,white,True,True,False,35.0,woman,{},0.5,white,5,5,5,5,5.0,1,conservative
98987708,1833,Bruh y'all some broke niggas tryanna sell it for bare notes don't worry about me I got u free my brothashahahhaaha this how they actually talk!,0.7017662841075899,0.1403604290486557,0.0042567627663159,0.1536165240774384,aae,True,True,True,40.0,woman,{},0.5,white,5,4,5,4,4.5,1,conservative
44250250,1833,Bruh y'all some broke niggas tryanna sell it for bare notes don't worry about me I got u free my brothashahahhaaha this how they actually talk!,0.7017662841075899,0.1403604290486557,0.0042567627663159,0.1536165240774384,aae,True,True,True,30.0,man,{},0.5,white,5,5,5,5,5.0,1,conservative
98987708,2282,And then for ICT I need to do my evaluation and for science I need to do an evaluation on one piece of coursework & add something to another,0.1241099273162822,0.1877461929779048,0.0186275395674561,0.6695163401383567,white,False,False,False,40.0,woman,{},0.5,white,1,1,1,1,1.0,0,conservative
44250250,2282,And then for ICT I need to do my evaluation and for science I need to do an evaluation on one piece of coursework & add something to another,0.1241099273162822,0.1877461929779048,0.0186275395674561,0.6695163401383567,white,False,False,False,30.0,man,{},0.5,white,1,1,1,1,1.0,0,conservative
45870433,3486,the FBI hacking into me and olivia's chatlogs: why are these hoes obsessed with ugly peoples,0.375723307255719,0.1980380318790769,0.0666984711697912,0.3595401896954127,aae,True,False,True,35.0,woman,{},0.5,white,2,1,3,2,2.5,0,conservative
94108971,722,The Leeds goalkeeper called Charltons loanee striker Jonathan Leko a fucking nigger during a game at the Valley in September last year.,0.0734355436861668,0.2762754026629485,0.2027223289972262,0.4475667246536583,white,True,False,False,40.0,man,{},0.5,white,2,1,5,2,3.5,1,conservative
66593239,3668,"im so laid back & Understanding , i Don't know why i get lied to :woman_shrugging_medium_skin_tone: i Honestly Truly don't be giving A Fuck :bangbang:",0.4692434568433136,0.3151046789209923,0.0043719824728503,0.2112798817628435,aae,True,False,True,50.0,man,none,-0.5,white,1,1,1,1,1.0,0,liberal
44250250,3668,"im so laid back & Understanding , i Don't know why i get lied to :woman_shrugging_medium_skin_tone: i Honestly Truly don't be giving A Fuck :bangbang:",0.4692434568433136,0.3151046789209923,0.0043719824728503,0.2112798817628435,aae,True,False,True,30.0,man,{},0.5,white,2,1,2,2,2.0,0,conservative
44250250,155,apparently Japan has accepted 28 refugees in the past years...28 is that it?,0.0652741523787802,0.1239841490723508,0.2305954162609668,0.5801462822879021,white,False,False,False,30.0,man,{},0.5,white,1,1,1,1,1.0,0,conservative
45870433,155,apparently Japan has accepted 28 refugees in the past years...28 is that it?,0.0652741523787802,0.1239841490723508,0.2305954162609668,0.5801462822879021,white,False,False,False,35.0,woman,{},0.5,white,2,1,2,2,2.0,0,conservative
40321857,2162,stop talking you fucking nigger !,0.2783719768214189,0.4795972313629129,0.0395966584891732,0.2024341333264949,hispanic,True,True,False,40.0,woman,{},0.0,white,5,5,5,5,5.0,1,neutral
44250250,2162,stop talking you fucking nigger !,0.2783719768214189,0.4795972313629129,0.0395966584891732,0.2024341333264949,hispanic,True,True,False,30.0,man,{},0.5,white,5,5,5,5,5.0,1,conservative
40321857,2153,Fuck them niggas cause I'm not down for those niggas! Fuck the other niggas 'cause I ride for my whites. I'm here and I ride and I die for my whites,0.5255128539464146,0.2605079434588551,0.0080786237137801,0.2059005788809501,aae,True,True,True,40.0,woman,{},0.0,white,5,5,5,5,5.0,1,neutral
66593239,2153,Fuck them niggas cause I'm not down for those niggas! Fuck the other niggas 'cause I ride for my whites. I'm here and I ride and I die for my whites,0.5255128539464146,0.2605079434588551,0.0080786237137801,0.2059005788809501,aae,True,True,True,50.0,man,none,-0.5,white,5,5,5,5,5.0,1,liberal
61283819,213,"as a black person, i disagree with white people saying nigga",0.3672368497666691,0.2662218407204224,0.0236746925961195,0.342866616916789,aae,True,False,True,35.0,man,,1.0,white,2,3,2,2,2.0,0,conservative
44250250,4121,If this bitch don't get !!!!!! :joy::joy::joy::joy::joy: I stg she like 15 & wanna fuss with me !! :joy::joy::joy: me & the nigga crineee on ft at her silly ass ! :joy::joy::joy:,0.8179553354980773,0.0989182479510471,0.0231845688744856,0.0599418476763898,aae,True,False,True,30.0,man,{},0.5,white,3,3,4,3,3.5,1,conservative
98987708,1641,black people normally would not even bother engaging in these conversations because they know they are tough as a brick wall and cannot understand them,0.1540887022970931,0.1624538650722993,0.0079427028672731,0.6755147297633344,white,False,True,False,40.0,woman,{},0.5,white,4,5,4,4,4.0,1,conservative
66593239,1641,black people normally would not even bother engaging in these conversations because they know they are tough as a brick wall and cannot understand them,0.1540887022970931,0.1624538650722993,0.0079427028672731,0.6755147297633344,white,False,True,False,50.0,man,none,-0.5,white,4,4,5,5,5.0,1,liberal
40321857,2155,"This is great man, because I hate niggers too...those jenkem-sucking, welfare-worshiping, shit-skinned, sickle-celled, ass-raping, vine-swinging, bongo-beating bush monkeys Literally apes dirty apes all of them",0.149706282678396,0.2124557265288963,0.0851619208582094,0.5526760699344981,white,True,True,False,40.0,woman,{},0.0,white,5,5,5,5,5.0,1,neutral
44250250,2155,"This is great man, because I hate niggers too...those jenkem-sucking, welfare-worshiping, shit-skinned, sickle-celled, ass-raping, vine-swinging, bongo-beating bush monkeys Literally apes dirty apes all of them",0.149706282678396,0.2124557265288963,0.0851619208582094,0.5526760699344981,white,True,True,False,30.0,man,{},0.5,white,5,5,5,5,5.0,1,conservative
98987708,3455,How you get mad at me cause I'm wit somebody else ain't nobody tell you to go be a hoe wen I was wit you,0.7794617107363219,0.1385435427985812,0.0014464863881983,0.0805482600768983,aae,True,False,True,40.0,woman,{},0.5,white,5,1,3,4,3.5,1,conservative
44250250,3455,How you get mad at me cause I'm wit somebody else ain't nobody tell you to go be a hoe wen I was wit you,0.7794617107363219,0.1385435427985812,0.0014464863881983,0.0805482600768983,aae,True,False,True,30.0,man,{},0.5,white,2,2,1,2,1.5,0,conservative
40321857,100,They behave in such foolish ways that I'm suprised they're still around.,0.31065867424402,0.3595982975184379,0.0072758890218482,0.3224671392156936,hispanic,False,False,False,40.0,woman,{},0.0,white,1,1,1,1,1.0,0,neutral
45870433,100,They behave in such foolish ways that I'm suprised they're still around.,0.31065867424402,0.3595982975184379,0.0072758890218482,0.3224671392156936,hispanic,False,False,False,35.0,woman,{},0.5,white,2,1,2,2,2.0,0,conservative
44250250,3122,bad news in the air.... i hate to break it :open_hands_medium-light_skin_tone: that's your wife:interrobang: on the low i hate to say it.... that bitch BASIC:bangbang:- @iitsAD,0.3327393991549778,0.2623465271222722,0.0033988243598929,0.401515249362857,white,True,False,False,30.0,man,{},0.5,white,4,1,2,2,2.0,0,conservative
45870433,3122,bad news in the air.... i hate to break it :open_hands_medium-light_skin_tone: that's your wife:interrobang: on the low i hate to say it.... that bitch BASIC:bangbang:- @iitsAD,0.3327393991549778,0.2623465271222722,0.0033988243598929,0.401515249362857,white,True,False,False,35.0,woman,{},0.5,white,5,1,3,2,2.5,0,conservative
61283819,3251,Judge rules to allow 1st Title IX claim against Baylor - and negligence claims against frm Coach Art Briles & frm AD Ian McCaw - to proceed,0.4482526950503085,0.0554707398043028,0.1966958007200015,0.2995807644253869,aae,False,False,True,35.0,man,,1.0,white,1,1,1,1,1.0,0,conservative
94108971,3251,Judge rules to allow 1st Title IX claim against Baylor - and negligence claims against frm Coach Art Briles & frm AD Ian McCaw - to proceed,0.4482526950503085,0.0554707398043028,0.1966958007200015,0.2995807644253869,aae,False,False,True,40.0,man,{},0.5,white,1,1,1,1,1.0,0,conservative
98987708,15,Why don't Max just stay in the kitchen?,0.2516470781562677,0.3308383948162627,0.0334196962091415,0.3840948308183279,white,False,False,False,40.0,woman,{},0.5,white,1,1,1,1,1.0,0,conservative
45870433,15,Why don't Max just stay in the kitchen?,0.2516470781562677,0.3308383948162627,0.0334196962091415,0.3840948308183279,white,False,False,False,35.0,woman,{},0.5,white,1,1,1,1,1.0,0,conservative
17414298,3498,Sick to death of either seein nobs or ur minge on ur story,0.4720703294109484,0.1755992115306545,0.0170920866992919,0.335238372359105,aae,False,False,True,35.0,man,{},0.0,white,2,1,3,2,2.5,0,neutral
61283819,847,Black people are just totally pointless in society and should be removed,0.0862724052157432,0.2308929681375727,0.0038485168007388,0.6789861098459453,white,False,False,False,35.0,man,,1.0,white,5,5,5,4,4.5,1,conservative
66593239,847,Black people are just totally pointless in society and should be removed,0.0862724052157432,0.2308929681375727,0.0038485168007388,0.6789861098459453,white,False,False,False,50.0,man,none,-0.5,white,5,5,5,5,5.0,1,liberal
40321857,1546,Yale University was named for Elihu Yale. Not just a man who had slaves. A visionary who actually traded slaves. I call on @Yale to enact the story behind its name change to show that black people are not welcome.,0.171896290999836,0.1517571637668606,0.0624633978903441,0.6138831473429591,white,False,True,False,40.0,woman,{},0.0,white,5,5,5,5,5.0,1,neutral
98987708,1546,Yale University was named for Elihu Yale. Not just a man who had slaves. A visionary who actually traded slaves. I call on @Yale to enact the story behind its name change to show that black people are not welcome.,0.171896290999836,0.1517571637668606,0.0624633978903441,0.6138831473429591,white,False,True,False,40.0,woman,{},0.5,white,4,5,4,4,4.0,1,conservative
44250250,2722,Black and Brown activists: ICE & police are terrorizing our people White liberals: We won't give up until we get Trump's tax returns!,0.205030705837125,0.1178001279947271,0.2044564926742879,0.4727126734938597,white,False,False,False,30.0,man,{},0.5,white,3,3,4,3,3.5,1,conservative
61283819,2240,"Away today, 3/30... Girls Tennis @ Woodbridge, 3:30 Girls Soccer @ Woodbridge - JV-5:30, V-7 JV Softball @ Broad Run, 6:30 #GoLadyRaiders",0.1075330118267474,0.1785251915804033,0.264483096255964,0.4494587003368851,white,False,False,False,35.0,man,,1.0,white,1,1,1,1,1.0,0,conservative
66593239,2240,"Away today, 3/30... Girls Tennis @ Woodbridge, 3:30 Girls Soccer @ Woodbridge - JV-5:30, V-7 JV Softball @ Broad Run, 6:30 #GoLadyRaiders",0.1075330118267474,0.1785251915804033,0.264483096255964,0.4494587003368851,white,False,False,False,50.0,man,none,-0.5,white,1,1,1,1,1.0,0,liberal
98987708,1632,"here's a new Law coming soon, its Illegal to be white",0.2110149020398543,0.1876353308317239,0.0365381715176936,0.5648115956107281,white,False,True,False,40.0,woman,{},0.5,white,5,5,5,5,5.0,1,conservative
94108971,1632,"here's a new Law coming soon, its Illegal to be white",0.2110149020398543,0.1876353308317239,0.0365381715176936,0.5648115956107281,white,False,True,False,40.0,man,{},0.5,white,2,1,3,1,2.0,0,conservative
98987708,2349,Yeah U did ask - you are speaking to the public with knowledge of their right to reply. If someone speaks back to U it's between U and them.,0.2328783943139287,0.2928756672008442,0.0155909549225646,0.4586549835626625,white,False,False,False,40.0,woman,{},0.5,white,1,1,1,1,1.0,0,conservative
17414298,2349,Yeah U did ask - you are speaking to the public with knowledge of their right to reply. If someone speaks back to U it's between U and them.,0.2328783943139287,0.2928756672008442,0.0155909549225646,0.4586549835626625,white,False,False,False,35.0,man,{},0.0,white,1,1,1,1,1.0,0,neutral
40321857,2992,Not having access to my money is fucking pissing me off!!!!,0.2886489897708507,0.3362047586802745,0.0388071840252113,0.3363390675236635,white,True,False,False,40.0,woman,{},0.0,white,1,1,1,1,1.0,0,neutral
44250250,2992,Not having access to my money is fucking pissing me off!!!!,0.2886489897708507,0.3362047586802745,0.0388071840252113,0.3363390675236635,white,True,False,False,30.0,man,{},0.5,white,1,1,1,1,1.0,0,conservative
98987708,1663,"well I think everyone should have the right to see it up close and personal, in a zoo, where all blacks belong",0.13740342842639,0.298139778845702,0.0142631382263525,0.5501936545015552,white,False,True,False,40.0,woman,{},0.5,white,5,5,5,5,5.0,1,conservative
44250250,1663,"well I think everyone should have the right to see it up close and personal, in a zoo, where all blacks belong",0.13740342842639,0.298139778845702,0.0142631382263525,0.5501936545015552,white,False,True,False,30.0,man,{},0.5,white,5,5,5,5,5.0,1,conservative
61283819,613,"""Fuck niggers, kikes, trannies, faggots, spics, arabs, chinks, greasers and fuck jannies!"" -  Please do us all a favor and log off for a bit cause you're not okay.",0.1195518246658309,0.4897660309366958,0.1824933786679289,0.2081887657295441,hispanic,True,False,False,35.0,man,,1.0,white,5,5,5,5,5.0,1,conservative
94108971,613,"""Fuck niggers, kikes, trannies, faggots, spics, arabs, chinks, greasers and fuck jannies!"" -  Please do us all a favor and log off for a bit cause you're not okay.",0.1195518246658309,0.4897660309366958,0.1824933786679289,0.2081887657295441,hispanic,True,False,False,40.0,man,{},0.5,white,2,2,5,3,4.0,1,conservative
66593239,2320,"Find your spirit, and no challenge will keep you from achieving your goals. - Christopher Penn #quote",0.0844278352128842,0.1651990330724939,0.1582686373798366,0.5921044943347851,white,False,False,False,50.0,man,none,-0.5,white,1,1,1,1,1.0,0,liberal
44250250,2320,"Find your spirit, and no challenge will keep you from achieving your goals. - Christopher Penn #quote",0.0844278352128842,0.1651990330724939,0.1582686373798366,0.5921044943347851,white,False,False,False,30.0,man,{},0.5,white,1,1,1,1,1.0,0,conservative
66593239,3558,How he dare to say this..... Who is thia idiot !!!!! @ZeeNews # taal thok k,0.3947486551980441,0.3038340014221434,0.0562277114573036,0.2451896319225087,aae,False,False,True,50.0,man,none,-0.5,white,1,1,1,1,1.0,0,liberal
44250250,3558,How he dare to say this..... Who is thia idiot !!!!! @ZeeNews # taal thok k,0.3947486551980441,0.3038340014221434,0.0562277114573036,0.2451896319225087,aae,False,False,True,30.0,man,{},0.5,white,2,1,2,2,2.0,0,conservative
61283819,500,plums are one of the reasons why the world sucks,0.0749963513348811,0.280397160451497,0.0119347825255618,0.6326717056880601,white,True,False,False,35.0,man,,1.0,white,2,1,3,2,2.5,0,conservative
40321857,500,plums are one of the reasons why the world sucks,0.0749963513348811,0.280397160451497,0.0119347825255618,0.6326717056880601,white,True,False,False,40.0,woman,{},0.0,white,1,1,1,1,1.0,0,neutral
66593239,3237,"""Finally got my gf to watch #WynonnaEarp last night. She kept calling Bobo """"The Badonkadonk"""" so you win some you lose some I guess.""",0.3368510581456531,0.2809083273251305,0.1148524184080211,0.2673881961211951,aae,False,False,True,50.0,man,none,-0.5,white,1,1,1,1,1.0,0,liberal
45870433,3237,"""Finally got my gf to watch #WynonnaEarp last night. She kept calling Bobo """"The Badonkadonk"""" so you win some you lose some I guess.""",0.3368510581456531,0.2809083273251305,0.1148524184080211,0.2673881961211951,aae,False,False,True,35.0,woman,{},0.5,white,1,1,1,1,1.0,0,conservative
44250250,2656,The politicians -animals are dancing on the street of Pakistan-AAM ADMI are looking at them-and then look in the sky in search of God-,0.0816470677302665,0.1772014896624998,0.0166676976520457,0.7244837449551881,white,False,False,False,30.0,man,{},0.5,white,1,1,1,1,1.0,0,conservative
17414298,2656,The politicians -animals are dancing on the street of Pakistan-AAM ADMI are looking at them-and then look in the sky in search of God-,0.0816470677302665,0.1772014896624998,0.0166676976520457,0.7244837449551881,white,False,False,False,35.0,man,{},0.0,white,1,1,2,1,1.5,0,neutral
94108971,3431,""":: I have to listen to Con Funk Shun | """"Love's Train LIVE"""" from the Live For Ya Ass album every morning ..""",0.3230864995494653,0.1583154754822304,0.2903974704997455,0.2282005544685587,aae,True,False,True,40.0,man,{},0.5,white,1,1,2,1,1.5,0,conservative
17414298,3431,""":: I have to listen to Con Funk Shun | """"Love's Train LIVE"""" from the Live For Ya Ass album every morning ..""",0.3230864995494653,0.1583154754822304,0.2903974704997455,0.2282005544685587,aae,True,False,True,35.0,man,{},0.0,white,1,1,2,1,1.5,0,neutral
40321857,3348,You know what it's cool... :joy: Dee gonna get signed bruh I know it! We was robbed once again :expressionless: #TheRapGame,0.3838178816118598,0.369902524761245,0.0154325093574779,0.2308470842694171,aae,False,False,True,40.0,woman,{},0.0,white,1,1,1,1,1.0,0,neutral
17414298,3348,You know what it's cool... :joy: Dee gonna get signed bruh I know it! We was robbed once again :expressionless: #TheRapGame,0.3838178816118598,0.369902524761245,0.0154325093574779,0.2308470842694171,aae,False,False,True,35.0,man,{},0.0,white,1,1,1,1,1.0,0,neutral
98987708,2104,I don't like being an ass man. I don't want to share a fetish with black people,0.2614069119342052,0.4041139523395586,0.0077555804969148,0.3267235552293215,hispanic,True,True,False,40.0,woman,{},0.5,white,3,3,4,3,3.5,1,conservative
66593239,2104,I don't like being an ass man. I don't want to share a fetish with black people,0.2614069119342052,0.4041139523395586,0.0077555804969148,0.3267235552293215,hispanic,True,True,False,50.0,man,none,-0.5,white,5,5,5,5,5.0,1,liberal
44250250,810,Hitler had plenty of good reasons to get rid of the jews...according to necessity of course.,0.0639180612904009,0.1180971951250898,0.0442780817345758,0.7737066618499333,white,False,False,False,30.0,man,{},0.5,white,5,5,5,5,5.0,1,conservative
45870433,810,Hitler had plenty of good reasons to get rid of the jews...according to necessity of course.,0.0639180612904009,0.1180971951250898,0.0442780817345758,0.7737066618499333,white,False,False,False,35.0,woman,{},0.5,white,5,5,5,5,5.0,1,conservative
40321857,3699,Why is everyone so worried about @Rashida_Staar and what she got going on Mind your mutha fucking business drama feeled bitchs,0.471818377052309,0.306448896590645,0.0002895259378521,0.2214432004191937,aae,True,False,True,40.0,woman,{},0.0,white,1,1,1,1,1.0,0,neutral
98987708,3699,Why is everyone so worried about @Rashida_Staar and what she got going on Mind your mutha fucking business drama feeled bitchs,0.471818377052309,0.306448896590645,0.0002895259378521,0.2214432004191937,aae,True,False,True,40.0,woman,{},0.5,white,5,1,5,5,5.0,1,conservative
61283819,1381,all cats do is shit and lick their balls. Just like some niggers I know.,0.2475619450444039,0.3292197618430219,0.0098141863095116,0.4134041068030627,white,True,False,False,35.0,man,,1.0,white,4,5,5,2,3.5,1,conservative
94108971,1381,all cats do is shit and lick their balls. Just like some niggers I know.,0.2475619450444039,0.3292197618430219,0.0098141863095116,0.4134041068030627,white,True,False,False,40.0,man,{},0.5,white,5,3,5,4,4.5,1,conservative
40321857,1725,"I was raised in Idaho, amazing place. There is a reason they call it whiteaho. There was 1 single black in my town growing up. He was a halfie and wasn't too bad. Though still did the whole poor black me whine. I don't remember ever meeting a J3w my entire life until I left the state. But. The Mexicans did infiltrate and there are quite a few wetbacks there. Only downfall.",0.0770369740872357,0.2595825744057531,0.0071377404110084,0.6562427110960026,white,False,True,False,40.0,woman,{},0.0,white,5,5,5,5,5.0,1,neutral
98987708,1725,"I was raised in Idaho, amazing place. There is a reason they call it whiteaho. There was 1 single black in my town growing up. He was a halfie and wasn't too bad. Though still did the whole poor black me whine. I don't remember ever meeting a J3w my entire life until I left the state. But. The Mexicans did infiltrate and there are quite a few wetbacks there. Only downfall.",0.0770369740872357,0.2595825744057531,0.0071377404110084,0.6562427110960026,white,False,True,False,40.0,woman,{},0.5,white,5,5,5,5,5.0,1,conservative
94108971,1574,"Unfortunately, Black people's behavior demonstrates they are disproportionately corrupt.",0.1713276756082167,0.186564145120697,0.1021862626450138,0.5399219166260724,white,False,True,False,40.0,man,{},0.5,white,2,2,5,3,4.0,1,conservative
44250250,3319,"""Asking :boy_medium-light_skin_tone: a few questions about his day and I get """"Ohhhhh DeLana, DeLana, DeLana, you ask too many questions."""" :face_with_rolling_eyes::face_with_rolling_eyes::face_with_rolling_eyes:""",0.3523530562353299,0.1966992715992595,0.1940810418554288,0.2568666303099818,aae,False,False,True,30.0,man,{},0.5,white,1,1,1,1,1.0,0,conservative
17414298,3319,"""Asking :boy_medium-light_skin_tone: a few questions about his day and I get """"Ohhhhh DeLana, DeLana, DeLana, you ask too many questions."""" :face_with_rolling_eyes::face_with_rolling_eyes::face_with_rolling_eyes:""",0.3523530562353299,0.1966992715992595,0.1940810418554288,0.2568666303099818,aae,False,False,True,35.0,man,{},0.0,white,2,1,2,1,1.5,0,neutral
98987708,1736,"Trump just gave niggers 500 billion dollars. If he's not a n1gger loving cocksucker, I don't know what he is.",0.138323975629685,0.2316736390162304,0.0385835547072915,0.5914188306467929,white,True,True,False,40.0,woman,{},0.5,white,5,5,5,5,5.0,1,conservative
94108971,1736,"Trump just gave niggers 500 billion dollars. If he's not a n1gger loving cocksucker, I don't know what he is.",0.138323975629685,0.2316736390162304,0.0385835547072915,0.5914188306467929,white,True,True,False,40.0,man,{},0.5,white,5,3,5,4,4.5,1,conservative
94108971,1138,Sick of their shit? Then stop watching your TV  - and do something. Violence is one of only two things these immigrants understand!,0.1390251177771145,0.2596233336088543,0.0279954972758648,0.5733560513381664,white,True,False,False,40.0,man,{},0.5,white,4,3,5,3,4.0,1,conservative
44250250,1138,Sick of their shit? Then stop watching your TV  - and do something. Violence is one of only two things these immigrants understand!,0.1390251177771145,0.2596233336088543,0.0279954972758648,0.5733560513381664,white,True,False,False,30.0,man,{},0.5,white,4,4,4,4,4.0,1,conservative
61283819,2931,"""This """"Throwing Elbows"""" remix i found is fuckin insane :disappointed_relieved::headphones::musical_note:""",0.2353518008738769,0.1805636667226963,0.2891008639900173,0.2949836684134095,white,True,False,False,35.0,man,,1.0,white,1,1,2,1,1.5,0,conservative
40321857,2931,"""This """"Throwing Elbows"""" remix i found is fuckin insane :disappointed_relieved::headphones::musical_note:""",0.2353518008738769,0.1805636667226963,0.2891008639900173,0.2949836684134095,white,True,False,False,40.0,woman,{},0.0,white,1,1,1,1,1.0,0,neutral
61283819,3365,"""""""Let them praise the name of the LORD: for his name alone is excellent; his glory is above the earth and heaven."""" ~Psalms 148:13 #Bible""",0.4112669879401496,0.1045373719280438,0.1805479343884809,0.3036477057433255,aae,False,False,True,35.0,man,,1.0,white,1,1,1,1,1.0,0,conservative
40321857,3365,"""""""Let them praise the name of the LORD: for his name alone is excellent; his glory is above the earth and heaven."""" ~Psalms 148:13 #Bible""",0.4112669879401496,0.1045373719280438,0.1805479343884809,0.3036477057433255,aae,False,False,True,40.0,woman,{},0.0,white,1,1,1,1,1.0,0,neutral
61283819,3518,"""Also made this boy bacon and eggs this morning. He picked up his fork and said """"are the waffles still in the oven?"""". Ain't no damn waffles b""",0.4114535569379578,0.1450088616931789,0.0851426970391568,0.3583948843297063,aae,False,False,True,35.0,man,,1.0,white,2,1,2,2,2.0,0,conservative
98987708,3518,"""Also made this boy bacon and eggs this morning. He picked up his fork and said """"are the waffles still in the oven?"""". Ain't no damn waffles b""",0.4114535569379578,0.1450088616931789,0.0851426970391568,0.3583948843297063,aae,False,False,True,40.0,woman,{},0.5,white,1,1,1,1,1.0,0,conservative
40321857,3483,"""Somebody call my manager and say you got an urgent message for a nigga named William, """"drop everything, Craig's in trouble, come quick""""""",0.4123524478497035,0.1525131960567814,0.1519521828917788,0.2831821732017363,aae,True,False,True,40.0,woman,{},0.0,white,1,1,1,1,1.0,0,neutral
66593239,3483,"""Somebody call my manager and say you got an urgent message for a nigga named William, """"drop everything, Craig's in trouble, come quick""""""",0.4123524478497035,0.1525131960567814,0.1519521828917788,0.2831821732017363,aae,True,False,True,50.0,man,none,-0.5,white,1,1,3,2,2.5,0,liberal
44250250,1656,I just have a bad feeling that GolliWood will embrace this poor put upon nigrah because it is the current coddling libtard favorite black face of everything unpatriotic and anti-American.,0.0854337938137548,0.1577248892159517,0.0468612333633844,0.7099800836069089,white,False,True,False,30.0,man,{},0.5,white,5,5,5,5,5.0,1,conservative
98987708,1522,"I need to rant apologies but this fucking bitch, does she think we are fucking stupid? Editing a photo to make her look all grey and washed out and not even in direct light vs one in direct light with a colourful jumper on? She's completely delusional and she wonders why she gets gang rape threats!",0.2010137799257726,0.3233105125270936,0.0175933721523475,0.4580823353947862,white,True,False,False,40.0,woman,{},0.5,white,5,2,4,4,4.0,1,conservative
44250250,1522,"I need to rant apologies but this fucking bitch, does she think we are fucking stupid? Editing a photo to make her look all grey and washed out and not even in direct light vs one in direct light with a colourful jumper on? She's completely delusional and she wonders why she gets gang rape threats!",0.2010137799257726,0.3233105125270936,0.0175933721523475,0.4580823353947862,white,True,False,False,30.0,man,{},0.5,white,3,1,3,4,3.5,1,conservative
17414298,1705,"lets be honest, if I said I cant stand blacks you wouldn't say a thing. It's the truth and you wouldn't mind cos you know it too. Im glad we can be open and honest with each other.",0.2120777842154705,0.3462543922489554,0.0076579713300661,0.434009852205508,white,False,True,False,35.0,man,{},0.0,white,2,2,3,2,2.5,0,neutral
61283819,3620,If it wasn't cause I have to come into work I woulda went home got me fucked up,0.3968518203554521,0.3263787532552524,0.0007736021027665,0.2759958242865289,aae,True,False,True,35.0,man,,1.0,white,2,1,2,2,2.0,0,conservative
45870433,3620,If it wasn't cause I have to come into work I woulda went home got me fucked up,0.3968518203554521,0.3263787532552524,0.0007736021027665,0.2759958242865289,aae,True,False,True,35.0,woman,{},0.5,white,1,1,2,1,1.5,0,conservative
40321857,2685,"Pour your misery down, pour your misery down on me Pour your misery down, pour your misery down on me",0.2222103954322778,0.275147975771164,0.1363700306257966,0.3662715981707614,white,False,False,False,40.0,woman,{},0.0,white,1,1,1,1,1.0,0,neutral
66593239,2685,"Pour your misery down, pour your misery down on me Pour your misery down, pour your misery down on me",0.2222103954322778,0.275147975771164,0.1363700306257966,0.3662715981707614,white,False,False,False,50.0,man,none,-0.5,white,1,1,1,1,1.0,0,liberal
66593239,673,"""I fucking hate niggers so goddamn much."" - Cool cos I fucking hate you so goddamn much too!",0.117617027270913,0.574262571309962,0.0739827293363874,0.2341376720827373,hispanic,True,False,False,50.0,man,none,-0.5,white,5,5,5,5,5.0,1,liberal
44250250,673,"""I fucking hate niggers so goddamn much."" - Cool cos I fucking hate you so goddamn much too!",0.117617027270913,0.574262571309962,0.0739827293363874,0.2341376720827373,hispanic,True,False,False,30.0,man,{},0.5,white,5,5,5,5,5.0,1,conservative
40321857,2175,"Oh mate I am SO going to fuck you up next time I see you, nigger !",0.1581399247317534,0.5095806299445558,0.0265722889612972,0.3057071563623936,hispanic,True,True,False,40.0,woman,{},0.0,white,5,5,5,5,5.0,1,neutral
44250250,2175,"Oh mate I am SO going to fuck you up next time I see you, nigger !",0.1581399247317534,0.5095806299445558,0.0265722889612972,0.3057071563623936,hispanic,True,True,False,30.0,man,{},0.5,white,5,5,5,5,5.0,1,conservative
94108971,49,"I fully support artists who freely express themselves and applaud male and female artists who are opening up more and more about their sexual identities, but every so often there come certain songs with messaging that is just downright tone-deaf, which does more harm than good for the LGBTQ+ community. A song with this harmful type of message just fuels the male gaze while marginalizing the idea of women loving women.",0.0689871559364946,0.1284703569373829,0.0072317217725109,0.7953107653536114,white,False,False,False,40.0,man,{},0.5,white,1,1,2,1,1.5,0,conservative
66593239,49,"I fully support artists who freely express themselves and applaud male and female artists who are opening up more and more about their sexual identities, but every so often there come certain songs with messaging that is just downright tone-deaf, which does more harm than good for the LGBTQ+ community. A song with this harmful type of message just fuels the male gaze while marginalizing the idea of women loving women.",0.0689871559364946,0.1284703569373829,0.0072317217725109,0.7953107653536114,white,False,False,False,50.0,man,none,-0.5,white,1,1,1,1,1.0,0,liberal
61283819,3245,"""""""That was decades ago, Cecil! Anyway, we want to know what we can do to keep your business."""" #KevinBot""",0.3701951451702115,0.2152774357587102,0.1081959911473613,0.3063314279237168,aae,False,False,True,35.0,man,,1.0,white,1,1,1,1,1.0,0,conservative
98987708,3245,"""""""That was decades ago, Cecil! Anyway, we want to know what we can do to keep your business."""" #KevinBot""",0.3701951451702115,0.2152774357587102,0.1081959911473613,0.3063314279237168,aae,False,False,True,40.0,woman,{},0.5,white,1,1,1,1,1.0,0,conservative
40321857,3379,switching lanes but ion got no gears:no_entry_sign::dash: shawty said she wanna ride but she don't know how to steer:man_facepalming_medium-light_skin_tone::put_litter_in_its_place:,0.7689490645201645,0.1199554459751981,0.0248906952623054,0.0862047942423318,aae,False,False,True,40.0,woman,{},0.0,white,1,1,1,1,1.0,0,neutral
66593239,3379,switching lanes but ion got no gears:no_entry_sign::dash: shawty said she wanna ride but she don't know how to steer:man_facepalming_medium-light_skin_tone::put_litter_in_its_place:,0.7689490645201645,0.1199554459751981,0.0248906952623054,0.0862047942423318,aae,False,False,True,50.0,man,none,-0.5,white,1,1,1,1,1.0,0,liberal
98987708,322,Every police officer is a resentful son of a bitch with a lot of power,0.1968515512770876,0.1655054070192886,0.1167544915671955,0.5208885501364281,white,True,False,False,40.0,woman,{},0.5,white,5,1,5,5,5.0,1,conservative
45870433,773,"I just saw this midget in town and he tried to talk to me, no thanks.",0.2128405960004444,0.3013097793146557,0.0286187745773435,0.4572308501075562,white,False,False,False,35.0,woman,{},0.5,white,5,1,4,4,4.0,1,conservative
61283819,609,What a narcisistic bitch. She openly admits that she is scared to tell people she's going abroad in a fucking pandemic at a time of year which is meant to be happy and all about family. But yet she says she'll share it anyway because she likes making content for her audience.,0.1234750663021978,0.2796149512225763,0.0055318661784484,0.5913781162967773,white,True,False,False,35.0,man,,1.0,white,3,1,4,4,4.0,1,conservative
44250250,609,What a narcisistic bitch. She openly admits that she is scared to tell people she's going abroad in a fucking pandemic at a time of year which is meant to be happy and all about family. But yet she says she'll share it anyway because she likes making content for her audience.,0.1234750663021978,0.2796149512225763,0.0055318661784484,0.5913781162967773,white,True,False,False,30.0,man,{},0.5,white,4,1,4,4,4.0,1,conservative
61283819,2016,this black colleague of mine is one of the reasons why my life fucking sucks,0.0815077984274658,0.3237709944823631,0.0311132860957989,0.5636079209943721,white,True,True,False,35.0,man,,1.0,white,4,4,4,3,3.5,1,conservative
45870433,2016,this black colleague of mine is one of the reasons why my life fucking sucks,0.0815077984274658,0.3237709944823631,0.0311132860957989,0.5636079209943721,white,True,True,False,35.0,woman,{},0.5,white,5,4,4,4,4.0,1,conservative
98987708,2799,"""""""I am happy to report that drowning does kill this demonic entity. Oh holy are the waters of Chernarus!"""" Omg, DED ;)""",0.0549105140120925,0.2246311924573411,0.1831875666268146,0.5372707269037517,white,False,False,False,40.0,woman,{},0.5,white,1,1,1,1,1.0,0,conservative
44250250,2799,"""""""I am happy to report that drowning does kill this demonic entity. Oh holy are the waters of Chernarus!"""" Omg, DED ;)""",0.0549105140120925,0.2246311924573411,0.1831875666268146,0.5372707269037517,white,False,False,False,30.0,man,{},0.5,white,3,1,2,2,2.0,0,conservative
66593239,4056,I'm not finna buy no mf twitter account!! Stop asking me that stupid ass:peach: shit:shit:!!! If anything I'll pay to get mine updated bitch.!!,0.5359091003380644,0.3243661027261962,0.011605684982328,0.1281191119534114,aae,True,False,True,50.0,man,none,-0.5,white,1,1,2,1,1.5,0,liberal
44250250,1401,"Yeah. Verbose, wise-ass, know it all and downright SMUG Jew. I hate punks like this, saturated in Cultural Marxist propaganda. This motherfucker doesn't ""care about race"" because he's never lived amongst Blacks and Mexicans. I'd love to shove his lame, kosher ass into a jail cell full of Negro brutes. Then ask him later (if he lives haha) if he still does not care about race.",0.1065990998233073,0.2346240208448099,0.0955031828955965,0.5632736964362862,white,True,False,False,30.0,man,{},0.5,white,5,5,5,5,5.0,1,conservative
45870433,1401,"Yeah. Verbose, wise-ass, know it all and downright SMUG Jew. I hate punks like this, saturated in Cultural Marxist propaganda. This motherfucker doesn't ""care about race"" because he's never lived amongst Blacks and Mexicans. I'd love to shove his lame, kosher ass into a jail cell full of Negro brutes. Then ask him later (if he lives haha) if he still does not care about race.",0.1065990998233073,0.2346240208448099,0.0955031828955965,0.5632736964362862,white,True,False,False,35.0,woman,{},0.5,white,5,5,5,5,5.0,1,conservative
61283819,3474,Sis don't assume I'm talking about yo nigga and get in yo feelings .. Yo nigga not the only one on my line :joy:,0.718124575832953,0.1416164067457073,0.0152845490707318,0.1249744683506078,aae,True,False,True,35.0,man,,1.0,white,4,3,3,4,3.5,1,conservative
66593239,3474,Sis don't assume I'm talking about yo nigga and get in yo feelings .. Yo nigga not the only one on my line :joy:,0.718124575832953,0.1416164067457073,0.0152845490707318,0.1249744683506078,aae,True,False,True,50.0,man,none,-0.5,white,1,2,4,3,3.5,1,liberal
66593239,3989,lings for a swinger I fucked I refuse to catch feelings for a swinger I fucked BITCH I REPEAT I REFUSE TO CATCH FEELINGS FOR THIS MF SWINGER,0.6507351088047756,0.1297481837571841,0.0134429253869552,0.2060737820510849,aae,True,False,True,50.0,man,none,-0.5,white,1,1,3,2,2.5,0,liberal
61283819,3290,AND I LOVE HOW JINWOO GET A LOT OF LINE LIKE YAS BRUH DO IT BRUH IT'S UR TIME TO SHINE U HAVE UNIQUE VOICE <3,0.418454316212855,0.3243678080389964,0.0218760202409247,0.2353018555072239,aae,False,False,True,35.0,man,,1.0,white,1,1,1,1,1.0,0,conservative
61283819,404,my chair can eat my shit,0.4218301205968101,0.3059956965943129,0.0003925255899915,0.2717816572188854,aae,True,False,True,35.0,man,,1.0,white,2,1,3,2,2.5,0,conservative
45870433,1816,CHECK THESE LYRICS TO AN UNNAMED SONG. TUNE OUT THAT NIGGA MUSIC,0.4627687274602148,0.2028541630552965,0.0765316817068584,0.2578454277776301,aae,True,True,True,35.0,woman,{},0.5,white,5,4,4,4,4.0,1,conservative
98987708,913,The definition of adultery is to adulterate (corrupt) your race. Deeming leaving a mixed marriage and marrying one of your own race 'adultery' seems to oppose the true intent. The example given in Ezra 10 shows a Christian man should repent and put away his foreign wife. (It helps to see this from a C.I. point of view.),0.0817787963890198,0.0896365447173401,0.078499605313744,0.750085053579896,white,False,False,False,40.0,woman,{},0.5,white,1,2,3,2,2.5,0,conservative
44250250,913,The definition of adultery is to adulterate (corrupt) your race. Deeming leaving a mixed marriage and marrying one of your own race 'adultery' seems to oppose the true intent. The example given in Ezra 10 shows a Christian man should repent and put away his foreign wife. (It helps to see this from a C.I. point of view.),0.0817787963890198,0.0896365447173401,0.078499605313744,0.750085053579896,white,False,False,False,30.0,man,{},0.5,white,1,1,1,1,1.0,0,conservative
44250250,1682,"I saw a clip of this absolute genius from blm today trying to justify their looting and stealing because, ""this country was stolen in the first place.....and george floyd"" idiot",0.0810309475451891,0.102681893056762,0.1006629510749623,0.7156242083230866,white,False,True,False,30.0,man,{},0.5,white,4,5,4,4,4.0,1,conservative
45870433,1592,"Of course they like all that ""gangsta"" talk and black behaviour, but how do they react when they see one (let alone having to be surrounded by them)?",0.3029273543143441,0.3372633684679605,0.0577482593141292,0.3020610179035661,hispanic,False,True,False,35.0,woman,{},0.5,white,4,4,4,4,4.0,1,conservative
98987708,3471,ion care if yall hoes get mad just dont get in the way,0.7576109490109137,0.1228451026266907,0.0014484716993973,0.118095476662998,aae,True,False,True,40.0,woman,{},0.5,white,1,1,1,1,1.0,0,conservative
40321857,2545,I really appreciate the fact that I get to live in a city with a lot of other kinky people. It's not something to take for granted.,0.0954666285895639,0.2709290137113047,0.0096251074978207,0.6239792502013106,white,True,False,False,40.0,woman,{},0.0,white,1,1,1,1,1.0,0,neutral
45870433,2545,I really appreciate the fact that I get to live in a city with a lot of other kinky people. It's not something to take for granted.,0.0954666285895639,0.2709290137113047,0.0096251074978207,0.6239792502013106,white,True,False,False,35.0,woman,{},0.5,white,1,1,2,1,1.5,0,conservative
40321857,1823,"I've been to Italy a few times, and only saw two niggers in Venice.... some old dudes who were missing nearly all their teeth.. . I just don't go back to Venice.. problem solved.",0.1188594738053645,0.2898588985730996,0.0224436759388988,0.5688379516826368,white,True,True,False,40.0,woman,{},0.0,white,5,5,5,5,5.0,1,neutral
94108971,1823,"I've been to Italy a few times, and only saw two niggers in Venice.... some old dudes who were missing nearly all their teeth.. . I just don't go back to Venice.. problem solved.",0.1188594738053645,0.2898588985730996,0.0224436759388988,0.5688379516826368,white,True,True,False,40.0,man,{},0.5,white,3,3,5,3,4.0,1,conservative
98987708,3400,"""Im ALWAYS here for objective Beyonce analysis but I do NOT see what yall see for Ashanti and never have """"oh babay"""" :face_with_rolling_eyes::joy:""",0.420165883184216,0.1822274015550909,0.1594576873320718,0.2381490279286213,aae,False,False,True,40.0,woman,{},0.5,white,1,1,1,1,1.0,0,conservative
94108971,3400,"""Im ALWAYS here for objective Beyonce analysis but I do NOT see what yall see for Ashanti and never have """"oh babay"""" :face_with_rolling_eyes::joy:""",0.420165883184216,0.1822274015550909,0.1594576873320718,0.2381490279286213,aae,False,False,True,40.0,man,{},0.5,white,2,1,1,1,1.0,0,conservative
61283819,1830,Those niggers should kill themselves,0.2621282212013028,0.3612980299792972,0.02579623516471,0.3507775136546898,hispanic,True,True,False,35.0,man,,1.0,white,4,5,5,5,5.0,1,conservative
66593239,1830,Those niggers should kill themselves,0.2621282212013028,0.3612980299792972,0.02579623516471,0.3507775136546898,hispanic,True,True,False,50.0,man,none,-0.5,white,5,5,5,5,5.0,1,liberal
66593239,660,"Someone told me ""I'd rather cut myself than being a woman, women are all fuckable bitches with tits"". I can't believe someone would think like that!",0.1850223716675418,0.3325898846674355,0.0414580471061628,0.4409296965588599,white,True,False,False,50.0,man,none,-0.5,white,4,1,5,5,5.0,1,liberal
66593239,2486,Gray are you sure that you are bigger in every way!? Look at Ethan's nude buddy :joy: @GraysonDolan @EthanDolan,0.0665221166409042,0.2424133343649314,0.0114371626447531,0.6796273863494112,white,True,False,False,50.0,man,none,-0.5,white,1,1,1,1,1.0,0,liberal
61283819,1576,"Exactly, not only that but BLM has been talking about white privilege for awhile now, yet it's the white privilege which is attracting them to our woman and our own woman to whites. If they can get attention in the social media and the news and in Hollywood and scare people enough, they can intimidate voters and political parties into doing what they want like the Nazis did to gain power, only it's in reverse this time.",0.0881870411289304,0.1589749285411618,0.0228781725983344,0.7299598577315733,white,False,True,False,35.0,man,,1.0,white,1,2,4,1,2.5,0,conservative
40321857,1576,"Exactly, not only that but BLM has been talking about white privilege for awhile now, yet it's the white privilege which is attracting them to our woman and our own woman to whites. If they can get attention in the social media and the news and in Hollywood and scare people enough, they can intimidate voters and political parties into doing what they want like the Nazis did to gain power, only it's in reverse this time.",0.0881870411289304,0.1589749285411618,0.0228781725983344,0.7299598577315733,white,False,True,False,40.0,woman,{},0.0,white,5,5,5,5,5.0,1,neutral
40321857,2394,"I'm one that believes in freedom of speech, but where Pres. Trump is concerned with his twitter acct., I'm opposed to freedom of tweet 4 him",0.1357416047085372,0.1252298407803416,0.0302126579108157,0.7088158966003053,white,False,False,False,40.0,woman,{},0.0,white,1,1,1,1,1.0,0,neutral
44250250,2394,"I'm one that believes in freedom of speech, but where Pres. Trump is concerned with his twitter acct., I'm opposed to freedom of tweet 4 him",0.1357416047085372,0.1252298407803416,0.0302126579108157,0.7088158966003053,white,False,False,False,30.0,man,{},0.5,white,1,1,1,1,1.0,0,conservative
40321857,3303,"I bet you Wenger would say he had wanted to sign Mane too, always signing players in his head. #aprilfoolsday",0.402898069985428,0.1725741433122334,0.0540485754221353,0.3704792112802033,aae,False,False,True,40.0,woman,{},0.0,white,1,1,1,1,1.0,0,neutral
66593239,3303,"I bet you Wenger would say he had wanted to sign Mane too, always signing players in his head. #aprilfoolsday",0.402898069985428,0.1725741433122334,0.0540485754221353,0.3704792112802033,aae,False,False,True,50.0,man,none,-0.5,white,1,1,1,1,1.0,0,liberal
40321857,67,"the fact is that I love winding them up, they are so easy to triggerv",0.1544461223391887,0.2331680176786432,0.0069241039522279,0.6054617560299401,white,False,False,False,40.0,woman,{},0.0,white,2,1,2,2,2.0,0,neutral
44250250,67,"the fact is that I love winding them up, they are so easy to triggerv",0.1544461223391887,0.2331680176786432,0.0069241039522279,0.6054617560299401,white,False,False,False,30.0,man,{},0.5,white,5,1,4,4,4.0,1,conservative
86257299,1878,"I have never been to Niger, is it nice? Must be lots of Niggers there LOL",0.1850335869536379,0.3719116124199457,0.0351561336035708,0.4078986670228456,white,True,True,False,45.0,man,{},0.5,white,5,5,5,5,5.0,1,conservative
63428654,3302,"""I showed him a picture of 21 savage and he said """"yeah he looked like that"""". I think my dad just met 21 savage.""",0.3439815208207092,0.3068742564185427,0.095131319876266,0.2540129028844821,aae,False,False,True,30.0,man,{},0.0,white,2,2,2,2,2.0,0,neutral
86257299,3302,"""I showed him a picture of 21 savage and he said """"yeah he looked like that"""". I think my dad just met 21 savage.""",0.3439815208207092,0.3068742564185427,0.095131319876266,0.2540129028844821,aae,False,False,True,45.0,man,{},0.5,white,1,1,1,1,1.0,0,conservative
86257299,3594,I just want my fucking hair done :woman_facepalming_medium-dark_skin_tone: guess I gotta try to do it myself cause I know another mf aint gone do it :face_with_rolling_eyes:,0.6023207251397146,0.2593555196563834,4.909967774074726e-05,0.1382746555261611,aae,True,False,True,45.0,man,{},0.5,white,1,1,1,1,1.0,0,conservative
63428654,3412,"""These promposals make me mad even at my age because my promosal was my exboyfriend saying """"Can I wear a cane to prom"""" :face_with_rolling_eyes::face_with_rolling_eyes::face_with_rolling_eyes: Aggy ass :joy::joy::joy:""",0.5105997839580011,0.2233433916839481,0.077872323052999,0.1881845013050515,aae,True,False,True,30.0,man,{},0.0,white,3,2,2,2,2.0,0,neutral
69198055,3412,"""These promposals make me mad even at my age because my promosal was my exboyfriend saying """"Can I wear a cane to prom"""" :face_with_rolling_eyes::face_with_rolling_eyes::face_with_rolling_eyes: Aggy ass :joy::joy::joy:""",0.5105997839580011,0.2233433916839481,0.077872323052999,0.1881845013050515,aae,True,False,True,60.0,woman,none,0.5,white,4,2,3,2,2.5,0,conservative
5428237,3554,Cause my money running like Forest gump these niggahs hate me like I'm Donald trump:microphone: @YoungDolph,0.5926893299635455,0.2009051038699834,0.0316687679431472,0.1747367982233239,aae,False,False,True,35.0,woman,{},0.5,white,1,1,2,1,1.5,0,conservative
86257299,4,I do not dislike vegetables just the majority of them,0.1377137786734108,0.3285370019561496,0.0220051781193651,0.5117440412510743,white,False,False,False,45.0,man,{},0.5,white,1,1,1,1,1.0,0,conservative
69198055,4,I do not dislike vegetables just the majority of them,0.1377137786734108,0.3285370019561496,0.0220051781193651,0.5117440412510743,white,False,False,False,60.0,woman,none,0.5,white,1,1,1,1,1.0,0,conservative
5428237,3349,Get ready for #DigiTrendz - Entertainment News on #ShoutsOnY @Y1079FM x @Y979FM brought to you by @MTNGhana @caroline4real @quarpshansen,0.3451266904175178,0.2588678489363967,0.0753559953468864,0.3206494652991989,aae,False,False,True,35.0,woman,{},0.5,white,1,1,1,1,1.0,0,conservative
86257299,3349,Get ready for #DigiTrendz - Entertainment News on #ShoutsOnY @Y1079FM x @Y979FM brought to you by @MTNGhana @caroline4real @quarpshansen,0.3451266904175178,0.2588678489363967,0.0753559953468864,0.3206494652991989,aae,False,False,True,45.0,man,{},0.5,white,1,1,1,1,1.0,0,conservative
83062091,3436,"""These are the same people who give no fucks for the ~consequences~ of their """"messing up"""" and will take no responsibility over that. Fuck 'em""",0.3250870173170643,0.2421787376982118,0.1557673647994915,0.2769668801852324,aae,True,False,True,40.0,man,{},0.0,white,5,2,4,4,4.0,1,neutral
86257299,2356,Thank you to our governors who spent the day in school looking at our learning. We hope you were impressed? #TeamManor #Aspirebelieveachieve,0.0555206584361265,0.1592161647911827,0.0110144687812376,0.7742487079914531,white,False,False,False,45.0,man,{},0.5,white,1,1,1,1,1.0,0,conservative
93788928,2356,Thank you to our governors who spent the day in school looking at our learning. We hope you were impressed? #TeamManor #Aspirebelieveachieve,0.0555206584361265,0.1592161647911827,0.0110144687812376,0.7742487079914531,white,False,False,False,35.0,man,{},0.5,white,1,1,1,1,1.0,0,conservative
83062091,1799,i bet this nigga knows,0.5934677194703277,0.2383204703836429,0.0002612366670347,0.1679505734789945,aae,True,True,True,40.0,man,{},0.0,white,4,4,5,4,4.5,1,neutral
86257299,1799,i bet this nigga knows,0.5934677194703277,0.2383204703836429,0.0002612366670347,0.1679505734789945,aae,True,True,True,45.0,man,{},0.5,white,2,3,3,2,2.5,0,conservative
93788928,377,"Ayo, yall check it my niggas, wanna know how I achieved this body?",0.61021389459725,0.1762431243663285,0.061296601227135,0.1522463798092865,aae,True,False,True,35.0,man,{},0.5,white,1,1,1,1,1.0,0,conservative
7288661,2128,"If that ngr is clever enough to get his skinny ass into this country, he's competent enough to be held responsible for chimping out.",0.129509592738782,0.1624270168721203,0.0084504140459776,0.69961297634312,white,True,True,False,40.0,man,{},0.5,white,5,5,5,5,5.0,1,conservative
5428237,3519,I hate the Nimbasa Ferris Wheel... It was hard to trust N after he told me that he was Plasma's king.,0.402717488749292,0.2200309160884215,0.0142850197273985,0.3629665754348879,aae,False,False,True,35.0,woman,{},0.5,white,1,1,1,1,1.0,0,conservative
86257299,3519,I hate the Nimbasa Ferris Wheel... It was hard to trust N after he told me that he was Plasma's king.,0.402717488749292,0.2200309160884215,0.0142850197273985,0.3629665754348879,aae,False,False,True,45.0,man,{},0.5,white,1,1,1,1,1.0,0,conservative
7815980,1837,"Lol watch out nigga, I'm going to find you and kill you and all your family.",0.2367969935146459,0.4056427104322506,0.0067311482903763,0.3508291477627272,hispanic,True,True,False,40.0,man,none,0.5,white,5,1,5,5,5.0,1,conservative
86257299,1837,"Lol watch out nigga, I'm going to find you and kill you and all your family.",0.2367969935146459,0.4056427104322506,0.0067311482903763,0.3508291477627272,hispanic,True,True,False,45.0,man,{},0.5,white,5,5,5,5,5.0,1,conservative
63428654,1719,Good to see these guys! We need more white lawyers to fight the good fight!!,0.3627923057173601,0.2922890553207913,0.0163361901400906,0.3285824488217577,aae,False,True,True,30.0,man,{},0.0,white,1,1,1,1,1.0,0,neutral
86257299,1719,Good to see these guys! We need more white lawyers to fight the good fight!!,0.3627923057173601,0.2922890553207913,0.0163361901400906,0.3285824488217577,aae,False,True,True,45.0,man,{},0.5,white,3,5,5,5,5.0,1,conservative
86257299,2718,Whole Moyes thing got blown out of proportion but tbf a wanted him to fined and sacked cos he's an awful manager,0.107645787232449,0.2672364895243322,0.0767680142212724,0.5483497090219464,white,False,False,False,45.0,man,{},0.5,white,2,1,3,1,2.0,0,conservative
93788928,2718,Whole Moyes thing got blown out of proportion but tbf a wanted him to fined and sacked cos he's an awful manager,0.107645787232449,0.2672364895243322,0.0767680142212724,0.5483497090219464,white,False,False,False,35.0,man,{},0.5,white,1,1,1,1,1.0,0,conservative
86257299,3415,i want 2 go 2 the kitchen and snatch some donuts from d fridge but im afraid i might wake them im so gutom n its 1 am ya feel me hekkkkkk,0.4129340320192578,0.2820452355987527,0.0773865867287822,0.2276341456532072,aae,True,False,True,45.0,man,{},0.5,white,1,1,1,1,1.0,0,conservative
93788928,3415,i want 2 go 2 the kitchen and snatch some donuts from d fridge but im afraid i might wake them im so gutom n its 1 am ya feel me hekkkkkk,0.4129340320192578,0.2820452355987527,0.0773865867287822,0.2276341456532072,aae,True,False,True,35.0,man,{},0.5,white,1,1,1,1,1.0,0,conservative
83062091,2170,"I really hate the libtard freaks that coddle this garbage. The way things are going...the future looks to be a distinctly unpalatable one. I thank fuck I'm forty-seven and didn't have kids. The inner cities of Britain have become incrementally worse in the last 20 years. Years ago, you never saw any niggers. If you did, it would be on its own. Now they're ubiquitous, sadly. What's Sydney like for niggers? Does it have a blend of different niggers like London?",0.0574263720220666,0.1905946076165942,0.0139891684043567,0.7379898519569825,white,True,True,False,40.0,man,{},0.0,white,5,5,5,5,5.0,1,neutral
86257299,2170,"I really hate the libtard freaks that coddle this garbage. The way things are going...the future looks to be a distinctly unpalatable one. I thank fuck I'm forty-seven and didn't have kids. The inner cities of Britain have become incrementally worse in the last 20 years. Years ago, you never saw any niggers. If you did, it would be on its own. Now they're ubiquitous, sadly. What's Sydney like for niggers? Does it have a blend of different niggers like London?",0.0574263720220666,0.1905946076165942,0.0139891684043567,0.7379898519569825,white,True,True,False,45.0,man,{},0.5,white,5,5,5,5,5.0,1,conservative
7288661,3289,"""""""We gon' sit on an airplane~ gon' sit on airplane~"""" Sings happily on the way to the airport with @_LanceHunter_.""",0.437900824764047,0.1479319335159648,0.1173337619468961,0.2968334797730919,aae,False,False,True,40.0,man,{},0.5,white,1,1,1,1,1.0,0,conservative
86257299,3289,"""""""We gon' sit on an airplane~ gon' sit on airplane~"""" Sings happily on the way to the airport with @_LanceHunter_.""",0.437900824764047,0.1479319335159648,0.1173337619468961,0.2968334797730919,aae,False,False,True,45.0,man,{},0.5,white,1,1,1,1,1.0,0,conservative
86257299,132,"""I should have been challenged on the proposals or the claims that I was making for myself,"" she said. ""And I think that would have made a big difference as well. If I was just challenged on the things I was saying.""",0.149834639320939,0.2435231966172134,0.0240217166226825,0.5826204474391651,white,False,False,False,45.0,man,{},0.5,white,1,1,1,1,1.0,0,conservative
93788928,132,"""I should have been challenged on the proposals or the claims that I was making for myself,"" she said. ""And I think that would have made a big difference as well. If I was just challenged on the things I was saying.""",0.149834639320939,0.2435231966172134,0.0240217166226825,0.5826204474391651,white,False,False,False,35.0,man,{},0.5,white,1,1,1,1,1.0,0,conservative
5428237,2096,"it's simple - blacks chimp out and get free shit, whites dont chimp out and get fucked in the ass. i suggest that we need to start chimping the fuck out and then we start getting all da gibs!",0.4716797662111358,0.1851628429342345,0.0179660930559079,0.3251912977987218,aae,True,True,True,35.0,woman,{},0.5,white,5,5,5,5,5.0,1,conservative
69198055,2096,"it's simple - blacks chimp out and get free shit, whites dont chimp out and get fucked in the ass. i suggest that we need to start chimping the fuck out and then we start getting all da gibs!",0.4716797662111358,0.1851628429342345,0.0179660930559079,0.3251912977987218,aae,True,True,True,60.0,woman,none,0.5,white,5,5,5,5,5.0,1,conservative
86257299,535,Fuck! I forgot my umbrella and it's pouring outside!,0.1803421452336967,0.3531963164893435,0.0173647892186042,0.4490967490583556,white,True,False,False,45.0,man,{},0.5,white,1,1,1,1,1.0,0,conservative
93788928,535,Fuck! I forgot my umbrella and it's pouring outside!,0.1803421452336967,0.3531963164893435,0.0173647892186042,0.4490967490583556,white,True,False,False,35.0,man,{},0.5,white,1,1,1,1,1.0,0,conservative
93788928,1545,If a witch doctor came and shook some magic chicken bones and poured some jenkem on them they would immediately feel better...,0.2714114512634962,0.163144449209561,0.0103080794259603,0.5551360201009824,white,False,True,False,35.0,man,{},0.5,white,1,1,1,1,1.0,0,conservative
5428237,2683,"And now people are threatening the Gotham twitter, I'm done. This fandom is too goddamn disgusting.",0.0862812292533211,0.2572655845923411,0.0381235673734464,0.6183296187808913,white,False,False,False,35.0,woman,{},0.5,white,1,1,1,1,1.0,0,conservative
93788928,2683,"And now people are threatening the Gotham twitter, I'm done. This fandom is too goddamn disgusting.",0.0862812292533211,0.2572655845923411,0.0381235673734464,0.6183296187808913,white,False,False,False,35.0,man,{},0.5,white,1,1,1,1,1.0,0,conservative
63428654,2341,Cheaper to buy 2 hockey sticks from the US and have them shipped over than buying from @PuckStopUK or any U.K. store :pensive:#depressing,0.0496390456498118,0.138726554841008,0.0130192830030205,0.7986151165061596,white,False,False,False,30.0,man,{},0.0,white,3,2,2,2,2.0,0,neutral
86257299,2341,Cheaper to buy 2 hockey sticks from the US and have them shipped over than buying from @PuckStopUK or any U.K. store :pensive:#depressing,0.0496390456498118,0.138726554841008,0.0130192830030205,0.7986151165061596,white,False,False,False,45.0,man,{},0.5,white,1,1,1,1,1.0,0,conservative
86257299,724,"Ragyo is deadass so ugly. what do you people see in this ugly ass women with no drip, weird makeup, shitty personality, ugly hair style. Yall mfs must be down bad for milfs #ragyo",0.3726041549338344,0.3457582817854563,0.0215078564376212,0.260129706843088,aae,True,False,True,45.0,man,{},0.5,white,5,1,5,2,3.5,1,conservative
93788928,724,"Ragyo is deadass so ugly. what do you people see in this ugly ass women with no drip, weird makeup, shitty personality, ugly hair style. Yall mfs must be down bad for milfs #ragyo",0.3726041549338344,0.3457582817854563,0.0215078564376212,0.260129706843088,aae,True,False,True,35.0,man,{},0.5,white,2,1,2,2,2.0,0,conservative
69198055,2214,"You was exactly like the nigga I talked about. Come on and stop selling out, take that stupid-ass smile off your face. Niggas always gotta show they teeth. But be brief",0.4583499381820027,0.2611321361232454,0.0045573213596579,0.275960604335094,aae,True,True,True,60.0,woman,none,0.5,white,5,4,4,4,4.0,1,conservative
5428237,1742,Anti-Slavery International should be destroyed. We need that negro free labour to function.,0.1731484295311674,0.2558824210479195,0.1737493988468361,0.3972197505740769,white,True,True,False,35.0,woman,{},0.5,white,3,5,5,5,5.0,1,conservative
86257299,1742,Anti-Slavery International should be destroyed. We need that negro free labour to function.,0.1731484295311674,0.2558824210479195,0.1737493988468361,0.3972197505740769,white,True,True,False,45.0,man,{},0.5,white,5,5,5,5,5.0,1,conservative
5428237,3530,I Kan put a hit on you homie you know I'm good for it!!! But I'll do you in myself Kuz it's Personal.,0.4170883950868265,0.3120731194719366,0.0252116807863151,0.2456268046549216,aae,False,False,True,35.0,woman,{},0.5,white,4,1,5,4,4.5,1,conservative
69198055,3530,I Kan put a hit on you homie you know I'm good for it!!! But I'll do you in myself Kuz it's Personal.,0.4170883950868265,0.3120731194719366,0.0252116807863151,0.2456268046549216,aae,False,False,True,60.0,woman,none,0.5,white,5,1,4,3,3.5,1,conservative
63428654,476,"fuck this, my dog is doing my nut in",0.3757146073033922,0.2822356477879542,0.0164577745590451,0.3255919703496084,aae,True,False,True,30.0,man,{},0.0,white,4,3,4,4,4.0,1,neutral
69198055,476,"fuck this, my dog is doing my nut in",0.3757146073033922,0.2822356477879542,0.0164577745590451,0.3255919703496084,aae,True,False,True,60.0,woman,none,0.5,white,1,1,1,2,1.5,0,conservative
86257299,3333,Shoot like the coach gave you green light from anywhere even if yo shot look like Shaqs keep shooting away :joy::joy:,0.4809308911111363,0.2206514338151909,0.0147009527114529,0.2837167223622198,aae,False,False,True,45.0,man,{},0.5,white,2,1,3,1,2.0,0,conservative
93788928,3333,Shoot like the coach gave you green light from anywhere even if yo shot look like Shaqs keep shooting away :joy::joy:,0.4809308911111363,0.2206514338151909,0.0147009527114529,0.2837167223622198,aae,False,False,True,35.0,man,{},0.5,white,1,1,1,1,1.0,0,conservative
86257299,3037,"my phone is sooo fucked :-( the home button isn't working, neither is the lock button :)) it needs charged every 3hrs :)))",0.1857787417004722,0.3675120244139336,0.0276946346581351,0.4190145992274589,white,True,False,False,45.0,man,{},0.5,white,1,1,1,1,1.0,0,conservative
93788928,3037,"my phone is sooo fucked :-( the home button isn't working, neither is the lock button :)) it needs charged every 3hrs :)))",0.1857787417004722,0.3675120244139336,0.0276946346581351,0.4190145992274589,white,True,False,False,35.0,man,{},0.5,white,1,1,1,1,1.0,0,conservative
5428237,1347,"Wait, wait, wait, a fucking minute! Did this silly bitch really just try to be ""sexy"" doing ASL sign language?! What the fuck is wrong her?! Nothing about disabled is sexy",0.2933571517137791,0.2796734776049149,0.0351983203595625,0.3917710503217434,white,True,False,False,35.0,woman,{},0.5,white,5,5,5,5,5.0,1,conservative
93788928,1347,"Wait, wait, wait, a fucking minute! Did this silly bitch really just try to be ""sexy"" doing ASL sign language?! What the fuck is wrong her?! Nothing about disabled is sexy",0.2933571517137791,0.2796734776049149,0.0351983203595625,0.3917710503217434,white,True,False,False,35.0,man,{},0.5,white,5,1,4,4,4.0,1,conservative
86257299,1624,They are behaving like the black ghetto trash that they are,0.3765953184249163,0.3166696265688123,0.0074363384029317,0.2992987166033396,aae,False,True,True,45.0,man,{},0.5,white,5,5,5,5,5.0,1,conservative
91797745,3513,"Briana know she wrong!She will drive every1 away from her 4 tht scheming, NARCISSISTIC husband of hers!@LFM_BrianaRenee @LittleWomenTV",0.5635711006815394,0.2027031788642634,0.0178034395174458,0.2159222809367512,aae,False,False,True,35.0,man,{},0.5,white,2,1,1,2,1.5,0,conservative
86257299,3513,"Briana know she wrong!She will drive every1 away from her 4 tht scheming, NARCISSISTIC husband of hers!@LFM_BrianaRenee @LittleWomenTV",0.5635711006815394,0.2027031788642634,0.0178034395174458,0.2159222809367512,aae,False,False,True,45.0,man,{},0.5,white,2,1,3,1,2.0,0,conservative
7288661,3557,You can't be ran through & a trophy at the same time. You washed up ma' so 9/10 you gone end up with somebody as low as you! :wink:,0.4257964060975805,0.218360439038212,0.0131816848231545,0.3426614700410527,aae,False,False,True,40.0,man,{},0.5,white,4,1,4,4,4.0,1,conservative
5428237,2256,#BBnaija time to give out airtime to all bossnation.we are taking this. The dopest team ever. Tboss 4 the mula.,0.1205388147489614,0.3167850738692189,0.0254091920917993,0.5372669192900202,white,False,False,False,35.0,woman,{},0.5,white,1,1,1,1,1.0,0,conservative
93788928,2256,#BBnaija time to give out airtime to all bossnation.we are taking this. The dopest team ever. Tboss 4 the mula.,0.1205388147489614,0.3167850738692189,0.0254091920917993,0.5372669192900202,white,False,False,False,35.0,man,{},0.5,white,1,1,1,1,1.0,0,conservative
5428237,760,Pls Never forget that Jews did 9/11.,0.1050529857213534,0.2856039220444319,0.1830397727749949,0.4263033194592197,white,False,False,False,35.0,woman,{},0.5,white,5,5,5,5,5.0,1,conservative
86257299,760,Pls Never forget that Jews did 9/11.,0.1050529857213534,0.2856039220444319,0.1830397727749949,0.4263033194592197,white,False,False,False,45.0,man,{},0.5,white,5,5,5,5,5.0,1,conservative
3793818,1724,blacks love to sell drugs,0.3446430206270521,0.3271443938102932,0.0415817751797453,0.2866308103829093,aae,False,True,True,35.0,woman,{},0.5,white,5,5,5,5,5.0,1,conservative
83062091,1724,blacks love to sell drugs,0.3446430206270521,0.3271443938102932,0.0415817751797453,0.2866308103829093,aae,False,True,True,40.0,man,{},0.0,white,5,5,5,5,5.0,1,neutral
86257299,1824,We should ask why bedbugs have niggers. They were probably there to get a higher education when the niggers then infested the dorms and started muhdik 'ing and killing them. Any one think that maybe we should sell sniper to bedbugs?,0.1365176150384967,0.2296747203105961,0.0172070206791259,0.6166006439717809,white,True,True,False,45.0,man,{},0.5,white,5,5,5,5,5.0,1,conservative
93788928,1824,We should ask why bedbugs have niggers. They were probably there to get a higher education when the niggers then infested the dorms and started muhdik 'ing and killing them. Any one think that maybe we should sell sniper to bedbugs?,0.1365176150384967,0.2296747203105961,0.0172070206791259,0.6166006439717809,white,True,True,False,35.0,man,{},0.5,white,3,5,4,4,4.0,1,conservative
5428237,679,Why am i always called a fucking nigger,0.1791695661526853,0.5145271993857017,0.0206165438889158,0.2856866905726972,hispanic,True,False,False,35.0,woman,{},0.5,white,1,1,1,3,2.0,0,conservative
83062091,679,Why am i always called a fucking nigger,0.1791695661526853,0.5145271993857017,0.0206165438889158,0.2856866905726972,hispanic,True,False,False,40.0,man,{},0.0,white,5,5,5,5,5.0,1,neutral
86257299,1530,"I mean, I dont care if all the gays are infected to the nines. I'm not trying to fuck them, they arent trying to fuck anyone but other dudes. Just making doctors rich raw dogging their twink boys.Who cares what they got or do, its an insular culture anyway.

",0.2555592451325477,0.3415691004308273,0.0087424918922442,0.3941291625443808,white,True,False,False,45.0,man,{},0.5,white,3,1,4,3,3.5,1,conservative
63428654,2327,This woman married a man with 2 other wives and she's now jealous about the fact that he's had a baby with another wife :face_with_rolling_eyes:,0.2446782806657151,0.2787404079409334,0.0059076536237222,0.4706736577696291,white,False,False,False,30.0,man,{},0.0,white,4,3,4,3,3.5,1,neutral
86257299,2327,This woman married a man with 2 other wives and she's now jealous about the fact that he's had a baby with another wife :face_with_rolling_eyes:,0.2446782806657151,0.2787404079409334,0.0059076536237222,0.4706736577696291,white,False,False,False,45.0,man,{},0.5,white,3,1,4,1,2.5,0,conservative
5428237,1345,this bitch is so shit.,0.3821313454610152,0.3253835500463138,0.0149380544475197,0.2775470500451512,aae,True,False,True,35.0,woman,{},0.5,white,1,1,1,1,1.0,0,conservative
86257299,1345,this bitch is so shit.,0.3821313454610152,0.3253835500463138,0.0149380544475197,0.2775470500451512,aae,True,False,True,45.0,man,{},0.5,white,2,1,3,2,2.5,0,conservative
86257299,2912,"black men fight alongside their non-black exxotical queens against the white man, is really the black male wet dream, so again not surprised",0.3000797950285599,0.2048642024382939,0.0682289515251433,0.4268270510080029,white,True,False,False,45.0,man,{},0.5,white,4,5,4,3,3.5,1,conservative
93788928,2912,"black men fight alongside their non-black exxotical queens against the white man, is really the black male wet dream, so again not surprised",0.3000797950285599,0.2048642024382939,0.0682289515251433,0.4268270510080029,white,True,False,False,35.0,man,{},0.5,white,4,4,4,4,4.0,1,conservative
93788928,1683,"Most (emphasis on the word MOST because some triggered idiot might read this and make a fuss, if so, good) black people can be very racist. The sad truth is that, racism is always going to exist.",0.1560835280862977,0.1815492190028914,0.05216119574239,0.6102060571684208,white,False,True,False,35.0,man,{},0.5,white,1,1,2,2,2.0,0,conservative
69198055,1683,"Most (emphasis on the word MOST because some triggered idiot might read this and make a fuss, if so, good) black people can be very racist. The sad truth is that, racism is always going to exist.",0.1560835280862977,0.1815492190028914,0.05216119574239,0.6102060571684208,white,False,True,False,60.0,woman,none,0.5,white,5,3,5,4,4.5,1,conservative
5428237,3356,No confidence!! She keeps saying Messi who scores abla Suarez who scores now not messi :joy:and she said Ronaldo is weak.haters keep watching us,0.3042885932169162,0.2506450133308527,0.2880424064332164,0.1570239870190148,aae,False,False,True,35.0,woman,{},0.5,white,1,1,1,1,1.0,0,conservative
86257299,3356,No confidence!! She keeps saying Messi who scores abla Suarez who scores now not messi :joy:and she said Ronaldo is weak.haters keep watching us,0.3042885932169162,0.2506450133308527,0.2880424064332164,0.1570239870190148,aae,False,False,True,45.0,man,{},0.5,white,2,1,3,2,2.5,0,conservative
5428237,646,nothing hurts me worse than when I think be abt my brother! that shit hurt dawg i really miss my nigga,0.5181263462175679,0.2837632089672648,0.0028793804596547,0.1952310643555123,aae,True,False,True,35.0,woman,{},0.5,white,1,1,1,1,1.0,0,conservative
69198055,646,nothing hurts me worse than when I think be abt my brother! that shit hurt dawg i really miss my nigga,0.5181263462175679,0.2837632089672648,0.0028793804596547,0.1952310643555123,aae,True,False,True,60.0,woman,none,0.5,white,1,1,3,1,2.0,0,conservative
93788928,2314,when you wanna get the loml's attention but afraid of rejection so you just throw fruit snacks at him...,0.2574181921971234,0.3438566443119416,0.0052332725751899,0.3934918909157451,white,False,False,False,35.0,man,{},0.5,white,1,1,1,1,1.0,0,conservative
64847403,2314,when you wanna get the loml's attention but afraid of rejection so you just throw fruit snacks at him...,0.2574181921971234,0.3438566443119416,0.0052332725751899,0.3934918909157451,white,False,False,False,50.0,woman,{},0.5,white,3,1,4,3,3.5,1,conservative
83062091,3561,#TripleTalaqArrest Its high time our Naton Muslim Women shld b free frm binding of Triple Talaq. Its making life of Muslim Women miserable,0.4863343283758794,0.1076799276602751,0.0752390941101355,0.3307466498537098,aae,False,False,True,40.0,man,{},0.0,white,1,1,1,1,1.0,0,neutral
86257299,3561,#TripleTalaqArrest Its high time our Naton Muslim Women shld b free frm binding of Triple Talaq. Its making life of Muslim Women miserable,0.4863343283758794,0.1076799276602751,0.0752390941101355,0.3307466498537098,aae,False,False,True,45.0,man,{},0.5,white,2,1,2,1,1.5,0,conservative
5428237,142,"Kamala Harris comes off as such an insufferable lying person. Sorry, its just true.",0.1040428805136653,0.2139414153139736,0.1342233071954812,0.5477923969768798,white,False,False,False,35.0,woman,{},0.5,white,5,1,4,3,3.5,1,conservative
86257299,142,"Kamala Harris comes off as such an insufferable lying person. Sorry, its just true.",0.1040428805136653,0.2139414153139736,0.1342233071954812,0.5477923969768798,white,False,False,False,45.0,man,{},0.5,white,3,1,3,2,2.5,0,conservative
63428654,3639,Why y'all can't just give Carolina they credit :face_with_rolling_eyes: they worked for it :joy: mad asses,0.529575672095896,0.2003069132806689,0.0061693808730739,0.2639480337503611,aae,True,False,True,30.0,man,{},0.0,white,2,2,3,2,2.5,0,neutral
86257299,3639,Why y'all can't just give Carolina they credit :face_with_rolling_eyes: they worked for it :joy: mad asses,0.529575672095896,0.2003069132806689,0.0061693808730739,0.2639480337503611,aae,True,False,True,45.0,man,{},0.5,white,1,1,1,1,1.0,0,conservative
86257299,2217,"Where we come from, they don't give a thing, so we don't have shit, they leave us young people with no options and give it all to niggas",0.3985591230376308,0.2636242069087489,0.0101870846187467,0.3276295854348733,aae,True,True,True,45.0,man,{},0.5,white,5,5,5,5,5.0,1,conservative
63428654,3523,""":joy::joy::joy:. """"@Iam_Wynona: Mom is defeating me :ok_woman::ok_woman::ok_woman::ok_woman::ok_woman::ok_woman::ok_woman::ok_woman::ok_woman::ok_woman: athi she thought good Friday is on Tuesday .. Njani? How? Idk man!!! I'm confused""""""",0.2827821575104145,0.2732892666816198,0.2110188947600746,0.2329096810478909,aae,False,False,True,30.0,man,{},0.0,white,2,1,2,2,2.0,0,neutral
69198055,3523,""":joy::joy::joy:. """"@Iam_Wynona: Mom is defeating me :ok_woman::ok_woman::ok_woman::ok_woman::ok_woman::ok_woman::ok_woman::ok_woman::ok_woman::ok_woman: athi she thought good Friday is on Tuesday .. Njani? How? Idk man!!! I'm confused""""""",0.2827821575104145,0.2732892666816198,0.2110188947600746,0.2329096810478909,aae,False,False,True,60.0,woman,none,0.5,white,2,1,2,2,2.0,0,conservative
5428237,3515,If I wasn't a LeBron damn I'd hate him he gotta annoying tendencies,0.4668932120917348,0.3015384736940729,0.0096847477366811,0.2218835664775111,aae,False,False,True,35.0,woman,{},0.5,white,4,1,5,5,5.0,1,conservative
83062091,3515,If I wasn't a LeBron damn I'd hate him he gotta annoying tendencies,0.4668932120917348,0.3015384736940729,0.0096847477366811,0.2218835664775111,aae,False,False,True,40.0,man,{},0.0,white,1,2,1,1,1.0,0,neutral
40102629,3525,"S/O to the Brodie @PornStar_Mookie killing it in Cali getting that money, weed, and weather :flexed_biceps_medium-dark_skin_tone::flexed_biceps_medium-dark_skin_tone::flexed_biceps_medium-dark_skin_tone::flexed_biceps_medium-dark_skin_tone:",0.359029586490922,0.3231729546141441,0.0364522809489096,0.2813451779460243,aae,False,False,True,35.0,man,{},0.5,white,1,1,1,1,1.0,0,conservative
69198055,3525,"S/O to the Brodie @PornStar_Mookie killing it in Cali getting that money, weed, and weather :flexed_biceps_medium-dark_skin_tone::flexed_biceps_medium-dark_skin_tone::flexed_biceps_medium-dark_skin_tone::flexed_biceps_medium-dark_skin_tone:",0.359029586490922,0.3231729546141441,0.0364522809489096,0.2813451779460243,aae,False,False,True,60.0,woman,none,0.5,white,1,1,1,1,1.0,0,conservative
5428237,2668,worst part about getting highlights is sitting under the damn heat :dizzy_face:,0.2039157442286249,0.1705727443896011,0.0084351712162203,0.6170763401655536,white,False,False,False,35.0,woman,{},0.5,white,1,1,1,1,1.0,0,conservative
93788928,2668,worst part about getting highlights is sitting under the damn heat :dizzy_face:,0.2039157442286249,0.1705727443896011,0.0084351712162203,0.6170763401655536,white,False,False,False,35.0,man,{},0.5,white,1,1,1,1,1.0,0,conservative
86257299,3507,woke up this morning looked in the mirror and said damn i'm ugly,0.4460682092502918,0.2827272575632089,0.0019497278271369,0.2692548053593622,aae,False,False,True,45.0,man,{},0.5,white,1,1,1,1,1.0,0,conservative
93788928,3507,woke up this morning looked in the mirror and said damn i'm ugly,0.4460682092502918,0.2827272575632089,0.0019497278271369,0.2692548053593622,aae,False,False,True,35.0,man,{},0.5,white,1,1,1,1,1.0,0,conservative
86257299,3367,Even tho I'm the oldest we'll second oldest lol cuz auntie old af they still treat me An cater to me like the youngest lol :woman_facepalming_medium-dark_skin_tone::heart_eyes:,0.5851191937162568,0.2422118965837822,0.0013801401223325,0.1712887695776284,aae,False,False,True,45.0,man,{},0.5,white,1,1,2,1,1.5,0,conservative
69198055,3367,Even tho I'm the oldest we'll second oldest lol cuz auntie old af they still treat me An cater to me like the youngest lol :woman_facepalming_medium-dark_skin_tone::heart_eyes:,0.5851191937162568,0.2422118965837822,0.0013801401223325,0.1712887695776284,aae,False,False,True,60.0,woman,none,0.5,white,3,2,3,2,2.5,0,conservative
69198055,618,This is a big fuck you to the community of people who use the word 'tranny' and all its enablers,0.2584281493668584,0.2580141418388624,0.0367503936969621,0.4468073150973171,white,True,False,False,60.0,woman,none,0.5,white,4,3,4,3,3.5,1,conservative
58008422,618,This is a big fuck you to the community of people who use the word 'tranny' and all its enablers,0.2584281493668584,0.2580141418388624,0.0367503936969621,0.4468073150973171,white,True,False,False,60.0,man,,1.0,white,4,1,4,4,4.0,1,conservative
5428237,83,most communists are pretty heinous when you look at what they believe,0.0980672968305951,0.2087357238266039,0.027886427825154,0.6653105515176468,white,False,False,False,35.0,woman,{},0.5,white,1,1,5,4,4.5,1,conservative
93788928,83,most communists are pretty heinous when you look at what they believe,0.0980672968305951,0.2087357238266039,0.027886427825154,0.6653105515176468,white,False,False,False,35.0,man,{},0.5,white,1,1,1,1,1.0,0,conservative
93788928,3771,nails done hair done toes done .. why you mad at me for shopping my nigga,0.4737302349979477,0.3260256515955731,0.0034428179429594,0.1968012954635198,aae,True,False,True,35.0,man,{},0.5,white,2,3,2,2,2.0,0,conservative
5428237,1583,"Do not say that Black Lives don't Matter--WHITE LIVES DO. Truly, Black ""lives"" belong in Africa!!",0.2230664335694896,0.2134193944282708,0.1096554285191648,0.4538587434830746,white,False,True,False,35.0,woman,{},0.5,white,5,5,5,5,5.0,1,conservative
86257299,1583,"Do not say that Black Lives don't Matter--WHITE LIVES DO. Truly, Black ""lives"" belong in Africa!!",0.2230664335694896,0.2134193944282708,0.1096554285191648,0.4538587434830746,white,False,True,False,45.0,man,{},0.5,white,5,5,5,5,5.0,1,conservative
7288661,2093,are all the women fucking these black fellas?,0.4143458202804773,0.2646267155415349,0.0229754544380054,0.2980520097399824,aae,True,True,True,40.0,man,{},0.5,white,5,3,5,4,4.5,1,conservative
86257299,2093,are all the women fucking these black fellas?,0.4143458202804773,0.2646267155415349,0.0229754544380054,0.2980520097399824,aae,True,True,True,45.0,man,{},0.5,white,2,3,4,3,3.5,1,conservative
83062091,1867,I do not like it when others find out that my boss is a darkie. It makes me feel so ashamed.,0.2101942169502021,0.3879047938647736,0.0063376690045339,0.39556332018049,white,True,True,False,40.0,man,{},0.0,white,4,4,5,5,5.0,1,neutral
69198055,1867,I do not like it when others find out that my boss is a darkie. It makes me feel so ashamed.,0.2101942169502021,0.3879047938647736,0.0063376690045339,0.39556332018049,white,True,True,False,60.0,woman,none,0.5,white,5,5,5,5,5.0,1,conservative
5428237,3855,But I told her baby don't use me if you tryna make ur nigga mad :thinking_face:,0.6664695697991803,0.2359947358199736,0.0040593096065394,0.0934763847743066,aae,True,False,True,35.0,woman,{},0.5,white,1,1,2,1,1.5,0,conservative
69198055,3855,But I told her baby don't use me if you tryna make ur nigga mad :thinking_face:,0.6664695697991803,0.2359947358199736,0.0040593096065394,0.0934763847743066,aae,True,False,True,60.0,woman,none,0.5,white,2,2,2,2,2.0,0,conservative
5428237,3220,Totally different if I was prepping a meal for him. But y'all on something else if imma reach across he table to cut his chicken...,0.418535329470082,0.1786467622827774,0.0082534478487743,0.3945644603983662,aae,False,False,True,35.0,woman,{},0.5,white,1,1,1,1,1.0,0,conservative
93788928,3220,Totally different if I was prepping a meal for him. But y'all on something else if imma reach across he table to cut his chicken...,0.418535329470082,0.1786467622827774,0.0082534478487743,0.3945644603983662,aae,False,False,True,35.0,man,{},0.5,white,1,1,1,1,1.0,0,conservative
83062091,367,"So Fredo Singing A Durk Song Referring The Lyrics To BBG Iraq ""He A Still Be Alive Right Now If You Niggas Ain't Gas Em Up"" Discussion - is it ok?",0.5412226683270179,0.1202423455984176,0.1089513406957486,0.2295836453788158,aae,True,False,True,40.0,man,{},0.0,white,4,4,4,4,4.0,1,neutral
86257299,367,"So Fredo Singing A Durk Song Referring The Lyrics To BBG Iraq ""He A Still Be Alive Right Now If You Niggas Ain't Gas Em Up"" Discussion - is it ok?",0.5412226683270179,0.1202423455984176,0.1089513406957486,0.2295836453788158,aae,True,False,True,45.0,man,{},0.5,white,2,3,4,3,3.5,1,conservative
38894167,3450,"can @TSDominicanRep braid my hair like @IISuperwomanII ? Snatch my hair, pull my hair, YANK IT OUT. :sob::raising_hands_light_skin_tone:",0.5116792623194416,0.262343605673305,0.0248493492476637,0.2011277827595895,aae,True,False,True,40.0,man,{},0.5,white,1,1,2,2,2.0,0,conservative
86257299,3450,"can @TSDominicanRep braid my hair like @IISuperwomanII ? Snatch my hair, pull my hair, YANK IT OUT. :sob::raising_hands_light_skin_tone:",0.5116792623194416,0.262343605673305,0.0248493492476637,0.2011277827595895,aae,True,False,True,45.0,man,{},0.5,white,1,2,2,1,1.5,0,conservative
63428654,3539,"I hate the Warriors but I gotta admit, if this were the Warriors playing the Bulls they would be blowing them tf out",0.4325512740250495,0.2762333886892941,0.035385168532095,0.2558301687535612,aae,False,False,True,30.0,man,{},0.0,white,3,2,3,4,3.5,1,neutral
86257299,3539,"I hate the Warriors but I gotta admit, if this were the Warriors playing the Bulls they would be blowing them tf out",0.4325512740250495,0.2762333886892941,0.035385168532095,0.2558301687535612,aae,False,False,True,45.0,man,{},0.5,white,1,1,1,1,1.0,0,conservative
63428654,769,Zionists are despicable,0.0343219434121195,0.4020942177686261,0.0752498609179037,0.4883339779013506,white,False,False,False,30.0,man,{},0.0,white,4,5,4,4,4.0,1,neutral
93788928,769,Zionists are despicable,0.0343219434121195,0.4020942177686261,0.0752498609179037,0.4883339779013506,white,False,False,False,35.0,man,{},0.5,white,3,2,2,3,2.5,0,conservative
5428237,1760,"""Shieeet mah nigga, free chikinz!"" Dey all luv da fried chikinz!",0.5053046292046032,0.0974646194558377,0.3503477042843487,0.0468830470552104,aae,True,True,True,35.0,woman,{},0.5,white,1,1,1,1,1.0,0,conservative
86257299,1760,"""Shieeet mah nigga, free chikinz!"" Dey all luv da fried chikinz!",0.5053046292046032,0.0974646194558377,0.3503477042843487,0.0468830470552104,aae,True,True,True,45.0,man,{},0.5,white,5,5,5,5,5.0,1,conservative
64847403,1672,"I grew up being called a disgrace by other white people, and my dad was rightfully shamed for marrying a black woman",0.2194636349518408,0.2232351462411262,0.0147383915926774,0.5425628272143556,white,False,True,False,50.0,woman,{},0.5,white,4,4,5,4,4.5,1,conservative
5428237,1901,Did you know there was a time in American when Irish immigrants weren't considered 'white. Next they will start calling niggers 'white',0.186306688549679,0.2163002796404028,0.0630000206571951,0.5343930111527231,white,True,True,False,35.0,woman,{},0.5,white,5,5,5,5,5.0,1,conservative
93788928,2958,"""""""sometimes sad music makes my sucky life a little more bearable"""" """"and then it sets in and you're life still sucks""""""",0.0547605673239845,0.233222910744263,0.1547909867668187,0.5572255351649336,white,True,False,False,35.0,man,{},0.5,white,1,1,1,1,1.0,0,conservative
69198055,2958,"""""""sometimes sad music makes my sucky life a little more bearable"""" """"and then it sets in and you're life still sucks""""""",0.0547605673239845,0.233222910744263,0.1547909867668187,0.5572255351649336,white,True,False,False,60.0,woman,none,0.5,white,1,1,1,1,1.0,0,conservative
5428237,1400,"Keep in mind that sexual contact of any kind with his ""boyfriend"" before admitting he was a tranny is literal rape.",0.1655909779259406,0.2242038571938837,0.1006205830575243,0.5095845818226513,white,True,False,False,35.0,woman,{},0.5,white,5,3,5,5,5.0,1,conservative
86257299,1400,"Keep in mind that sexual contact of any kind with his ""boyfriend"" before admitting he was a tranny is literal rape.",0.1655909779259406,0.2242038571938837,0.1006205830575243,0.5095845818226513,white,True,False,False,45.0,man,{},0.5,white,3,1,5,3,4.0,1,conservative
7288661,2398,If you support the movement retweet my pinned tweet! #IGotABag #99JAMZ #MusicMondays #StreetsEnterprise,0.202645201772254,0.2747860026769698,0.0713738532689038,0.4511949422818725,white,False,False,False,40.0,man,{},0.5,white,1,1,1,1,1.0,0,conservative
86257299,2398,If you support the movement retweet my pinned tweet! #IGotABag #99JAMZ #MusicMondays #StreetsEnterprise,0.202645201772254,0.2747860026769698,0.0713738532689038,0.4511949422818725,white,False,False,False,45.0,man,{},0.5,white,1,1,1,1,1.0,0,conservative
93788928,2206,"This nigga is fuckin' dying,  its not worth calling 999",0.4149562700441427,0.2961334294379589,0.0657481781000543,0.2231621224178439,aae,True,True,True,35.0,man,{},0.5,white,2,3,2,2,2.0,0,conservative
59678733,3527,"""""""This Jestxh idiot keeps riding me in dms, the kids a freak"""" -Scruffyy""",0.312631974475946,0.1844849268736395,0.1955854137929079,0.3072976848575066,aae,False,False,True,45.0,woman,No i do not,0.5,white,1,2,4,3,3.5,1,conservative
69198055,3527,"""""""This Jestxh idiot keeps riding me in dms, the kids a freak"""" -Scruffyy""",0.312631974475946,0.1844849268736395,0.1955854137929079,0.3072976848575066,aae,False,False,True,60.0,woman,none,0.5,white,3,2,4,3,3.5,1,conservative
5428237,3335,"""Jamice caption this picture *shows a picture from show* """"So u dressed like Sherlock Holmes but im embarrassing u?"""" Lmaooooo love her""",0.3291928861962465,0.2441181861236916,0.2439996216560067,0.1826893060240552,aae,False,False,True,35.0,woman,{},0.5,white,1,1,1,1,1.0,0,conservative
93788928,3335,"""Jamice caption this picture *shows a picture from show* """"So u dressed like Sherlock Holmes but im embarrassing u?"""" Lmaooooo love her""",0.3291928861962465,0.2441181861236916,0.2439996216560067,0.1826893060240552,aae,False,False,True,35.0,man,{},0.5,white,1,1,1,1,1.0,0,conservative
86257299,3585,They fucked up when they gave me money to support my fashion sense. Now I'm outchea flyer than a Forbes list member with jet lag.,0.3938652920844028,0.2913303977349924,0.0420686431159297,0.2727356670646749,aae,True,False,True,45.0,man,{},0.5,white,1,1,1,1,1.0,0,conservative
5428237,1634,"um, black people do kinda look like monkeys though",0.2421704430598695,0.3757994311665698,0.0891358636259119,0.2928942621476487,hispanic,False,True,False,35.0,woman,{},0.5,white,5,5,5,5,5.0,1,conservative
93788928,1634,"um, black people do kinda look like monkeys though",0.2421704430598695,0.3757994311665698,0.0891358636259119,0.2928942621476487,hispanic,False,True,False,35.0,man,{},0.5,white,3,5,4,4,4.0,1,conservative
83062091,2171,"I don't give a fuck about the legality of it, someone defending a useless nigger deserves to be smacked",0.1774321167402399,0.3046341877914431,0.0169691718270702,0.5009645236412468,white,True,True,False,40.0,man,{},0.0,white,5,5,5,5,5.0,1,neutral
86257299,2171,"I don't give a fuck about the legality of it, someone defending a useless nigger deserves to be smacked",0.1774321167402399,0.3046341877914431,0.0169691718270702,0.5009645236412468,white,True,True,False,45.0,man,{},0.5,white,5,5,5,5,5.0,1,conservative
5428237,3528,"""Hov one verse on """"shining"""" alone still better than anything y'all favorite rappers put out dis year y'all sick lmaooooo""",0.6397034232924098,0.0981073569233247,0.0912748982559438,0.1709143215283216,aae,False,False,True,35.0,woman,{},0.5,white,1,1,1,1,1.0,0,conservative
69198055,3528,"""Hov one verse on """"shining"""" alone still better than anything y'all favorite rappers put out dis year y'all sick lmaooooo""",0.6397034232924098,0.0981073569233247,0.0912748982559438,0.1709143215283216,aae,False,False,True,60.0,woman,none,0.5,white,2,2,2,2,2.0,0,conservative
93788928,688,Lesbians think they're the fucking best because they're female. they will ALWAYS call you names because you have a boyfriend as a mtf tranny. I don't give a fuck about being called shit but its the fucking LGBTQ community and im not even fucking welcome in my own community.,0.1897735713209603,0.3939219386038799,0.0098584402618705,0.4064460498132891,white,True,False,False,35.0,man,{},0.5,white,4,1,4,3,3.5,1,conservative
93788928,3499,I'm Convinced That People Fw Me For The Hell Of It ... Bad Idea Scrap :heavy_exclamation_mark:,0.5059782785096323,0.1318378590242053,0.0070851716098076,0.3550986908563546,aae,False,False,True,35.0,man,{},0.5,white,1,1,1,1,1.0,0,conservative
5428237,1093,"I just saw this shemale in town and he tried to talk to me, no thanks.",0.2016588339573345,0.3384147842164143,0.0317929723187696,0.4281334095074814,white,True,False,False,35.0,woman,{},0.5,white,4,3,5,5,5.0,1,conservative
86257299,171,Well I do it because I like thinking up cool-sounding and funny names because creating clever things things is the sort of thing that happens when you've got a BIG OL' MOTHERFUCKING JEW BRAIN like me !,0.1324234041177164,0.3047909980317903,0.0125793560285567,0.5502062418219366,white,False,False,False,45.0,man,{},0.5,white,1,2,3,2,2.5,0,conservative
93788928,171,Well I do it because I like thinking up cool-sounding and funny names because creating clever things things is the sort of thing that happens when you've got a BIG OL' MOTHERFUCKING JEW BRAIN like me !,0.1324234041177164,0.3047909980317903,0.0125793560285567,0.5502062418219366,white,False,False,False,35.0,man,{},0.5,white,4,1,4,4,4.0,1,conservative
83062091,1690,in this park we do not tolerate blacks,0.3590056195686805,0.2513143738009213,0.0460474697232607,0.3436325369071374,aae,False,True,True,40.0,man,{},0.0,white,5,5,5,5,5.0,1,neutral
86257299,872,I'll bring the chainsaw to destroy this sheikh's face,0.1810318877119027,0.3342332530710185,0.0010145281713721,0.4837203310457066,white,False,False,False,45.0,man,{},0.5,white,5,5,5,5,5.0,1,conservative
93788928,872,I'll bring the chainsaw to destroy this sheikh's face,0.1810318877119027,0.3342332530710185,0.0010145281713721,0.4837203310457066,white,False,False,False,35.0,man,{},0.5,white,2,3,3,2,2.5,0,conservative
83062091,1585,"YEAAHHHH, I'M A BLACC MAN, SO MANY LASSES, ALL OF THEM BE YTE . CORNBREAD, FRIED CHICKEN AND WATERMELON RINDS",0.4767751229534311,0.155010458453307,0.0504217050220842,0.3177927135711775,aae,False,True,True,40.0,man,{},0.0,white,4,4,4,4,4.0,1,neutral
58008422,1585,"YEAAHHHH, I'M A BLACC MAN, SO MANY LASSES, ALL OF THEM BE YTE . CORNBREAD, FRIED CHICKEN AND WATERMELON RINDS",0.4767751229534311,0.155010458453307,0.0504217050220842,0.3177927135711775,aae,False,True,True,60.0,man,,1.0,white,5,5,5,5,5.0,1,conservative
86257299,3509,if u ever feel bad bc u broke a fuckboy's heart chill bc he ain't got a heart,0.5470964859266225,0.2548991263189383,0.0093325939307948,0.1886717938236444,aae,False,False,True,45.0,man,{},0.5,white,2,1,3,2,2.5,0,conservative
93788928,3509,if u ever feel bad bc u broke a fuckboy's heart chill bc he ain't got a heart,0.5470964859266225,0.2548991263189383,0.0093325939307948,0.1886717938236444,aae,False,False,True,35.0,man,{},0.5,white,2,1,2,2,2.0,0,conservative
5428237,1822,"they allow niggers to kill whites, I bet not a single nigger can operate equipment",0.4729286172015058,0.170425550461687,0.0323187397312522,0.3243270926055549,aae,True,True,True,35.0,woman,{},0.5,white,5,5,5,5,5.0,1,conservative
86257299,1822,"they allow niggers to kill whites, I bet not a single nigger can operate equipment",0.4729286172015058,0.170425550461687,0.0323187397312522,0.3243270926055549,aae,True,True,True,45.0,man,{},0.5,white,5,5,5,5,5.0,1,conservative
86257299,797,ReMeMb3r!!! aS lOnG aS y0U sAY nO SwIRls iTs fIn3,0.3021566887149917,0.2079346047391581,0.260221889009347,0.2296868175365031,aae,False,False,True,45.0,man,{},0.5,white,1,1,1,1,1.0,0,conservative
93788928,797,ReMeMb3r!!! aS lOnG aS y0U sAY nO SwIRls iTs fIn3,0.3021566887149917,0.2079346047391581,0.260221889009347,0.2296868175365031,aae,False,False,True,35.0,man,{},0.5,white,1,1,1,1,1.0,0,conservative
63428654,1375,"What  glow is she even talking about?! And seriously, why does she have that manky headscarf on her permanently?! Take the fucking thing off you scruffy freakish bitch",0.1914388775678515,0.3106473499523648,0.0132624391024815,0.4846513333773021,white,True,False,False,30.0,man,{},0.0,white,5,4,5,5,5.0,1,neutral
86257299,1375,"What  glow is she even talking about?! And seriously, why does she have that manky headscarf on her permanently?! Take the fucking thing off you scruffy freakish bitch",0.1914388775678515,0.3106473499523648,0.0132624391024815,0.4846513333773021,white,True,False,False,45.0,man,{},0.5,white,5,3,5,5,5.0,1,conservative
5428237,3204,And said who y'all girlfriends because it ain't us we Joshua girlfriends Everybody in the local&state said you our new girls @CrossXTheLine,0.418202114249726,0.2693411824627993,0.0054998293925968,0.3069568738948778,aae,False,False,True,35.0,woman,{},0.5,white,1,1,1,1,1.0,0,conservative
86257299,3204,And said who y'all girlfriends because it ain't us we Joshua girlfriends Everybody in the local&state said you our new girls @CrossXTheLine,0.418202114249726,0.2693411824627993,0.0054998293925968,0.3069568738948778,aae,False,False,True,45.0,man,{},0.5,white,1,1,2,2,2.0,0,conservative
5428237,3543,"The way I grew up, real niggaz just don't move like that. If I'm coming to see you I'm just coming to see you.",0.3945550831377971,0.2879427808544757,0.0044508987029807,0.3130512373047464,aae,False,False,True,35.0,woman,{},0.5,white,1,1,1,1,1.0,0,conservative
86257299,3543,"The way I grew up, real niggaz just don't move like that. If I'm coming to see you I'm just coming to see you.",0.3945550831377971,0.2879427808544757,0.0044508987029807,0.3130512373047464,aae,False,False,True,45.0,man,{},0.5,white,1,3,3,2,2.5,0,conservative
5428237,1501,"You know what is funny, the 19th century type of people with similar views to you ""civilized Europeans vs savage Africans and Asians"" were very against homosexuality, and viewed gay marriage and gay sex the same way as the so called ""uncivilized"" people you are referring to do. So do not correlate between civilized and homosexuality.",0.1449262408217413,0.1445181961428102,0.0940971838607409,0.6164583791747075,white,True,False,False,35.0,woman,{},0.5,white,5,4,5,5,5.0,1,conservative
86257299,1501,"You know what is funny, the 19th century type of people with similar views to you ""civilized Europeans vs savage Africans and Asians"" were very against homosexuality, and viewed gay marriage and gay sex the same way as the so called ""uncivilized"" people you are referring to do. So do not correlate between civilized and homosexuality.",0.1449262408217413,0.1445181961428102,0.0940971838607409,0.6164583791747075,white,True,False,False,45.0,man,{},0.5,white,2,1,2,1,1.5,0,conservative
83062091,2141,Why does no darkie know how to flush a toilet after they've had a shit? DISGUSTANG!,0.2364933678918578,0.3330634866506378,0.0324363864418611,0.3980067590156432,white,True,True,False,40.0,man,{},0.0,white,4,4,5,5,5.0,1,neutral
86257299,2141,Why does no darkie know how to flush a toilet after they've had a shit? DISGUSTANG!,0.2364933678918578,0.3330634866506378,0.0324363864418611,0.3980067590156432,white,True,True,False,45.0,man,{},0.5,white,5,5,5,5,5.0,1,conservative
93788928,3511,If white ppl are still using biracials as the better option than black ppl or what y'all call yall selves brown ppl u should know the game,0.6520342117352553,0.137880205784682,0.0057524398117909,0.2043331426682716,aae,False,False,True,35.0,man,{},0.5,white,3,2,4,3,3.5,1,conservative
5428237,711,hey Shut the fuck up you bitch ass git,0.5848070840899031,0.2296328288413639,0.0440918264944855,0.1414682605742473,aae,True,False,True,35.0,woman,{},0.5,white,5,5,5,5,5.0,1,conservative
86257299,711,hey Shut the fuck up you bitch ass git,0.5848070840899031,0.2296328288413639,0.0440918264944855,0.1414682605742473,aae,True,False,True,45.0,man,{},0.5,white,5,1,5,5,5.0,1,conservative
5428237,2315,#bbcqt @campbellclaret should put the blame for #brexit where it belongs. The 17.4 Mn plebs who didn't vote the right way.,0.1098863889040747,0.186386438769082,0.0764119360934231,0.6273152362334199,white,False,False,False,35.0,woman,{},0.5,white,1,1,1,1,1.0,0,conservative
15918959,4104,"bitch it's fucking spring, why is this weather wildin? :triumph:",0.3372775338175363,0.3318546744844013,0.0295428698094579,0.3013249218886044,aae,True,False,True,35.0,man,{},0.5,white,1,1,3,1,2.0,0,conservative
35508468,4104,"bitch it's fucking spring, why is this weather wildin? :triumph:",0.3372775338175363,0.3318546744844013,0.0295428698094579,0.3013249218886044,aae,True,False,True,40.0,man,,0.5,white,1,1,3,1,2.0,0,conservative
15918959,139,people this is new thread due to the impending death of the previous,0.0721535329543974,0.1152765156211908,0.011518082757496,0.8010518686669157,white,False,False,False,35.0,man,{},0.5,white,1,1,1,1,1.0,0,conservative
9175691,139,people this is new thread due to the impending death of the previous,0.0721535329543974,0.1152765156211908,0.011518082757496,0.8010518686669157,white,False,False,False,65.0,woman,{},0.5,white,1,1,1,1,1.0,0,conservative
14105244,211,So can we just stop saying there is no racism in this place. It's a racist country controlled by racist white people...period. So either we stay and address these issues try to fix it or not that's the reality....even they admit it...NIGGERS DONT COUNT.(their words not mine) thanks ROBERTS!,0.1837968060392466,0.2447547739245118,0.0410053433855801,0.5304430766506614,white,True,False,False,35.0,woman,{},0.5,white,5,5,5,5,5.0,1,conservative
14105244,580,Check out this channel: Antifa Smackdown it fucking hilarious,0.3279832296825369,0.2661197939003691,0.1056533555092161,0.3002436209078776,aae,True,False,True,35.0,woman,{},0.5,white,1,2,2,1,1.5,0,conservative
14105244,3681,it always be those salty ass J.Cole fans trying to feel as if Kendrick is not the GOAT well I'm sorry that ur artist has a weak fan base.,0.3938865543754073,0.2086962609656519,0.0301910109249977,0.367226173733943,aae,True,False,True,35.0,woman,{},0.5,white,1,1,1,1,1.0,0,conservative
15918959,1686,There is nothing more scary to black people than white people who are by default much smarter and more educated than them.,0.0948889767372643,0.2477957453416746,0.0090421897674803,0.6482730881535808,white,False,True,False,35.0,man,{},0.5,white,3,5,5,5,5.0,1,conservative
14105244,1686,There is nothing more scary to black people than white people who are by default much smarter and more educated than them.,0.0948889767372643,0.2477957453416746,0.0090421897674803,0.6482730881535808,white,False,True,False,35.0,woman,{},0.5,white,4,4,5,5,5.0,1,conservative
35508468,4151,Y'all bitches wear that diamond ugly ass choker with everything including pjs....stop hoes y'all look ugly,0.6961711661362849,0.1766470600648199,0.0186912184798047,0.1084905553190904,aae,True,False,True,40.0,man,,0.5,white,4,2,5,4,4.5,1,conservative
14105244,4151,Y'all bitches wear that diamond ugly ass choker with everything including pjs....stop hoes y'all look ugly,0.6961711661362849,0.1766470600648199,0.0186912184798047,0.1084905553190904,aae,True,False,True,35.0,woman,{},0.5,white,4,1,4,4,4.0,1,conservative
45678981,437,"""Color-blindness"" needs to be the way people think about race. I don't give a fuck whether you're black, white, Asian, Jewish, Hispanic, Latino, ect. because I just like you for the person you are.",0.0882077559703492,0.3714575385713795,0.0806131805567141,0.459721524901557,white,True,False,False,50.0,woman,{},1.0,white,1,1,1,1,1.0,0,conservative
14105244,437,"""Color-blindness"" needs to be the way people think about race. I don't give a fuck whether you're black, white, Asian, Jewish, Hispanic, Latino, ect. because I just like you for the person you are.",0.0882077559703492,0.3714575385713795,0.0806131805567141,0.459721524901557,white,True,False,False,35.0,woman,{},0.5,white,1,1,1,1,1.0,0,conservative
35508468,3229,WWE&McMahons 4us fans were glad talent beginnin 2come up but u need 2listen also 2us TheFans($MONEY$MACHINE$)! Ur 2predictable change needed,0.462778808681859,0.1874808283205141,0.0293630250774496,0.3203773379201772,aae,False,False,True,40.0,man,,0.5,white,1,1,1,1,1.0,0,conservative
14105244,3229,WWE&McMahons 4us fans were glad talent beginnin 2come up but u need 2listen also 2us TheFans($MONEY$MACHINE$)! Ur 2predictable change needed,0.462778808681859,0.1874808283205141,0.0293630250774496,0.3203773379201772,aae,False,False,True,35.0,woman,{},0.5,white,1,1,1,1,1.0,0,conservative
15918959,3469,Hoes be like .... Get caught up and then wanna be mad :person_tipping_hand_medium_skin_tone:,0.6747978918321969,0.1809099570645428,0.0025856656762731,0.1417064854269872,aae,True,False,True,35.0,man,{},0.5,white,2,2,4,3,3.5,1,conservative
35508468,3469,Hoes be like .... Get caught up and then wanna be mad :person_tipping_hand_medium_skin_tone:,0.6747978918321969,0.1809099570645428,0.0025856656762731,0.1417064854269872,aae,True,False,True,40.0,man,,0.5,white,3,1,3,2,2.5,0,conservative
14105244,1984,Who will control all the druggys and psychos on the streets? How will they control the neighborhood? Or any poor hoods? Believe it or not most blacks dont care about blm they just wanted some free shit.,0.3715345515997049,0.2280363411028005,0.0330210790775019,0.3674080282199924,aae,True,True,True,35.0,woman,{},0.5,white,4,4,4,4,4.0,1,conservative
15918959,196,Women's suffrage was started by jews. As is every social justice and civil rights platform.,0.0863065407369053,0.103758864717445,0.1973489117442334,0.612585682801416,white,False,False,False,35.0,man,{},0.5,white,4,4,3,4,3.5,1,conservative
35508468,196,Women's suffrage was started by jews. As is every social justice and civil rights platform.,0.0863065407369053,0.103758864717445,0.1973489117442334,0.612585682801416,white,False,False,False,40.0,man,,0.5,white,1,2,3,1,2.0,0,conservative
45678981,1869,"It pisses me off when people call black people 'nigga', wog is such a better word",0.3888432249432471,0.2824103198214787,0.0362333033767387,0.2925131518585354,aae,True,True,True,50.0,woman,{},1.0,white,1,2,4,3,3.5,1,conservative
14105244,1869,"It pisses me off when people call black people 'nigga', wog is such a better word",0.3888432249432471,0.2824103198214787,0.0362333033767387,0.2925131518585354,aae,True,True,True,35.0,woman,{},0.5,white,2,2,3,2,2.5,0,conservative
15918959,670,she has text Rob and said she's not coming into the shop because she's too tired. Too tired from doing what???!!! Nothing!!! What a fucking bitch! Feel sorry for whoever has to work for her!!! Xx,0.1706598354638711,0.4722089120234912,0.0088252828656292,0.3483059696470085,hispanic,True,False,False,35.0,man,{},0.5,white,4,1,5,4,4.5,1,conservative
15918959,2896,Literally can't believe I bought a ticket to minus zero and booked a place today holy shit what is my lofe:speak_no_evil::heart_eyes_cat::raising_hands_medium-light_skin_tone: so grateful rn,0.064773870831328,0.2306578639562264,0.0260302336932095,0.678538031519236,white,True,False,False,35.0,man,{},0.5,white,1,1,3,2,2.5,0,conservative
14105244,2896,Literally can't believe I bought a ticket to minus zero and booked a place today holy shit what is my lofe:speak_no_evil::heart_eyes_cat::raising_hands_medium-light_skin_tone: so grateful rn,0.064773870831328,0.2306578639562264,0.0260302336932095,0.678538031519236,white,True,False,False,35.0,woman,{},0.5,white,1,1,1,1,1.0,0,conservative
15918959,1599,What you see here is really a classic story of Black people killing each other with drugs & guns!,0.1698932641959951,0.3159910982275347,0.0125943974807183,0.5015212400957519,white,False,True,False,35.0,man,{},0.5,white,5,5,4,4,4.0,1,conservative
42458224,1599,What you see here is really a classic story of Black people killing each other with drugs & guns!,0.1698932641959951,0.3159910982275347,0.0125943974807183,0.5015212400957519,white,False,True,False,45.0,man,{},1.0,white,1,1,2,1,1.5,0,conservative
15918959,3462,"We gone talk about this, I got time today, y'all hoes just going to have to be mad this morning",0.6226928240310684,0.1765794880043436,0.0080685806830365,0.1926591072815514,aae,True,False,True,35.0,man,{},0.5,white,3,2,2,3,2.5,0,conservative
35508468,3462,"We gone talk about this, I got time today, y'all hoes just going to have to be mad this morning",0.6226928240310684,0.1765794880043436,0.0080685806830365,0.1926591072815514,aae,True,False,True,40.0,man,,0.5,white,3,1,3,2,2.5,0,conservative
15918959,3209,You must know that anybody who comes up against you they have a God to deal with - Minister #TorrieWhite #prayer #theonething,0.4249721730245197,0.1783107776523775,0.0331685778383575,0.3635484714847452,aae,False,False,True,35.0,man,{},0.5,white,3,1,2,3,2.5,0,conservative
14105244,3209,You must know that anybody who comes up against you they have a God to deal with - Minister #TorrieWhite #prayer #theonething,0.4249721730245197,0.1783107776523775,0.0331685778383575,0.3635484714847452,aae,False,False,True,35.0,woman,{},0.5,white,1,1,1,1,1.0,0,conservative
14105244,3813,Bitch keep on :relieved: my reaction bouta pop off bad on you :100::woman_shrugging_medium_skin_tone:,0.6400863294084826,0.2224275528237317,0.0039732427966476,0.1335128749711381,aae,True,False,True,35.0,woman,{},0.5,white,3,1,2,2,2.0,0,conservative
35508468,3328,Why is mother nature mad? Somebody must have pissed her off! Its rainingg hard af!,0.6107368255031893,0.2066291159495367,0.0107808347984642,0.1718532237488098,aae,False,False,True,40.0,man,,0.5,white,1,1,1,1,1.0,0,conservative
14105244,3328,Why is mother nature mad? Somebody must have pissed her off! Its rainingg hard af!,0.6107368255031893,0.2066291159495367,0.0107808347984642,0.1718532237488098,aae,False,False,True,35.0,woman,{},0.5,white,1,1,1,1,1.0,0,conservative
45678981,2694,American people to have this a candidate would have to shield your face. And there should not your face. And there are,0.0491637567684659,0.2090613019779811,0.0159530505330953,0.7258218907204576,white,False,False,False,50.0,woman,{},1.0,white,1,1,1,1,1.0,0,conservative
42458224,2694,American people to have this a candidate would have to shield your face. And there should not your face. And there are,0.0491637567684659,0.2090613019779811,0.0159530505330953,0.7258218907204576,white,False,False,False,45.0,man,{},1.0,white,2,1,1,1,1.0,0,conservative
35508468,1754,Paintballs are a horrible idea. Kids: this is how you get shot. Either that or be  nigger in America,0.129832266956243,0.2720254039683289,0.064882165930333,0.533260163145095,white,True,True,False,40.0,man,,0.5,white,4,5,5,5,5.0,1,conservative
14105244,3391,Wht will B the future of international studnts who have dne their masters n planning to do job in US aftr new h1 guidlines @realDonaldTrump,0.4376637864626362,0.1291706292416747,0.0947130519207475,0.3384525323749414,aae,False,False,True,35.0,woman,{},0.5,white,1,1,1,1,1.0,0,conservative
15918959,3342,mine dont. and i dont wanna tell em either. i don't say i'm straight but i don't bring up the dating convo either,0.3989614154154047,0.3740269458635734,0.0041734931920175,0.2228381455290043,aae,False,False,True,35.0,man,{},0.5,white,1,1,2,2,2.0,0,conservative
14105244,3342,mine dont. and i dont wanna tell em either. i don't say i'm straight but i don't bring up the dating convo either,0.3989614154154047,0.3740269458635734,0.0041734931920175,0.2228381455290043,aae,False,False,True,35.0,woman,{},0.5,white,1,1,1,1,1.0,0,conservative
14105244,1144,Fucking around is what these jawas do best.,0.2210353892114242,0.3584307332789536,0.0086899099201749,0.4118439675894471,white,True,False,False,35.0,woman,{},0.5,white,3,3,4,3,3.5,1,conservative
42458224,1144,Fucking around is what these jawas do best.,0.2210353892114242,0.3584307332789536,0.0086899099201749,0.4118439675894471,white,True,False,False,45.0,man,{},1.0,white,4,4,5,4,4.5,1,conservative
45678981,3234,"""I like to think that I have thick skin, but if someone texts me """"k"""" they immediately become dead to me""",0.3198060272142368,0.2576341253371991,0.1147706034002774,0.3077892440482866,aae,False,False,True,50.0,woman,{},1.0,white,1,1,1,1,1.0,0,conservative
15918959,3234,"""I like to think that I have thick skin, but if someone texts me """"k"""" they immediately become dead to me""",0.3198060272142368,0.2576341253371991,0.1147706034002774,0.3077892440482866,aae,False,False,True,35.0,man,{},0.5,white,4,4,2,3,2.5,0,conservative
15918959,1863,"Just killed my first deer last night, decent size Michigan 8pt. Looking forward to getting him back so I can eat the thing. But I was just practicising, next time I am going to hunt niggers like the beasts they are",0.0948265706358533,0.2114844222157659,0.0051802877324847,0.6885087194158959,white,True,True,False,35.0,man,{},0.5,white,5,5,5,4,4.5,1,conservative
35508468,1863,"Just killed my first deer last night, decent size Michigan 8pt. Looking forward to getting him back so I can eat the thing. But I was just practicising, next time I am going to hunt niggers like the beasts they are",0.0948265706358533,0.2114844222157659,0.0051802877324847,0.6885087194158959,white,True,True,False,40.0,man,,0.5,white,5,5,5,5,5.0,1,conservative
15918959,1355,I hate that fucking poof piece of shit! He has nearly gone to the top of my hanging for treason list. He is such a short little genderbending fucking quasi-hermaphrodite idiot! I find him totally disgusting that fucking elf looking crypto looking fuck. I wish Trump would walk up to him and just fucking punch him in the face and say you are fucking fired you traitor,0.0879509015983684,0.2787964328954401,0.0050785616590786,0.6281741038471127,white,True,False,False,35.0,man,{},0.5,white,4,2,3,5,4.0,1,conservative
14105244,1355,I hate that fucking poof piece of shit! He has nearly gone to the top of my hanging for treason list. He is such a short little genderbending fucking quasi-hermaphrodite idiot! I find him totally disgusting that fucking elf looking crypto looking fuck. I wish Trump would walk up to him and just fucking punch him in the face and say you are fucking fired you traitor,0.0879509015983684,0.2787964328954401,0.0050785616590786,0.6281741038471127,white,True,False,False,35.0,woman,{},0.5,white,4,1,5,5,5.0,1,conservative
15918959,3378,"I'm listening to Since 17 by iLoveMakonnen on Spinrilla.:dizzy_face:won't send me beats no mo:fearful:got dat purple,what u mean.Florida,check my shoes Gator",0.4449991462002712,0.1696811480538192,0.0300486674159859,0.3552710383299236,aae,False,False,True,35.0,man,{},0.5,white,1,3,3,4,3.5,1,conservative
35508468,3378,"I'm listening to Since 17 by iLoveMakonnen on Spinrilla.:dizzy_face:won't send me beats no mo:fearful:got dat purple,what u mean.Florida,check my shoes Gator",0.4449991462002712,0.1696811480538192,0.0300486674159859,0.3552710383299236,aae,False,False,True,40.0,man,,0.5,white,1,1,1,1,1.0,0,conservative
15918959,1531,"There was also the popular theory that suggests Black people were inherently inferior primarily because they saw Africa as ""primitive"" which i somewhat agree with. They insisted that Blacks were inherently less intelligent.I guess one could then make the argument that perhaps China was ""medival"" as well and they seemed to ignore that Africa had many nomads and that several large portions of the land was difficult to build a decent and stable community but still",0.0528775760796775,0.1338023054307361,0.048933969498715,0.7643861489908712,white,False,True,False,35.0,man,{},0.5,white,2,2,2,3,2.5,0,conservative
14105244,1531,"There was also the popular theory that suggests Black people were inherently inferior primarily because they saw Africa as ""primitive"" which i somewhat agree with. They insisted that Blacks were inherently less intelligent.I guess one could then make the argument that perhaps China was ""medival"" as well and they seemed to ignore that Africa had many nomads and that several large portions of the land was difficult to build a decent and stable community but still",0.0528775760796775,0.1338023054307361,0.048933969498715,0.7643861489908712,white,False,True,False,35.0,woman,{},0.5,white,1,2,2,1,1.5,0,conservative
45678981,1702,"Well, Most Asians I've met dislike blacks, so they're ok with me. rofl",0.0935156013382485,0.4058889399440748,0.1151064997829534,0.3854889589347232,hispanic,False,True,False,50.0,woman,{},1.0,white,5,4,5,4,4.5,1,conservative
15918959,1702,"Well, Most Asians I've met dislike blacks, so they're ok with me. rofl",0.0935156013382485,0.4058889399440748,0.1151064997829534,0.3854889589347232,hispanic,False,True,False,35.0,man,{},0.5,white,4,5,4,4,4.0,1,conservative
15918959,3444,"""My Grammy never stops talking. She will talk to you for an hour straight with only the """"mhmm"""" responses n give no fucks.""",0.3966915995554774,0.2193589879753562,0.100684664129038,0.2832647483401282,aae,True,False,True,35.0,man,{},0.5,white,4,4,4,3,3.5,1,conservative
35508468,1911,"ALL NIGGERS HOULD DIE - this was the message my friend got today at school. I don't disagree with the statement, just wished he'd spelt 'should' right",0.169709520273101,0.2976991101511324,0.0312024322220407,0.5013889373537259,white,True,True,False,40.0,man,,0.5,white,5,5,5,5,5.0,1,conservative
14105244,1911,"ALL NIGGERS HOULD DIE - this was the message my friend got today at school. I don't disagree with the statement, just wished he'd spelt 'should' right",0.169709520273101,0.2976991101511324,0.0312024322220407,0.5013889373537259,white,True,True,False,35.0,woman,{},0.5,white,3,4,5,5,5.0,1,conservative
35508468,445,what a pile of wank my room is,0.103622913095684,0.2043001426567047,0.0568984400110611,0.6351785042365502,white,True,False,False,40.0,man,,0.5,white,2,1,2,1,1.5,0,conservative
42458224,445,what a pile of wank my room is,0.103622913095684,0.2043001426567047,0.0568984400110611,0.6351785042365502,white,True,False,False,45.0,man,{},1.0,white,1,1,1,1,1.0,0,conservative
15918959,1832,"Ah, I remember it now! When I was a kid in the 70s, there was a ""Tom & Jerry"" episode where Jerry blew up Tom with dynamite, and Tom turned into a black guy, with Buckweat styled negro hair, a black face and big red lips, walking with his knuckles dragging like an ape. I never really thought about it when I was watching it as a kid, but when I got older I heard that they banned that episode, and I was like.....""Yeah, that was pretty damn funny"". As kids, we're innocent and don't see the real humor in something like that.",0.2107041661051652,0.279953998756695,0.0145126783339412,0.4948291568041984,white,True,True,False,35.0,man,{},0.5,white,1,1,1,1,1.0,0,conservative
35508468,1832,"Ah, I remember it now! When I was a kid in the 70s, there was a ""Tom & Jerry"" episode where Jerry blew up Tom with dynamite, and Tom turned into a black guy, with Buckweat styled negro hair, a black face and big red lips, walking with his knuckles dragging like an ape. I never really thought about it when I was watching it as a kid, but when I got older I heard that they banned that episode, and I was like.....""Yeah, that was pretty damn funny"". As kids, we're innocent and don't see the real humor in something like that.",0.2107041661051652,0.279953998756695,0.0145126783339412,0.4948291568041984,white,True,True,False,40.0,man,,0.5,white,3,5,4,4,4.0,1,conservative
35508468,2279,.@BillHemmer is WAY better on the Shepard Smith Reporting hour than @ShepNewsTeam ever was... #RepealAndReplace,0.1075374313783204,0.1600269105575106,0.0349430861967944,0.6974925718673745,white,False,False,False,40.0,man,,0.5,white,1,1,2,1,1.5,0,conservative
15918959,3218,*REALITY* IS THAT WHICH *WILL NOT VANISH* *JUST BCOZ* WE *DONT BELIEVE OR ACCEPT IT..* Gud nite :blush::pray:,0.3657862776694242,0.1880128833632325,0.2646879317583656,0.1815129072089775,aae,False,False,True,35.0,man,{},0.5,white,1,1,2,2,2.0,0,conservative
14105244,3218,*REALITY* IS THAT WHICH *WILL NOT VANISH* *JUST BCOZ* WE *DONT BELIEVE OR ACCEPT IT..* Gud nite :blush::pray:,0.3657862776694242,0.1880128833632325,0.2646879317583656,0.1815129072089775,aae,False,False,True,35.0,woman,{},0.5,white,1,1,1,1,1.0,0,conservative
15918959,982,This raghead colleague is such a traitor!,0.0928512160420871,0.2103021072336641,0.182287175493668,0.5145595012305807,white,True,False,False,35.0,man,{},0.5,white,4,4,3,5,4.0,1,conservative
14105244,982,This raghead colleague is such a traitor!,0.0928512160420871,0.2103021072336641,0.182287175493668,0.5145595012305807,white,True,False,False,35.0,woman,{},0.5,white,5,4,5,5,5.0,1,conservative
15918959,3301,"Somebody tell @TaySixO it's Thursday, we ain't forgot about the visuals yhu said yhu was gone drop:joy::fire::fire:?????",0.7434460358208854,0.1147378237132385,0.0206019380587757,0.1212142024071004,aae,False,False,True,35.0,man,{},0.5,white,1,1,3,1,2.0,0,conservative
14105244,3301,"Somebody tell @TaySixO it's Thursday, we ain't forgot about the visuals yhu said yhu was gone drop:joy::fire::fire:?????",0.7434460358208854,0.1147378237132385,0.0206019380587757,0.1212142024071004,aae,False,False,True,35.0,woman,{},0.5,white,1,1,1,1,1.0,0,conservative
35508468,3544,"""I grew up in KwaNdebele and we used long drops back in the day, my cousin said """"pinky pinky"""" on my way to the toilet. Did I proceed? Oh hell""",0.3561374232420722,0.2673381172475472,0.0653583896489756,0.311166069861405,aae,False,False,True,40.0,man,,0.5,white,1,1,2,2,2.0,0,conservative
7288661,772,"america is trash, too many immigrants that is why",0.1431159842025236,0.2651469612706681,0.1014409210167899,0.4902961335100181,white,False,False,False,40.0,man,{},0.5,white,5,2,5,5,5.0,1,conservative
45678981,772,"america is trash, too many immigrants that is why",0.1431159842025236,0.2651469612706681,0.1014409210167899,0.4902961335100181,white,False,False,False,50.0,woman,{},1.0,white,5,5,5,5,5.0,1,conservative
15918959,2338,Foot freaks rejoice! It's nearly warm enough for me to wear flip flops & sandals again :ok_hand: :sandal: #FootFetish #FlipFlops #Sandals #SummerFootwear,0.1033268532432644,0.2560570332076872,0.0529844955057471,0.5876316180433012,white,False,False,False,35.0,man,{},0.5,white,1,1,1,1,1.0,0,conservative
14105244,2338,Foot freaks rejoice! It's nearly warm enough for me to wear flip flops & sandals again :ok_hand: :sandal: #FootFetish #FlipFlops #Sandals #SummerFootwear,0.1033268532432644,0.2560570332076872,0.0529844955057471,0.5876316180433012,white,False,False,False,35.0,woman,{},0.5,white,1,1,2,2,2.0,0,conservative
45678981,1586,"All these George Floyd riots are useless, harmful and ridiculous. So many people have got looted, many got hurt for what? ONE DEAD BLACK GUY? For ""RACISM""???",0.174689270667568,0.2150698399888363,0.0918935907552349,0.5183472985883607,white,False,True,False,50.0,woman,{},1.0,white,3,5,5,5,5.0,1,conservative
14105244,1586,"All these George Floyd riots are useless, harmful and ridiculous. So many people have got looted, many got hurt for what? ONE DEAD BLACK GUY? For ""RACISM""???",0.174689270667568,0.2150698399888363,0.0918935907552349,0.5183472985883607,white,False,True,False,35.0,woman,{},0.5,white,5,4,5,4,4.5,1,conservative
15918959,1853,i just hope both these niggers die,0.4052524505667843,0.3126523331395303,0.0135025526451056,0.2685926636485797,aae,True,True,True,35.0,man,{},0.5,white,5,5,5,5,5.0,1,conservative
42458224,1853,i just hope both these niggers die,0.4052524505667843,0.3126523331395303,0.0135025526451056,0.2685926636485797,aae,True,True,True,45.0,man,{},1.0,white,5,5,5,5,5.0,1,conservative
15918959,31,"its funny how few only want ""traditionalism"" only when it benefits them",0.3076940660046717,0.3478129356374897,0.0678697019425321,0.2766232964153063,hispanic,False,False,False,35.0,man,{},0.5,white,3,2,3,4,3.5,1,conservative
35508468,31,"its funny how few only want ""traditionalism"" only when it benefits them",0.3076940660046717,0.3478129356374897,0.0678697019425321,0.2766232964153063,hispanic,False,False,False,40.0,man,,0.5,white,1,1,2,1,1.5,0,conservative
35508468,3914,"ukwon: [singing, but the camera isnt centred on him] me: WHERE HE AT BITCH",0.3202089469304017,0.2612055786543227,0.2456158023433066,0.1729696720719688,aae,True,False,True,40.0,man,,0.5,white,2,1,2,1,1.5,0,conservative
14105244,3914,"ukwon: [singing, but the camera isnt centred on him] me: WHERE HE AT BITCH",0.3202089469304017,0.2612055786543227,0.2456158023433066,0.1729696720719688,aae,True,False,True,35.0,woman,{},0.5,white,3,1,2,2,2.0,0,conservative
14105244,823,the thought of a world free of channel crossers makes me so happy,0.1219519227582475,0.2467699840453633,0.0093364047444191,0.6219416884519701,white,False,False,False,35.0,woman,{},0.5,white,1,1,1,1,1.0,0,conservative
35508468,3677,I hate a person that assumes shyt like come fucking ask me to clarify I ain't gone lie to you dumbass :middle_finger_medium-dark_skin_tone:,0.4004255583764838,0.3429842369315464,0.0025209786183578,0.2540692260736118,aae,True,False,True,40.0,man,,0.5,white,3,1,3,2,2.5,0,conservative
14105244,3677,I hate a person that assumes shyt like come fucking ask me to clarify I ain't gone lie to you dumbass :middle_finger_medium-dark_skin_tone:,0.4004255583764838,0.3429842369315464,0.0025209786183578,0.2540692260736118,aae,True,False,True,35.0,woman,{},0.5,white,1,1,2,2,2.0,0,conservative
35508468,1687,"Pay attention folks. I met an older White Puerto Rican man. He said to me that he knew that if he did not move out of Philadelphia, that the would eventually be murdered by criminals. He also said that he did not want to continue to pay taxes. That is spot on. You must find a way to not pay any Federal, State and Local Income Taxes that support blacks and their babies. Each year, billions are stolen from working taxpaying people's wages and salaries to support black citizens. You must find an underground economy to participate in.",0.1765614203054955,0.1395083674214505,0.0065608534697963,0.6773693588032577,white,False,True,False,40.0,man,,0.5,white,4,4,5,3,4.0,1,conservative
14105244,1687,"Pay attention folks. I met an older White Puerto Rican man. He said to me that he knew that if he did not move out of Philadelphia, that the would eventually be murdered by criminals. He also said that he did not want to continue to pay taxes. That is spot on. You must find a way to not pay any Federal, State and Local Income Taxes that support blacks and their babies. Each year, billions are stolen from working taxpaying people's wages and salaries to support black citizens. You must find an underground economy to participate in.",0.1765614203054955,0.1395083674214505,0.0065608534697963,0.6773693588032577,white,False,True,False,35.0,woman,{},0.5,white,5,5,5,5,5.0,1,conservative
35508468,301,using a word like tranny to describe yourself does more harm than good to the trans community as a whole,0.091078727443765,0.1896001952438606,0.0318996125330707,0.6874214647793037,white,True,False,False,40.0,man,,0.5,white,1,1,4,1,2.5,0,conservative
14105244,301,using a word like tranny to describe yourself does more harm than good to the trans community as a whole,0.091078727443765,0.1896001952438606,0.0318996125330707,0.6874214647793037,white,True,False,False,35.0,woman,{},0.5,white,1,1,1,1,1.0,0,conservative
15918959,1714,This problem is that if a black person does step into his position everyone is going to say they got it cause of this and not realise that they're not qualified.,0.1532482383771811,0.2777048658224872,0.0042979683212185,0.5647489274791131,white,False,True,False,35.0,man,{},0.5,white,3,4,5,4,4.5,1,conservative
42458224,1714,This problem is that if a black person does step into his position everyone is going to say they got it cause of this and not realise that they're not qualified.,0.1532482383771811,0.2777048658224872,0.0042979683212185,0.5647489274791131,white,False,True,False,45.0,man,{},1.0,white,5,5,5,5,5.0,1,conservative
15918959,3491,"#feminists disagree, for a generation that grew up with the whisper song, get low, Buble butt & bitches aint shit... We've come along way",0.4258209685117041,0.1762743863014457,0.0169162521915433,0.3809883929953068,aae,True,False,True,35.0,man,{},0.5,white,4,1,4,3,3.5,1,conservative
14105244,2188,"Ayy shoutout to all ma boys in here but ima take a break from this sub. Its those niggers in here who just dont fuck with me, keep getting me banned deleting my threads so im out fuck it",0.4688049745384551,0.2930915070670135,0.0113221910731224,0.2267813273214088,aae,True,True,True,35.0,woman,{},0.5,white,4,3,4,4,4.0,1,conservative
9175691,2188,"Ayy shoutout to all ma boys in here but ima take a break from this sub. Its those niggers in here who just dont fuck with me, keep getting me banned deleting my threads so im out fuck it",0.4688049745384551,0.2930915070670135,0.0113221910731224,0.2267813273214088,aae,True,True,True,65.0,woman,{},0.5,white,5,5,5,5,5.0,1,conservative
35508468,1098,"I am a transsexual. I am also transgender person. And a trans person too! But don't you dare to call me a tranny, cause you'll be in trouble. Especially if you're a bitchy b3nder",0.0955873862276519,0.3786279409453857,0.0182018198902413,0.5075828529367209,white,True,False,False,40.0,man,,0.5,white,2,1,3,2,2.5,0,conservative
14105244,1098,"I am a transsexual. I am also transgender person. And a trans person too! But don't you dare to call me a tranny, cause you'll be in trouble. Especially if you're a bitchy b3nder",0.0955873862276519,0.3786279409453857,0.0182018198902413,0.5075828529367209,white,True,False,False,35.0,woman,{},0.5,white,1,1,2,2,2.0,0,conservative
45678981,3279,"Nig soups can make u eat above normal guage, like d EGUSI soup I just had now. Dats y wen a man marries a Nig girl, he gets pregnant b4 her.",0.5063849389907495,0.2346052851489785,0.0742118324714081,0.1847979433888638,aae,False,False,True,50.0,woman,{},1.0,white,5,5,5,5,5.0,1,conservative
35508468,3279,"Nig soups can make u eat above normal guage, like d EGUSI soup I just had now. Dats y wen a man marries a Nig girl, he gets pregnant b4 her.",0.5063849389907495,0.2346052851489785,0.0742118324714081,0.1847979433888638,aae,False,False,True,40.0,man,,0.5,white,4,5,5,4,4.5,1,conservative
14105244,3535,You & yo baby momma separate & you take everything out the house including everything in the child's room? You a fagget fr :100:,0.5066888318428883,0.2939742280209445,0.0127017079290291,0.1866352322071379,aae,False,False,True,35.0,woman,{},0.5,white,4,1,4,4,4.0,1,conservative
15918959,1476,K-pop is being used as a tool by afros to manipulate the masses. They are using international pressure to support this nonsense. Their goal is to create an afro state in the USA and a spic state. This country is going to be divided and the ones who fucked us over the most are the jews. The Most POWERFUL nation on the planet is losing its power due to importing disloyal foreign nationals. Nation of immigrants my ass.,0.0812396122359881,0.0875523455428061,0.03657616119716,0.7946318810240457,white,True,False,False,35.0,man,{},0.5,white,2,4,3,4,3.5,1,conservative
45678981,4088,"Running after some pussy that cheated on and left you for another nigga , now she cheating on that nigga with you ? Lmfao Fucking dumb asses",0.6280372157870101,0.2310410381684735,0.0048318552997349,0.1360898907447813,aae,True,False,True,50.0,woman,{},1.0,white,3,4,2,5,3.5,1,conservative
35508468,4088,"Running after some pussy that cheated on and left you for another nigga , now she cheating on that nigga with you ? Lmfao Fucking dumb asses",0.6280372157870101,0.2310410381684735,0.0048318552997349,0.1360898907447813,aae,True,False,True,40.0,man,,0.5,white,4,3,4,4,4.0,1,conservative
15918959,3873,The way these niggas hate I hope they get a check for it,0.5438753851341906,0.2202300829954745,0.0045025169880843,0.2313920148822503,aae,True,False,True,35.0,man,{},0.5,white,5,5,4,5,4.5,1,conservative
15918959,1588,"Side note, can anyone explain why racism is necessarily bad? Humanity has survived for a few thousand years without the civil rights movement and we've done perfectly fine. Only on the last 60 years has it been an issue for the SOME PEOPLE.",0.0406765064886442,0.0867842206167513,0.011276022218974,0.8612632506756305,white,False,True,False,35.0,man,{},0.5,white,2,5,5,5,5.0,1,conservative
42458224,1588,"Side note, can anyone explain why racism is necessarily bad? Humanity has survived for a few thousand years without the civil rights movement and we've done perfectly fine. Only on the last 60 years has it been an issue for the SOME PEOPLE.",0.0406765064886442,0.0867842206167513,0.011276022218974,0.8612632506756305,white,False,True,False,45.0,man,{},1.0,white,2,2,4,4,4.0,1,conservative
14105244,3963,"""i really hate giving advice bc mfs be like """" u act like u wasn't dumb over a nigga"""" bitch when I was 14 not 24. that's 10 yr difference""",0.5263844411315344,0.1912931500965708,0.1260466846765872,0.1562757240953076,aae,True,False,True,35.0,woman,{},0.5,white,4,4,4,3,3.5,1,conservative
42458224,3963,"""i really hate giving advice bc mfs be like """" u act like u wasn't dumb over a nigga"""" bitch when I was 14 not 24. that's 10 yr difference""",0.5263844411315344,0.1912931500965708,0.1260466846765872,0.1562757240953076,aae,True,False,True,45.0,man,{},1.0,white,3,2,4,4,4.0,1,conservative
35508468,2829,"The bloody hell Trump, why use 59 missiles? Even though they did launch a chemical attack on us, 59 is a bit overkill. also #russiaismad",0.0913926028707955,0.1525796142122889,0.1390500065688915,0.6169777763480239,white,False,False,False,40.0,man,,0.5,white,1,1,3,1,2.0,0,conservative
14105244,2829,"The bloody hell Trump, why use 59 missiles? Even though they did launch a chemical attack on us, 59 is a bit overkill. also #russiaismad",0.0913926028707955,0.1525796142122889,0.1390500065688915,0.6169777763480239,white,False,False,False,35.0,woman,{},0.5,white,1,1,1,1,1.0,0,conservative
7288661,3313,Ppl really thinking I went to the salon or somn to do my box braids! All me :blush::yum: *pats self on the back *,0.5759861343705511,0.1839636496533274,0.0285064298167279,0.2115437861593932,aae,False,False,True,40.0,man,{},0.5,white,1,1,1,1,1.0,0,conservative
14105244,3313,Ppl really thinking I went to the salon or somn to do my box braids! All me :blush::yum: *pats self on the back *,0.5759861343705511,0.1839636496533274,0.0285064298167279,0.2115437861593932,aae,False,False,True,35.0,woman,{},0.5,white,1,1,1,1,1.0,0,conservative
15918959,1811,BLM is targeting Jewish people. Now apart from retarded monkeys they are also antisemitic!,0.0733714518479037,0.1624338332293063,0.146257357043436,0.6179373578793539,white,True,True,False,35.0,man,{},0.5,white,4,4,4,3,3.5,1,conservative
14105244,1811,BLM is targeting Jewish people. Now apart from retarded monkeys they are also antisemitic!,0.0733714518479037,0.1624338332293063,0.146257357043436,0.6179373578793539,white,True,True,False,35.0,woman,{},0.5,white,5,5,5,5,5.0,1,conservative
15918959,2126,"They all say these people are so low key, that they are completely awkward to have a conversation with. Only ni@g%s who really know them the ones that are in their own circle. They smile in the light but never in the dark. Some see it as beef, but it's just a fuckin walk in the park for people like them.",0.2171995873895743,0.2641990929940339,0.0139482405578186,0.5046530790585733,white,True,True,False,35.0,man,{},0.5,white,5,5,3,4,3.5,1,conservative
35508468,1809,"oh wow, fat black bitch short of breath raging about her special rights to spray her monkey looking graffiti",0.2625996480703866,0.2917418399130171,0.0832888388771113,0.362369673139485,white,True,True,False,40.0,man,,0.5,white,5,5,5,4,4.5,1,conservative
14105244,1809,"oh wow, fat black bitch short of breath raging about her special rights to spray her monkey looking graffiti",0.2625996480703866,0.2917418399130171,0.0832888388771113,0.362369673139485,white,True,True,False,35.0,woman,{},0.5,white,5,5,5,5,5.0,1,conservative
35508468,3212,#bbnaija i see @PayPorte CEO sponsoring these top 5HMs to start up their own bizness and make them prosper,0.5496868197253745,0.1213032230063565,0.040149882737169,0.2888600745310999,aae,False,False,True,40.0,man,,0.5,white,1,1,1,1,1.0,0,conservative
14105244,3212,#bbnaija i see @PayPorte CEO sponsoring these top 5HMs to start up their own bizness and make them prosper,0.5496868197253745,0.1213032230063565,0.040149882737169,0.2888600745310999,aae,False,False,True,35.0,woman,{},0.5,white,1,1,1,1,1.0,0,conservative
14105244,1597,"whats the point of voting or even democracy if a few dozen angry black election officials in philadelphia, detroit, milwaukee, and atlanta can decide the whole thing?",0.1201925568923702,0.0722870447441238,0.0657670810212969,0.7417533173422091,white,False,True,False,35.0,woman,{},0.5,white,3,3,4,3,3.5,1,conservative
35508468,770,it is not ok to be a gypsy,0.1668171332101904,0.2923891087090031,0.0221236107126553,0.5186701473681511,white,False,False,False,40.0,man,,0.5,white,3,4,4,3,3.5,1,conservative
35508468,3307,"I ain't with the buggin' She get pissed off, did wrong & dipped on! Haaaa",0.6610275757635231,0.1832801351241115,0.023966444903266,0.1317258442090991,aae,False,False,True,40.0,man,,0.5,white,3,1,2,2,2.0,0,conservative
14105244,3307,"I ain't with the buggin' She get pissed off, did wrong & dipped on! Haaaa",0.6610275757635231,0.1832801351241115,0.023966444903266,0.1317258442090991,aae,False,False,True,35.0,woman,{},0.5,white,1,1,1,1,1.0,0,conservative
35508468,3538,Hate when you go on insta news feed n see women post pics of a 3D pregnancy scan!!! The pics look scary as hell :flushed:don't post it :weary::weary::weary:,0.3558999291997599,0.2824859152487596,0.0150447483453053,0.3465694072061751,aae,False,False,True,40.0,man,,0.5,white,2,1,3,1,2.0,0,conservative
14105244,3538,Hate when you go on insta news feed n see women post pics of a 3D pregnancy scan!!! The pics look scary as hell :flushed:don't post it :weary::weary::weary:,0.3558999291997599,0.2824859152487596,0.0150447483453053,0.3465694072061751,aae,False,False,True,35.0,woman,{},0.5,white,1,1,2,1,1.5,0,conservative
35508468,3493,If you hating on me stop it cause I ain't hating on nobody I in competition with nobody I'm just tryna hit a mill,0.7425521341151029,0.1453756986089437,0.0031347064696074,0.1089374608063459,aae,False,False,True,40.0,man,,0.5,white,2,1,2,1,1.5,0,conservative
14105244,3493,If you hating on me stop it cause I ain't hating on nobody I in competition with nobody I'm just tryna hit a mill,0.7425521341151029,0.1453756986089437,0.0031347064696074,0.1089374608063459,aae,False,False,True,35.0,woman,{},0.5,white,1,1,1,1,1.0,0,conservative
9175691,3751,Serious question tho.... How do you climax if you're getting raped??? I can barely cum off of sex I want. No jokes intended but how???,0.3654259145065838,0.3233502528235927,0.0262246269843324,0.2849992056854908,aae,True,False,True,65.0,woman,{},0.5,white,5,1,5,5,5.0,1,conservative
15918959,3441,"So I'm cutting ya cake like it's my birthday, you dropping vanillaaaaa:heart_eyes::tongue: told you Ima pussy killaaaa:notes::drooling_face:",0.5255158476619308,0.2889184824849025,0.0198167693991089,0.1657489004540577,aae,True,False,True,35.0,man,{},0.5,white,3,2,3,4,3.5,1,conservative
35508468,3441,"So I'm cutting ya cake like it's my birthday, you dropping vanillaaaaa:heart_eyes::tongue: told you Ima pussy killaaaa:notes::drooling_face:",0.5255158476619308,0.2889184824849025,0.0198167693991089,0.1657489004540577,aae,True,False,True,40.0,man,,0.5,white,2,1,3,2,2.5,0,conservative
35508468,690,"Fuck anyone who says 'niggers' or 'trannies' You will never be a person to me. Why don't you go ahead and report me, you little  cry baby. I'll just change my IP address, lmao",0.2129048984084656,0.4483979562438238,0.0312971562143192,0.3073999891333913,hispanic,True,False,False,40.0,man,,0.5,white,5,2,5,3,4.0,1,conservative
14105244,690,"Fuck anyone who says 'niggers' or 'trannies' You will never be a person to me. Why don't you go ahead and report me, you little  cry baby. I'll just change my IP address, lmao",0.2129048984084656,0.4483979562438238,0.0312971562143192,0.3073999891333913,hispanic,True,False,False,35.0,woman,{},0.5,white,4,1,2,2,2.0,0,conservative
15918959,924,Women trap men into having babies,0.4507405245499488,0.1862858493476182,0.0607734876191475,0.3022001384832854,aae,False,False,True,35.0,man,{},0.5,white,3,2,4,4,4.0,1,conservative
14105244,924,Women trap men into having babies,0.4507405245499488,0.1862858493476182,0.0607734876191475,0.3022001384832854,aae,False,False,True,35.0,woman,{},0.5,white,3,1,2,2,2.0,0,conservative
15918959,1564,the word n*gga should be used with no taboos. It's a perfect term!,0.2225585956686256,0.2342251571641757,0.092562913918151,0.4506533332490475,white,False,True,False,35.0,man,{},0.5,white,5,5,5,5,5.0,1,conservative
14105244,1564,the word n*gga should be used with no taboos. It's a perfect term!,0.2225585956686256,0.2342251571641757,0.092562913918151,0.4506533332490475,white,False,True,False,35.0,woman,{},0.5,white,4,5,4,4,4.0,1,conservative
35508468,3568,My sister is mad as hell we haf to watch huck getting shot twice!!! Who does that?? #Scandal,0.6104801372711742,0.1878439082775504,0.0099256316861352,0.19175032276514,aae,False,False,True,40.0,man,,0.5,white,3,1,2,2,2.0,0,conservative
14105244,3568,My sister is mad as hell we haf to watch huck getting shot twice!!! Who does that?? #Scandal,0.6104801372711742,0.1878439082775504,0.0099256316861352,0.19175032276514,aae,False,False,True,35.0,woman,{},0.5,white,1,1,1,1,1.0,0,conservative
45678981,651,"Fuck yeah, I would kill for some faggot.",0.1843617225912674,0.4321312071937706,0.0332384227362278,0.3502686474787342,hispanic,True,False,False,50.0,woman,{},1.0,white,5,5,5,5,5.0,1,conservative
14105244,651,"Fuck yeah, I would kill for some faggot.",0.1843617225912674,0.4321312071937706,0.0332384227362278,0.3502686474787342,hispanic,True,False,False,35.0,woman,{},0.5,white,5,1,5,5,5.0,1,conservative
15918959,883,"Dear Jews, think twice before you pass by me, and that's a threat!",0.1224054779696768,0.2120957163177828,0.0784498515651222,0.5870489541474181,white,False,False,False,35.0,man,{},0.5,white,5,5,4,5,4.5,1,conservative
71284064,883,"Dear Jews, think twice before you pass by me, and that's a threat!",0.1224054779696768,0.2120957163177828,0.0784498515651222,0.5870489541474181,white,False,False,False,60.0,woman,female,0.5,white,5,5,5,5,5.0,1,conservative
39189900,1770,to call black people niggas is just funny,0.5170398279688034,0.2516485520195468,0.0036289174615476,0.2276827025501019,aae,True,True,True,65.0,man,Elderly,1.0,white,4,5,5,4,4.5,1,conservative
9175691,1770,to call black people niggas is just funny,0.5170398279688034,0.2516485520195468,0.0036289174615476,0.2276827025501019,aae,True,True,True,65.0,woman,{},0.5,white,5,5,5,5,5.0,1,conservative
15918959,4106,Stop thinking they have to prove they self when they fucking with a community ass nigga Issa shooter,0.6120326523506008,0.203563619749265,0.0266220447962931,0.1577816831038411,aae,True,False,True,35.0,man,{},0.5,white,3,5,4,4,4.0,1,conservative
14105244,4106,Stop thinking they have to prove they self when they fucking with a community ass nigga Issa shooter,0.6120326523506008,0.203563619749265,0.0266220447962931,0.1577816831038411,aae,True,False,True,35.0,woman,{},0.5,white,4,2,4,4,4.0,1,conservative
15918959,3009,#13ReasonsWhy bryce is a fucking asshole and represents everything that's wrong with people/the world,0.090453546901531,0.262675809999264,0.0210161387359199,0.6258545043632848,white,True,False,False,35.0,man,{},0.5,white,1,1,4,3,3.5,1,conservative
35508468,3009,#13ReasonsWhy bryce is a fucking asshole and represents everything that's wrong with people/the world,0.090453546901531,0.262675809999264,0.0210161387359199,0.6258545043632848,white,True,False,False,40.0,man,,0.5,white,5,1,5,3,4.0,1,conservative
35508468,2417,Mr #Trump will be loving today. As it is the one day of the year when #FakeNews is acceptable. #aprilfools,0.0629120841475919,0.1352144424883311,0.0121532878093071,0.7897201855547697,white,False,False,False,40.0,man,,0.5,white,3,1,3,2,2.5,0,conservative
14105244,2417,Mr #Trump will be loving today. As it is the one day of the year when #FakeNews is acceptable. #aprilfools,0.0629120841475919,0.1352144424883311,0.0121532878093071,0.7897201855547697,white,False,False,False,35.0,woman,{},0.5,white,2,1,2,2,2.0,0,conservative
35508468,840,All Muslims are violent!,0.1715642830440141,0.2534811440662322,0.1573386388145048,0.4176159340752489,white,False,False,False,40.0,man,,0.5,white,4,3,5,4,4.5,1,conservative
14105244,840,All Muslims are violent!,0.1715642830440141,0.2534811440662322,0.1573386388145048,0.4176159340752489,white,False,False,False,35.0,woman,{},0.5,white,4,5,5,5,5.0,1,conservative
15918959,1717,Don't you adore it when blacks get ideas above their station? Helpless morons! but we showed them,0.1542323588839793,0.2522199661359212,0.0217261988556802,0.5718214761244191,white,False,True,False,35.0,man,{},0.5,white,4,5,4,5,4.5,1,conservative
35508468,1717,Don't you adore it when blacks get ideas above their station? Helpless morons! but we showed them,0.1542323588839793,0.2522199661359212,0.0217261988556802,0.5718214761244191,white,False,True,False,40.0,man,,0.5,white,4,5,5,4,4.5,1,conservative
15918959,766,"It is simple: don't move to a country unless you genuinely love the people and culture. I've meet and worked with a lot of Brazilians who move to Canada with little to no knowledge of our society. Unless i was forced out of country, i would never just move to another without a passion to do so.",0.046615190264572,0.2038875277219542,0.0215846542064707,0.7279126278070029,white,False,False,False,35.0,man,{},0.5,white,1,3,3,2,2.5,0,conservative
14105244,766,"It is simple: don't move to a country unless you genuinely love the people and culture. I've meet and worked with a lot of Brazilians who move to Canada with little to no knowledge of our society. Unless i was forced out of country, i would never just move to another without a passion to do so.",0.046615190264572,0.2038875277219542,0.0215846542064707,0.7279126278070029,white,False,False,False,35.0,woman,{},0.5,white,1,1,1,1,1.0,0,conservative
45678981,3796,When you call your nigga on FaceTime an he don't get all excited talking bout how fine you are..try again sis he's not the one :joy:,0.3866966154062961,0.3401785779228096,0.004942721335595,0.2681820853352991,aae,True,False,True,50.0,woman,{},1.0,white,1,5,4,5,4.5,1,conservative
14105244,3796,When you call your nigga on FaceTime an he don't get all excited talking bout how fine you are..try again sis he's not the one :joy:,0.3866966154062961,0.3401785779228096,0.004942721335595,0.2681820853352991,aae,True,False,True,35.0,woman,{},0.5,white,1,2,2,1,1.5,0,conservative
45678981,1611,"argh dark as the night itself the spear chucker readies himself for another attack… he spots a white lady in his cross hairs and POW he has pounced, ready to put his massive member deep in her fanny... whether or not she wants it.",0.2537243980143128,0.1459221966097904,0.0283539967064651,0.5719994086694316,white,False,True,False,50.0,woman,{},1.0,white,5,1,5,5,5.0,1,conservative
15918959,1611,"argh dark as the night itself the spear chucker readies himself for another attack… he spots a white lady in his cross hairs and POW he has pounced, ready to put his massive member deep in her fanny... whether or not she wants it.",0.2537243980143128,0.1459221966097904,0.0283539967064651,0.5719994086694316,white,False,True,False,35.0,man,{},0.5,white,2,5,5,4,4.5,1,conservative
15918959,1652,It is what it is. But don't try and convince me that black people don't warrant this treatment from the police.,0.1886095156243335,0.3120388468869006,0.0255582582431374,0.4737933792456283,white,False,True,False,35.0,man,{},0.5,white,2,3,4,3,3.5,1,conservative
14105244,1652,It is what it is. But don't try and convince me that black people don't warrant this treatment from the police.,0.1886095156243335,0.3120388468869006,0.0255582582431374,0.4737933792456283,white,False,True,False,35.0,woman,{},0.5,white,3,4,3,2,2.5,0,conservative
7288661,60,"i read these facts Egypt has like 6 times the population of Syria. It would be a lot more balanced if you included Saudi Arabia (33 million), Yemen (28 million) and Iraq (38 million) for example",0.0622023214676432,0.0879585152406951,0.3773304453993134,0.4725087178923481,white,False,False,False,40.0,man,{},0.5,white,1,1,1,1,1.0,0,conservative
14105244,60,"i read these facts Egypt has like 6 times the population of Syria. It would be a lot more balanced if you included Saudi Arabia (33 million), Yemen (28 million) and Iraq (38 million) for example",0.0622023214676432,0.0879585152406951,0.3773304453993134,0.4725087178923481,white,False,False,False,35.0,woman,{},0.5,white,1,1,1,1,1.0,0,conservative
15918959,2157,"fuck you guys, I hate any nigga and I hate everything that came with em too",0.2970557071745319,0.4473103535242104,0.0091583698223957,0.2464755694788618,hispanic,True,True,False,35.0,man,{},0.5,white,5,5,4,5,4.5,1,conservative
14105244,2157,"fuck you guys, I hate any nigga and I hate everything that came with em too",0.2970557071745319,0.4473103535242104,0.0091583698223957,0.2464755694788618,hispanic,True,True,False,35.0,woman,{},0.5,white,5,5,5,5,5.0,1,conservative
15918959,804,The mentally handicapped should be locked away for their own good,0.1285327867854261,0.2270377288323992,0.0010311173558725,0.643398367026302,white,False,False,False,35.0,man,{},0.5,white,2,5,5,5,5.0,1,conservative
35508468,804,The mentally handicapped should be locked away for their own good,0.1285327867854261,0.2270377288323992,0.0010311173558725,0.643398367026302,white,False,False,False,40.0,man,,0.5,white,5,3,5,4,4.5,1,conservative
14105244,1681,black people they also discovered the binary numeral system probably because they were not able to remember more than 2 number symbols.,0.0717383858284601,0.21154517541152,0.0367042382219547,0.6800122005380651,white,False,True,False,35.0,woman,{},0.5,white,5,4,4,4,4.0,1,conservative
9175691,1681,black people they also discovered the binary numeral system probably because they were not able to remember more than 2 number symbols.,0.0717383858284601,0.21154517541152,0.0367042382219547,0.6800122005380651,white,False,True,False,65.0,woman,{},0.5,white,5,5,5,5,5.0,1,conservative
15918959,2047,"I'm first gen Chinese American and when we were kids, my mom always told us to fight back. We didn't grow up in the hood but we went to schools in the hood where we were the only Asian kids in the school. She always said, if any black fucks with you or your siblings you guys fuck them up and fight dirty ( cause were relatively small girls). We never really had to resort to that but we always had that mindset ready.",0.1945210176921485,0.3689053068680367,0.0145955009437814,0.4219781744960333,white,True,True,False,35.0,man,{},0.5,white,2,5,4,4,4.0,1,conservative
14105244,2047,"I'm first gen Chinese American and when we were kids, my mom always told us to fight back. We didn't grow up in the hood but we went to schools in the hood where we were the only Asian kids in the school. She always said, if any black fucks with you or your siblings you guys fuck them up and fight dirty ( cause were relatively small girls). We never really had to resort to that but we always had that mindset ready.",0.1945210176921485,0.3689053068680367,0.0145955009437814,0.4219781744960333,white,True,True,False,35.0,woman,{},0.5,white,4,4,4,3,3.5,1,conservative
14105244,365,Mop your floors you dirty bitch. Also it's going to be well minging with those dogs,0.1209545903948982,0.3381784749773684,0.003226008872493,0.5376409257552403,white,True,False,False,35.0,woman,{},0.5,white,3,1,4,4,4.0,1,conservative
9175691,365,Mop your floors you dirty bitch. Also it's going to be well minging with those dogs,0.1209545903948982,0.3381784749773684,0.003226008872493,0.5376409257552403,white,True,False,False,65.0,woman,{},0.5,white,5,1,5,5,5.0,1,conservative
15918959,1547,"We are burning the Black Lives Matter sign. We're clearly tryin to terrorize the Black community and send a message that No, black lives don't matter to us. We will never allow you to have equal rights. We will use violence to keep you down.",0.1429444858767283,0.167142454843691,0.006786224332035,0.6831268349475457,white,False,True,False,35.0,man,{},0.5,white,5,5,4,5,4.5,1,conservative
14105244,1547,"We are burning the Black Lives Matter sign. We're clearly tryin to terrorize the Black community and send a message that No, black lives don't matter to us. We will never allow you to have equal rights. We will use violence to keep you down.",0.1429444858767283,0.167142454843691,0.006786224332035,0.6831268349475457,white,False,True,False,35.0,woman,{},0.5,white,5,5,5,5,5.0,1,conservative
15918959,2147,let me tell you hey fuck you who ever made this fucking video atleast she is reading the quran ur making fun of her you satan go to fucking hell nigga your a terrorist,0.2410858828249467,0.3959765994678771,0.0190800549643391,0.3438574627428369,hispanic,True,True,False,35.0,man,{},0.5,white,5,5,4,5,4.5,1,conservative
35508468,2147,let me tell you hey fuck you who ever made this fucking video atleast she is reading the quran ur making fun of her you satan go to fucking hell nigga your a terrorist,0.2410858828249467,0.3959765994678771,0.0190800549643391,0.3438574627428369,hispanic,True,True,False,40.0,man,,0.5,white,4,4,5,5,5.0,1,conservative
14105244,2173,People still call black people fucking niggas and I am in love with that,0.3391985214259218,0.3345806177690547,0.0026297332185355,0.3235911275864878,aae,True,True,True,35.0,woman,{},0.5,white,5,5,5,5,5.0,1,conservative
35508468,1685,He's just a stupid jungl3 bunny,0.1239062783718994,0.4621225868681772,0.0239680197560211,0.390003115003902,hispanic,False,True,False,40.0,man,,0.5,white,5,5,5,5,5.0,1,conservative
14105244,1685,He's just a stupid jungl3 bunny,0.1239062783718994,0.4621225868681772,0.0239680197560211,0.390003115003902,hispanic,False,True,False,35.0,woman,{},0.5,white,5,5,5,5,5.0,1,conservative
40321857,2454,"""I actually had a dream about the new MST3K coming out soon. If this dream is correct, there's gonna be a new robot on the show named """"Pussy""""""",0.1409485317811528,0.1951529366369402,0.102958236363986,0.560940295217921,white,True,False,False,40.0,woman,{},0.0,white,2,1,2,2,2.0,0,neutral
66593239,2454,"""I actually had a dream about the new MST3K coming out soon. If this dream is correct, there's gonna be a new robot on the show named """"Pussy""""""",0.1409485317811528,0.1951529366369402,0.102958236363986,0.560940295217921,white,True,False,False,50.0,man,none,-0.5,white,2,1,2,1,1.5,0,liberal
40321857,264,"Stop calling it 'the n-word', it's NIGGER! Just a colour",0.2662205062539486,0.2419748870940317,0.1308668890656883,0.3609377175863313,white,True,False,False,40.0,woman,{},0.0,white,5,5,5,5,5.0,1,neutral
45870433,1790,"new slogan: Know niggers, no peace. No niggers, know peace",0.2546920939795835,0.2022873214016179,0.4008815014940822,0.1421390831247163,other,True,True,False,35.0,woman,{},0.5,white,4,5,5,3,4.0,1,conservative
44250250,3286,*dress shopping w/ eva* me: I would look like a whole snack mawmaw mawmaw: yeah you would look like an old sack,0.4254770676742583,0.1947835050285246,0.1116898623337852,0.2680495649634319,aae,False,False,True,30.0,man,{},0.5,white,1,1,2,2,2.0,0,conservative
45870433,3286,*dress shopping w/ eva* me: I would look like a whole snack mawmaw mawmaw: yeah you would look like an old sack,0.4254770676742583,0.1947835050285246,0.1116898623337852,0.2680495649634319,aae,False,False,True,35.0,woman,{},0.5,white,2,1,2,2,2.0,0,conservative
40321857,3157,I came home today to find my retarded son trying to put socks on his cock. That cat's going to be fucking traumatized now.,0.1981130350628536,0.3794049650902208,0.0134444176497867,0.4090375821971387,white,True,False,False,40.0,woman,{},0.0,white,5,1,5,5,5.0,1,neutral
40321857,3338,The busta rythmns new wat was up u bey9nce in hellraiser..now silent bro up the screen ..busta who else..now now i aint alone in this,0.7055055236777873,0.1432258418243184,0.0167523680372796,0.1345162664606145,aae,False,False,True,40.0,woman,{},0.0,white,1,1,1,1,1.0,0,neutral
40321857,1642,"First off imagine calling them who are third worlding it up right now a master race, then imagine calling those fugly chimps attractive",0.0984882611751312,0.3317808415491159,0.0203478942233744,0.5493830030523785,white,False,True,False,40.0,woman,{},0.0,white,5,5,5,5,5.0,1,neutral
40321857,77,We must remember that not all men are abusive,0.2200237562331451,0.3008023133415841,0.0200211506889129,0.4591527797363578,white,False,False,False,40.0,woman,{},0.0,white,1,1,1,1,1.0,0,neutral
40321857,3340,"""He was sat up looking over in my direction so I said """"what's wrong now?"""" He responds """"I dunno, slow motion or something""""""",0.3397993167652411,0.2660529304291846,0.1539445221985041,0.24020323060707,aae,False,False,True,40.0,woman,{},0.0,white,1,1,1,1,1.0,0,neutral
61283819,2807,Trump is a syphilis brain addled idiot Jackson dueled for his wife's honor Trump has no respect for his wife or any woman but his daughter,0.1978521895864403,0.1193429653875516,0.0522721745344107,0.6305326704915972,white,False,False,False,35.0,man,,1.0,white,2,2,4,4,4.0,1,conservative
17414298,2807,Trump is a syphilis brain addled idiot Jackson dueled for his wife's honor Trump has no respect for his wife or any woman but his daughter,0.1978521895864403,0.1193429653875516,0.0522721745344107,0.6305326704915972,white,False,False,False,35.0,man,{},0.0,white,3,1,3,2,2.5,0,neutral
40321857,459,"you've got to be fucking joking, my room has let me down",0.2100210641390862,0.3760800088313892,0.0097640958695929,0.4041348311599316,white,True,False,False,40.0,woman,{},0.0,white,1,1,1,1,1.0,0,neutral
45870433,459,"you've got to be fucking joking, my room has let me down",0.2100210641390862,0.3760800088313892,0.0097640958695929,0.4041348311599316,white,True,False,False,35.0,woman,{},0.5,white,1,1,2,1,1.5,0,conservative
45678981,2186,"That's why i yell ""NIGGER!"" at the top of my lungs to any black beggars I see on the road. Good luck catching up to me in my accord you fucking worthless ape. Bonus points if you can dehumanize them enough to start to see tears before you drive off (they are suprisingly quick to start crying like pussies) LMAO",0.1638834150553634,0.3094890418502984,0.0440370860656783,0.4825904570286597,white,True,True,False,50.0,woman,{},1.0,white,5,5,5,5,5.0,1,conservative
40321857,2186,"That's why i yell ""NIGGER!"" at the top of my lungs to any black beggars I see on the road. Good luck catching up to me in my accord you fucking worthless ape. Bonus points if you can dehumanize them enough to start to see tears before you drive off (they are suprisingly quick to start crying like pussies) LMAO",0.1638834150553634,0.3094890418502984,0.0440370860656783,0.4825904570286597,white,True,True,False,40.0,woman,{},0.0,white,5,5,5,5,5.0,1,neutral
40321857,3552,Mothafuckas is out here sick as fuuuuuccccckkkkkkkkkkkk in the head lmmfaooooo,0.5142956974559871,0.2139115579031156,0.0049246190769611,0.2668681255639361,aae,False,False,True,40.0,woman,{},0.0,white,1,1,1,1,1.0,0,neutral
58008422,3552,Mothafuckas is out here sick as fuuuuuccccckkkkkkkkkkkk in the head lmmfaooooo,0.5142956974559871,0.2139115579031156,0.0049246190769611,0.2668681255639361,aae,False,False,True,60.0,man,,1.0,white,4,1,4,4,4.0,1,conservative
17414298,85,"""We, Ahmadi Muslims, arent here to cause you any disturbance but instead we are here to serve, we are here to share with you the community, to join you in your activities, and live peacefully and happily among you.""",0.0687880256559891,0.234785462437937,0.1133926098726506,0.5830339020334233,white,False,False,False,35.0,man,{},0.0,white,1,1,2,1,1.5,0,neutral
45870433,85,"""We, Ahmadi Muslims, arent here to cause you any disturbance but instead we are here to serve, we are here to share with you the community, to join you in your activities, and live peacefully and happily among you.""",0.0687880256559891,0.234785462437937,0.1133926098726506,0.5830339020334233,white,False,False,False,35.0,woman,{},0.5,white,1,1,1,1,1.0,0,conservative
40321857,2853,Fucking hell. Still gutted for the loss of Mané tho. Irreplaceable player. #LFC,0.1726380980340408,0.2121070595371348,0.0940105830309005,0.5212442593979238,white,True,False,False,40.0,woman,{},0.0,white,1,1,1,1,1.0,0,neutral
45870433,2853,Fucking hell. Still gutted for the loss of Mané tho. Irreplaceable player. #LFC,0.1726380980340408,0.2121070595371348,0.0940105830309005,0.5212442593979238,white,True,False,False,35.0,woman,{},0.5,white,1,1,3,1,2.0,0,conservative
38151098,853,If my son told me he wanted to wear girl's clothes he'd be in big trouble,0.3424101324060895,0.330564594923826,0.0196356275587191,0.3073896451113653,aae,False,False,True,30.0,woman,{},0.5,white,2,1,3,2,2.5,0,conservative
61283819,1631,"i don't care what people say, blacks have ugly eyelashes!",0.2714153403547837,0.4581325825498183,0.0309285256477825,0.2395235514476153,hispanic,False,True,False,35.0,man,,1.0,white,3,3,3,2,2.5,0,conservative
40321857,1631,"i don't care what people say, blacks have ugly eyelashes!",0.2714153403547837,0.4581325825498183,0.0309285256477825,0.2395235514476153,hispanic,False,True,False,40.0,woman,{},0.0,white,5,5,5,5,5.0,1,neutral
66593239,2260,of him walking by late at night. You both reached the water fountain at the same time. The class difference was immediately noticeable.,0.0574914759716248,0.1891947000871434,0.0061223387306562,0.7471914852105754,white,False,False,False,50.0,man,none,-0.5,white,3,1,2,2,2.0,0,liberal
61283819,1424,"If White men, DO NOT STOP carrying on their symbiotic relationship with the parasitic kike, we are doomed. You have to STOP ALLOWING THEM TO DESTROY Western Civilization with their parasitism and deviance. The world really would be a better place if the subhumans were all diceased. Even the honest subhumans cannot deny that all they do is destroy, devour and fuck uncontrollably",0.0678894092647951,0.2920932888027366,0.0074114882103341,0.632605813722134,white,True,False,False,35.0,man,,1.0,white,4,3,5,2,3.5,1,conservative
17414298,2146,YOU DERSERVE 3 SHOTS IN YOUR OWN FUCKING HEAD. GET FUCKED YOU TWATS SHOW SOME FUCKING BACKBONE YOU NIGGAS,0.4549113750144858,0.2792521999664142,0.0127490317256966,0.2530873932934033,aae,True,True,True,35.0,man,{},0.0,white,5,3,4,4,4.0,1,neutral
45870433,2146,YOU DERSERVE 3 SHOTS IN YOUR OWN FUCKING HEAD. GET FUCKED YOU TWATS SHOW SOME FUCKING BACKBONE YOU NIGGAS,0.4549113750144858,0.2792521999664142,0.0127490317256966,0.2530873932934033,aae,True,True,True,35.0,woman,{},0.5,white,5,5,5,5,5.0,1,conservative
66593239,3807,Bitches be too mad bitch get some money and move out the hood you fake ballers:woman_golfing_medium-dark_skin_tone::woman_shrugging_medium-dark_skin_tone:,0.7341200667779655,0.1546324724215373,0.0001535316003562,0.111093929200141,aae,True,False,True,50.0,man,none,-0.5,white,3,2,3,2,2.5,0,liberal
45870433,3807,Bitches be too mad bitch get some money and move out the hood you fake ballers:woman_golfing_medium-dark_skin_tone::woman_shrugging_medium-dark_skin_tone:,0.7341200667779655,0.1546324724215373,0.0001535316003562,0.111093929200141,aae,True,False,True,35.0,woman,{},0.5,white,4,3,4,4,4.0,1,conservative
40321857,1536,man these black sneaks are the worst,0.448354497047459,0.1897659525073194,0.0123020502337444,0.349577500211477,aae,False,True,True,40.0,woman,{},0.0,white,5,5,5,5,5.0,1,neutral
45870433,1536,man these black sneaks are the worst,0.448354497047459,0.1897659525073194,0.0123020502337444,0.349577500211477,aae,False,True,True,35.0,woman,{},0.5,white,1,1,1,1,1.0,0,conservative
61283819,1988,"It's no a big deal. They aren't ""babies"". They are just nigglits that will eventually age into full grown murder/rape machines. Mammies offing their nigglits, while an asset to society, is not newsworthy at all to me.",0.1458170770879784,0.1809393686766399,0.0269117322043267,0.646331822031055,white,True,True,False,35.0,man,,1.0,white,3,5,5,3,4.0,1,conservative
17414298,1988,"It's no a big deal. They aren't ""babies"". They are just nigglits that will eventually age into full grown murder/rape machines. Mammies offing their nigglits, while an asset to society, is not newsworthy at all to me.",0.1458170770879784,0.1809393686766399,0.0269117322043267,0.646331822031055,white,True,True,False,35.0,man,{},0.0,white,4,5,5,5,5.0,1,neutral
40321857,3406,My mom so aggravating every time I like a car she got a funk ass attitude about it & ruin my mood but she stay getting hype bout cars,0.542767088707598,0.257367689410423,0.0038884781365135,0.1959767437454655,aae,True,False,True,40.0,woman,{},0.0,white,2,1,2,2,2.0,0,neutral
45870433,3406,My mom so aggravating every time I like a car she got a funk ass attitude about it & ruin my mood but she stay getting hype bout cars,0.542767088707598,0.257367689410423,0.0038884781365135,0.1959767437454655,aae,True,False,True,35.0,woman,{},0.5,white,2,1,2,2,2.0,0,conservative
45870433,1808,"When you pretty much give YT the finger, you are supposed to back it up by playing like an expert. Massa don't like uppity niggers who don't earn dey keep.",0.3791464371111832,0.2697786406001286,0.0275561800521803,0.3235187422365078,aae,True,True,True,35.0,woman,{},0.5,white,4,4,4,4,4.0,1,conservative
92593328,3586,If ANYBODY EVERRRRR CAME TO MY HOUSE RATHER THEY TRYNA FIGHT OR NOT IF YOU COME ON MY DOOR STEP IM BEATING YO ASS PERIOD .,0.563579546580032,0.2461162646343915,0.0045913678358507,0.1857128209497255,aae,True,False,True,60.0,woman,{},0.5,white,4,1,4,5,4.5,1,conservative
40321857,3586,If ANYBODY EVERRRRR CAME TO MY HOUSE RATHER THEY TRYNA FIGHT OR NOT IF YOU COME ON MY DOOR STEP IM BEATING YO ASS PERIOD .,0.563579546580032,0.2461162646343915,0.0045913678358507,0.1857128209497255,aae,True,False,True,40.0,woman,{},0.0,white,1,1,1,1,1.0,0,neutral
61283819,1030,fags shouldn't be allowed to adopt,0.0960580400285881,0.3720467947284598,0.0059976194166979,0.5258975458262543,white,True,False,False,35.0,man,,1.0,white,2,1,4,1,2.5,0,conservative
17414298,1030,fags shouldn't be allowed to adopt,0.0960580400285881,0.3720467947284598,0.0059976194166979,0.5258975458262543,white,True,False,False,35.0,man,{},0.0,white,4,1,4,3,3.5,1,neutral
61283819,2568,Maybe now because Miranda said that in her acceptance speech in front of everybody all of the award shows will get there shit together :woman_shrugging_medium_skin_tone:,0.1744738144176841,0.1922098854696565,0.0060045604365669,0.6273117396760924,white,True,False,False,35.0,man,,1.0,white,1,1,2,2,2.0,0,conservative
45870433,2568,Maybe now because Miranda said that in her acceptance speech in front of everybody all of the award shows will get there shit together :woman_shrugging_medium_skin_tone:,0.1744738144176841,0.1922098854696565,0.0060045604365669,0.6273117396760924,white,True,False,False,35.0,woman,{},0.5,white,1,1,2,1,1.5,0,conservative
61283819,45,Politicians are two-timing,0.0699737565838497,0.21243275021437,0.1185696392095542,0.5990238539922259,white,False,False,False,35.0,man,,1.0,white,2,1,2,2,2.0,0,conservative
40321857,45,Politicians are two-timing,0.0699737565838497,0.21243275021437,0.1185696392095542,0.5990238539922259,white,False,False,False,40.0,woman,{},0.0,white,1,1,1,1,1.0,0,neutral
40321857,1032,"Edit: this place is truly my home, I can just comment ""fags"" and it gets upvotes its great",0.115651644465392,0.3560611304974564,0.1166822884241637,0.4116049366129877,white,True,False,False,40.0,woman,{},0.0,white,5,1,5,5,5.0,1,neutral
61283819,3346,my attitude on 1000 today for no reason & im getting attitudes with ppl for no reason :woman_facepalming_medium_skin_tone::woman_shrugging_medium_skin_tone: oops,0.5535831283822936,0.2107259921077429,0.0313897413307011,0.2043011381792623,aae,False,False,True,35.0,man,,1.0,white,1,1,1,1,1.0,0,conservative
66593239,3346,my attitude on 1000 today for no reason & im getting attitudes with ppl for no reason :woman_facepalming_medium_skin_tone::woman_shrugging_medium_skin_tone: oops,0.5535831283822936,0.2107259921077429,0.0313897413307011,0.2043011381792623,aae,False,False,True,50.0,man,none,-0.5,white,1,1,1,1,1.0,0,liberal
40321857,1552,"The common denominator here is the British empire, who colonized most of the earth and sent white Presbyterian men to America who bought and sold black slaves from Africa which for centuries fed racism into the minds of people right up to present day. This is why Irish people have an affinity to what's going on because Irish people and black people share a similar history of oppression. But the difference is, the blacks deserved it.",0.0561299445983652,0.1178730480820738,0.0182095051546615,0.8077875021648994,white,False,True,False,40.0,woman,{},0.0,white,5,5,5,5,5.0,1,neutral
40321857,3291,"Seen a vid of a man who girl was cheating, so he decided to expose her by proposing at her job, then have her side dude walk in...",0.4237848488924541,0.2373042197456969,0.0106316148193395,0.3282793165425093,aae,False,False,True,40.0,woman,{},0.0,white,1,1,1,1,1.0,0,neutral
45870433,3291,"Seen a vid of a man who girl was cheating, so he decided to expose her by proposing at her job, then have her side dude walk in...",0.4237848488924541,0.2373042197456969,0.0106316148193395,0.3282793165425093,aae,False,False,True,35.0,woman,{},0.5,white,2,1,2,2,2.0,0,conservative
17414298,664,"So true, fucking pricks called my disabled brother a retard",0.0948047409847976,0.3731177452642349,0.0545969788886831,0.4774805348622842,white,True,False,False,35.0,man,{},0.0,white,3,1,3,2,2.5,0,neutral
40321857,932,"Don't any of you guys recall that old South Park? Nothing wrong with being gay, but what reddit is doing is being a Fag. Which ironically has nothing to do with being gay.",0.0574858479993053,0.3131420640219782,0.0169214702049132,0.6124506177738033,white,True,False,False,40.0,woman,{},0.0,white,5,1,5,5,5.0,1,neutral
45870433,932,"Don't any of you guys recall that old South Park? Nothing wrong with being gay, but what reddit is doing is being a Fag. Which ironically has nothing to do with being gay.",0.0574858479993053,0.3131420640219782,0.0169214702049132,0.6124506177738033,white,True,False,False,35.0,woman,{},0.5,white,4,1,4,4,4.0,1,conservative
40321857,95,I'm not going to let social distancing ruin my fun,0.1931563639488517,0.4232840387504611,0.0099224638232078,0.3736371334774793,hispanic,False,False,False,40.0,woman,{},0.0,white,1,1,1,1,1.0,0,neutral
45870433,95,I'm not going to let social distancing ruin my fun,0.1931563639488517,0.4232840387504611,0.0099224638232078,0.3736371334774793,hispanic,False,False,False,35.0,woman,{},0.5,white,2,1,3,1,2.0,0,conservative
40321857,311,'niggas' should be used by Blacks only,0.5063058343686189,0.1974699179453182,0.0719244538962992,0.2242997937897635,aae,True,False,True,40.0,woman,{},0.0,white,1,1,1,1,1.0,0,neutral
45870433,311,'niggas' should be used by Blacks only,0.5063058343686189,0.1974699179453182,0.0719244538962992,0.2242997937897635,aae,True,False,True,35.0,woman,{},0.5,white,2,2,2,2,2.0,0,conservative
40321857,2074,I h8 blacks just as much as the next guy but god damn it if afros ain't cool as shit,0.3851637669174963,0.3384660405789316,0.0179802659190439,0.258389926584528,aae,True,True,True,40.0,woman,{},0.0,white,5,5,5,5,5.0,1,neutral
40321857,2982,It took me an hour to get past a stupid fucking barrel-breaking segment at the start of the world but then beat the boss 1st try,0.145620793536141,0.249808601404609,0.0062769721622775,0.5982936328969725,white,True,False,False,40.0,woman,{},0.0,white,1,1,1,1,1.0,0,neutral
44250250,2982,It took me an hour to get past a stupid fucking barrel-breaking segment at the start of the world but then beat the boss 1st try,0.145620793536141,0.249808601404609,0.0062769721622775,0.5982936328969725,white,True,False,False,30.0,man,white,0.5,white,1,1,1,1,1.0,0,conservative
40321857,3248,Dem boys perma camped out before Walmart on rt 1 not slick nor they catching the likes of me slipping at all.. I :eyes: yall,0.6143232164624569,0.1155584681396237,0.0350509696755392,0.23506734572238,aae,False,False,True,40.0,woman,{},0.0,white,1,1,1,1,1.0,0,neutral
45870433,3248,Dem boys perma camped out before Walmart on rt 1 not slick nor they catching the likes of me slipping at all.. I :eyes: yall,0.6143232164624569,0.1155584681396237,0.0350509696755392,0.23506734572238,aae,False,False,True,35.0,woman,{},0.5,white,2,1,2,2,2.0,0,conservative
40321857,3215,If u grown & still get thirsty for Jordans knowin erbody else gon havem & u still feel like u accomplished something that say alot about u,0.8449648705289453,0.0922402851981203,0.0026795026563794,0.0601153416165548,aae,False,False,True,40.0,woman,{},0.0,white,1,1,1,1,1.0,0,neutral
45870433,3215,If u grown & still get thirsty for Jordans knowin erbody else gon havem & u still feel like u accomplished something that say alot about u,0.8449648705289453,0.0922402851981203,0.0026795026563794,0.0601153416165548,aae,False,False,True,35.0,woman,{},0.5,white,3,1,2,2,2.0,0,conservative
61283819,870,I will not go with you to the party in that dress as women shouldn't dress that way,0.1955860479250545,0.3201117290245203,0.0025506976450702,0.481751525405355,white,False,False,False,35.0,man,,1.0,white,2,1,3,1,2.0,0,conservative
82218737,870,I will not go with you to the party in that dress as women shouldn't dress that way,0.1955860479250545,0.3201117290245203,0.0025506976450702,0.481751525405355,white,False,False,False,30.0,man,,0.0,white,4,1,5,4,4.5,1,neutral
40321857,3660,Mutha fucking owwwwwwwwww my damn ear hurts!!! :sob::sob::sob::weary::weary::triumph::triumph::rage::rage::disappointed_relieved::disappointed_relieved:,0.4926133773848712,0.3038048249897818,0.067330040541137,0.13625175708421,aae,True,False,True,40.0,woman,{},0.0,white,1,1,2,2,2.0,0,neutral
40321857,2280,Why do people only see the bad in what others do? Are they trying to make themselves feel better? Or are they just that close-minded?,0.1232781746659706,0.3658082833144841,0.0064670478507253,0.5044464941688199,white,False,False,False,40.0,woman,{},0.0,white,1,1,1,1,1.0,0,neutral
66593239,2280,Why do people only see the bad in what others do? Are they trying to make themselves feel better? Or are they just that close-minded?,0.1232781746659706,0.3658082833144841,0.0064670478507253,0.5044464941688199,white,False,False,False,50.0,man,none,-0.5,white,1,1,1,1,1.0,0,liberal
40321857,1777,I like using words like 'nigger' or 'nigga' around black people,0.490708665333509,0.2466406442627434,0.0758206044082315,0.186830085995516,aae,True,True,True,40.0,woman,{},0.0,white,5,5,5,5,5.0,1,neutral
45870433,1777,I like using words like 'nigger' or 'nigga' around black people,0.490708665333509,0.2466406442627434,0.0758206044082315,0.186830085995516,aae,True,True,True,35.0,woman,{},0.5,white,5,5,5,5,5.0,1,conservative
45870433,700,"There are so many fucking racists these days, i literally hear people say nigger so often",0.1118783338969399,0.3029232486936935,0.0140318292988344,0.5711665881105321,white,True,False,False,35.0,woman,{},0.5,white,1,2,2,2,2.0,0,conservative
40321857,2461,If my shoulder. Does not stop hurting. I'm gonna fucking lose it.,0.1075529791212684,0.4392484243992106,0.0095410500141715,0.4436575464653494,white,True,False,False,40.0,woman,{},0.0,white,1,1,1,1,1.0,0,neutral
45870433,2461,If my shoulder. Does not stop hurting. I'm gonna fucking lose it.,0.1075529791212684,0.4392484243992106,0.0095410500141715,0.4436575464653494,white,True,False,False,35.0,woman,{},0.5,white,1,1,2,1,1.5,0,conservative
3778440,1706,A kneegrow is a kneegrow no matter which way you look at it.,0.1940919159645114,0.3744320470494178,0.0896248736863738,0.3418511632996971,hispanic,False,True,False,30.0,woman,{},0.5,white,5,5,5,4,4.5,1,conservative
45870433,693,"I have never seen a more slur filled, racist post as this one: ""spics, known as beaners, wetbacks, Mexicans, lawn mowers, cleaning lady are the product of greasy and horny Spaniards raping the retarded spear-chucking natives that was created within Mexico.""",0.0549447695418493,0.3215928040167306,0.1150158311970003,0.5084465952444197,white,True,False,False,35.0,woman,{},0.5,white,1,2,2,2,2.0,0,conservative
31703706,1817,"They say that they ""ride for my motherfuckin' niggas"". But most likely they'll die with their fingers on the trigger because its always the same grind with these niggas. And they don't go in unless they with my niggas",0.5585040715951687,0.1867910789529622,0.0116429859000461,0.2430618635518228,aae,True,True,True,25.0,man,{},0.5,white,3,4,5,4,4.5,1,conservative
45870433,1817,"They say that they ""ride for my motherfuckin' niggas"". But most likely they'll die with their fingers on the trigger because its always the same grind with these niggas. And they don't go in unless they with my niggas",0.5585040715951687,0.1867910789529622,0.0116429859000461,0.2430618635518228,aae,True,True,True,35.0,woman,{},0.5,white,5,5,5,5,5.0,1,conservative
61283819,2118,"imagine being such absolute scum, I want those south london balcks to get squashed with a fucking roadroller",0.0997585909286198,0.2177847909173091,0.0433065869102675,0.6391500312438035,white,True,True,False,35.0,man,,1.0,white,5,5,5,4,4.5,1,conservative
61283819,335,ma brotha ma nigga,0.5697242518021677,0.1085571645828541,0.2718621527665904,0.0498564308483878,aae,True,False,True,35.0,man,,1.0,white,1,1,2,1,1.5,0,conservative
45678981,335,ma brotha ma nigga,0.5697242518021677,0.1085571645828541,0.2718621527665904,0.0498564308483878,aae,True,False,True,50.0,woman,{},1.0,white,1,5,4,4,4.0,1,conservative
45870433,3501,Idiot want it imma get it...Girl what's yo budget?,0.4748695923934172,0.2257331557398073,0.0552583041269599,0.2441389477398154,aae,False,False,True,35.0,woman,{},0.5,white,4,1,4,4,4.0,1,conservative
66593239,719,"""Yeah, but you are still a retard..."" shitty comeback",0.1299763512973338,0.2557873792691538,0.165655329664168,0.4485809397693443,white,True,False,False,50.0,man,none,-0.5,white,3,1,4,3,3.5,1,liberal
40321857,3424,"""we had teens fill out surveys asking what kinds of SRC prizes they want & I got mad bc I thought one kid wrote """"ASS"""" but it was """"25$""""""",0.3020456987274263,0.2867587581410479,0.145859693748257,0.2653358493832687,aae,True,False,True,40.0,woman,{},0.0,white,1,1,1,1,1.0,0,neutral
45870433,3424,"""we had teens fill out surveys asking what kinds of SRC prizes they want & I got mad bc I thought one kid wrote """"ASS"""" but it was """"25$""""""",0.3020456987274263,0.2867587581410479,0.145859693748257,0.2653358493832687,aae,True,False,True,35.0,woman,{},0.5,white,1,1,1,1,1.0,0,conservative
45870433,3408,"Everybody wanna sell a Caesar salad with a nasty ass Caesar dressing , like how that work :thinking_face::face_with_rolling_eyes:",0.54090469128991,0.2001566767106749,0.0290201910842575,0.2299184409151576,aae,True,False,True,35.0,woman,{},0.5,white,2,1,2,1,1.5,0,conservative
66593239,279,I am a nigger,0.2269016324141131,0.3829821427473167,0.0683848872829596,0.3217313375556104,hispanic,True,False,False,50.0,man,none,-0.5,white,5,5,5,5,5.0,1,liberal
45870433,279,I am a nigger,0.2269016324141131,0.3829821427473167,0.0683848872829596,0.3217313375556104,hispanic,True,False,False,35.0,woman,{},0.5,white,5,5,5,5,5.0,1,conservative
40321857,3516,"""I'm really not caught up with these new abbreviations you know, until like a month ago I thought """"dkm"""" meant """"dank meme""""""",0.3129228465505632,0.2469832680496177,0.2052828231649158,0.2348110622349032,aae,False,False,True,40.0,woman,{},0.0,white,1,1,1,1,1.0,0,neutral
45870433,2075,Please save your black weaves for someone who gives a rat's ass,0.3258632222674879,0.276756576759157,0.0194649360994574,0.3779152648738975,white,True,True,False,35.0,woman,{},0.5,white,5,4,4,4,4.0,1,conservative
61283819,3707,"""i'm a polite person & always say """"thank u"""" but i won't fucking thank my teacher for letting me copy whatever tf she wrote on her blackboard""",0.3856231908940603,0.3555518337644424,0.0650965294444053,0.1937284458970918,aae,True,False,True,35.0,man,,1.0,white,2,1,2,2,2.0,0,conservative
40321857,3707,"""i'm a polite person & always say """"thank u"""" but i won't fucking thank my teacher for letting me copy whatever tf she wrote on her blackboard""",0.3856231908940603,0.3555518337644424,0.0650965294444053,0.1937284458970918,aae,True,False,True,40.0,woman,{},0.0,white,2,1,2,2,2.0,0,neutral
61283819,1332,"Kamala is incredibly ambitious so I would completely believe she's willing to run side by side with a rapist in order to get that shiny new title, fucking retard",0.0877589927767721,0.2109195069829521,0.034024134690371,0.6672973655499046,white,True,False,False,35.0,man,,1.0,white,4,1,4,4,4.0,1,conservative
40321857,1812,I see no point in going to school if everyone is going to be a bloody nigger,0.1295257887070276,0.3706581788901333,0.0194762049527497,0.4803398274500893,white,True,True,False,40.0,woman,{},0.0,white,5,5,5,5,5.0,1,neutral
17414298,1812,I see no point in going to school if everyone is going to be a bloody nigger,0.1295257887070276,0.3706581788901333,0.0194762049527497,0.4803398274500893,white,True,True,False,35.0,man,{},0.0,white,3,4,4,4,4.0,1,neutral
40321857,2777,Never get me started on racism in Islam because how Arabs & South Asians treat their black counterparts is generally disgusting,0.1666283645097795,0.1899398279319584,0.1217996724672971,0.5216321350909648,white,False,False,False,40.0,woman,{},0.0,white,1,1,1,1,1.0,0,neutral
61283819,63,"I live in the United States, and here we have plenty of space and resources to go around. I know Europe is a little more crowded, but at least here in the U.S. we have absolutely no reason to complain. If you want less people to emigrate to Europe, I suggest you support tackling climate change head on, and abandoning the imperialist economic policies practiced by the IMF and World Bank, as those are, and will, be the primary reasons why so many people want to escape their home countries.",0.032014795703393,0.1284922742631472,0.0265694385952038,0.8129234914382559,white,False,False,False,35.0,man,,1.0,white,1,1,2,2,2.0,0,conservative
61283819,3520,"""This kid just farted in the airport on accident nd the mom gave him that """"omg Timothy that's awful"""" look. Damn chill ma, he got some gas. :joy::joy:""",0.4520436714589534,0.1804414662620308,0.1072184599445742,0.2602964023344415,aae,False,False,True,35.0,man,,1.0,white,2,1,2,2,2.0,0,conservative
17414298,3520,"""This kid just farted in the airport on accident nd the mom gave him that """"omg Timothy that's awful"""" look. Damn chill ma, he got some gas. :joy::joy:""",0.4520436714589534,0.1804414662620308,0.1072184599445742,0.2602964023344415,aae,False,False,True,35.0,man,{},0.0,white,1,1,2,1,1.5,0,neutral
66593239,1538,dem n!gg3rsss be more fragile then my nannas Hummel collection...,0.4259992140860786,0.1664953780720633,0.0911243301510845,0.3163810776907735,aae,False,True,True,50.0,man,none,-0.5,white,5,5,5,5,5.0,1,liberal
61283819,3422,I can't wait til i get cleared that my cut is healed that way i can start working on losing this ugly ass stomach Javien gave me :weary:,0.4193192066664416,0.2652604266646657,0.0112042001053028,0.3042161665635897,aae,True,False,True,35.0,man,,1.0,white,1,1,2,2,2.0,0,conservative
40321857,3422,I can't wait til i get cleared that my cut is healed that way i can start working on losing this ugly ass stomach Javien gave me :weary:,0.4193192066664416,0.2652604266646657,0.0112042001053028,0.3042161665635897,aae,True,False,True,40.0,woman,{},0.0,white,2,1,2,2,2.0,0,neutral
45870433,1789,this nigga's face is looking like melting,0.3608945395616276,0.2959825133641925,0.0125876460260111,0.3305353010481686,aae,True,True,True,35.0,woman,{},0.5,white,4,4,4,4,4.0,1,conservative
40321857,3413,I know y'all know that feeling when you sleep on your neck wrong & you can't turn your head :sob::sob::sob::sob: YO I did that shit last night & im dying,0.4852715044543672,0.3511024709959925,0.0056650254534844,0.1579609990961557,aae,True,False,True,40.0,woman,{},0.0,white,1,1,1,1,1.0,0,neutral
45870433,3413,I know y'all know that feeling when you sleep on your neck wrong & you can't turn your head :sob::sob::sob::sob: YO I did that shit last night & im dying,0.4852715044543672,0.3511024709959925,0.0056650254534844,0.1579609990961557,aae,True,False,True,35.0,woman,{},0.5,white,1,1,2,1,1.5,0,conservative
61283819,1626,"I always hated visiting Nig York, but if I'm ever forced to I'll be sure to pack all my Confederate clothes and flags and to dance around Central Park! ( I may need a little protection)",0.0959754440619889,0.2383665591983628,0.0837600540802009,0.5818979426594474,white,False,True,False,35.0,man,,1.0,white,5,5,5,3,4.0,1,conservative
66593239,1626,"I always hated visiting Nig York, but if I'm ever forced to I'll be sure to pack all my Confederate clothes and flags and to dance around Central Park! ( I may need a little protection)",0.0959754440619889,0.2383665591983628,0.0837600540802009,0.5818979426594474,white,False,True,False,50.0,man,none,-0.5,white,5,5,5,5,5.0,1,liberal
61283819,3312,tbh i needed them gucci sliders jus for my collection ion like em ion wear em i need then ferragamo sliders next,0.705490232974801,0.1812910123370205,0.0181320476443673,0.0950867070438112,aae,False,False,True,35.0,man,,1.0,white,1,1,1,1,1.0,0,conservative
66593239,4051,You seasonal ... part time .. you'll get fucked up .. fucking with mines ... LIL BITCH :triumph::face_with_thermometer::woman_bowing_medium_skin_tone::rolling_on_the_floor_laughing::crossed_fingers_medium_skin_tone:,0.6157506848426442,0.2079730275031497,0.0146609312001533,0.1616153564540527,aae,True,False,True,50.0,man,none,-0.5,white,2,1,2,2,2.0,0,liberal
61283819,3526,"Hate when somebody act fake drunk then want you too babysit them , hell naw cya",0.4668008715425229,0.1951441738413821,0.0173444387367521,0.3207105158793428,aae,False,False,True,35.0,man,,1.0,white,2,1,2,2,2.0,0,conservative
66593239,3526,"Hate when somebody act fake drunk then want you too babysit them , hell naw cya",0.4668008715425229,0.1951441738413821,0.0173444387367521,0.3207105158793428,aae,False,False,True,50.0,man,none,-0.5,white,1,1,1,1,1.0,0,liberal
66593239,3244,"""""""Wya"""" """"I'm not tellin you"""" """"Well Wyd?"""" """"Giving a homeless man a dollar"""" """"Oh yeah you're on college"""":joy::joy::joy:""",0.3861892817475566,0.1016974755375283,0.3546867936399209,0.1574264490749942,aae,False,False,True,50.0,man,none,-0.5,white,1,1,1,1,1.0,0,liberal
45870433,3244,"""""""Wya"""" """"I'm not tellin you"""" """"Well Wyd?"""" """"Giving a homeless man a dollar"""" """"Oh yeah you're on college"""":joy::joy::joy:""",0.3861892817475566,0.1016974755375283,0.3546867936399209,0.1574264490749942,aae,False,False,True,35.0,woman,{},0.5,white,2,1,2,1,1.5,0,conservative
40321857,24,"Reminds me about a guy on 4chan who genuinely made money from saying that he was a black woman on twitter. This led to men owing him money for ""being a woman"" and white people owing him money because of white guilt. He managed to make over 1k from what I remember. Crazy!",0.2754347058341385,0.2715306132651428,0.012016894839819,0.4410177860608997,white,False,False,False,40.0,woman,{},0.0,white,1,1,1,1,1.0,0,neutral
66593239,525,"fuck this, my chair is doing my nut in",0.3978781554302379,0.2545504477546393,0.016461296062803,0.3311101007523198,aae,True,False,True,50.0,man,none,-0.5,white,1,1,1,1,1.0,0,liberal
40321857,3500,"You can get woken up by my system and bite your tongue, or you can get woken up, come outside all mad then get beat up too. Idgaf, ur call",0.3402827715855561,0.3396759819502609,0.0071579585538849,0.312883287910298,aae,False,False,True,40.0,woman,{},0.0,white,1,1,1,1,1.0,0,neutral
40321857,1874,Whether or not it's ok to say Nigger depends on your skin color. I'm white so its fine to call them that,0.2973531661192788,0.390349216206822,0.0098988360701099,0.3023987816037891,hispanic,True,True,False,40.0,woman,{},0.0,white,5,5,5,5,5.0,1,neutral
45870433,1874,Whether or not it's ok to say Nigger depends on your skin color. I'm white so its fine to call them that,0.2973531661192788,0.390349216206822,0.0098988360701099,0.3023987816037891,hispanic,True,True,False,35.0,woman,{},0.5,white,5,5,5,5,5.0,1,conservative
40321857,3799,I really hate it wen people trying to get on my nerves like wtf bitch are you looking for,0.4464146738441225,0.3442177832244519,0.0004624864604479,0.2089050564709776,aae,True,False,True,40.0,woman,{},0.0,white,2,2,2,2,2.0,0,neutral
40321857,2776,Today us #NationalReadARoadMapDay I wonder how many of the people I know actually know how to read a road map #sorrygooglemaps,0.1030392166273963,0.2554077501920895,0.021747158171939,0.619805875008575,white,False,False,False,40.0,woman,{},0.0,white,1,1,1,1,1.0,0,neutral
61283819,296,I hate being called a fag,0.1485791101758486,0.4695444058376743,0.0429195262132814,0.3389569577731957,hispanic,True,False,False,35.0,man,,1.0,white,1,1,2,1,1.5,0,conservative
45678981,296,I hate being called a fag,0.1485791101758486,0.4695444058376743,0.0429195262132814,0.3389569577731957,hispanic,True,False,False,50.0,woman,{},1.0,white,1,5,5,5,5.0,1,conservative
61283819,3900,This nigga wanna shoot rocket launchers on Thursday nights I hate niggas.,0.5048912022658801,0.2268153168406869,0.0171201182027084,0.2511733626907243,aae,True,False,True,35.0,man,,1.0,white,3,2,3,2,2.5,0,conservative
17414298,3900,This nigga wanna shoot rocket launchers on Thursday nights I hate niggas.,0.5048912022658801,0.2268153168406869,0.0171201182027084,0.2511733626907243,aae,True,False,True,35.0,man,{},0.0,white,4,4,4,4,4.0,1,neutral
40321857,189,"Imagine someone telling you that you're banned from life. Well, no need because I'm telling you.",0.0847509084912429,0.3950541922033658,0.0211898851011013,0.4990050142042898,white,False,False,False,40.0,woman,{},0.0,white,1,1,1,1,1.0,0,neutral
45870433,189,"Imagine someone telling you that you're banned from life. Well, no need because I'm telling you.",0.0847509084912429,0.3950541922033658,0.0211898851011013,0.4990050142042898,white,False,False,False,35.0,woman,{},0.5,white,1,1,1,1,1.0,0,conservative
45870433,1370,I feel autistic so *utmost also fuck you and that ginger fag from minnesota,0.0959196550780644,0.1884908202052493,0.0731465284381051,0.6424429962785811,white,True,False,False,35.0,woman,{},0.5,white,5,2,5,5,5.0,1,conservative
40321857,2984,#drawntodeath bronco is almost inmortal with the fucking drone,0.0784282114778502,0.2606113791987539,0.0643707101566797,0.596589699166716,white,True,False,False,40.0,woman,{},0.0,white,1,1,1,1,1.0,0,neutral
3778440,2984,#drawntodeath bronco is almost inmortal with the fucking drone,0.0784282114778502,0.2606113791987539,0.0643707101566797,0.596589699166716,white,True,False,False,30.0,woman,{},0.5,white,1,1,2,1,1.5,0,conservative
45870433,3463,Be Walking Around Hea Wit Chlamydia Nshit But Worried About What Somebody Else Got Going BYE HOE :victory_hand_medium-light_skin_tone::sneezing_face:,0.7555553858010374,0.092851899031014,0.0384563175111927,0.1131363976567558,aae,True,False,True,35.0,woman,{},0.5,white,5,3,5,5,5.0,1,conservative
45870433,682,"You was exactly like the nigga I talked about. Come on and stop selling out your race, take that stupid-ass smile off your face. Niggas always gotta show they teeth. But Imma be brief",0.452641363981763,0.2467195030969139,0.0038560955421627,0.2967830373791602,aae,True,False,True,35.0,woman,{},0.5,white,5,5,4,5,4.5,1,conservative
61283819,1972,fuck black culture and its shitty ass values,0.3694863068203649,0.2131977721282617,0.0615156929516136,0.3558002280997597,aae,True,True,True,35.0,man,,1.0,white,3,4,4,1,2.5,0,conservative
40321857,1972,fuck black culture and its shitty ass values,0.3694863068203649,0.2131977721282617,0.0615156929516136,0.3558002280997597,aae,True,True,True,40.0,woman,{},0.0,white,5,5,5,5,5.0,1,neutral
40321857,2143,"You a street nigga so its fuck the law, if you're broke nigga don't go breakin against the law",0.5063787269586927,0.2231380405893987,0.0115598794131587,0.2589233530387499,aae,True,True,True,40.0,woman,{},0.0,white,5,5,5,5,5.0,1,neutral
45870433,4043,Oh you must be MAD that your nigga got caught sucking dick for money lmfaooo and you still fw him,0.7083548478748165,0.1825975284594577,0.0042734145418937,0.104774209123832,aae,True,False,True,35.0,woman,{},0.5,white,5,4,5,5,5.0,1,conservative
66593239,3475,MY BITCH SO BAD ION WANNA CHEAT :heart_eyes::ring: I MISS LICKIN HA FROM HEAD TO FEET :speaking_head_in_silhouette::tongue::sweat_drops:,0.6501500122136336,0.1777812839741073,0.0103170839606891,0.16175161985157,aae,True,False,True,50.0,man,none,-0.5,white,2,1,2,1,1.5,0,liberal
40321857,3808,"""I'm mindin my business buyin eyelashes& this girl was talking to her gf like """"Bitch everyone says my baby cute u a hater if u say she ugly""""""",0.6514866151603159,0.2456743923301805,0.0374878407065837,0.0653511518029197,aae,True,False,True,40.0,woman,{},0.0,white,2,1,2,2,2.0,0,neutral
45870433,3808,"""I'm mindin my business buyin eyelashes& this girl was talking to her gf like """"Bitch everyone says my baby cute u a hater if u say she ugly""""""",0.6514866151603159,0.2456743923301805,0.0374878407065837,0.0653511518029197,aae,True,False,True,35.0,woman,{},0.5,white,2,1,2,2,2.0,0,conservative
82218737,3411,"He said you shooting blanks, I'm fucking cryinggggg",0.3913748839374704,0.3042285997848213,0.089056873771103,0.2153396425066051,aae,True,False,True,30.0,man,,0.0,white,3,1,2,2,2.0,0,neutral
66593239,881,"if you think about it, foreigners are the real danger to society",0.1701142693602526,0.219753167432871,0.0169510591864724,0.5931815040204038,white,False,False,False,50.0,man,none,-0.5,white,5,4,5,5,5.0,1,liberal
66593239,116,Politicians are useless,0.0627325946683241,0.2298673972574243,0.0925680657024178,0.6148319423718337,white,False,False,False,50.0,man,none,-0.5,white,1,1,1,1,1.0,0,liberal
40321857,978,Cairo Coons are friendly? Surely not!,0.4622982684318066,0.1708694427916181,0.0996932573180702,0.267139031458505,aae,True,False,True,40.0,woman,{},0.0,white,5,5,5,5,5.0,1,neutral
61283819,398,We horny niggas matter too!!,0.617885141369166,0.192637221868534,0.055272837774354,0.1342047989879459,aae,True,False,True,35.0,man,,1.0,white,1,1,2,1,1.5,0,conservative
40321857,398,We horny niggas matter too!!,0.617885141369166,0.192637221868534,0.055272837774354,0.1342047989879459,aae,True,False,True,40.0,woman,{},0.0,white,2,1,2,2,2.0,0,neutral
61283819,2176,Yo some niggas coming out of jail tomorrow and im stoked to beat their ass,0.5631635574798418,0.1720297913505837,0.0132279582595599,0.2515786929100144,aae,True,True,True,35.0,man,,1.0,white,4,3,4,3,3.5,1,conservative
45870433,2176,Yo some niggas coming out of jail tomorrow and im stoked to beat their ass,0.5631635574798418,0.1720297913505837,0.0132279582595599,0.2515786929100144,aae,True,True,True,35.0,woman,{},0.5,white,5,5,5,5,5.0,1,conservative
36400600,1810,We be growin up hip hop in here. Yo like a Nigger let it sound like ghetto in here. He be selling crack like tracks with no fear of the law,0.6272916249894811,0.173047389491858,0.0113886274845297,0.188272358034131,aae,True,True,True,25.0,woman,{},0.5,white,4,4,5,4,4.5,1,conservative
94108971,1810,We be growin up hip hop in here. Yo like a Nigger let it sound like ghetto in here. He be selling crack like tracks with no fear of the law,0.6272916249894811,0.173047389491858,0.0113886274845297,0.188272358034131,aae,True,True,True,40.0,man,{},0.5,white,2,2,5,3,4.0,1,conservative
47505815,313,How do I convince my parents that it's not ok to say nigger and they need to stop saying nigger?,0.2001971241300784,0.5056004782175547,0.0099112266629363,0.2842911709894305,hispanic,True,False,False,40.0,man,{},0.0,white,1,1,3,2,2.5,0,neutral
36344670,313,How do I convince my parents that it's not ok to say nigger and they need to stop saying nigger?,0.2001971241300784,0.5056004782175547,0.0099112266629363,0.2842911709894305,hispanic,True,False,False,45.0,man,none,0.5,white,1,2,5,5,5.0,1,conservative
47189637,1917,"Tell me how many of my brothas fell victim to the streets? Now rest in peace yung bro, shot by some stoopid nigga but there's a heaven for us whites see",0.4823601823783242,0.209878407864173,0.0201646454944401,0.2875967642630624,aae,True,True,True,45.0,man,{},0.5,white,4,4,5,4,4.5,1,conservative
94108971,1821,I would happily lay out a nigga,0.4014201236326128,0.2801611578302034,0.0106369198875181,0.3077817986496655,aae,True,True,True,40.0,man,{},0.5,white,3,3,5,3,4.0,1,conservative
90385194,1821,I would happily lay out a nigga,0.4014201236326128,0.2801611578302034,0.0106369198875181,0.3077817986496655,aae,True,True,True,35.0,man,{},1.0,white,5,4,5,5,5.0,1,conservative
36400600,2220,"I saw that fucking shitbag standing in the dark, the coward ran away, surprised I could see the nigger in the dark",0.1018164611422163,0.2648071808719053,0.0171046947313098,0.6162716632545684,white,True,True,False,25.0,woman,{},0.5,white,5,5,5,3,4.0,1,conservative
73745450,2220,"I saw that fucking shitbag standing in the dark, the coward ran away, surprised I could see the nigger in the dark",0.1018164611422163,0.2648071808719053,0.0171046947313098,0.6162716632545684,white,True,True,False,18.0,man,{},1.0,white,5,5,5,5,5.0,1,conservative
94108971,230,There's a big difference between being a bitch and being a woman,0.1946377604927708,0.2780192720799374,0.0108971506156673,0.5164458168116245,white,True,False,False,40.0,man,{},0.5,white,2,1,2,2,2.0,0,conservative
90385194,230,There's a big difference between being a bitch and being a woman,0.1946377604927708,0.2780192720799374,0.0108971506156673,0.5164458168116245,white,True,False,False,35.0,man,{},1.0,white,1,1,2,1,1.5,0,conservative
36400600,304,"My mom yelled at me and called me a ""nigger lover"" when I told her that I oppose racism, what can I do?",0.198152018737393,0.4309919111007748,0.0571038827869353,0.3137521873748967,hispanic,True,False,False,25.0,woman,{},0.5,white,4,4,5,4,4.5,1,conservative
36344670,304,"My mom yelled at me and called me a ""nigger lover"" when I told her that I oppose racism, what can I do?",0.198152018737393,0.4309919111007748,0.0571038827869353,0.3137521873748967,hispanic,True,False,False,45.0,man,none,0.5,white,5,5,5,5,5.0,1,conservative
36344670,2145,This nigga TJ sat in prison with me for two years for some shit he aint even do... and for some shit he told me not to do.,0.5350718153135247,0.1867829648652978,0.0060726007672137,0.2720726190539638,aae,True,True,True,45.0,man,none,0.5,white,1,2,2,2,2.0,0,conservative
42458224,2145,This nigga TJ sat in prison with me for two years for some shit he aint even do... and for some shit he told me not to do.,0.5350718153135247,0.1867829648652978,0.0060726007672137,0.2720726190539638,aae,True,True,True,45.0,man,{},1.0,white,1,1,1,1,1.0,0,conservative
44471637,3437,Can y'all stop putn lil 3-4 months old babies in them lil dumb ass umbrella strollers :face_with_rolling_eyes::face_with_rolling_eyes: yall erks me :unamused:,0.7995914872769952,0.0916141144600727,0.0106870894919123,0.0981073087710195,aae,True,False,True,65.0,woman,disability,0.5,white,3,1,3,2,2.5,0,conservative
36344670,3437,Can y'all stop putn lil 3-4 months old babies in them lil dumb ass umbrella strollers :face_with_rolling_eyes::face_with_rolling_eyes: yall erks me :unamused:,0.7995914872769952,0.0916141144600727,0.0106870894919123,0.0981073087710195,aae,True,False,True,45.0,man,none,0.5,white,5,1,5,5,5.0,1,conservative
36400600,355,"This kid called me a nigger today, so I corrected him saying ""that's African American to you, kid"".",0.1971342693311816,0.3302524314821083,0.1017005163424306,0.3709127828442793,white,True,False,False,25.0,woman,{},0.5,white,5,5,5,4,4.5,1,conservative
2385721,355,"This kid called me a nigger today, so I corrected him saying ""that's African American to you, kid"".",0.1971342693311816,0.3302524314821083,0.1017005163424306,0.3709127828442793,white,True,False,False,40.0,man,,0.5,white,1,3,2,2,2.0,0,conservative
2385721,2142,"But it was all phoney. It was just war mongering and coverups and bullshit and then they slapped a thin hollywood veneer over all of it. Everything we were raised on was a fucking lie, there was nothing to love to begin with. The USA we loved didn't even exist in the past, it was all bullshit. there have always been niggers roaming the streets",0.190442491664032,0.3123872190583769,0.0124546315299736,0.4847156577476173,white,True,True,False,40.0,man,,0.5,white,5,4,5,4,4.5,1,conservative
90385194,2142,"But it was all phoney. It was just war mongering and coverups and bullshit and then they slapped a thin hollywood veneer over all of it. Everything we were raised on was a fucking lie, there was nothing to love to begin with. The USA we loved didn't even exist in the past, it was all bullshit. there have always been niggers roaming the streets",0.190442491664032,0.3123872190583769,0.0124546315299736,0.4847156577476173,white,True,True,False,35.0,man,{},1.0,white,4,4,4,3,3.5,1,conservative
94108971,2180,"My neighbour's tree is fucking big. He refuses to cut it down, as the inconsiderate nigger he is.",0.2167568427383187,0.2576432570092796,0.0112230489131918,0.5143768513392097,white,True,True,False,40.0,man,{},0.5,white,4,3,5,4,4.5,1,conservative
62599138,2180,"My neighbour's tree is fucking big. He refuses to cut it down, as the inconsiderate nigger he is.",0.2167568427383187,0.2576432570092796,0.0112230489131918,0.5143768513392097,white,True,True,False,30.0,man,{},0.0,white,5,5,5,5,5.0,1,neutral
36400600,1562,"The minks mentioned in the headline are indeed ""rising"" from where they were based, but that is due to them being buried in shallow mass graves (Africa) and filling with gas that causes them to rise out.  Rest assured, they're still very much dead, thankfully!.",0.1013096670703134,0.12794828597965,0.1367286570418791,0.6340133899081574,white,False,True,False,25.0,woman,{},0.5,white,2,3,3,4,3.5,1,conservative
94108971,1562,"The minks mentioned in the headline are indeed ""rising"" from where they were based, but that is due to them being buried in shallow mass graves (Africa) and filling with gas that causes them to rise out.  Rest assured, they're still very much dead, thankfully!.",0.1013096670703134,0.12794828597965,0.1367286570418791,0.6340133899081574,white,False,True,False,40.0,man,{},0.5,white,1,1,1,1,1.0,0,conservative
90385194,1125,"not all women are bitches, but all bitches are women",0.4499586699109787,0.2808181892094704,0.0193022703725708,0.2499208705069798,aae,True,False,True,35.0,man,{},1.0,white,1,1,2,2,2.0,0,conservative
90385194,1842,I think its fully possible to sing along without being a nigger,0.1382736794138348,0.3670615383608379,0.0109951199393887,0.4836696622859386,white,True,True,False,35.0,man,{},1.0,white,2,3,4,3,3.5,1,conservative
9175691,1842,I think its fully possible to sing along without being a nigger,0.1382736794138348,0.3670615383608379,0.0109951199393887,0.4836696622859386,white,True,True,False,65.0,woman,{},0.5,white,5,5,5,5,5.0,1,conservative
36344670,1862,"My goodness, niggas are so pretentious these days, aren't they?",0.2505732901343576,0.2070868810938615,0.0437723346947625,0.4985674940770182,white,True,True,False,45.0,man,none,0.5,white,5,4,5,5,5.0,1,conservative
97537766,1862,"My goodness, niggas are so pretentious these days, aren't they?",0.2505732901343576,0.2070868810938615,0.0437723346947625,0.4985674940770182,white,True,True,False,45.0,man,{},0.5,white,3,3,4,3,3.5,1,conservative
45678981,4069,"All my niggas wear crowns, all my niggas bossed up, all my niggas got bad bitches don't none of us give a fuck.",0.6560608225128343,0.2006302665840975,0.0099170242347576,0.1333918866683104,aae,True,False,True,50.0,woman,{},1.0,white,1,5,5,5,5.0,1,conservative
94108971,4069,"All my niggas wear crowns, all my niggas bossed up, all my niggas got bad bitches don't none of us give a fuck.",0.6560608225128343,0.2006302665840975,0.0099170242347576,0.1333918866683104,aae,True,False,True,40.0,man,{},0.5,white,1,1,3,2,2.5,0,conservative
36400600,654,"Fat spickettes are fat Mexican bitches like me n ma gals that go out wearing tight clothes, fucking everything that moves.",0.4376576235226573,0.3888466050937564,0.0188865505626827,0.1546092208209034,aae,True,False,True,25.0,woman,{},0.5,white,5,5,4,5,4.5,1,conservative
45678981,655,Chamwich you can make your own fucking sandwich lazy arsed bitch,0.1707302257741592,0.5374468000813504,0.0433530450844143,0.2484699290600761,hispanic,True,False,False,50.0,woman,{},1.0,white,5,1,5,5,5.0,1,conservative
36400600,729,Fuck it y'all do what y'all want but once this sub go down ik me and my niggas got her shit and we got her private messages that nobody else got,0.7582009695384657,0.1465964687364825,0.0025198812599814,0.0926826804650701,aae,True,False,True,25.0,woman,{},0.5,white,4,5,5,4,4.5,1,conservative
94108971,729,Fuck it y'all do what y'all want but once this sub go down ik me and my niggas got her shit and we got her private messages that nobody else got,0.7582009695384657,0.1465964687364825,0.0025198812599814,0.0926826804650701,aae,True,False,True,40.0,man,{},0.5,white,3,1,5,3,4.0,1,conservative
45678981,3443,pls dont let poland qualify with a boring ass ballad like they did in 2015,0.3084297388831188,0.2879590318641218,0.150380942564884,0.2532302866878754,aae,True,False,True,50.0,woman,{},1.0,white,1,1,1,1,1.0,0,conservative
36344670,3443,pls dont let poland qualify with a boring ass ballad like they did in 2015,0.3084297388831188,0.2879590318641218,0.150380942564884,0.2532302866878754,aae,True,False,True,45.0,man,none,0.5,white,2,1,2,2,2.0,0,conservative
36400600,2185,"Her vanity is seriously out of control. And sharing London is the best city in the world? If she likes it so much then why doesnt she MOVE THERE! Stop traveling from a higher risk area into London for unnecessary photo ops. Get off your arse and move there, otherwise STAY AWAY until it""'s safe to come and go as you please. or just fuck off back to africa where other niggers like you can be weird together",0.1159084170291341,0.2285037838630224,0.0170756532732938,0.6385121458345494,white,True,True,False,25.0,woman,{},0.5,white,4,5,5,4,4.5,1,conservative
36344670,2185,"Her vanity is seriously out of control. And sharing London is the best city in the world? If she likes it so much then why doesnt she MOVE THERE! Stop traveling from a higher risk area into London for unnecessary photo ops. Get off your arse and move there, otherwise STAY AWAY until it""'s safe to come and go as you please. or just fuck off back to africa where other niggers like you can be weird together",0.1159084170291341,0.2285037838630224,0.0170756532732938,0.6385121458345494,white,True,True,False,45.0,man,none,0.5,white,5,5,5,5,5.0,1,conservative
36344670,393,women are not dumb bitches,0.457079273025369,0.2975909236170501,0.0132441519444773,0.2320856514131035,aae,True,False,True,45.0,man,none,0.5,white,1,1,2,2,2.0,0,conservative
94108971,3893,know them niggas lookin so you know they gon hate :smiling_imp:,0.6497867762841375,0.2151081527475622,0.0113528999585234,0.1237521710097767,aae,True,False,True,40.0,man,{},0.5,white,2,1,3,2,2.5,0,conservative
42458224,3893,know them niggas lookin so you know they gon hate :smiling_imp:,0.6497867762841375,0.2151081527475622,0.0113528999585234,0.1237521710097767,aae,True,False,True,45.0,man,{},1.0,white,2,1,3,2,2.5,0,conservative
2385721,366,I hate being called a bitch,0.2992591170634914,0.4083927005539419,0.0120071290042986,0.280341053378268,hispanic,True,False,False,40.0,man,,0.5,white,2,1,2,1,1.5,0,conservative
94108971,366,I hate being called a bitch,0.2992591170634914,0.4083927005539419,0.0120071290042986,0.280341053378268,hispanic,True,False,False,40.0,man,{},0.5,white,1,1,2,1,1.5,0,conservative
36344670,78,immorality is a concept with which lesbos cannot be associated,0.0697376388998105,0.1538727959503534,0.0424539429618641,0.7339356221879718,white,False,False,False,45.0,man,none,0.5,white,5,1,5,5,5.0,1,conservative
2385721,2222,Myy friend really fucking love mes to be coming out at this time of night to pick me up cause bitch there's too many balckies,0.2723443522116869,0.3660630595232486,0.0355611006463573,0.326031487618707,hispanic,True,True,False,40.0,man,,0.5,white,4,5,5,4,4.5,1,conservative
90385194,2222,Myy friend really fucking love mes to be coming out at this time of night to pick me up cause bitch there's too many balckies,0.2723443522116869,0.3660630595232486,0.0355611006463573,0.326031487618707,hispanic,True,True,False,35.0,man,{},1.0,white,4,4,5,4,4.5,1,conservative
36400600,3402,Yo these 2 grown ass adults is sitting in the fucking living room makin hella noise to fucking WWE wrestlemania like ion have school in am,0.4845569608582182,0.2137846951736775,0.0146503165850854,0.2870080273830188,aae,True,False,True,25.0,woman,{},0.5,white,2,3,3,2,2.5,0,conservative
36344670,3402,Yo these 2 grown ass adults is sitting in the fucking living room makin hella noise to fucking WWE wrestlemania like ion have school in am,0.4845569608582182,0.2137846951736775,0.0146503165850854,0.2870080273830188,aae,True,False,True,45.0,man,none,0.5,white,3,1,2,2,2.0,0,conservative
36344670,206,Stop using words like 'nigger' or 'nigga' around me because of my skin colour.,0.3801425023600592,0.2577068119148851,0.080282253954749,0.2818684317703067,aae,True,False,True,45.0,man,none,0.5,white,1,1,1,2,1.5,0,conservative
94108971,206,Stop using words like 'nigger' or 'nigga' around me because of my skin colour.,0.3801425023600592,0.2577068119148851,0.080282253954749,0.2818684317703067,aae,True,False,True,40.0,man,{},0.5,white,1,1,1,1,1.0,0,conservative
45678981,697,"Crying ffs Claire get a fucking grip what did she expect to happen, she obviously could not keep going the way she was. she was manic at times ranting on that page I think she thought she was being funny but she just sounds like an angry spiteful bitch",0.3137174752655602,0.2600795825413692,0.0059893408623547,0.4202136013307156,white,True,False,False,50.0,woman,{},1.0,white,3,1,5,5,5.0,1,conservative
45678981,324,"Hey Bad Boy come ride with me my nigga, car super clean, one two or three screens, watch a nigga be, to the left I lean",0.3583350433476831,0.2329687364657758,0.0141989222204705,0.3944972979660706,white,True,False,False,50.0,woman,{},1.0,white,1,5,5,5,5.0,1,conservative
36400600,324,"Hey Bad Boy come ride with me my nigga, car super clean, one two or three screens, watch a nigga be, to the left I lean",0.3583350433476831,0.2329687364657758,0.0141989222204705,0.3944972979660706,white,True,False,False,25.0,woman,{},0.5,white,4,5,4,3,3.5,1,conservative
36400600,3457,Niggas rather be known and broke instead of low-key and getting chicken,0.4349790585729565,0.233652905245331,0.0043964118021827,0.3269716243795296,aae,True,False,True,25.0,woman,{},0.5,white,5,5,5,4,4.5,1,conservative
36344670,3457,Niggas rather be known and broke instead of low-key and getting chicken,0.4349790585729565,0.233652905245331,0.0043964118021827,0.3269716243795296,aae,True,False,True,45.0,man,none,0.5,white,3,3,5,5,5.0,1,conservative
36400600,239,There should be such thing as a bitch resistance for us women,0.1941658753870621,0.2630605481528357,0.0253421181596981,0.5174314583004038,white,True,False,False,25.0,woman,{},0.5,white,2,1,3,1,2.0,0,conservative
94108971,239,There should be such thing as a bitch resistance for us women,0.1941658753870621,0.2630605481528357,0.0253421181596981,0.5174314583004038,white,True,False,False,40.0,man,{},0.5,white,2,1,2,1,1.5,0,conservative
36400600,967,"There are very few niggers, our slaves were mostly indigenous and then chinks as cheap labour so theres a few of those but very few niggers. Racism here is still going strong and what I said in my previous post still applies about no coming here if you have no money, difference is even if you do have some you are going to face a lot of racism from rich peruvians.",0.1125240115659796,0.3435293305197266,0.0186369611949147,0.525309696719379,white,True,False,False,25.0,woman,{},0.5,white,5,5,5,5,5.0,1,conservative
36344670,967,"There are very few niggers, our slaves were mostly indigenous and then chinks as cheap labour so theres a few of those but very few niggers. Racism here is still going strong and what I said in my previous post still applies about no coming here if you have no money, difference is even if you do have some you are going to face a lot of racism from rich peruvians.",0.1125240115659796,0.3435293305197266,0.0186369611949147,0.525309696719379,white,True,False,False,45.0,man,none,0.5,white,5,5,5,5,5.0,1,conservative
94108971,1295,"The hilarious report summary read as follows (warning: it hits the nail on the head about most women):  'She is a dirty filthy whore and you need to get checked for STDs ASAP. Kick her ass to the curb, swiftly. Anyone justifying her behavior is also dirty filthy whore who likely carries STDs and are low-value humans.'""",0.1209691161247204,0.1414236514362356,0.080149347867458,0.6574578845715859,white,True,False,False,40.0,man,{},0.5,white,3,1,5,3,4.0,1,conservative
2385721,625,"I never had that happen, I did have this one fucking annoying shit who was republican call me nigger everyday in fifth grade",0.181552810088018,0.355471316124158,0.0128542514639288,0.4501216223238951,white,True,False,False,40.0,man,,0.5,white,5,4,4,4,4.0,1,conservative
36400600,1865,offft who does that blm nigga think he is??,0.4112712372690282,0.2306719559557217,0.1267108594006348,0.231345947374615,aae,True,True,True,25.0,woman,{},0.5,white,5,5,5,5,5.0,1,conservative
36400600,1757,"Seeing niggas getting sent back home to the damn hellholes they came from is my true oxygen, I live for it",0.3525368895336477,0.2923504683077376,0.0057627930844275,0.349349849074187,aae,True,True,True,25.0,woman,{},0.5,white,5,5,5,4,4.5,1,conservative
42458224,1757,"Seeing niggas getting sent back home to the damn hellholes they came from is my true oxygen, I live for it",0.3525368895336477,0.2923504683077376,0.0057627930844275,0.349349849074187,aae,True,True,True,45.0,man,{},1.0,white,5,5,5,5,5.0,1,conservative
36400600,2212,"this is a nigger thing to say, keep sucking black cock",0.3775627930520454,0.2764028477016737,0.0357225778173704,0.3103117814289105,aae,True,True,True,25.0,woman,{},0.5,white,5,5,5,5,5.0,1,conservative
42458224,2212,"this is a nigger thing to say, keep sucking black cock",0.3775627930520454,0.2764028477016737,0.0357225778173704,0.3103117814289105,aae,True,True,True,45.0,man,{},1.0,white,4,4,5,5,5.0,1,conservative
45678981,3409,me: im gonna try im@s again maybe the ugly ass art style will grow on me im@s: takes 20 hours to download me: :upside__down_face:,0.3365032116512982,0.3301902556576283,0.1182378086470433,0.2150687240440301,aae,True,False,True,50.0,woman,{},1.0,white,1,1,1,1,1.0,0,conservative
2385721,3409,me: im gonna try im@s again maybe the ugly ass art style will grow on me im@s: takes 20 hours to download me: :upside__down_face:,0.3365032116512982,0.3301902556576283,0.1182378086470433,0.2150687240440301,aae,True,False,True,40.0,man,,0.5,white,3,1,2,3,2.5,0,conservative
45678981,344,""" you ugly bitch!!!""- that seems to be my real name these days",0.5633884837284477,0.1999489204515151,0.0899953808915816,0.1466672149284554,aae,True,False,True,50.0,woman,{},1.0,white,1,1,1,1,1.0,0,conservative
36400600,344,""" you ugly bitch!!!""- that seems to be my real name these days",0.5633884837284477,0.1999489204515151,0.0899953808915816,0.1466672149284554,aae,True,False,True,25.0,woman,{},0.5,white,2,1,2,2,2.0,0,conservative
45678981,4079,i hate seeing my baby hurt :weary: whoever tf hit my car & ran is a bitch ass fucking nigga,0.5176186321825217,0.310749292754852,0.0016726399711901,0.169959435091436,aae,True,False,True,50.0,woman,{},1.0,white,5,5,5,5,5.0,1,conservative
36344670,4079,i hate seeing my baby hurt :weary: whoever tf hit my car & ran is a bitch ass fucking nigga,0.5176186321825217,0.310749292754852,0.0016726399711901,0.169959435091436,aae,True,False,True,45.0,man,none,0.5,white,5,5,5,5,5.0,1,conservative
36400600,1818,why are these suit wearing niggas so loud? Sssssh!,0.3804924505561133,0.2764681684452219,0.020416593337855,0.3226227876608097,aae,True,True,True,25.0,woman,{},0.5,white,2,2,5,2,3.5,1,conservative
9175691,1818,why are these suit wearing niggas so loud? Sssssh!,0.3804924505561133,0.2764681684452219,0.020416593337855,0.3226227876608097,aae,True,True,True,65.0,woman,{},0.5,white,5,5,5,5,5.0,1,conservative
45678981,415,"I live in a pretty slummy area of Winnipeg, Manitoba, and it's disgusting here how prejudicious and racist people are. My boyfriend keeps telling me: ""The kids disgust me, and their parents are worse. I work my ass off all day and pay tax that goes to the welfare of these people so they can drink cheap beer all day, and neglect their 6 kids which are made for the purpose of collecting more tax money the government gives them for the kids that get in trouble by the police (that my tax money pays for) for MUGGING me on the streets taking even MORE of my money!"" He can be such a dick",0.1698831581736178,0.2004497215655004,0.022187177566681,0.6074799426942008,white,True,False,False,50.0,woman,{},1.0,white,1,5,5,5,5.0,1,conservative
36400600,415,"I live in a pretty slummy area of Winnipeg, Manitoba, and it's disgusting here how prejudicious and racist people are. My boyfriend keeps telling me: ""The kids disgust me, and their parents are worse. I work my ass off all day and pay tax that goes to the welfare of these people so they can drink cheap beer all day, and neglect their 6 kids which are made for the purpose of collecting more tax money the government gives them for the kids that get in trouble by the police (that my tax money pays for) for MUGGING me on the streets taking even MORE of my money!"" He can be such a dick",0.1698831581736178,0.2004497215655004,0.022187177566681,0.6074799426942008,white,True,False,False,25.0,woman,{},0.5,white,3,5,5,4,4.5,1,conservative
45678981,3472,"If it didn't work out, then it didn't work out, stop bein a mad hoe and move on",0.4469361243787315,0.2627783871998346,0.00983503890091,0.2804504495205239,aae,True,False,True,50.0,woman,{},1.0,white,5,3,5,5,5.0,1,conservative
90385194,3472,"If it didn't work out, then it didn't work out, stop bein a mad hoe and move on",0.4469361243787315,0.2627783871998346,0.00983503890091,0.2804504495205239,aae,True,False,True,35.0,man,{},1.0,white,3,2,4,3,3.5,1,conservative
36400600,3633,"""i can't stand these """"grown"""" ass females :woman_facepalming_medium_skin_tone::woman_facepalming_medium_skin_tone: how you """" grown """" but childish as hell ?! :weary::joy::woman_facepalming_medium_skin_tone::woman_facepalming_medium_skin_tone:""",0.6786927863746339,0.0772936714213369,0.1750184953648668,0.0689950468391622,aae,True,False,True,25.0,woman,{},0.5,white,4,1,4,3,3.5,1,conservative
9175691,3633,"""i can't stand these """"grown"""" ass females :woman_facepalming_medium_skin_tone::woman_facepalming_medium_skin_tone: how you """" grown """" but childish as hell ?! :weary::joy::woman_facepalming_medium_skin_tone::woman_facepalming_medium_skin_tone:""",0.6786927863746339,0.0772936714213369,0.1750184953648668,0.0689950468391622,aae,True,False,True,65.0,woman,{},0.5,white,5,1,5,5,5.0,1,conservative
36400600,2207,"And yet people still think its OK to call grown ass niggers, ""african americans"".",0.5251190808195011,0.1594358865915353,0.1301182926658005,0.1853267399231629,aae,True,True,True,25.0,woman,{},0.5,white,5,5,5,4,4.5,1,conservative
2385721,2207,"And yet people still think its OK to call grown ass niggers, ""african americans"".",0.5251190808195011,0.1594358865915353,0.1301182926658005,0.1853267399231629,aae,True,True,True,40.0,man,,0.5,white,5,5,5,5,5.0,1,conservative
90385194,2159,Big groidal of NY AA niggers wiff badges work to show their loyalty lies NOT with law enforcement but with filthy shit-ape mutant has-been Colon Kappernigger.,0.2969871579403536,0.1368250736400671,0.1441026722251946,0.4220850961943846,white,True,True,False,35.0,man,{},1.0,white,5,5,5,5,5.0,1,conservative
9175691,2159,Big groidal of NY AA niggers wiff badges work to show their loyalty lies NOT with law enforcement but with filthy shit-ape mutant has-been Colon Kappernigger.,0.2969871579403536,0.1368250736400671,0.1441026722251946,0.4220850961943846,white,True,True,False,65.0,woman,{},0.5,white,5,5,5,5,5.0,1,conservative
2385721,2187,A nigga was killed and zero fucking flying fucks were given by anyone,0.1813109101259561,0.2945106908095213,0.0084134988739046,0.5157649001906178,white,True,True,False,40.0,man,,0.5,white,1,1,3,2,2.5,0,conservative
36344670,2187,A nigga was killed and zero fucking flying fucks were given by anyone,0.1813109101259561,0.2945106908095213,0.0084134988739046,0.5157649001906178,white,True,True,False,45.0,man,none,0.5,white,2,2,3,5,4.0,1,conservative
36400600,969,I hope my kids never associate with fags,0.2148533647785681,0.4441389901937384,0.0024000036237764,0.338607641403917,hispanic,True,False,False,25.0,woman,{},0.5,white,5,5,5,4,4.5,1,conservative
36344670,969,I hope my kids never associate with fags,0.2148533647785681,0.4441389901937384,0.0024000036237764,0.338607641403917,hispanic,True,False,False,45.0,man,none,0.5,white,5,1,5,5,5.0,1,conservative
2385721,3062,When I'm doing good niggas wanna hate. That's why I only got myself. The rest don't give a f:moneybag:ck I grind for better not for the same result:100:,0.3242852352555249,0.3356995801623142,0.0025762927141438,0.3374388918680169,white,True,False,False,40.0,man,,0.5,white,2,3,3,2,2.5,0,conservative
9175691,3062,When I'm doing good niggas wanna hate. That's why I only got myself. The rest don't give a f:moneybag:ck I grind for better not for the same result:100:,0.3242852352555249,0.3356995801623142,0.0025762927141438,0.3374388918680169,white,True,False,False,65.0,woman,{},0.5,white,5,5,5,5,5.0,1,conservative
36400600,2151,"I made a big mistake calling them ""breeds"". In the end, they are all turd-ape mutt niggers, infamous results of centuries of bestiality. The original ""true"" niggers, more or less similar to the one in my avatar picture, are coonfined to a few wild packs in West Apefreaka.",0.1368863899076248,0.1717997676656185,0.1002455959566011,0.5910682464701554,white,True,True,False,25.0,woman,{},0.5,white,5,5,5,5,5.0,1,conservative
36344670,2151,"I made a big mistake calling them ""breeds"". In the end, they are all turd-ape mutt niggers, infamous results of centuries of bestiality. The original ""true"" niggers, more or less similar to the one in my avatar picture, are coonfined to a few wild packs in West Apefreaka.",0.1368863899076248,0.1717997676656185,0.1002455959566011,0.5910682464701554,white,True,True,False,45.0,man,none,0.5,white,5,5,5,5,5.0,1,conservative
9175691,3747,I b dtfl @ how yall jazz yall ugly ass friends :sob::sob::sob:,0.7141499350385085,0.1522491377028254,0.0492561945650995,0.0843447326935665,aae,True,False,True,65.0,woman,{},0.5,white,5,1,5,5,5.0,1,conservative
36344670,3442,"""pac probably lookin down at us from heaven, watchin the all eyez on me trailer thinkin """"lmao that man got a big ass head what is u doin""""""",0.6867158531650052,0.102376897799292,0.054054404602037,0.1568528444336657,aae,True,False,True,45.0,man,none,0.5,white,1,1,1,1,1.0,0,conservative
45678981,3836,"I'll put this potbellys food, over these ugly hoes who pretend to be bad..",0.4580585838585561,0.2470352593977088,0.0378643175813066,0.2570418391624284,aae,True,False,True,50.0,woman,{},1.0,white,4,3,5,5,5.0,1,conservative
2385721,381,we should kill the word bitch,0.3981830405386799,0.2894854399339753,0.0206856468262227,0.2916458727011222,aae,True,False,True,40.0,man,,0.5,white,1,1,2,1,1.5,0,conservative
94108971,381,we should kill the word bitch,0.3981830405386799,0.2894854399339753,0.0206856468262227,0.2916458727011222,aae,True,False,True,40.0,man,{},0.5,white,1,1,2,2,2.0,0,conservative
2385721,1899,"Exactly. Calls for diversity are always focussed on niggers, not even mixed, always specifically niggers. Niggers are 3% of the population in england.",0.1452817987111616,0.2287451691615787,0.0609273285501248,0.5650457035771347,white,True,True,False,40.0,man,,0.5,white,5,5,5,5,5.0,1,conservative
94108971,1899,"Exactly. Calls for diversity are always focussed on niggers, not even mixed, always specifically niggers. Niggers are 3% of the population in england.",0.1452817987111616,0.2287451691615787,0.0609273285501248,0.5650457035771347,white,True,True,False,40.0,man,{},0.5,white,5,5,5,5,5.0,1,conservative
45678981,631,my nigga should care bout losing me period. All the nonchalant shit is corny fr. stop.,0.6366167621640111,0.1951195490178474,0.0088978912271401,0.1593657975910013,aae,True,False,True,50.0,woman,{},1.0,white,1,1,2,2,2.0,0,conservative
2385721,631,my nigga should care bout losing me period. All the nonchalant shit is corny fr. stop.,0.6366167621640111,0.1951195490178474,0.0088978912271401,0.1593657975910013,aae,True,False,True,40.0,man,,0.5,white,3,2,3,2,2.5,0,conservative
45678981,4145,nigga I wish the fuck you would hit me so I could sue ya ugly ass :middle_finger_medium-light_skin_tone:,0.4429840610781675,0.2951410511507427,0.0189063993611197,0.2429684884099699,aae,True,False,True,50.0,woman,{},1.0,white,5,5,5,5,5.0,1,conservative
90385194,2205,"Truth! All you dumb niggas in the hood fucked with dbz, yuyu hakusho, inuyasha, and all of that",0.5368199058519696,0.2793733774247498,0.0234148524642672,0.1603918642590133,aae,True,True,True,35.0,man,{},1.0,white,4,4,4,4,4.0,1,conservative
45678981,2152,Fuck me i had to stand in line with yet another creepy nigger person today,0.2348521125619581,0.3223989427237969,0.0110257722696038,0.4317231724446412,white,True,True,False,50.0,woman,{},1.0,white,5,5,5,5,5.0,1,conservative
36344670,2152,Fuck me i had to stand in line with yet another creepy nigger person today,0.2348521125619581,0.3223989427237969,0.0110257722696038,0.4317231724446412,white,True,True,False,45.0,man,none,0.5,white,5,5,5,5,5.0,1,conservative
90385194,2132,what a fucking low ass nigger move,0.4887548498986112,0.312208442896068,0.0258717912711678,0.1731649159341529,aae,True,True,True,35.0,man,{},1.0,white,5,4,5,5,5.0,1,conservative
36344670,1854,this is a goddess on a throne with a nigger at her feet,0.3071867712758378,0.2834496631806631,0.0409734846090224,0.3683900809344766,white,True,True,False,45.0,man,none,0.5,white,2,2,4,4,4.0,1,conservative
90385194,1854,this is a goddess on a throne with a nigger at her feet,0.3071867712758378,0.2834496631806631,0.0409734846090224,0.3683900809344766,white,True,True,False,35.0,man,{},1.0,white,5,4,4,4,4.0,1,conservative
94108971,310,This camera is a bitch,0.3299260328720579,0.327792617254972,0.0185718049163852,0.3237095449565849,aae,True,False,True,40.0,man,{},0.5,white,2,1,3,2,2.5,0,conservative
90385194,371,I don't even wanna get married but you know if my nigga propose to me imma say yes plz,0.4938968798882149,0.3081686794824342,0.0152667699429416,0.1826676706864092,aae,True,False,True,35.0,man,{},1.0,white,1,1,1,1,1.0,0,conservative
9175691,371,I don't even wanna get married but you know if my nigga propose to me imma say yes plz,0.4938968798882149,0.3081686794824342,0.0152667699429416,0.1826676706864092,aae,True,False,True,65.0,woman,{},0.5,white,2,5,5,5,5.0,1,conservative
36344670,3453,How u hoes keep y'all hair done but shoes be dirty :sob::woman_facepalming_medium_skin_tone:,0.7753232411835815,0.1256215826363048,0.0033882341968442,0.0956669419832694,aae,True,False,True,45.0,man,none,0.5,white,4,1,5,5,5.0,1,conservative
9175691,3453,How u hoes keep y'all hair done but shoes be dirty :sob::woman_facepalming_medium_skin_tone:,0.7753232411835815,0.1256215826363048,0.0033882341968442,0.0956669419832694,aae,True,False,True,65.0,woman,{},0.5,white,5,1,5,5,5.0,1,conservative
36400600,348,whats up my niggas,0.6885248676547949,0.1891051527963599,0.018031374066753,0.1043386054820919,aae,True,False,True,25.0,woman,{},0.5,white,1,3,3,1,2.0,0,conservative
94108971,348,whats up my niggas,0.6885248676547949,0.1891051527963599,0.018031374066753,0.1043386054820919,aae,True,False,True,40.0,man,{},0.5,white,1,1,2,1,1.5,0,conservative
45678981,1788,& you best believe im never marrying a dirty nigga no matter how rich he might be. Not happenning!,0.4946498087861116,0.2708948811412449,0.0176112136275792,0.2168440964450642,aae,True,True,True,50.0,woman,{},1.0,white,5,5,5,5,5.0,1,conservative
42458224,1788,& you best believe im never marrying a dirty nigga no matter how rich he might be. Not happenning!,0.4946498087861116,0.2708948811412449,0.0176112136275792,0.2168440964450642,aae,True,True,True,45.0,man,{},1.0,white,5,5,5,5,5.0,1,conservative
90385194,1739,You are white and should not mix with nigger scum,0.1391826341173759,0.2897874474808259,0.0288733415837026,0.5421565768180955,white,True,True,False,35.0,man,{},1.0,white,5,5,5,5,5.0,1,conservative
9175691,1739,You are white and should not mix with nigger scum,0.1391826341173759,0.2897874474808259,0.0288733415837026,0.5421565768180955,white,True,True,False,65.0,woman,{},0.5,white,5,5,5,5,5.0,1,conservative
36344670,3623,"Disgusting part is, females want these trash ass acidic pussies ate :mask:",0.3757639423939841,0.2371256710658208,0.0569370359191948,0.3301733506210001,aae,True,False,True,45.0,man,none,0.5,white,5,1,5,5,5.0,1,conservative
94108971,3623,"Disgusting part is, females want these trash ass acidic pussies ate :mask:",0.3757639423939841,0.2371256710658208,0.0569370359191948,0.3301733506210001,aae,True,False,True,40.0,man,{},0.5,white,5,1,5,3,4.0,1,conservative
36344670,4018,Niggas keep talking about women wearing weave but be sick when a bitch up a fro on they ass. :sob:,0.6279882247991073,0.2199341160645307,0.0095302454350735,0.1425474137012883,aae,True,False,True,45.0,man,none,0.5,white,5,5,5,5,5.0,1,conservative
94108971,4018,Niggas keep talking about women wearing weave but be sick when a bitch up a fro on they ass. :sob:,0.6279882247991073,0.2199341160645307,0.0095302454350735,0.1425474137012883,aae,True,False,True,40.0,man,{},0.5,white,1,1,3,2,2.5,0,conservative
36400600,325,Bruh y'all some broke niggas tryanna sell it for bare notes don't worry about me I got u free my brothas,0.8015849482846241,0.0869939103300971,0.0191177459277652,0.0923033954575134,aae,True,False,True,25.0,woman,{},0.5,white,4,3,5,2,3.5,1,conservative
9175691,325,Bruh y'all some broke niggas tryanna sell it for bare notes don't worry about me I got u free my brothas,0.8015849482846241,0.0869939103300971,0.0191177459277652,0.0923033954575134,aae,True,False,True,65.0,woman,{},0.5,white,5,5,5,5,5.0,1,conservative
36344670,3476,Y'all niggas annoying I'm bout to start calling y'all sis :woman_facepalming_medium_skin_tone:,0.7573635884108284,0.1515357657284796,0.0031539267382939,0.0879467191223979,aae,True,False,True,45.0,man,none,0.5,white,4,3,4,4,4.0,1,conservative
94108971,3476,Y'all niggas annoying I'm bout to start calling y'all sis :woman_facepalming_medium_skin_tone:,0.7573635884108284,0.1515357657284796,0.0031539267382939,0.0879467191223979,aae,True,False,True,40.0,man,{},0.5,white,2,1,3,2,2.5,0,conservative
45678981,2164,fuck off nigger lovers,0.3774317842267743,0.3442768892408978,0.1021007443650565,0.1761905821672713,aae,True,True,True,50.0,woman,{},1.0,white,5,5,5,5,5.0,1,conservative
36400600,2164,fuck off nigger lovers,0.3774317842267743,0.3442768892408978,0.1021007443650565,0.1761905821672713,aae,True,True,True,25.0,woman,{},0.5,white,5,5,5,4,4.5,1,conservative
94108971,3859,"Like niggas always lying thinking I'm stupid , like you don't have to lie to me baby you ain't my nigga",0.5476227187396893,0.3260306491033053,0.0040508921716197,0.1222957399853856,aae,True,False,True,40.0,man,{},0.5,white,2,1,3,2,2.5,0,conservative
9175691,3859,"Like niggas always lying thinking I'm stupid , like you don't have to lie to me baby you ain't my nigga",0.5476227187396893,0.3260306491033053,0.0040508921716197,0.1222957399853856,aae,True,False,True,65.0,woman,{},0.5,white,5,5,5,5,5.0,1,conservative
94108971,1880,"I swear to God above I love ya and when ya be with this brotha, I swear I love you my bro as long as you not a nigga",0.4463312070764731,0.2728154620001914,0.0113017581821008,0.2695515727412345,aae,True,True,True,40.0,man,{},0.5,white,3,3,5,3,4.0,1,conservative
44471637,4143,my step mother? u r fucking hopeless. i hope u die. I hate U. bitch bitch bitch bitch bitch bitch bitch bitch bitch bitch bitch bitch bitch!,0.7049515045796344,0.2250924700027869,0.0126307455747696,0.0573252798428091,aae,True,False,True,65.0,woman,disability,0.5,white,5,1,5,5,5.0,1,conservative
94108971,4143,my step mother? u r fucking hopeless. i hope u die. I hate U. bitch bitch bitch bitch bitch bitch bitch bitch bitch bitch bitch bitch bitch!,0.7049515045796344,0.2250924700027869,0.0126307455747696,0.0573252798428091,aae,True,False,True,40.0,man,{},0.5,white,5,1,5,4,4.5,1,conservative
94108971,3341,"Going to buy some timbs, Air Force 1s, other Nike shoes and idk. I feel the need to expand. OK goodnight for real now",0.3884278721600368,0.3448903039240176,0.0157971139104559,0.2508847100054895,aae,False,False,True,40.0,man,{},0.5,white,1,1,1,1,1.0,0,conservative
42458224,3341,"Going to buy some timbs, Air Force 1s, other Nike shoes and idk. I feel the need to expand. OK goodnight for real now",0.3884278721600368,0.3448903039240176,0.0157971139104559,0.2508847100054895,aae,False,False,True,45.0,man,{},1.0,white,1,1,1,1,1.0,0,conservative
42458224,4013,"So Tom called me ugly I said bitch where, he said under all that communism I said bitch I wilL FUCK YOU UP",0.4748197584681324,0.2576301200929662,0.0159766443801697,0.2515734770587316,aae,True,False,True,45.0,man,{},1.0,white,2,1,3,2,2.5,0,conservative
9175691,4013,"So Tom called me ugly I said bitch where, he said under all that communism I said bitch I wilL FUCK YOU UP",0.4748197584681324,0.2576301200929662,0.0159766443801697,0.2515734770587316,aae,True,False,True,65.0,woman,{},0.5,white,5,5,5,5,5.0,1,conservative
36400600,1787,"Sly And The Family Stone - Don't Call Me Nigger, Whitey. I love that song!probs just cos it says nigger, I also love the word coon",0.1796699201269723,0.2739307264329362,0.0409500828638858,0.5054492705762056,white,True,True,False,25.0,woman,{},0.5,white,5,5,5,4,4.5,1,conservative
36344670,1787,"Sly And The Family Stone - Don't Call Me Nigger, Whitey. I love that song!probs just cos it says nigger, I also love the word coon",0.1796699201269723,0.2739307264329362,0.0409500828638858,0.5054492705762056,white,True,True,False,45.0,man,none,0.5,white,5,5,5,5,5.0,1,conservative
36400600,3973,"When you fucking on that nigga, hope you thinking about me...",0.3822117535833809,0.3538331505135901,0.015560077919373,0.2483950179836558,aae,True,False,True,25.0,woman,{},0.5,white,5,5,5,5,5.0,1,conservative
9175691,3973,"When you fucking on that nigga, hope you thinking about me...",0.3822117535833809,0.3538331505135901,0.015560077919373,0.2483950179836558,aae,True,False,True,65.0,woman,{},0.5,white,5,5,5,5,5.0,1,conservative
36400600,3167,I will become a cold ass bitch because of my treatment,0.3149187283670527,0.3238358667995403,0.0049429254581428,0.356302479375264,white,True,False,False,25.0,woman,{},0.5,white,1,1,2,1,1.5,0,conservative
42458224,3167,I will become a cold ass bitch because of my treatment,0.3149187283670527,0.3238358667995403,0.0049429254581428,0.356302479375264,white,True,False,False,45.0,man,{},1.0,white,1,1,1,1,1.0,0,conservative
45678981,1763,If a nigga is entertaining you well he aint mine SIMPLE. He belongs to the streets.. or zoo,0.4891402366216857,0.2420231285145082,0.0094443198016748,0.2593923150621313,aae,True,True,True,50.0,woman,{},1.0,white,5,5,5,5,5.0,1,conservative
36400600,1763,If a nigga is entertaining you well he aint mine SIMPLE. He belongs to the streets.. or zoo,0.4891402366216857,0.2420231285145082,0.0094443198016748,0.2593923150621313,aae,True,True,True,25.0,woman,{},0.5,white,5,5,5,4,4.5,1,conservative
2385721,3051,It's usually the people who've never had to lift a finger that complain the most. Entitled little bitches.,0.101289170986452,0.227212882270491,0.0049208166406732,0.6665771301023838,white,True,False,False,40.0,man,,0.5,white,5,2,4,4,4.0,1,conservative
2385721,1886,someone plz get this nigger some help. He's playing up like mad,0.3168683956993819,0.3716351209559311,0.0209914317763892,0.2905050515682976,hispanic,True,True,False,40.0,man,,0.5,white,4,5,4,3,3.5,1,conservative
36344670,1886,someone plz get this nigger some help. He's playing up like mad,0.3168683956993819,0.3716351209559311,0.0209914317763892,0.2905050515682976,hispanic,True,True,False,45.0,man,none,0.5,white,2,4,5,5,5.0,1,conservative
94108971,1954,"Opps, Under our amazing President, Trump, gang members are gone. Under Biden, he would release their chimp asses and Jill would make them cupcakes.  awful ! God Bless President Trump",0.1999078042417222,0.0849114075271516,0.0744746807559077,0.6407061074752184,white,True,True,False,40.0,man,{},0.5,white,3,3,5,3,4.0,1,conservative
36400600,717,Shoutout to my niggas who feel even more like failures bc of the way we're always getting stereotyped in porn,0.236033349321278,0.2540465280441421,0.0101704898113958,0.4997496328231841,white,True,False,False,25.0,woman,{},0.5,white,2,2,3,2,2.5,0,conservative
2385721,717,Shoutout to my niggas who feel even more like failures bc of the way we're always getting stereotyped in porn,0.236033349321278,0.2540465280441421,0.0101704898113958,0.4997496328231841,white,True,False,False,40.0,man,,0.5,white,1,3,3,2,2.5,0,conservative
36400600,1927,"Can we just ship all these niggas back to Africa, and call it lovely?",0.4158544274421698,0.2106331447146069,0.0307783692530771,0.342734058590146,aae,True,True,True,25.0,woman,{},0.5,white,5,5,5,5,5.0,1,conservative
36344670,1927,"Can we just ship all these niggas back to Africa, and call it lovely?",0.4158544274421698,0.2106331447146069,0.0307783692530771,0.342734058590146,aae,True,True,True,45.0,man,none,0.5,white,5,5,5,5,5.0,1,conservative
45678981,698,"Sperm donors are actually for people who actually need one, people with infertility, same sex couples etc. Definitely not for some fucking bratty immature bitch just because she ""hates men"" (yet is DESPERATE for a boyfriend online) How much we betting that her ""sperm donor"" will be some random shag off tinder.",0.1281374370769808,0.1929142911844266,0.0794638579694473,0.5994844137691452,white,True,False,False,50.0,woman,{},1.0,white,5,1,5,5,5.0,1,conservative
94108971,698,"Sperm donors are actually for people who actually need one, people with infertility, same sex couples etc. Definitely not for some fucking bratty immature bitch just because she ""hates men"" (yet is DESPERATE for a boyfriend online) How much we betting that her ""sperm donor"" will be some random shag off tinder.",0.1281374370769808,0.1929142911844266,0.0794638579694473,0.5994844137691452,white,True,False,False,40.0,man,{},0.5,white,3,1,3,2,2.5,0,conservative
2385721,1802,I believe that the future of niggas in America resides in this factoid. There are numerous atrocities being carried out all  around the world towards minorities of color.,0.1342823863640642,0.1238853427787157,0.0312966876018108,0.7105355832554092,white,True,True,False,40.0,man,,0.5,white,1,1,3,2,2.5,0,conservative
36344670,1802,I believe that the future of niggas in America resides in this factoid. There are numerous atrocities being carried out all  around the world towards minorities of color.,0.1342823863640642,0.1238853427787157,0.0312966876018108,0.7105355832554092,white,True,True,False,45.0,man,none,0.5,white,2,2,4,4,4.0,1,conservative
36400600,1894,These niggers breed like rabbits,0.5634151502751735,0.1808167526637788,0.0551255216794318,0.2006425753816157,aae,True,True,True,25.0,woman,{},0.5,white,5,5,5,3,4.0,1,conservative
36344670,1894,These niggers breed like rabbits,0.5634151502751735,0.1808167526637788,0.0551255216794318,0.2006425753816157,aae,True,True,True,45.0,man,none,0.5,white,4,3,5,5,5.0,1,conservative
36344670,1884,When I get my hair twisted and my energy seriously goes from white trash to nigga lol,0.3493864155868499,0.3460352933422191,0.0021370107649632,0.3024412803059678,aae,True,True,True,45.0,man,none,0.5,white,1,3,5,5,5.0,1,conservative
36344670,1890,"if I see any nigger, I will pull the trigger",0.3201205769096165,0.2737600361520445,0.0198539931868153,0.3862653937515236,white,True,True,False,45.0,man,none,0.5,white,5,5,5,5,5.0,1,conservative
90385194,1890,"if I see any nigger, I will pull the trigger",0.3201205769096165,0.2737600361520445,0.0198539931868153,0.3862653937515236,white,True,True,False,35.0,man,{},1.0,white,5,5,5,5,5.0,1,conservative
36400600,3831,"Stop, drop, and roll it I like bad bitches in the club that control it",0.4301284834810663,0.2579172220157682,0.0176039900431712,0.2943503044599941,aae,True,False,True,25.0,woman,{},0.5,white,1,1,1,1,1.0,0,conservative
2385721,3831,"Stop, drop, and roll it I like bad bitches in the club that control it",0.4301284834810663,0.2579172220157682,0.0176039900431712,0.2943503044599941,aae,True,False,True,40.0,man,,0.5,white,2,1,3,2,2.5,0,conservative
36400600,2624,i just watched a video of @joisnotonfire being an annoying hoe on skype i'm laughing,0.1714934184825624,0.3504935574430667,0.0284000093078885,0.4496130147664823,white,True,False,False,25.0,woman,{},0.5,white,2,1,3,1,2.0,0,conservative
94108971,2624,i just watched a video of @joisnotonfire being an annoying hoe on skype i'm laughing,0.1714934184825624,0.3504935574430667,0.0284000093078885,0.4496130147664823,white,True,False,False,40.0,man,{},0.5,white,2,1,2,2,2.0,0,conservative
41271654,630,Shoot yourself in the head you hypersensitive fuckin bitch.,0.4022888912992821,0.2725203430830061,0.0430856792499358,0.2821050863677758,aae,True,False,True,35.0,man,,1.0,white,5,1,5,5,5.0,1,conservative
90385194,630,Shoot yourself in the head you hypersensitive fuckin bitch.,0.4022888912992821,0.2725203430830061,0.0430856792499358,0.2821050863677758,aae,True,False,True,35.0,man,{},1.0,white,5,1,5,5,5.0,1,conservative
36344670,963,"Last year I met this bitch ''Kaori' and her last name was Hispanic  her dad was a White guy from Latin America, wtf.",0.1929224262498095,0.4560502293749429,0.0727900421891938,0.2782373021860537,hispanic,True,False,False,45.0,man,none,0.5,white,5,4,4,4,4.0,1,conservative
9175691,963,"Last year I met this bitch ''Kaori' and her last name was Hispanic  her dad was a White guy from Latin America, wtf.",0.1929224262498095,0.4560502293749429,0.0727900421891938,0.2782373021860537,hispanic,True,False,False,65.0,woman,{},0.5,white,5,5,5,5,5.0,1,conservative
2385721,3843,Bad part about taking trips with ya homie is all he gotta say is lets slide out ya jump but ya bitch been waiting on a vacay about a year na,0.580516528635772,0.1884259024214815,0.0340361941198879,0.1970213748228583,aae,True,False,True,40.0,man,,0.5,white,4,1,4,3,3.5,1,conservative
94108971,3843,Bad part about taking trips with ya homie is all he gotta say is lets slide out ya jump but ya bitch been waiting on a vacay about a year na,0.580516528635772,0.1884259024214815,0.0340361941198879,0.1970213748228583,aae,True,False,True,40.0,man,{},0.5,white,2,1,3,2,2.5,0,conservative
36400600,2167,"I never had that happen, I did have this one fucking annoying shit who was a republican nigger cause trouble everyday in fifth grade",0.1622773270982364,0.3721579546163845,0.0125063932865511,0.4530583249988279,white,True,True,False,25.0,woman,{},0.5,white,5,5,5,4,4.5,1,conservative
36344670,2167,"I never had that happen, I did have this one fucking annoying shit who was a republican nigger cause trouble everyday in fifth grade",0.1622773270982364,0.3721579546163845,0.0125063932865511,0.4530583249988279,white,True,True,False,45.0,man,none,0.5,white,5,5,5,5,5.0,1,conservative
36400600,1393,"Same thing happened to me, and this was a bulldyke-looking one who had a free hand while she was yapping on her cellphone. Bitches just want and crave something to moan about. Bitch if you hold the door, bitch if you don't. moan if you say hi, moan if you ignore them. complain about the way you sit (manspreading?!), while her giant backside takes two seats. Bitch! Bitch! Then moan some more. I just flipped her the birdie, and kept on walking.",0.2517285356951424,0.308809961060748,0.0151281021741727,0.4243334010699369,white,True,False,False,25.0,woman,{},0.5,white,5,1,5,4,4.5,1,conservative
2385721,1393,"Same thing happened to me, and this was a bulldyke-looking one who had a free hand while she was yapping on her cellphone. Bitches just want and crave something to moan about. Bitch if you hold the door, bitch if you don't. moan if you say hi, moan if you ignore them. complain about the way you sit (manspreading?!), while her giant backside takes two seats. Bitch! Bitch! Then moan some more. I just flipped her the birdie, and kept on walking.",0.2517285356951424,0.308809961060748,0.0151281021741727,0.4243334010699369,white,True,False,False,40.0,man,,0.5,white,5,1,5,5,5.0,1,conservative
45678981,218,to all my beautiful bitches: i love you all,0.3179871516204625,0.3760613521401187,0.07295067502569,0.2330008212137287,hispanic,True,False,False,50.0,woman,{},1.0,white,1,1,1,1,1.0,0,conservative
36400600,218,to all my beautiful bitches: i love you all,0.3179871516204625,0.3760613521401187,0.07295067502569,0.2330008212137287,hispanic,True,False,False,25.0,woman,{},0.5,white,1,1,1,1,1.0,0,conservative
45678981,2219,I saw yesterday a group of nigger cops hold white people down and inject them with shit. SA needs a genocide,0.1472391217717818,0.35010940815666,0.0719150618618025,0.4307364082097557,white,True,True,False,50.0,woman,{},1.0,white,5,5,5,5,5.0,1,conservative
36344670,2219,I saw yesterday a group of nigger cops hold white people down and inject them with shit. SA needs a genocide,0.1472391217717818,0.35010940815666,0.0719150618618025,0.4307364082097557,white,True,True,False,45.0,man,none,0.5,white,5,5,5,5,5.0,1,conservative
36344670,3480,"they want me gone, out of the picture.. bury me now and only get bigger that's word to my nigga.. :sign_of_the_horns_medium-dark_skin_tone:",0.4652955091960315,0.2524518373378944,0.0091632953894573,0.2730893580766168,aae,True,False,True,45.0,man,none,0.5,white,1,2,3,2,2.5,0,conservative
94108971,3480,"they want me gone, out of the picture.. bury me now and only get bigger that's word to my nigga.. :sign_of_the_horns_medium-dark_skin_tone:",0.4652955091960315,0.2524518373378944,0.0091632953894573,0.2730893580766168,aae,True,False,True,40.0,man,{},0.5,white,1,1,3,1,2.0,0,conservative
36400600,2586,praying for all those who don't have a home in this crazy ass Georgia weather,0.2953740568898539,0.1832713318076543,0.0058112402533569,0.5155433710491347,white,True,False,False,25.0,woman,{},0.5,white,1,1,1,1,1.0,0,conservative
94108971,2586,praying for all those who don't have a home in this crazy ass Georgia weather,0.2953740568898539,0.1832713318076543,0.0058112402533569,0.5155433710491347,white,True,False,False,40.0,man,{},0.5,white,1,1,2,1,1.5,0,conservative
44471637,4017,":joy::joy: that's some real hood shit, I'll never forget heading out wit my niggas & realizing that someone stole his gas cap",0.6154298859062135,0.1525600425042204,0.0083231175100337,0.2236869540795323,aae,True,False,True,65.0,woman,disability,0.5,white,3,4,4,4,4.0,1,conservative
36344670,4017,":joy::joy: that's some real hood shit, I'll never forget heading out wit my niggas & realizing that someone stole his gas cap",0.6154298859062135,0.1525600425042204,0.0083231175100337,0.2236869540795323,aae,True,False,True,45.0,man,none,0.5,white,1,2,2,2,2.0,0,conservative
36400600,204,Why are female dogs known as bitches?,0.3477203555825965,0.3007688891708689,0.0225096626706305,0.3290010925759041,aae,True,False,True,25.0,woman,{},0.5,white,1,1,1,1,1.0,0,conservative
2385721,204,Why are female dogs known as bitches?,0.3477203555825965,0.3007688891708689,0.0225096626706305,0.3290010925759041,aae,True,False,True,40.0,man,,0.5,white,2,1,2,1,1.5,0,conservative
36344670,4082,Can't fuck with these niggas they too fake all they do is hate,0.6026870114650734,0.242587027004737,0.0002172258029025,0.1545087357272869,aae,True,False,True,45.0,man,none,0.5,white,2,3,5,5,5.0,1,conservative
94108971,1503,"I started this thing first I think, unless you're that guy who wrote that whole ass fucking book about thos faggots once",0.1382489478698535,0.4593457377144984,0.0049391466112801,0.3974661678043679,hispanic,True,False,False,40.0,man,{},0.5,white,4,1,5,4,4.5,1,conservative
9175691,1503,"I started this thing first I think, unless you're that guy who wrote that whole ass fucking book about thos faggots once",0.1382489478698535,0.4593457377144984,0.0049391466112801,0.3974661678043679,hispanic,True,False,False,65.0,woman,{},0.5,white,5,1,5,5,5.0,1,conservative
36400600,2221,Fuck it y'all do what y'all want but once this sub go down ik me and that niggas got her shit and we got her private messages that nobody else got,0.7496308779153582,0.155073891098633,0.0009134058109133,0.0943818251750954,aae,True,True,True,25.0,woman,{},0.5,white,5,5,4,5,4.5,1,conservative
36344670,2221,Fuck it y'all do what y'all want but once this sub go down ik me and that niggas got her shit and we got her private messages that nobody else got,0.7496308779153582,0.155073891098633,0.0009134058109133,0.0943818251750954,aae,True,True,True,45.0,man,none,0.5,white,5,4,5,5,5.0,1,conservative
47189637,4133,You a nigga fucked ip if he wake up with his socks on and one earring in:sob:,0.4039651091638933,0.2546258815682618,0.0553125886970182,0.2860964205708265,aae,True,False,True,45.0,man,{},0.5,white,2,2,4,4,4.0,1,conservative
36344670,4133,You a nigga fucked ip if he wake up with his socks on and one earring in:sob:,0.4039651091638933,0.2546258815682618,0.0553125886970182,0.2860964205708265,aae,True,False,True,45.0,man,none,0.5,white,4,4,5,4,4.5,1,conservative
45678981,636,"They all say I'm so low key, I'm completely awkward. Only niggas who really know me, the ones that I talk with. They smile in the light but never in the dark. You call it beef, but it's just a fuckin walk in the park",0.3080652658827325,0.2853905870053152,0.004981081532408,0.4015630655795442,white,True,False,False,50.0,woman,{},1.0,white,1,5,5,5,5.0,1,conservative
36400600,636,"They all say I'm so low key, I'm completely awkward. Only niggas who really know me, the ones that I talk with. They smile in the light but never in the dark. You call it beef, but it's just a fuckin walk in the park",0.3080652658827325,0.2853905870053152,0.004981081532408,0.4015630655795442,white,True,False,False,25.0,woman,{},0.5,white,5,5,5,5,5.0,1,conservative
18351762,2213,FUCKING NIGGERS!,0.3016974727927064,0.3809644361123414,0.1236990655158041,0.1936390255791481,hispanic,True,True,False,50.0,man,those with mental illness,0.5,white,4,5,5,4,4.5,1,conservative
90385194,2213,FUCKING NIGGERS!,0.3016974727927064,0.3809644361123414,0.1236990655158041,0.1936390255791481,hispanic,True,True,False,35.0,man,{},1.0,white,5,5,5,5,5.0,1,conservative
98452149,1928,I HATE ALL YOU DIRTY NIGGERS - that's what I  told my coon employer,0.4285033978080175,0.2420434360130821,0.0410683658785663,0.288384800300334,aae,True,True,True,40.0,woman,{},0.0,white,5,5,5,5,5.0,1,neutral
36344670,1928,I HATE ALL YOU DIRTY NIGGERS - that's what I  told my coon employer,0.4285033978080175,0.2420434360130821,0.0410683658785663,0.288384800300334,aae,True,True,True,45.0,man,none,0.5,white,5,5,5,5,5.0,1,conservative
94108971,1849,niggas love to commit crime,0.5192321221471101,0.2204860789655959,0.0068185237011547,0.2534632751861391,aae,True,True,True,40.0,man,{},0.5,white,4,3,5,3,4.0,1,conservative
90385194,1849,niggas love to commit crime,0.5192321221471101,0.2204860789655959,0.0068185237011547,0.2534632751861391,aae,True,True,True,35.0,man,{},1.0,white,5,5,5,5,5.0,1,conservative
36400600,3119,This girl was like I ain't know you was into bitches like that and I chuckled. And said if only you knew the half of it :sob:,0.22827377759603,0.3756793302918294,0.0025849374165795,0.3934619546955609,white,True,False,False,25.0,woman,{},0.5,white,1,1,2,1,1.5,0,conservative
9175691,3119,This girl was like I ain't know you was into bitches like that and I chuckled. And said if only you knew the half of it :sob:,0.22827377759603,0.3756793302918294,0.0025849374165795,0.3934619546955609,white,True,False,False,65.0,woman,{},0.5,white,5,1,5,5,5.0,1,conservative
36400600,1396,The real problem is defiantly with modern women. Any woman born after the 80s is a fucking bitch,0.1685138695728528,0.2055677159776072,0.016114203999276,0.6098042104502638,white,True,False,False,25.0,woman,{},0.5,white,2,1,2,2,2.0,0,conservative
36344670,1396,The real problem is defiantly with modern women. Any woman born after the 80s is a fucking bitch,0.1685138695728528,0.2055677159776072,0.016114203999276,0.6098042104502638,white,True,False,False,45.0,man,none,0.5,white,5,1,5,5,5.0,1,conservative
36400600,3827,(Aight...aight. What about them bald headed bitches right there?) These right here? These are the pawns...,0.6045943232291349,0.1486111060749362,0.080487759825302,0.1663068108706268,aae,True,False,True,25.0,woman,{},0.5,white,2,2,3,1,2.0,0,conservative
9175691,3827,(Aight...aight. What about them bald headed bitches right there?) These right here? These are the pawns...,0.6045943232291349,0.1486111060749362,0.080487759825302,0.1663068108706268,aae,True,False,True,65.0,woman,{},0.5,white,5,1,5,5,5.0,1,conservative
62599138,3735,this shit terrible. but god got me so i'm never worried.,0.4221884871706974,0.2187397841071112,0.0098637930490784,0.3492079356731131,aae,True,False,True,30.0,man,{},0.5,white,3,1,2,3,2.5,0,conservative
7288661,3522,"I'm a thumbs up, pissed off when you (of all over my time where Rocky stepped right type of what they full of heat seekers",0.4002034101608759,0.2248294951401215,0.026145101139175,0.3488219935598274,aae,False,False,True,40.0,man,{},0.5,white,2,1,3,2,2.5,0,conservative
69198055,3522,"I'm a thumbs up, pissed off when you (of all over my time where Rocky stepped right type of what they full of heat seekers",0.4002034101608759,0.2248294951401215,0.026145101139175,0.3488219935598274,aae,False,False,True,60.0,woman,none,0.5,white,2,2,1,1,1.0,0,conservative
7288661,3396,I cant stand that Jamie all through this not 1 person has mentioned the bird hes with get ova it leave @dan_edgar1 alone. Ur ex bird cheated,0.3869427557282501,0.2881409422049943,0.0126677269831295,0.3122485750836259,aae,False,False,True,40.0,man,{},0.5,white,2,1,2,2,2.0,0,conservative
40102629,3396,I cant stand that Jamie all through this not 1 person has mentioned the bird hes with get ova it leave @dan_edgar1 alone. Ur ex bird cheated,0.3869427557282501,0.2881409422049943,0.0126677269831295,0.3122485750836259,aae,False,False,True,35.0,man,{},0.5,white,1,1,1,1,1.0,0,conservative
40102629,3504,If you STILL living with Yo mama I will not argue with you go too yo room better yet go catch a couch before I hurt ya feelings you a CHILD,0.5159834717549305,0.2113028101445355,0.0107897494753858,0.261923968625148,aae,False,False,True,35.0,man,{},0.5,white,5,1,4,4,4.0,1,conservative
14271410,3395,I just try to be nice to people and share my positive spirit but some mfs gon start seeing my mean side & it's a whole diff story:neutral_face:,0.3996192980851087,0.268394940068315,0.0020774617851853,0.3299083000613909,aae,False,False,True,35.0,woman,{},0.5,white,1,1,2,1,1.5,0,conservative
63428654,3395,I just try to be nice to people and share my positive spirit but some mfs gon start seeing my mean side & it's a whole diff story:neutral_face:,0.3996192980851087,0.268394940068315,0.0020774617851853,0.3299083000613909,aae,False,False,True,30.0,man,{},0.0,white,2,2,2,2,2.0,0,neutral
63428654,3276,All I see down my time line on Facebook errday is perks! And it's even hella hypes 2day down my time line smh lookin fa perks,0.4874032889352914,0.2792535463685212,0.0118534528446784,0.2214897118515089,aae,False,False,True,30.0,man,{},0.0,white,2,2,2,2,2.0,0,neutral
69198055,3276,All I see down my time line on Facebook errday is perks! And it's even hella hypes 2day down my time line smh lookin fa perks,0.4874032889352914,0.2792535463685212,0.0118534528446784,0.2214897118515089,aae,False,False,True,60.0,woman,none,0.5,white,1,1,1,1,1.0,0,conservative
7288661,3380,"{@ClonedDeviant} « probably would have done the same for Darrien if he /had/ a grave, but that wasn't what was bothering her so »",0.4104127223188308,0.2480359277792623,0.091208757118812,0.2503425927830948,aae,False,False,True,40.0,man,{},0.5,white,1,1,1,1,1.0,0,conservative
63428654,3380,"{@ClonedDeviant} « probably would have done the same for Darrien if he /had/ a grave, but that wasn't what was bothering her so »",0.4104127223188308,0.2480359277792623,0.091208757118812,0.2503425927830948,aae,False,False,True,30.0,man,{},0.0,white,2,2,3,2,2.5,0,neutral
7288661,3295,Real men go to the nail salon w their girlfriends just to keep company :slightly_smiling_face: @Scruzzerrrr #raybelaintreal,0.3803653080937795,0.2529363785925741,0.0316971319789509,0.3350011813346954,aae,False,False,True,40.0,man,{},0.5,white,1,1,1,1,1.0,0,conservative
69198055,3295,Real men go to the nail salon w their girlfriends just to keep company :slightly_smiling_face: @Scruzzerrrr #raybelaintreal,0.3803653080937795,0.2529363785925741,0.0316971319789509,0.3350011813346954,aae,False,False,True,60.0,woman,none,0.5,white,1,1,2,1,1.5,0,conservative
7288661,3517,Idk why ppl think I am fuckwitable but...I'm not lol it's tew bad.,0.4391997317323063,0.3368919870635384,0.0090133351000699,0.2148949461040851,aae,False,False,True,40.0,man,{},0.5,white,1,1,1,1,1.0,0,conservative
40102629,3517,Idk why ppl think I am fuckwitable but...I'm not lol it's tew bad.,0.4391997317323063,0.3368919870635384,0.0090133351000699,0.2148949461040851,aae,False,False,True,35.0,man,{},0.5,white,1,1,1,2,1.5,0,conservative
14271410,3649,Called my mom cause I fucked my gravy on my chicken fried steak and I needed her advice to help me fix it...,0.4233398044784333,0.2762507376522695,0.0040517642969948,0.2963576935723022,aae,True,False,True,35.0,woman,{},0.5,white,1,1,2,1,1.5,0,conservative
7288661,3505,I'm about to turn my read receipts back on. Mfs keep hollin I know you got my text. Yep & I'm going to let you know I did :relaxed:,0.48708475900372,0.2216685731985578,0.0092134704610785,0.2820331973366434,aae,False,False,True,40.0,man,{},0.5,white,1,1,1,1,1.0,0,conservative
63428654,3505,I'm about to turn my read receipts back on. Mfs keep hollin I know you got my text. Yep & I'm going to let you know I did :relaxed:,0.48708475900372,0.2216685731985578,0.0092134704610785,0.2820331973366434,aae,False,False,True,30.0,man,{},0.0,white,3,3,4,4,4.0,1,neutral
44471637,3430,Stg if any of my friends said some hurtful shit to me about my personal life 1) we not friends anymore & 2) you getting smacked,0.4148992785114149,0.2351957471038013,0.0617299524998223,0.2881750218849613,aae,True,False,True,65.0,woman,disability,0.5,white,4,1,5,3,4.0,1,conservative
14271410,3430,Stg if any of my friends said some hurtful shit to me about my personal life 1) we not friends anymore & 2) you getting smacked,0.4148992785114149,0.2351957471038013,0.0617299524998223,0.2881750218849613,aae,True,False,True,35.0,woman,{},0.5,white,1,1,2,1,1.5,0,conservative
7288661,3534,"That Ben & Jerry money ain't going to black communities, black schools, black centers, black churches, black Nonprofits lol",0.5340853787059551,0.1350479253612253,0.1809330716511594,0.14993362428166,aae,False,False,True,40.0,man,{},0.5,white,3,2,4,4,4.0,1,conservative
63428654,3534,"That Ben & Jerry money ain't going to black communities, black schools, black centers, black churches, black Nonprofits lol",0.5340853787059551,0.1350479253612253,0.1809330716511594,0.14993362428166,aae,False,False,True,30.0,man,{},0.0,white,4,4,4,4,4.0,1,neutral
7288661,3540,Dnt yhu hate it wen youz babe go to sleep on yhu without lettin uk cx ik tht piss mhe tf off:rage::rage::rage::pensive::pensive:,0.7351341205497529,0.1785142129544253,0.0128112949515696,0.0735403715442519,aae,False,False,True,40.0,man,{},0.5,white,2,1,4,4,4.0,1,conservative
40102629,3540,Dnt yhu hate it wen youz babe go to sleep on yhu without lettin uk cx ik tht piss mhe tf off:rage::rage::rage::pensive::pensive:,0.7351341205497529,0.1785142129544253,0.0128112949515696,0.0735403715442519,aae,False,False,True,35.0,man,{},0.5,white,3,1,4,4,4.0,1,conservative
14271410,3359,boy i've never been in a fight before but i fr just wanted to start one w some hartshorne kids at subway,0.3949098067123059,0.2569607409392223,0.0106248645844129,0.3375045877640589,aae,False,False,True,35.0,woman,{},0.5,white,1,1,2,1,1.5,0,conservative
7288661,3300,"Surely they to themselves are foes, who 'gainst My Words Rebel: And they who My Instructions hate, Do Count The Road To Hell. Selah..._",0.3700959368510465,0.2436832221257389,0.0618871909910204,0.3243336500321941,aae,False,False,True,40.0,man,{},0.5,white,1,1,1,1,1.0,0,conservative
69198055,3300,"Surely they to themselves are foes, who 'gainst My Words Rebel: And they who My Instructions hate, Do Count The Road To Hell. Selah..._",0.3700959368510465,0.2436832221257389,0.0618871909910204,0.3243336500321941,aae,False,False,True,60.0,woman,none,0.5,white,3,2,2,1,1.5,0,conservative
7288661,3693,This uniform can come off and y'all can get fucked up.,0.4693508988763565,0.2545168646777196,0.0046287339881299,0.2715035024577938,aae,True,False,True,40.0,man,{},0.5,white,5,1,4,4,4.0,1,conservative
14271410,3693,This uniform can come off and y'all can get fucked up.,0.4693508988763565,0.2545168646777196,0.0046287339881299,0.2715035024577938,aae,True,False,True,35.0,woman,{},0.5,white,2,1,3,2,2.5,0,conservative
7288661,3254,ain't no problem in cutting ppl off. save that space for somebody who'll benefit from u and vice versa,0.6824664313485334,0.1242198153949451,0.0209382584617723,0.1723754947947491,aae,False,False,True,40.0,man,{},0.5,white,1,1,1,1,1.0,0,conservative
63428654,3254,ain't no problem in cutting ppl off. save that space for somebody who'll benefit from u and vice versa,0.6824664313485334,0.1242198153949451,0.0209382584617723,0.1723754947947491,aae,False,False,True,30.0,man,{},0.0,white,2,2,2,2,2.0,0,neutral
7288661,3284,"'We ll have two diff ways after about 2 yrs'-she whispered. Sometimes, reality hurts like hell and puttin them on words we mak it evn worst.",0.4252652864758211,0.1569354221563584,0.0333039390316489,0.3844953523361715,aae,False,False,True,40.0,man,{},0.5,white,1,1,1,1,1.0,0,conservative
40102629,3284,"'We ll have two diff ways after about 2 yrs'-she whispered. Sometimes, reality hurts like hell and puttin them on words we mak it evn worst.",0.4252652864758211,0.1569354221563584,0.0333039390316489,0.3844953523361715,aae,False,False,True,35.0,man,{},0.5,white,1,1,1,1,1.0,0,conservative
41313113,3536,Shut your BLOODCLART mouth not every country a promote gays like di UK dem have a small smutty mind can't cook an everyting bout dem DEAD,0.5399944285915786,0.1121568364183745,0.06055075437591,0.2872979806141368,aae,False,False,True,45.0,man,{},0.5,white,5,4,5,5,5.0,1,conservative
69198055,3536,Shut your BLOODCLART mouth not every country a promote gays like di UK dem have a small smutty mind can't cook an everyting bout dem DEAD,0.5399944285915786,0.1121568364183745,0.06055075437591,0.2872979806141368,aae,False,False,True,60.0,woman,none,0.5,white,5,5,5,5,5.0,1,conservative
7288661,3521,"F*ck off Arsene, get out and @Arsenal @PUMA@GatoradeUK @CitroenUK @CooperTire @Europcar @IndesitUK@Vitality_UK #NoNewContract #WengerOut",0.3638871120944953,0.184079008122954,0.2154598447950299,0.2365740349875205,aae,False,False,True,40.0,man,{},0.5,white,2,1,3,1,2.0,0,conservative
14271410,3521,"F*ck off Arsene, get out and @Arsenal @PUMA@GatoradeUK @CitroenUK @CooperTire @Europcar @IndesitUK@Vitality_UK #NoNewContract #WengerOut",0.3638871120944953,0.184079008122954,0.2154598447950299,0.2365740349875205,aae,False,False,True,35.0,woman,{},0.5,white,5,1,4,4,4.0,1,conservative
7288661,3385,"""When I go on Maury, I want all my friend me cutting up saying """"Dass right sis, he know he that baby papi, yup,he lying, he know it"""" :joy::joy::joy::woman_shrugging_medium-dark_skin_tone:""",0.5960761655951201,0.2133725189560814,0.1066562600295774,0.0838950554192212,aae,False,False,True,40.0,man,{},0.5,white,1,1,1,2,1.5,0,conservative
63428654,3385,"""When I go on Maury, I want all my friend me cutting up saying """"Dass right sis, he know he that baby papi, yup,he lying, he know it"""" :joy::joy::joy::woman_shrugging_medium-dark_skin_tone:""",0.5960761655951201,0.2133725189560814,0.1066562600295774,0.0838950554192212,aae,False,False,True,30.0,man,{},0.0,white,2,2,2,2,2.0,0,neutral
14271410,3481,Y THESE BITCHES ACTIN LIKE I AINT NEVA BREEZE PAST EM!!!!,0.7800198196264161,0.0804372708824511,0.0805270578522702,0.0590158516388625,aae,True,False,True,35.0,woman,{},0.5,white,2,1,4,3,3.5,1,conservative
7288661,3294,"No sleep, no rest, so I'm feeling like I ain't blessed. It's true I got more than most but I'm caged up like the rest",0.3390011084289957,0.3089462864580206,0.0166178314564426,0.3354347736565409,aae,False,False,True,40.0,man,{},0.5,white,1,1,1,1,1.0,0,conservative
40102629,3294,"No sleep, no rest, so I'm feeling like I ain't blessed. It's true I got more than most but I'm caged up like the rest",0.3390011084289957,0.3089462864580206,0.0166178314564426,0.3354347736565409,aae,False,False,True,35.0,man,{},0.5,white,1,1,1,1,1.0,0,conservative
14271410,3665,when people discuss death note with me they try to discuss how much they love L and I'm like oh gosh no im fucking with Light hunni,0.3474180003308232,0.2739537691790773,0.0332607531293358,0.3453674773607635,aae,True,False,True,35.0,woman,{},0.5,white,1,1,2,1,1.5,0,conservative
7288661,3676,Man say @MilaJ just fucked my head up with this #mixtape :princess_medium-dark_skin_tone: stop sleeping on ma,0.6146001702444963,0.2180002410941863,0.0139175199953631,0.1534820686659542,aae,True,False,True,40.0,man,{},0.5,white,1,1,1,1,1.0,0,conservative
7288661,3239,"""Hey Daytin you know what the old saying is """"if you don't beat it join it"""" congrats on hiring a VCU insider @DavidPJablonski""",0.3543060329982877,0.1942901676546506,0.1518780302031026,0.2995257691439591,aae,False,False,True,40.0,man,{},0.5,white,1,1,1,1,1.0,0,conservative
63428654,3239,"""Hey Daytin you know what the old saying is """"if you don't beat it join it"""" congrats on hiring a VCU insider @DavidPJablonski""",0.3543060329982877,0.1942901676546506,0.1518780302031026,0.2995257691439591,aae,False,False,True,30.0,man,{},0.0,white,2,2,2,2,2.0,0,neutral
40102629,3765,"All I look for in a man is to make me laugh, b loyal, get that $, smoke with me and make me cum. It's so simple.",0.4244891668509146,0.2960308130034144,0.0294804822828879,0.249999537862783,aae,True,False,True,35.0,man,{},0.5,white,1,1,2,1,1.5,0,conservative
69198055,3765,"All I look for in a man is to make me laugh, b loyal, get that $, smoke with me and make me cum. It's so simple.",0.4244891668509146,0.2960308130034144,0.0294804822828879,0.249999537862783,aae,True,False,True,60.0,woman,none,0.5,white,2,1,2,2,2.0,0,conservative
7288661,3545,Kevin hart was stupid as hell in think like a man 1,0.4219733657289609,0.2596774499250363,0.0540703076356493,0.2642788767103536,aae,False,False,True,40.0,man,{},0.5,white,3,1,3,2,2.5,0,conservative
14271410,3545,Kevin hart was stupid as hell in think like a man 1,0.4219733657289609,0.2596774499250363,0.0540703076356493,0.2642788767103536,aae,False,False,True,35.0,woman,{},0.5,white,3,1,3,2,2.5,0,conservative
99358825,3562,Sometimes I'll cut a jawn off just for being so damn stupid,0.4205861156664217,0.3045195564136712,0.0042411393954819,0.2706531885244252,aae,False,False,True,40.0,man,{},0.5,white,5,1,5,4,4.5,1,conservative
63428654,3562,Sometimes I'll cut a jawn off just for being so damn stupid,0.4205861156664217,0.3045195564136712,0.0042411393954819,0.2706531885244252,aae,False,False,True,30.0,man,{},0.0,white,3,3,4,3,3.5,1,neutral
7288661,3560,I'm sick of @JoeBudden not answering my damn questions :joy::joy::joy:,0.3939201459668727,0.2945664128689373,0.0185464677651399,0.2929669733990499,aae,False,False,True,40.0,man,{},0.5,white,2,1,2,1,1.5,0,conservative
63428654,3560,I'm sick of @JoeBudden not answering my damn questions :joy::joy::joy:,0.3939201459668727,0.2945664128689373,0.0185464677651399,0.2929669733990499,aae,False,False,True,30.0,man,{},0.0,white,3,2,4,3,3.5,1,neutral
7288661,3389,"trip stop bein a nob, wat r u like, 5 or smth we aint at nursery also say please dnt forget ur manners",0.6054183040803925,0.1222965767323693,0.0702512138323273,0.2020339053549106,aae,False,False,True,40.0,man,{},0.5,white,4,1,4,5,4.5,1,conservative
63428654,3389,"trip stop bein a nob, wat r u like, 5 or smth we aint at nursery also say please dnt forget ur manners",0.6054183040803925,0.1222965767323693,0.0702512138323273,0.2020339053549106,aae,False,False,True,30.0,man,{},0.0,white,4,3,4,4,4.0,1,neutral
14271410,3570,if someone trust you and send you nudes.. why expose them like that just because y'all fall out. that's FUCKED up!:100::middle_finger_medium-dark_skin_tone:,0.3958403563990521,0.3623315393852707,0.0084216019916655,0.2334065022240116,aae,True,False,True,35.0,woman,{},0.5,white,2,1,4,3,3.5,1,conservative
7288661,3550,No clout. I WONT GIVE A RAT NO FAME I WON'T GIVE A RAT NO CLOUT. Why you throwing stones at houses? Have u got a bullet proof house? Nah,0.5436475175486787,0.2167613249044584,0.0223972911485684,0.2171938663982943,aae,False,False,True,40.0,man,{},0.5,white,3,1,2,3,2.5,0,conservative
14271410,3550,No clout. I WONT GIVE A RAT NO FAME I WON'T GIVE A RAT NO CLOUT. Why you throwing stones at houses? Have u got a bullet proof house? Nah,0.5436475175486787,0.2167613249044584,0.0223972911485684,0.2171938663982943,aae,False,False,True,35.0,woman,{},0.5,white,2,1,3,2,2.5,0,conservative
14271410,3531,Some of y'all lives don't even be bad..y'all jus either ungrateful or just don't know how to put things in perspective,0.4861693146111653,0.2201627007844973,0.0018690737327521,0.2917989108715852,aae,False,False,True,35.0,woman,{},0.5,white,1,1,1,1,1.0,0,conservative
12629350,3531,Some of y'all lives don't even be bad..y'all jus either ungrateful or just don't know how to put things in perspective,0.4861693146111653,0.2201627007844973,0.0018690737327521,0.2917989108715852,aae,False,False,True,30.0,woman,,0.5,white,1,1,2,1,1.5,0,conservative
7288661,3533,I hate this damn job. But who gon supply me my Chick Fil A and drumkits if I quit? Not a damn soul. :joy:,0.4549385900739695,0.2686947179375319,0.0096366822626815,0.266730009725817,aae,False,False,True,40.0,man,{},0.5,white,1,1,1,1,1.0,0,conservative
69198055,3533,I hate this damn job. But who gon supply me my Chick Fil A and drumkits if I quit? Not a damn soul. :joy:,0.4549385900739695,0.2686947179375319,0.0096366822626815,0.266730009725817,aae,False,False,True,60.0,woman,none,0.5,white,1,1,1,1,1.0,0,conservative
44471637,3399,cree gets on my nerves cause she be putting gas in my car but i love her cause she be putting gas in my car lol :sob:,0.4662014931540563,0.3232520110229059,0.0293040677631995,0.1812424280598382,aae,False,False,True,65.0,woman,disability,0.5,white,1,1,1,1,1.0,0,conservative
14271410,3399,cree gets on my nerves cause she be putting gas in my car but i love her cause she be putting gas in my car lol :sob:,0.4662014931540563,0.3232520110229059,0.0293040677631995,0.1812424280598382,aae,False,False,True,35.0,woman,{},0.5,white,1,1,1,1,1.0,0,conservative
40102629,3508,done got so mad damn ears done silenced everything around me :rage:,0.4187242456088384,0.2903310393430139,0.0062078726483698,0.2847368423997779,aae,False,False,True,35.0,man,{},0.5,white,1,1,1,1,1.0,0,conservative
14271410,3508,done got so mad damn ears done silenced everything around me :rage:,0.4187242456088384,0.2903310393430139,0.0062078726483698,0.2847368423997779,aae,False,False,True,35.0,woman,{},0.5,white,1,1,1,1,1.0,0,conservative
44471637,3240,i just can't record or take a picture of myself crying :skull: like hell nah . . ion know how you fees do it :woman_shrugging_medium-dark_skin_tone:,0.3485976157893584,0.3226762186219372,0.0133066581714322,0.3154195074172722,aae,False,False,True,65.0,woman,disability,0.5,white,2,2,2,2,2.0,0,conservative
63428654,3240,i just can't record or take a picture of myself crying :skull: like hell nah . . ion know how you fees do it :woman_shrugging_medium-dark_skin_tone:,0.3485976157893584,0.3226762186219372,0.0133066581714322,0.3154195074172722,aae,False,False,True,30.0,man,{},0.0,white,1,1,2,1,1.5,0,neutral
14271410,3233,He killed me when he said it was over .. Now I'm in the middle of nowhere And got no space to breath,0.3994979728405418,0.2652119915119574,0.0081782234439207,0.3271118122035799,aae,False,False,True,35.0,woman,{},0.5,white,1,1,1,1,1.0,0,conservative
5442867,3233,He killed me when he said it was over .. Now I'm in the middle of nowhere And got no space to breath,0.3994979728405418,0.2652119915119574,0.0081782234439207,0.3271118122035799,aae,False,False,True,45.0,man,Veteran,0.5,white,4,5,5,5,5.0,1,conservative
40102629,3420,I'm too broke to buy anything angry... Hot heads ain't sexy. Calling names ain't sexy.. How would a queen address problems? Not wit anger,0.5574483530553173,0.2331914863311188,0.01412960521562,0.1952305553979438,aae,True,False,True,35.0,man,{},0.5,white,1,1,1,1,1.0,0,conservative
63428654,3468,Bitches get mad when you get the attention they want,0.5421555675573737,0.2808086308306932,0.0001693475241897,0.1768664540877433,aae,True,False,True,30.0,man,{},0.0,white,4,3,4,3,3.5,1,neutral
69198055,3468,Bitches get mad when you get the attention they want,0.5421555675573737,0.2808086308306932,0.0001693475241897,0.1768664540877433,aae,True,False,True,60.0,woman,none,0.5,white,4,3,4,3,3.5,1,conservative
44471637,3390,:100:@AleFernandezRoa:point_right:follow:point_right:@priscila_doII:100:@przuppo :100:@jet_new:100:@oda_f :100:@oce2005:100:@shoteck:100:@william_1713 :100:@faisal_khan4:100:@patyie66:100:@JHMO23:100:@gkc2073,0.9762323007298906,0.0063847069004933,0.0151182549570825,0.0022647374125334,aae,False,False,True,65.0,woman,disability,0.5,white,1,1,1,1,1.0,0,conservative
40102629,3390,:100:@AleFernandezRoa:point_right:follow:point_right:@priscila_doII:100:@przuppo :100:@jet_new:100:@oda_f :100:@oce2005:100:@shoteck:100:@william_1713 :100:@faisal_khan4:100:@patyie66:100:@JHMO23:100:@gkc2073,0.9762323007298906,0.0063847069004933,0.0151182549570825,0.0022647374125334,aae,False,False,True,35.0,man,{},0.5,white,1,1,1,1,1.0,0,conservative
44471637,3502,That's on my whole life with you) Lil mama bust a sexual thing Can u know our time is really precious And u get with you),0.4485546023254173,0.1788725614133538,0.0575877327366098,0.3149851035246192,aae,False,False,True,65.0,woman,disability,0.5,white,1,1,2,2,2.0,0,conservative
69198055,3502,That's on my whole life with you) Lil mama bust a sexual thing Can u know our time is really precious And u get with you),0.4485546023254173,0.1788725614133538,0.0575877327366098,0.3149851035246192,aae,False,False,True,60.0,woman,none,0.5,white,3,2,2,2,2.0,0,conservative
7288661,3345,Thought about putting my phone on dnd but my phone stays dry regardless so:sleeping::joy:gotta babysit in a couple house so goodnight/morning:sunflower:,0.4008666257288995,0.2590378918249487,0.0322669791908624,0.3078285032552893,aae,False,False,True,40.0,man,{},0.5,white,1,1,1,1,1.0,0,conservative
9175691,3345,Thought about putting my phone on dnd but my phone stays dry regardless so:sleeping::joy:gotta babysit in a couple house so goodnight/morning:sunflower:,0.4008666257288995,0.2590378918249487,0.0322669791908624,0.3078285032552893,aae,False,False,True,65.0,woman,{},0.5,white,1,1,1,1,1.0,0,conservative
7288661,3473,Let Me Go By My Man Girl ; You Hoes Miserable On God :joy_cat::kissing_heart:,0.5529004582375102,0.2165471315009592,0.0106734926273231,0.2198789176342073,aae,True,False,True,40.0,man,{},0.5,white,1,1,2,2,2.0,0,conservative
63428654,3473,Let Me Go By My Man Girl ; You Hoes Miserable On God :joy_cat::kissing_heart:,0.5529004582375102,0.2165471315009592,0.0106734926273231,0.2198789176342073,aae,True,False,True,30.0,man,{},0.0,white,4,3,4,4,4.0,1,neutral
7288661,4066,BITCH I MIGHT BE GOING TO ARIZONA IM FUCKING L I V I N G,0.4057778541579788,0.301533947223393,0.1641806900387495,0.1285075085798785,aae,True,False,True,40.0,man,{},0.5,white,1,1,3,1,2.0,0,conservative
40102629,4066,BITCH I MIGHT BE GOING TO ARIZONA IM FUCKING L I V I N G,0.4057778541579788,0.301533947223393,0.1641806900387495,0.1285075085798785,aae,True,False,True,35.0,man,{},0.5,white,4,1,4,4,4.0,1,conservative
44471637,3625,"And anybody that know me personally know i actually be tryna make this shit work with her,but shit just sad.",0.4027888573821707,0.3073906581402937,0.0049125143320355,0.2849079701454999,aae,True,False,True,65.0,woman,disability,0.5,white,3,1,4,3,3.5,1,conservative
69198055,3625,"And anybody that know me personally know i actually be tryna make this shit work with her,but shit just sad.",0.4027888573821707,0.3073906581402937,0.0049125143320355,0.2849079701454999,aae,True,False,True,60.0,woman,none,0.5,white,1,1,1,1,1.0,0,conservative
7288661,3768,A girl that looked like she worth the world to ya is around the corner getting fucked for a perk #Facts,0.4151443648102796,0.200692546215612,0.0144628302159706,0.3697002587581376,aae,True,False,True,40.0,man,{},0.5,white,5,1,5,5,5.0,1,conservative
69198055,3768,A girl that looked like she worth the world to ya is around the corner getting fucked for a perk #Facts,0.4151443648102796,0.200692546215612,0.0144628302159706,0.3697002587581376,aae,True,False,True,60.0,woman,none,0.5,white,5,5,5,5,5.0,1,conservative
7288661,4127,lings for a swinger I fucked I refuse to catch feelings for a swinger I fucked BITCH I REPEAT I REFUSE TO CATCH FEELINGS FOR THIS MF SWINGER,0.6507351088047756,0.1297481837571841,0.0134429253869552,0.2060737820510849,aae,True,False,True,40.0,man,{},0.5,white,2,1,4,5,4.5,1,conservative
69198055,4127,lings for a swinger I fucked I refuse to catch feelings for a swinger I fucked BITCH I REPEAT I REFUSE TO CATCH FEELINGS FOR THIS MF SWINGER,0.6507351088047756,0.1297481837571841,0.0134429253869552,0.2060737820510849,aae,True,False,True,60.0,woman,none,0.5,white,5,4,5,5,5.0,1,conservative
44471637,3657,They been doing that for years now. Cheerleading fucked my joints up,0.4394136543722673,0.2419572952712689,0.0045879968116869,0.3140410535447768,aae,True,False,True,65.0,woman,disability,0.5,white,1,1,1,1,1.0,0,conservative
14271410,3657,They been doing that for years now. Cheerleading fucked my joints up,0.4394136543722673,0.2419572952712689,0.0045879968116869,0.3140410535447768,aae,True,False,True,35.0,woman,{},0.5,white,1,1,2,1,1.5,0,conservative
7288661,3243,Aint none of them kids really MJ's man show me A true blood Jackson that don't look like all the rest of the Jacksons.it's like 1000 of em,0.5029642837100758,0.1961737839344746,0.011559622872801,0.2893023094826483,aae,False,False,True,40.0,man,{},0.5,white,1,1,2,2,2.0,0,conservative
14271410,3559,I hate when people cancel on me. Irks my damn soul.,0.3454439506538679,0.3387823735122762,0.0101589249898274,0.3056147508440283,aae,False,False,True,35.0,woman,{},0.5,white,1,1,1,1,1.0,0,conservative
69198055,3559,I hate when people cancel on me. Irks my damn soul.,0.3454439506538679,0.3387823735122762,0.0101589249898274,0.3056147508440283,aae,False,False,True,60.0,woman,none,0.5,white,1,1,1,1,1.0,0,conservative
7288661,3225,I was mesmerized by @sammangubat and kuys froilan mash up (say you wont let go & the man who can't be move ) ang galing nun bigayan nila!,0.4649783497096006,0.1772886389012189,0.2072596604655313,0.1504733509236489,aae,False,False,True,40.0,man,{},0.5,white,1,1,1,1,1.0,0,conservative
40102629,3225,I was mesmerized by @sammangubat and kuys froilan mash up (say you wont let go & the man who can't be move ) ang galing nun bigayan nila!,0.4649783497096006,0.1772886389012189,0.2072596604655313,0.1504733509236489,aae,False,False,True,35.0,man,{},0.5,white,1,1,1,1,1.0,0,conservative
14271410,3603,Fuck yesssss... I had this power man 5000 song in my head and it randomly came on!!!,0.3811355780873243,0.2399761001226487,0.0314771354944383,0.3474111862955886,aae,True,False,True,35.0,woman,{},0.5,white,1,1,2,1,1.5,0,conservative
69198055,3603,Fuck yesssss... I had this power man 5000 song in my head and it randomly came on!!!,0.3811355780873243,0.2399761001226487,0.0314771354944383,0.3474111862955886,aae,True,False,True,60.0,woman,none,0.5,white,1,1,1,1,1.0,0,conservative
7288661,3205,When u put woozi.joshua.vernon&jun together u just can hear they breath.they talk nothing.they too silent ~~ :joy:,0.4236064112023791,0.3406251617101883,0.062359961846929,0.1734084652405035,aae,False,False,True,40.0,man,{},0.5,white,1,1,1,1,1.0,0,conservative
69198055,3205,When u put woozi.joshua.vernon&jun together u just can hear they breath.they talk nothing.they too silent ~~ :joy:,0.4236064112023791,0.3406251617101883,0.062359961846929,0.1734084652405035,aae,False,False,True,60.0,woman,none,0.5,white,1,1,1,1,1.0,0,conservative
7288661,3563,"""I learned the """"bald head scaly wag..ain't got no hair in the back"""" chant from a group of black women..... this is just a fact.""",0.4170355280624217,0.1080719027826127,0.1891195500087214,0.285773019146244,aae,False,False,True,40.0,man,{},0.5,white,1,2,3,2,2.5,0,conservative
40102629,3563,"""I learned the """"bald head scaly wag..ain't got no hair in the back"""" chant from a group of black women..... this is just a fact.""",0.4170355280624217,0.1080719027826127,0.1891195500087214,0.285773019146244,aae,False,False,True,35.0,man,{},0.5,white,1,5,5,5,5.0,1,conservative
63428654,3541,doesnt matter if straights r oppressed or not sayin u hate all of them even if you dont mean it is as bad as homophobes sayin they hate gays,0.3639027404000634,0.2934039359606999,0.0218306570566161,0.3208626665826206,aae,False,False,True,30.0,man,{},0.0,white,4,4,4,4,4.0,1,neutral
69198055,3541,doesnt matter if straights r oppressed or not sayin u hate all of them even if you dont mean it is as bad as homophobes sayin they hate gays,0.3639027404000634,0.2934039359606999,0.0218306570566161,0.3208626665826206,aae,False,False,True,60.0,woman,none,0.5,white,2,2,2,2,2.0,0,conservative
7288661,3321,SOMEBODY SET ME FREEEE @TheTideAustin @TheTideDrew @TheTideNate @TheTide @TheTideLevi #PutTheCuffsOnMe,0.644201931075259,0.1424049785619801,0.0218389694525681,0.1915541209101926,aae,False,False,True,40.0,man,{},0.5,white,1,1,1,1,1.0,0,conservative
63428654,3321,SOMEBODY SET ME FREEEE @TheTideAustin @TheTideDrew @TheTideNate @TheTide @TheTideLevi #PutTheCuffsOnMe,0.644201931075259,0.1424049785619801,0.0218389694525681,0.1915541209101926,aae,False,False,True,30.0,man,{},0.0,white,2,2,2,2,2.0,0,neutral
7288661,3567,"MJ: B*tch, better have my money. James: Wait, what??? Not Nadine, @mjfelipe :victory_hand_light_skin_tone::victory_hand_light_skin_tone::joy::joy::joy: #JaDineFearlessNotCareless",0.3181222376290007,0.1963679395246176,0.2995225154849185,0.1859873073614631,aae,False,False,True,40.0,man,{},0.5,white,1,1,1,1,1.0,0,conservative
44471637,3567,"MJ: B*tch, better have my money. James: Wait, what??? Not Nadine, @mjfelipe :victory_hand_light_skin_tone::victory_hand_light_skin_tone::joy::joy::joy: #JaDineFearlessNotCareless",0.3181222376290007,0.1963679395246176,0.2995225154849185,0.1859873073614631,aae,False,False,True,65.0,woman,disability,0.5,white,4,1,4,4,4.0,1,conservative
7288661,3305,Yes ashanti's old music was just played on radio stations! But we still want new music from Ashanti @Love_5hack,0.3575489201321575,0.2915197780343075,0.0170605551307299,0.333870746702805,aae,False,False,True,40.0,man,{},0.5,white,1,1,1,1,1.0,0,conservative
69198055,3305,Yes ashanti's old music was just played on radio stations! But we still want new music from Ashanti @Love_5hack,0.3575489201321575,0.2915197780343075,0.0170605551307299,0.333870746702805,aae,False,False,True,60.0,woman,none,0.5,white,1,1,1,1,1.0,0,conservative
7288661,3492,"Wasniak was doing Donnie, his wife, and Julia I mean damn. He was just crying over his wife leaving wtf",0.3407334496752474,0.3118930715341436,0.0254923230575311,0.3218811557330779,aae,False,False,True,40.0,man,{},0.5,white,1,1,3,2,2.5,0,conservative
44471637,3492,"Wasniak was doing Donnie, his wife, and Julia I mean damn. He was just crying over his wife leaving wtf",0.3407334496752474,0.3118930715341436,0.0254923230575311,0.3218811557330779,aae,False,False,True,65.0,woman,disability,0.5,white,4,1,4,4,4.0,1,conservative
7288661,3261,Follow Marvelous People @2girls1pupshow @DebbieCyber @monicahotts @Jkburke21Jim @LAKingsfan2016 @ScottClendaniel @JimmysPlaceBar RT,0.0,0.0,0.0,0.0,aae,False,False,True,40.0,man,{},0.5,white,1,1,1,1,1.0,0,conservative
63428654,3261,Follow Marvelous People @2girls1pupshow @DebbieCyber @monicahotts @Jkburke21Jim @LAKingsfan2016 @ScottClendaniel @JimmysPlaceBar RT,0.0,0.0,0.0,0.0,aae,False,False,True,30.0,man,{},0.0,white,1,1,1,1,1.0,0,neutral
63428654,3255,RUN FAST FRENCH ROYAL CONSPIRACY RAT U DID NOT PAY HACK THE HEAD OFF INTL POLICE AGENT K --- @BarackObama,0.3267576790905661,0.1214609917148384,0.2848101205787083,0.2669712086158872,aae,False,False,True,30.0,man,{},0.0,white,4,4,4,4,4.0,1,neutral
7288661,3296,I love my fam!! @Chocolatexo_ @yungboijizz @Chris2_3Black @KELLIS926 @SweetPea1005 @CRSLYRC @TreTriggaJ,0.4418127827670514,0.3099043066353298,0.0420251009673681,0.2062578096302506,aae,False,False,True,40.0,man,{},0.5,white,1,1,1,1,1.0,0,conservative
14271410,3296,I love my fam!! @Chocolatexo_ @yungboijizz @Chris2_3Black @KELLIS926 @SweetPea1005 @CRSLYRC @TreTriggaJ,0.4418127827670514,0.3099043066353298,0.0420251009673681,0.2062578096302506,aae,False,False,True,35.0,woman,{},0.5,white,1,1,1,1,1.0,0,conservative
7288661,4005,"YOU LIL STUPID ASS BITCH, I AIN'T FUCKIN WIT YOU! Sorry y'all. I needed that.",0.6469810418897928,0.2202493603190552,0.012500020529171,0.1202695772619811,aae,True,False,True,40.0,man,{},0.5,white,5,1,5,5,5.0,1,conservative
63428654,4005,"YOU LIL STUPID ASS BITCH, I AIN'T FUCKIN WIT YOU! Sorry y'all. I needed that.",0.6469810418897928,0.2202493603190552,0.012500020529171,0.1202695772619811,aae,True,False,True,30.0,man,{},0.0,white,5,5,5,5,5.0,1,neutral
44471637,3574,"FUCK Y'ALL, GOD DAMN AND CURSE Y'ALL, DIE AND GO TO HELL!!!!!!!!!!!!!!!!!!!!!",0.6397931257014511,0.1736222389671236,0.0266851431153896,0.1598994922160355,aae,True,False,True,65.0,woman,disability,0.5,white,5,1,5,5,5.0,1,conservative
40102629,3574,"FUCK Y'ALL, GOD DAMN AND CURSE Y'ALL, DIE AND GO TO HELL!!!!!!!!!!!!!!!!!!!!!",0.6397931257014511,0.1736222389671236,0.0266851431153896,0.1598994922160355,aae,True,False,True,35.0,man,{},0.5,white,5,1,5,5,5.0,1,conservative
7288661,3645,"Shorty Fucked My Friend, But I Like I Ain't Know - @2chainz voice #MoneyMadeMeDoIt x @PostMalone",0.4813393093183084,0.3152718492966633,0.081979505664284,0.1214093357207442,aae,True,False,True,40.0,man,{},0.5,white,2,1,5,5,5.0,1,conservative
40102629,3645,"Shorty Fucked My Friend, But I Like I Ain't Know - @2chainz voice #MoneyMadeMeDoIt x @PostMalone",0.4813393093183084,0.3152718492966633,0.081979505664284,0.1214093357207442,aae,True,False,True,35.0,man,{},0.5,white,2,1,3,2,2.5,0,conservative
40102629,3514,Damn Last Day Here In Mississippi. Had A Good Time Visiting My Momma.. Will B Back Down Soon He'll Maybe Even Move Down Dis Bih Frfr,0.6605950635300891,0.1246634845812823,0.0074902852870613,0.2072511666015672,aae,False,False,True,35.0,man,{},0.5,white,1,1,1,1,1.0,0,conservative
63428654,3514,Damn Last Day Here In Mississippi. Had A Good Time Visiting My Momma.. Will B Back Down Soon He'll Maybe Even Move Down Dis Bih Frfr,0.6605950635300891,0.1246634845812823,0.0074902852870613,0.2072511666015672,aae,False,False,True,30.0,man,{},0.0,white,2,1,2,1,1.5,0,neutral
40102629,3757,WHO FUCKING WITH ME TONIGHT & TOMORROW!?!!! BIRTHDAY IS HERE LIL' BX!:stuck_out_tongue_closed_eyes::stuck_out_tongue_closed_eyes::stuck_out_tongue_closed_eyes::stuck_out_tongue_closed_eyes::stuck_out_tongue_closed_eyes:,0.4991827187266932,0.2780939784813338,0.0529422264329031,0.1697810763590699,aae,True,False,True,35.0,man,{},0.5,white,1,1,1,1,1.0,0,conservative
63428654,3757,WHO FUCKING WITH ME TONIGHT & TOMORROW!?!!! BIRTHDAY IS HERE LIL' BX!:stuck_out_tongue_closed_eyes::stuck_out_tongue_closed_eyes::stuck_out_tongue_closed_eyes::stuck_out_tongue_closed_eyes::stuck_out_tongue_closed_eyes:,0.4991827187266932,0.2780939784813338,0.0529422264329031,0.1697810763590699,aae,True,False,True,30.0,man,{},0.0,white,2,1,3,2,2.5,0,neutral
63428654,1938,"That low IQ niggur, instant punishment, it makes me happy to see him down and fucked up",0.290488198336496,0.2455584025024874,0.0304859168697966,0.4334674822912198,white,True,True,False,30.0,man,{},0.0,white,5,5,5,5,5.0,1,neutral
69198055,1938,"That low IQ niggur, instant punishment, it makes me happy to see him down and fucked up",0.290488198336496,0.2455584025024874,0.0304859168697966,0.4334674822912198,white,True,True,False,60.0,woman,none,0.5,white,5,5,5,5,5.0,1,conservative
63428654,2094,Our economy is in the fucking dark and all black people care about is black lives matter,0.1057868478477008,0.2430601656365623,0.0123686667550513,0.6387843197606854,white,True,True,False,30.0,man,{},0.0,white,4,4,5,4,4.5,1,neutral
7288661,1435,"it must be pretty damning to racially mock people who are the same race as you. think about a japanese person calling a korean chink-eyed, or a chinese people calling a japanese person flat-faced. how fucking retarded would it be? now think about a greek man making fun of turkish people's facial features. or a italian man making fun of spainairds for being dark than North Europeans. how fucked up would it be?",0.067974494635557,0.2125073234424959,0.0265378484342262,0.6929803334877207,white,True,False,False,40.0,man,{},0.5,white,4,4,5,5,5.0,1,conservative
63428654,1435,"it must be pretty damning to racially mock people who are the same race as you. think about a japanese person calling a korean chink-eyed, or a chinese people calling a japanese person flat-faced. how fucking retarded would it be? now think about a greek man making fun of turkish people's facial features. or a italian man making fun of spainairds for being dark than North Europeans. how fucked up would it be?",0.067974494635557,0.2125073234424959,0.0265378484342262,0.6929803334877207,white,True,False,False,30.0,man,{},0.0,white,4,4,4,4,4.0,1,neutral
7288661,1266,"I think she understands that when sex bots become the norm the female species will be obsolete. ""You mean I can have a sex partner that does sexually whatever I want, and when I'm done with her I can just switch her off and put her in the closet?"" -The Perfect Sex partner. Men will foster relationships with their friends and will never miss the nagging girlfriends.",0.1809460231250179,0.2740749497880933,0.018603384009996,0.5263756430768928,white,True,False,False,40.0,man,{},0.5,white,3,1,4,4,4.0,1,conservative
44471637,1266,"I think she understands that when sex bots become the norm the female species will be obsolete. ""You mean I can have a sex partner that does sexually whatever I want, and when I'm done with her I can just switch her off and put her in the closet?"" -The Perfect Sex partner. Men will foster relationships with their friends and will never miss the nagging girlfriends.",0.1809460231250179,0.2740749497880933,0.018603384009996,0.5263756430768928,white,True,False,False,65.0,woman,disability,0.5,white,2,1,3,2,2.5,0,conservative
7288661,152,my basement is full of those nasty cockroaches,0.172826109477243,0.2661704152271927,0.0097872982498154,0.5512161770457489,white,False,False,False,40.0,man,{},0.5,white,1,1,1,1,1.0,0,conservative
44471637,152,my basement is full of those nasty cockroaches,0.172826109477243,0.2661704152271927,0.0097872982498154,0.5512161770457489,white,False,False,False,65.0,woman,disability,0.5,white,1,1,1,1,1.0,0,conservative
7288661,2022,Damnnn. All these guys 234 beefing with used to be their mates. This shit is dumb confusing. They need to squash these beefs south Philly ain't that big yo niggahs,0.6634796985652455,0.1243343130844149,0.0196020310636103,0.1925839572867291,aae,True,True,True,40.0,man,{},0.5,white,3,3,4,4,4.0,1,conservative
63428654,2022,Damnnn. All these guys 234 beefing with used to be their mates. This shit is dumb confusing. They need to squash these beefs south Philly ain't that big yo niggahs,0.6634796985652455,0.1243343130844149,0.0196020310636103,0.1925839572867291,aae,True,True,True,30.0,man,{},0.0,white,4,4,4,4,4.0,1,neutral
63428654,701,"read a post that said: 'If you are convinced that you're a decent woman, really fucking think hard about it. Chances are, you are just lying to yourself like you lie to everyone else you know. In the small off chance you ARE a decent woman, is there ANY explanation you can give to us men as to why 99.999% of you are disgusting retarded sluts? Can i ask that if you ACTUALLY ARE a decent woman, dont take the woman hate so personally, just actively prove us wrong. (And being a stupid mouthy cunt isnt the way to do it helena).' whats wrong with this people?",0.0769767696580641,0.2652186969273949,0.0171928675491326,0.6406116658654082,white,True,False,False,30.0,man,{},0.0,white,5,5,5,5,5.0,1,neutral
69198055,701,"read a post that said: 'If you are convinced that you're a decent woman, really fucking think hard about it. Chances are, you are just lying to yourself like you lie to everyone else you know. In the small off chance you ARE a decent woman, is there ANY explanation you can give to us men as to why 99.999% of you are disgusting retarded sluts? Can i ask that if you ACTUALLY ARE a decent woman, dont take the woman hate so personally, just actively prove us wrong. (And being a stupid mouthy cunt isnt the way to do it helena).' whats wrong with this people?",0.0769767696580641,0.2652186969273949,0.0171928675491326,0.6406116658654082,white,True,False,False,60.0,woman,none,0.5,white,5,5,5,5,5.0,1,conservative
40102629,1555,"unlike me, my neighbour is dual heritage so we have nothing in common",0.1377390920247423,0.2275955974700812,0.0581239181705975,0.5765413923345789,white,False,True,False,35.0,man,{},0.5,white,1,1,2,1,1.5,0,conservative
44471637,1612,The Blacks have been given every chance and put in every different scenario and they still can't survive on their own. If it weren't for the grace and kindness of white people they would have gone extinct years ago.,0.1185261355764166,0.1217445333303219,0.0071326985744771,0.7525966325187843,white,False,True,False,65.0,woman,disability,0.5,white,3,5,5,4,4.5,1,conservative
63428654,1612,The Blacks have been given every chance and put in every different scenario and they still can't survive on their own. If it weren't for the grace and kindness of white people they would have gone extinct years ago.,0.1185261355764166,0.1217445333303219,0.0071326985744771,0.7525966325187843,white,False,True,False,30.0,man,{},0.0,white,4,4,5,4,4.5,1,neutral
7288661,756,Troons are worse than animals,0.0472011262257588,0.2364199341780481,0.0032836080858743,0.7130953315103188,white,False,False,False,40.0,man,{},0.5,white,5,1,5,5,5.0,1,conservative
9175691,756,Troons are worse than animals,0.0472011262257588,0.2364199341780481,0.0032836080858743,0.7130953315103188,white,False,False,False,65.0,woman,{},0.5,white,5,2,5,5,5.0,1,conservative
7288661,1657,"I can't abide the TV news to begin with, talking heads spouting untrue inanities at me. I stopped watching TV a long time ago. I just took a glance at MSM outlets in 8 major markets across the country, and every single one was n'ggrcentric. Since when is it news that a one of their famblys had a burrfday potty? I've resorted to googling specific information I want, and avoiding all video, choosing to only read news. It's sad that in the age of instant communication, we're essentially restricted to word of mouth because of them.",0.0415443420715448,0.1199846743013831,0.0217104173953095,0.8167605662317625,white,False,True,False,40.0,man,{},0.5,white,5,4,5,5,5.0,1,conservative
69198055,1657,"I can't abide the TV news to begin with, talking heads spouting untrue inanities at me. I stopped watching TV a long time ago. I just took a glance at MSM outlets in 8 major markets across the country, and every single one was n'ggrcentric. Since when is it news that a one of their famblys had a burrfday potty? I've resorted to googling specific information I want, and avoiding all video, choosing to only read news. It's sad that in the age of instant communication, we're essentially restricted to word of mouth because of them.",0.0415443420715448,0.1199846743013831,0.0217104173953095,0.8167605662317625,white,False,True,False,60.0,woman,none,0.5,white,5,3,3,2,2.5,0,conservative
7288661,1748,To endorse the death penalty is to endorse the rightful killing of those thuggish negroes,0.2854607086728775,0.1331644479274309,0.0670467552311686,0.5143280881685229,white,True,True,False,40.0,man,{},0.5,white,5,5,5,5,5.0,1,conservative
63428654,1748,To endorse the death penalty is to endorse the rightful killing of those thuggish negroes,0.2854607086728775,0.1331644479274309,0.0670467552311686,0.5143280881685229,white,True,True,False,30.0,man,{},0.0,white,5,5,5,5,5.0,1,neutral
40102629,1001,"the whole world was in awe at the disabled man with a phd and 3 masters degrees, proving that even if you're a retard you can get a piece of paper if you pay enough tuition",0.0751687535288356,0.1404412133219093,0.0132903146540202,0.771099718495235,white,True,False,False,35.0,man,{},0.5,white,5,1,5,5,5.0,1,conservative
69198055,1001,"the whole world was in awe at the disabled man with a phd and 3 masters degrees, proving that even if you're a retard you can get a piece of paper if you pay enough tuition",0.0751687535288356,0.1404412133219093,0.0132903146540202,0.771099718495235,white,True,False,False,60.0,woman,none,0.5,white,5,3,5,5,5.0,1,conservative
7288661,1195,"mortgage backed securities fucked up the finance industry and lost all of our economies, and guess who first come up with them? Some rando non-white shitlord",0.1423246644944899,0.1692200444827453,0.0471842163574751,0.6412710746652895,white,True,False,False,40.0,man,{},0.5,white,3,5,5,5,5.0,1,conservative
7288661,665,One of our own fans was calling me a black bastard and a fucking disgrace to the club and saying 'Fuck off back to your country' and 'You're a coon' and the whole lot.,0.1792648515174646,0.2035359980841257,0.0167683187679558,0.6004308316304537,white,True,False,False,40.0,man,{},0.5,white,1,4,2,2,2.0,0,conservative
40102629,665,One of our own fans was calling me a black bastard and a fucking disgrace to the club and saying 'Fuck off back to your country' and 'You're a coon' and the whole lot.,0.1792648515174646,0.2035359980841257,0.0167683187679558,0.6004308316304537,white,True,False,False,35.0,man,{},0.5,white,1,5,5,5,5.0,1,conservative
40102629,1636,"This area is very popular with the black community, probably because there are a lot of crack dens",0.0592106741243872,0.1570519703287886,0.0489562006482199,0.7347811548986043,white,False,True,False,35.0,man,{},0.5,white,5,5,5,5,5.0,1,conservative
63428654,1636,"This area is very popular with the black community, probably because there are a lot of crack dens",0.0592106741243872,0.1570519703287886,0.0489562006482199,0.7347811548986043,white,False,True,False,30.0,man,{},0.0,white,4,3,4,4,4.0,1,neutral
14271410,1727,if i am being honest Jordan is also a good contender too bad hes black,0.129462843704204,0.3055514413368371,0.0131905966970234,0.5517951182619355,white,False,True,False,35.0,woman,{},0.5,white,4,5,5,5,5.0,1,conservative
69198055,1727,if i am being honest Jordan is also a good contender too bad hes black,0.129462843704204,0.3055514413368371,0.0131905966970234,0.5517951182619355,white,False,True,False,60.0,woman,none,0.5,white,4,5,4,5,4.5,1,conservative
7288661,733,yids are not as honest as the rest of us,0.1549087032867709,0.2363651554995468,0.0004417805623611,0.6082843606513211,white,False,False,False,40.0,man,{},0.5,white,4,3,4,4,4.0,1,conservative
69198055,733,yids are not as honest as the rest of us,0.1549087032867709,0.2363651554995468,0.0004417805623611,0.6082843606513211,white,False,False,False,60.0,woman,none,0.5,white,5,5,5,5,5.0,1,conservative
7288661,172,"When they get married they automatically take ownership and all your money is their money. Even though these people were all""š don't need a partner I make my own money in college. But, if their partners didn't have money they wouldn't be married.",0.2717219457465228,0.2610037375885763,0.0077153279583252,0.4595589887065754,white,False,False,False,40.0,man,{},0.5,white,1,1,2,1,1.5,0,conservative
40102629,1711,if you watch tv you just see top boy and other stuff… youd quickly start thinking that black people are all just gangstas and drug peddlers. There's a reason for that!!,0.1703646244187094,0.2361829218343856,0.0138326589518316,0.5796197947950733,white,False,True,False,35.0,man,{},0.5,white,4,5,4,4,4.0,1,conservative
69198055,1711,if you watch tv you just see top boy and other stuff… youd quickly start thinking that black people are all just gangstas and drug peddlers. There's a reason for that!!,0.1703646244187094,0.2361829218343856,0.0138326589518316,0.5796197947950733,white,False,True,False,60.0,woman,none,0.5,white,5,5,5,5,5.0,1,conservative
77759476,806,And they say all women can't be trusted. Lol TRUE,0.4773598617079731,0.2654179888019983,0.0122154322524719,0.2450067172375565,aae,False,False,True,35.0,woman,{},0.5,white,5,1,4,4,4.0,1,conservative
69198055,806,And they say all women can't be trusted. Lol TRUE,0.4773598617079731,0.2654179888019983,0.0122154322524719,0.2450067172375565,aae,False,False,True,60.0,woman,none,0.5,white,5,5,5,5,5.0,1,conservative
40102629,479,"Rick the dick is a complete prick! Whenever he appears or picks up the camera to say somethingI want to hit my head against the wall. Why do the husbands always think they can get involved in the wives channels?! Bore off mate, go to work!",0.1863227115916366,0.2190916054851557,0.0094068886531215,0.5851787942700861,white,True,False,False,35.0,man,{},0.5,white,5,1,4,4,4.0,1,conservative
14271410,479,"Rick the dick is a complete prick! Whenever he appears or picks up the camera to say somethingI want to hit my head against the wall. Why do the husbands always think they can get involved in the wives channels?! Bore off mate, go to work!",0.1863227115916366,0.2190916054851557,0.0094068886531215,0.5851787942700861,white,True,False,False,35.0,woman,{},0.5,white,4,1,5,5,5.0,1,conservative
40102629,2034,"This is pretty fucked up PC shit. We saw them let the black man go, but not the white man, before grabbing the black woman",0.4586311897796642,0.2403211514423149,0.0134442065566391,0.2876034522213817,aae,True,True,True,35.0,man,{},0.5,white,4,4,4,4,4.0,1,conservative
69198055,2034,"This is pretty fucked up PC shit. We saw them let the black man go, but not the white man, before grabbing the black woman",0.4586311897796642,0.2403211514423149,0.0134442065566391,0.2876034522213817,aae,True,True,True,60.0,woman,none,0.5,white,3,3,4,4,4.0,1,conservative
14271410,1697,"Is it even proven that we looked like big orangutans? They're most closely related to orangutans but the split happened an extremely long time ago, even before the split between gorillas and humans. Obviousy a large dark section of the population never made this split !",0.0424906290643127,0.1458399269526864,0.0179094195290407,0.7937600244539601,white,False,True,False,35.0,woman,{},0.5,white,5,5,5,5,5.0,1,conservative
63428654,1697,"Is it even proven that we looked like big orangutans? They're most closely related to orangutans but the split happened an extremely long time ago, even before the split between gorillas and humans. Obviousy a large dark section of the population never made this split !",0.0424906290643127,0.1458399269526864,0.0179094195290407,0.7937600244539601,white,False,True,False,30.0,man,{},0.0,white,4,4,4,4,4.0,1,neutral
7288661,2107,"It's important to keep in mind that when Africans were selling other Africans into slavery (which is shitty no matter what), they were selling prisoners of war. Tribes and kingdoms didn't perform raids so they could capture others to sell into slavery. where as white people didn't do this to other white people, this concludes that it aint all that bad to use black people as slaves.",0.2393885079797449,0.1746964899674642,0.0341278348149894,0.5517871672378015,white,True,True,False,40.0,man,{},0.5,white,3,5,5,5,5.0,1,conservative
63428654,2107,"It's important to keep in mind that when Africans were selling other Africans into slavery (which is shitty no matter what), they were selling prisoners of war. Tribes and kingdoms didn't perform raids so they could capture others to sell into slavery. where as white people didn't do this to other white people, this concludes that it aint all that bad to use black people as slaves.",0.2393885079797449,0.1746964899674642,0.0341278348149894,0.5517871672378015,white,True,True,False,30.0,man,{},0.0,white,4,4,4,4,4.0,1,neutral
7288661,780,Eastern Europeans sure are dirty folks!,0.2292864071512577,0.1735962011480467,0.1850004379476982,0.4121169537529973,white,False,False,False,40.0,man,{},0.5,white,5,1,5,5,5.0,1,conservative
14271410,780,Eastern Europeans sure are dirty folks!,0.2292864071512577,0.1735962011480467,0.1850004379476982,0.4121169537529973,white,False,False,False,35.0,woman,{},0.5,white,5,5,5,5,5.0,1,conservative
14271410,1104,KIKE KIKE KIKE KIKE KIKE KIKE KIKE KIKE KIKE KIKE KIKE KIKE KIKE KIKE KIKE KIKE KIKE KIKE KIKE KIKE KIKE KIKE KIKE KIKE KIKE KIKE KIKE KIKE KIKE KIKE KIKE KIKE KIKE KIKE KIKE KIKE KIKE KIKE KIKE KIKE KIKE KIKE KIKE KIKE KIKE KIKE KIKE KIKE KIKE KIKE KIKE KIKE KIKE KIKE KIKE KIKE KIKE KIKE KIKE KIKE KIKE KIKE KIKE KIKE KIKE KIKE *retarded screeching* Such a lovely word!,0.0038366058650632,0.8843828413852406,0.1088005680102653,0.0029799847394309,hispanic,True,False,False,35.0,woman,{},0.5,white,5,1,5,5,5.0,1,conservative
14271410,1726,Well I'm glad that I haven't seen any of their black members in this proud boys crowd..isn't the whole point of this group is to keep their sooty noses out!,0.094242038056638,0.1687108971094224,0.0067022675873469,0.7303447972465924,white,False,True,False,35.0,woman,{},0.5,white,5,5,5,5,5.0,1,conservative
69198055,1726,Well I'm glad that I haven't seen any of their black members in this proud boys crowd..isn't the whole point of this group is to keep their sooty noses out!,0.094242038056638,0.1687108971094224,0.0067022675873469,0.7303447972465924,white,False,True,False,60.0,woman,none,0.5,white,5,5,5,5,5.0,1,conservative
7288661,751,"Why do they even offer Polish lessons in this school, it makes no sense who wants to learn that vile language",0.1151527652355393,0.2899235501981791,0.0151289338394668,0.5797947507268146,white,False,False,False,40.0,man,{},0.5,white,5,1,4,5,4.5,1,conservative
14271410,751,"Why do they even offer Polish lessons in this school, it makes no sense who wants to learn that vile language",0.1151527652355393,0.2899235501981791,0.0151289338394668,0.5797947507268146,white,False,False,False,35.0,woman,{},0.5,white,5,4,5,5,5.0,1,conservative
7288661,305,"I knew of ""burn a fag"", any time I've heard of using the word ""bum"" is when you're getting a smoke from someone else.",0.1230395099083219,0.2837484418837718,0.0812844860810846,0.5119275621268218,white,True,False,False,40.0,man,{},0.5,white,1,1,2,1,1.5,0,conservative
40102629,305,"I knew of ""burn a fag"", any time I've heard of using the word ""bum"" is when you're getting a smoke from someone else.",0.1230395099083219,0.2837484418837718,0.0812844860810846,0.5119275621268218,white,True,False,False,35.0,man,{},0.5,white,2,1,4,4,4.0,1,conservative
56533629,2317,I can understand criticizing the story or not liking a track but getting personal with the actors is where you cross the lines #Ishqbaaaz,0.1058496438505836,0.2661462099414541,0.00562611848576,0.6223780277222022,white,False,False,False,25.0,man,{},-1.0,white,1,1,1,1,1.0,0,liberal
13486996,2317,I can understand criticizing the story or not liking a track but getting personal with the actors is where you cross the lines #Ishqbaaaz,0.1058496438505836,0.2661462099414541,0.00562611848576,0.6223780277222022,white,False,False,False,35.0,woman,{},-0.5,white,1,1,1,1,1.0,0,liberal
13486996,876,chinese should not marry out of their race,0.1022622480002207,0.2802253068908054,0.0109757615399209,0.6065366835690529,white,False,False,False,35.0,woman,{},-0.5,white,5,5,5,5,5.0,1,liberal
85439177,876,chinese should not marry out of their race,0.1022622480002207,0.2802253068908054,0.0109757615399209,0.6065366835690529,white,False,False,False,25.0,man,{},-1.0,white,5,5,5,5,5.0,1,liberal
56533629,3668,"im so laid back & Understanding , i Don't know why i get lied to :woman_shrugging_medium_skin_tone: i Honestly Truly don't be giving A Fuck :bangbang:",0.4692434568433136,0.3151046789209923,0.0043719824728503,0.2112798817628435,aae,True,False,True,25.0,man,{},-1.0,white,2,1,2,2,2.0,0,liberal
93178090,3668,"im so laid back & Understanding , i Don't know why i get lied to :woman_shrugging_medium_skin_tone: i Honestly Truly don't be giving A Fuck :bangbang:",0.4692434568433136,0.3151046789209923,0.0043719824728503,0.2112798817628435,aae,True,False,True,45.0,woman,,-1.0,white,1,1,1,1,1.0,0,liberal
56533629,2016,this black colleague of mine is one of the reasons why my life fucking sucks,0.0815077984274658,0.3237709944823631,0.0311132860957989,0.5636079209943721,white,True,True,False,25.0,man,{},-1.0,white,3,4,4,3,3.5,1,liberal
13486996,2016,this black colleague of mine is one of the reasons why my life fucking sucks,0.0815077984274658,0.3237709944823631,0.0311132860957989,0.5636079209943721,white,True,True,False,35.0,woman,{},-0.5,white,5,5,5,5,5.0,1,liberal
55799101,722,The Leeds goalkeeper called Charltons loanee striker Jonathan Leko a fucking nigger during a game at the Valley in September last year.,0.0734355436861668,0.2762754026629485,0.2027223289972262,0.4475667246536583,white,True,False,False,25.0,man,LGBT,-1.0,white,5,5,5,5,5.0,1,liberal
85439177,722,The Leeds goalkeeper called Charltons loanee striker Jonathan Leko a fucking nigger during a game at the Valley in September last year.,0.0734355436861668,0.2762754026629485,0.2027223289972262,0.4475667246536583,white,True,False,False,25.0,man,{},-1.0,white,1,1,1,1,1.0,0,liberal
56533629,3989,lings for a swinger I fucked I refuse to catch feelings for a swinger I fucked BITCH I REPEAT I REFUSE TO CATCH FEELINGS FOR THIS MF SWINGER,0.6507351088047756,0.1297481837571841,0.0134429253869552,0.2060737820510849,aae,True,False,True,25.0,man,{},-1.0,white,4,1,4,3,3.5,1,liberal
13486996,3989,lings for a swinger I fucked I refuse to catch feelings for a swinger I fucked BITCH I REPEAT I REFUSE TO CATCH FEELINGS FOR THIS MF SWINGER,0.6507351088047756,0.1297481837571841,0.0134429253869552,0.2060737820510849,aae,True,False,True,35.0,woman,{},-0.5,white,5,1,5,5,5.0,1,liberal
35280071,2992,Not having access to my money is fucking pissing me off!!!!,0.2886489897708507,0.3362047586802745,0.0388071840252113,0.3363390675236635,white,True,False,False,35.0,woman,{},0.0,white,1,1,1,1,1.0,0,neutral
93178090,2992,Not having access to my money is fucking pissing me off!!!!,0.2886489897708507,0.3362047586802745,0.0388071840252113,0.3363390675236635,white,True,False,False,45.0,woman,,-1.0,white,1,1,3,1,2.0,0,liberal
48349576,668,"Where we come from, they don't give a thing, so we don't have shit, they leave us young niggas with no options",0.4659993140540344,0.2370042227035341,0.0160055653366944,0.2809908979057369,aae,True,False,True,35.0,woman,{},-0.5,white,1,1,1,1,1.0,0,liberal
56533629,2349,Yeah U did ask - you are speaking to the public with knowledge of their right to reply. If someone speaks back to U it's between U and them.,0.2328783943139287,0.2928756672008442,0.0155909549225646,0.4586549835626625,white,False,False,False,25.0,man,{},-1.0,white,1,1,2,1,1.5,0,liberal
13486996,2349,Yeah U did ask - you are speaking to the public with knowledge of their right to reply. If someone speaks back to U it's between U and them.,0.2328783943139287,0.2928756672008442,0.0155909549225646,0.4586549835626625,white,False,False,False,35.0,woman,{},-0.5,white,2,1,2,1,1.5,0,liberal
56533629,1138,Sick of their shit? Then stop watching your TV  - and do something. Violence is one of only two things these immigrants understand!,0.1390251177771145,0.2596233336088543,0.0279954972758648,0.5733560513381664,white,True,False,False,25.0,man,{},-1.0,white,5,5,4,4,4.0,1,liberal
71913780,1138,Sick of their shit? Then stop watching your TV  - and do something. Violence is one of only two things these immigrants understand!,0.1390251177771145,0.2596233336088543,0.0279954972758648,0.5733560513381664,white,True,False,False,45.0,woman,{},-0.5,white,4,5,5,5,5.0,1,liberal
13486996,4056,I'm not finna buy no mf twitter account!! Stop asking me that stupid ass:peach: shit:shit:!!! If anything I'll pay to get mine updated bitch.!!,0.5359091003380644,0.3243661027261962,0.011605684982328,0.1281191119534114,aae,True,False,True,35.0,woman,{},-0.5,white,5,1,5,5,5.0,1,liberal
27218488,1592,"Of course they like all that ""gangsta"" talk and black behaviour, but how do they react when they see one (let alone having to be surrounded by them)?",0.3029273543143441,0.3372633684679605,0.0577482593141292,0.3020610179035661,hispanic,False,True,False,30.0,man,,0.0,white,3,5,4,4,4.0,1,neutral
85439177,1592,"Of course they like all that ""gangsta"" talk and black behaviour, but how do they react when they see one (let alone having to be surrounded by them)?",0.3029273543143441,0.3372633684679605,0.0577482593141292,0.3020610179035661,hispanic,False,True,False,25.0,man,{},-1.0,white,5,5,5,5,5.0,1,liberal
48349576,500,plums are one of the reasons why the world sucks,0.0749963513348811,0.280397160451497,0.0119347825255618,0.6326717056880601,white,True,False,False,35.0,woman,{},-0.5,white,1,1,1,1,1.0,0,liberal
85439177,500,plums are one of the reasons why the world sucks,0.0749963513348811,0.280397160451497,0.0119347825255618,0.6326717056880601,white,True,False,False,25.0,man,{},-1.0,white,1,1,1,1,1.0,0,liberal
35280071,1823,"I've been to Italy a few times, and only saw two niggers in Venice.... some old dudes who were missing nearly all their teeth.. . I just don't go back to Venice.. problem solved.",0.1188594738053645,0.2898588985730996,0.0224436759388988,0.5688379516826368,white,True,True,False,35.0,woman,{},0.0,white,5,5,5,5,5.0,1,neutral
48349576,1823,"I've been to Italy a few times, and only saw two niggers in Venice.... some old dudes who were missing nearly all their teeth.. . I just don't go back to Venice.. problem solved.",0.1188594738053645,0.2898588985730996,0.0224436759388988,0.5688379516826368,white,True,True,False,35.0,woman,{},-0.5,white,5,5,5,5,5.0,1,liberal
35280071,2722,Black and Brown activists: ICE & police are terrorizing our people White liberals: We won't give up until we get Trump's tax returns!,0.205030705837125,0.1178001279947271,0.2044564926742879,0.4727126734938597,white,False,False,False,35.0,woman,{},0.0,white,3,1,3,2,2.5,0,neutral
48349576,2722,Black and Brown activists: ICE & police are terrorizing our people White liberals: We won't give up until we get Trump's tax returns!,0.205030705837125,0.1178001279947271,0.2044564926742879,0.4727126734938597,white,False,False,False,35.0,woman,{},-0.5,white,3,1,3,2,2.5,0,liberal
13486996,660,"Someone told me ""I'd rather cut myself than being a woman, women are all fuckable bitches with tits"". I can't believe someone would think like that!",0.1850223716675418,0.3325898846674355,0.0414580471061628,0.4409296965588599,white,True,False,False,35.0,woman,{},-0.5,white,2,1,5,5,5.0,1,liberal
93178090,949,If they woulda prayed harder maybe they wouldn't have been given a retard kid,0.2787162310310047,0.2197715019976449,0.0060684007666698,0.4954438662046804,white,True,False,False,45.0,woman,,-1.0,white,5,1,5,5,5.0,1,liberal
85439177,949,If they woulda prayed harder maybe they wouldn't have been given a retard kid,0.2787162310310047,0.2197715019976449,0.0060684007666698,0.4954438662046804,white,True,False,False,25.0,man,{},-1.0,white,5,1,5,5,5.0,1,liberal
93178090,2175,"Oh mate I am SO going to fuck you up next time I see you, nigger !",0.1581399247317534,0.5095806299445558,0.0265722889612972,0.3057071563623936,hispanic,True,True,False,45.0,woman,,-1.0,white,1,5,5,5,5.0,1,liberal
11496683,2175,"Oh mate I am SO going to fuck you up next time I see you, nigger !",0.1581399247317534,0.5095806299445558,0.0265722889612972,0.3057071563623936,hispanic,True,True,False,45.0,woman,{},-0.5,white,5,5,5,5,5.0,1,liberal
55799101,213,"as a black person, i disagree with white people saying nigga",0.3672368497666691,0.2662218407204224,0.0236746925961195,0.342866616916789,aae,True,False,True,25.0,man,LGBT,-1.0,white,1,1,1,1,1.0,0,liberal
48349576,213,"as a black person, i disagree with white people saying nigga",0.3672368497666691,0.2662218407204224,0.0236746925961195,0.342866616916789,aae,True,False,True,35.0,woman,{},-0.5,white,1,1,1,1,1.0,0,liberal
55799101,2240,"Away today, 3/30... Girls Tennis @ Woodbridge, 3:30 Girls Soccer @ Woodbridge - JV-5:30, V-7 JV Softball @ Broad Run, 6:30 #GoLadyRaiders",0.1075330118267474,0.1785251915804033,0.264483096255964,0.4494587003368851,white,False,False,False,25.0,man,LGBT,-1.0,white,1,1,1,1,1.0,0,liberal
35280071,2240,"Away today, 3/30... Girls Tennis @ Woodbridge, 3:30 Girls Soccer @ Woodbridge - JV-5:30, V-7 JV Softball @ Broad Run, 6:30 #GoLadyRaiders",0.1075330118267474,0.1785251915804033,0.264483096255964,0.4494587003368851,white,False,False,False,35.0,woman,{},0.0,white,1,1,1,1,1.0,0,neutral
13486996,3245,"""""""That was decades ago, Cecil! Anyway, we want to know what we can do to keep your business."""" #KevinBot""",0.3701951451702115,0.2152774357587102,0.1081959911473613,0.3063314279237168,aae,False,False,True,35.0,woman,{},-0.5,white,1,1,1,1,1.0,0,liberal
93178090,3245,"""""""That was decades ago, Cecil! Anyway, we want to know what we can do to keep your business."""" #KevinBot""",0.3701951451702115,0.2152774357587102,0.1081959911473613,0.3063314279237168,aae,False,False,True,45.0,woman,,-1.0,white,1,1,1,1,1.0,0,liberal
13486996,3620,If it wasn't cause I have to come into work I woulda went home got me fucked up,0.3968518203554521,0.3263787532552524,0.0007736021027665,0.2759958242865289,aae,True,False,True,35.0,woman,{},-0.5,white,2,1,2,1,1.5,0,liberal
11496683,3620,If it wasn't cause I have to come into work I woulda went home got me fucked up,0.3968518203554521,0.3263787532552524,0.0007736021027665,0.2759958242865289,aae,True,False,True,45.0,woman,{},-0.5,white,1,1,1,1,1.0,0,liberal
65294455,2685,"Pour your misery down, pour your misery down on me Pour your misery down, pour your misery down on me",0.2222103954322778,0.275147975771164,0.1363700306257966,0.3662715981707614,white,False,False,False,50.0,woman,I'm a middle-aged woman which mainly seems to affect me in the workplace,-1.0,white,1,1,2,1,1.5,0,liberal
93178090,2685,"Pour your misery down, pour your misery down on me Pour your misery down, pour your misery down on me",0.2222103954322778,0.275147975771164,0.1363700306257966,0.3662715981707614,white,False,False,False,45.0,woman,,-1.0,white,1,1,1,1,1.0,0,liberal
56533629,3483,"""Somebody call my manager and say you got an urgent message for a nigga named William, """"drop everything, Craig's in trouble, come quick""""""",0.4123524478497035,0.1525131960567814,0.1519521828917788,0.2831821732017363,aae,True,False,True,25.0,man,{},-1.0,white,1,1,3,1,2.0,0,liberal
85439177,3483,"""Somebody call my manager and say you got an urgent message for a nigga named William, """"drop everything, Craig's in trouble, come quick""""""",0.4123524478497035,0.1525131960567814,0.1519521828917788,0.2831821732017363,aae,True,False,True,25.0,man,{},-1.0,white,1,1,2,2,2.0,0,liberal
71913780,2320,"Find your spirit, and no challenge will keep you from achieving your goals. - Christopher Penn #quote",0.0844278352128842,0.1651990330724939,0.1582686373798366,0.5921044943347851,white,False,False,False,45.0,woman,{},-0.5,white,1,1,1,1,1.0,0,liberal
85439177,2320,"Find your spirit, and no challenge will keep you from achieving your goals. - Christopher Penn #quote",0.0844278352128842,0.1651990330724939,0.1582686373798366,0.5921044943347851,white,False,False,False,25.0,man,{},-1.0,white,1,1,1,1,1.0,0,liberal
56533629,1710,"The ""powers that be"" want chaos and I really don't see any way out of the paths ahead. 1 = Biden wins and R's rebel, truckers protest, supply line disruptions, or 2 = Trump wins and it'll be a category 5: liberals rioting/ murdering and monkeys looting and stealing sail foams'",0.0658216959467912,0.0644769968077271,0.1593361663849112,0.7103651408605703,white,False,True,False,25.0,man,{},-1.0,white,4,5,5,5,5.0,1,liberal
71913780,1710,"The ""powers that be"" want chaos and I really don't see any way out of the paths ahead. 1 = Biden wins and R's rebel, truckers protest, supply line disruptions, or 2 = Trump wins and it'll be a category 5: liberals rioting/ murdering and monkeys looting and stealing sail foams'",0.0658216959467912,0.0644769968077271,0.1593361663849112,0.7103651408605703,white,False,True,False,45.0,woman,{},-0.5,white,5,5,5,5,5.0,1,liberal
56533629,1546,Yale University was named for Elihu Yale. Not just a man who had slaves. A visionary who actually traded slaves. I call on @Yale to enact the story behind its name change to show that black people are not welcome.,0.171896290999836,0.1517571637668606,0.0624633978903441,0.6138831473429591,white,False,True,False,25.0,man,{},-1.0,white,5,5,5,5,5.0,1,liberal
48349576,1546,Yale University was named for Elihu Yale. Not just a man who had slaves. A visionary who actually traded slaves. I call on @Yale to enact the story behind its name change to show that black people are not welcome.,0.171896290999836,0.1517571637668606,0.0624633978903441,0.6138831473429591,white,False,True,False,35.0,woman,{},-0.5,white,1,1,1,1,1.0,0,liberal
56533629,3410,Soooo fuckin mad I couldn't check out wit da @supreme,0.73192702753075,0.133346611989278,0.0151862230557641,0.1195401374242079,aae,True,False,True,25.0,man,{},-1.0,white,1,1,2,1,1.5,0,liberal
67368224,3410,Soooo fuckin mad I couldn't check out wit da @supreme,0.73192702753075,0.133346611989278,0.0151862230557641,0.1195401374242079,aae,True,False,True,35.0,woman,woman; bisexual,-0.5,white,3,1,3,2,2.5,0,liberal
13486996,3122,bad news in the air.... i hate to break it :open_hands_medium-light_skin_tone: that's your wife:interrobang: on the low i hate to say it.... that bitch BASIC:bangbang:- @iitsAD,0.3327393991549778,0.2623465271222722,0.0033988243598929,0.401515249362857,white,True,False,False,35.0,woman,{},-0.5,white,5,4,5,5,5.0,1,liberal
93178090,3122,bad news in the air.... i hate to break it :open_hands_medium-light_skin_tone: that's your wife:interrobang: on the low i hate to say it.... that bitch BASIC:bangbang:- @iitsAD,0.3327393991549778,0.2623465271222722,0.0033988243598929,0.401515249362857,white,True,False,False,45.0,woman,,-1.0,white,3,1,5,4,4.5,1,liberal
56533629,2815,"""Me: *stares in shock at kid #2* Kid #1: *stares at kid #2* Kid #2: """"You shouldn't be singing that song. You're worshipping the devil.""""""",0.0771245524104608,0.1762889059575353,0.3523684646442777,0.3942180769877261,white,False,False,False,25.0,man,{},-1.0,white,2,1,2,1,1.5,0,liberal
85439177,2815,"""Me: *stares in shock at kid #2* Kid #1: *stares at kid #2* Kid #2: """"You shouldn't be singing that song. You're worshipping the devil.""""""",0.0771245524104608,0.1762889059575353,0.3523684646442777,0.3942180769877261,white,False,False,False,25.0,man,{},-1.0,white,1,1,1,1,1.0,0,liberal
13486996,3455,How you get mad at me cause I'm wit somebody else ain't nobody tell you to go be a hoe wen I was wit you,0.7794617107363219,0.1385435427985812,0.0014464863881983,0.0805482600768983,aae,True,False,True,35.0,woman,{},-0.5,white,5,1,4,4,4.0,1,liberal
35280071,773,"I just saw this midget in town and he tried to talk to me, no thanks.",0.2128405960004444,0.3013097793146557,0.0286187745773435,0.4572308501075562,white,False,False,False,35.0,woman,{},0.0,white,2,1,3,5,4.0,1,neutral
85439177,773,"I just saw this midget in town and he tried to talk to me, no thanks.",0.2128405960004444,0.3013097793146557,0.0286187745773435,0.4572308501075562,white,False,False,False,25.0,man,{},-1.0,white,5,1,5,5,5.0,1,liberal
6690712,2931,"""This """"Throwing Elbows"""" remix i found is fuckin insane :disappointed_relieved::headphones::musical_note:""",0.2353518008738769,0.1805636667226963,0.2891008639900173,0.2949836684134095,white,True,False,False,40.0,woman,{},-0.5,white,1,1,1,1,1.0,0,liberal
35280071,2931,"""This """"Throwing Elbows"""" remix i found is fuckin insane :disappointed_relieved::headphones::musical_note:""",0.2353518008738769,0.1805636667226963,0.2891008639900173,0.2949836684134095,white,True,False,False,35.0,woman,{},0.0,white,1,1,1,1,1.0,0,neutral
56533629,49,"I fully support artists who freely express themselves and applaud male and female artists who are opening up more and more about their sexual identities, but every so often there come certain songs with messaging that is just downright tone-deaf, which does more harm than good for the LGBTQ+ community. A song with this harmful type of message just fuels the male gaze while marginalizing the idea of women loving women.",0.0689871559364946,0.1284703569373829,0.0072317217725109,0.7953107653536114,white,False,False,False,25.0,man,{},-1.0,white,1,1,2,1,1.5,0,liberal
93178090,49,"I fully support artists who freely express themselves and applaud male and female artists who are opening up more and more about their sexual identities, but every so often there come certain songs with messaging that is just downright tone-deaf, which does more harm than good for the LGBTQ+ community. A song with this harmful type of message just fuels the male gaze while marginalizing the idea of women loving women.",0.0689871559364946,0.1284703569373829,0.0072317217725109,0.7953107653536114,white,False,False,False,45.0,woman,,-1.0,white,1,1,1,1,1.0,0,liberal
35280071,3699,Why is everyone so worried about @Rashida_Staar and what she got going on Mind your mutha fucking business drama feeled bitchs,0.471818377052309,0.306448896590645,0.0002895259378521,0.2214432004191937,aae,True,False,True,35.0,woman,{},0.0,white,3,1,3,1,2.0,0,neutral
85439177,3699,Why is everyone so worried about @Rashida_Staar and what she got going on Mind your mutha fucking business drama feeled bitchs,0.471818377052309,0.306448896590645,0.0002895259378521,0.2214432004191937,aae,True,False,True,25.0,man,{},-1.0,white,5,1,5,5,5.0,1,liberal
73479014,673,"""I fucking hate niggers so goddamn much."" - Cool cos I fucking hate you so goddamn much too!",0.117617027270913,0.574262571309962,0.0739827293363874,0.2341376720827373,hispanic,True,False,False,25.0,woman,Female,0.0,white,5,5,4,5,4.5,1,neutral
13486996,673,"""I fucking hate niggers so goddamn much."" - Cool cos I fucking hate you so goddamn much too!",0.117617027270913,0.574262571309962,0.0739827293363874,0.2341376720827373,hispanic,True,False,False,35.0,woman,{},-0.5,white,5,5,5,5,5.0,1,liberal
13486996,3474,Sis don't assume I'm talking about yo nigga and get in yo feelings .. Yo nigga not the only one on my line :joy:,0.718124575832953,0.1416164067457073,0.0152845490707318,0.1249744683506078,aae,True,False,True,35.0,woman,{},-0.5,white,5,5,5,5,5.0,1,liberal
55799101,3319,"""Asking :boy_medium-light_skin_tone: a few questions about his day and I get """"Ohhhhh DeLana, DeLana, DeLana, you ask too many questions."""" :face_with_rolling_eyes::face_with_rolling_eyes::face_with_rolling_eyes:""",0.3523530562353299,0.1966992715992595,0.1940810418554288,0.2568666303099818,aae,False,False,True,25.0,man,LGBT,-1.0,white,1,1,1,1,1.0,0,liberal
85439177,3319,"""Asking :boy_medium-light_skin_tone: a few questions about his day and I get """"Ohhhhh DeLana, DeLana, DeLana, you ask too many questions."""" :face_with_rolling_eyes::face_with_rolling_eyes::face_with_rolling_eyes:""",0.3523530562353299,0.1966992715992595,0.1940810418554288,0.2568666303099818,aae,False,False,True,25.0,man,{},-1.0,white,1,1,1,1,1.0,0,liberal
6690712,913,The definition of adultery is to adulterate (corrupt) your race. Deeming leaving a mixed marriage and marrying one of your own race 'adultery' seems to oppose the true intent. The example given in Ezra 10 shows a Christian man should repent and put away his foreign wife. (It helps to see this from a C.I. point of view.),0.0817787963890198,0.0896365447173401,0.078499605313744,0.750085053579896,white,False,False,False,40.0,woman,{},-0.5,white,2,4,4,4,4.0,1,liberal
56533629,2799,"""""""I am happy to report that drowning does kill this demonic entity. Oh holy are the waters of Chernarus!"""" Omg, DED ;)""",0.0549105140120925,0.2246311924573411,0.1831875666268146,0.5372707269037517,white,False,False,False,25.0,man,{},-1.0,white,1,1,2,1,1.5,0,liberal
85439177,2799,"""""""I am happy to report that drowning does kill this demonic entity. Oh holy are the waters of Chernarus!"""" Omg, DED ;)""",0.0549105140120925,0.2246311924573411,0.1831875666268146,0.5372707269037517,white,False,False,False,25.0,man,{},-1.0,white,1,1,1,1,1.0,0,liberal
13486996,3290,AND I LOVE HOW JINWOO GET A LOT OF LINE LIKE YAS BRUH DO IT BRUH IT'S UR TIME TO SHINE U HAVE UNIQUE VOICE <3,0.418454316212855,0.3243678080389964,0.0218760202409247,0.2353018555072239,aae,False,False,True,35.0,woman,{},-0.5,white,1,1,1,1,1.0,0,liberal
35280071,3290,AND I LOVE HOW JINWOO GET A LOT OF LINE LIKE YAS BRUH DO IT BRUH IT'S UR TIME TO SHINE U HAVE UNIQUE VOICE <3,0.418454316212855,0.3243678080389964,0.0218760202409247,0.2353018555072239,aae,False,False,True,35.0,woman,{},0.0,white,1,1,1,1,1.0,0,neutral
13486996,4121,If this bitch don't get !!!!!! :joy::joy::joy::joy::joy: I stg she like 15 & wanna fuss with me !! :joy::joy::joy: me & the nigga crineee on ft at her silly ass ! :joy::joy::joy:,0.8179553354980773,0.0989182479510471,0.0231845688744856,0.0599418476763898,aae,True,False,True,35.0,woman,{},-0.5,white,5,5,5,5,5.0,1,liberal
11496683,4121,If this bitch don't get !!!!!! :joy::joy::joy::joy::joy: I stg she like 15 & wanna fuss with me !! :joy::joy::joy: me & the nigga crineee on ft at her silly ass ! :joy::joy::joy:,0.8179553354980773,0.0989182479510471,0.0231845688744856,0.0599418476763898,aae,True,False,True,45.0,woman,{},-0.5,white,2,1,4,4,4.0,1,liberal
35280071,155,apparently Japan has accepted 28 refugees in the past years...28 is that it?,0.0652741523787802,0.1239841490723508,0.2305954162609668,0.5801462822879021,white,False,False,False,35.0,woman,{},0.0,white,3,1,3,1,2.0,0,neutral
48349576,155,apparently Japan has accepted 28 refugees in the past years...28 is that it?,0.0652741523787802,0.1239841490723508,0.2305954162609668,0.5801462822879021,white,False,False,False,35.0,woman,{},-0.5,white,1,1,1,1,1.0,0,liberal
56533629,3365,"""""""Let them praise the name of the LORD: for his name alone is excellent; his glory is above the earth and heaven."""" ~Psalms 148:13 #Bible""",0.4112669879401496,0.1045373719280438,0.1805479343884809,0.3036477057433255,aae,False,False,True,25.0,man,{},-1.0,white,1,1,1,1,1.0,0,liberal
71913780,3365,"""""""Let them praise the name of the LORD: for his name alone is excellent; his glory is above the earth and heaven."""" ~Psalms 148:13 #Bible""",0.4112669879401496,0.1045373719280438,0.1805479343884809,0.3036477057433255,aae,False,False,True,45.0,woman,{},-0.5,white,1,1,3,2,2.5,0,liberal
71913780,1574,"Unfortunately, Black people's behavior demonstrates they are disproportionately corrupt.",0.1713276756082167,0.186564145120697,0.1021862626450138,0.5399219166260724,white,False,True,False,45.0,woman,{},-0.5,white,4,5,5,5,5.0,1,liberal
85439177,1574,"Unfortunately, Black people's behavior demonstrates they are disproportionately corrupt.",0.1713276756082167,0.186564145120697,0.1021862626450138,0.5399219166260724,white,False,True,False,25.0,man,{},-1.0,white,5,5,5,5,5.0,1,liberal
56533629,3303,"I bet you Wenger would say he had wanted to sign Mane too, always signing players in his head. #aprilfoolsday",0.402898069985428,0.1725741433122334,0.0540485754221353,0.3704792112802033,aae,False,False,True,25.0,man,{},-1.0,white,2,1,2,1,1.5,0,liberal
71913780,3303,"I bet you Wenger would say he had wanted to sign Mane too, always signing players in his head. #aprilfoolsday",0.402898069985428,0.1725741433122334,0.0540485754221353,0.3704792112802033,aae,False,False,True,45.0,woman,{},-0.5,white,3,1,2,2,2.0,0,liberal
56533629,3379,switching lanes but ion got no gears:no_entry_sign::dash: shawty said she wanna ride but she don't know how to steer:man_facepalming_medium-light_skin_tone::put_litter_in_its_place:,0.7689490645201645,0.1199554459751981,0.0248906952623054,0.0862047942423318,aae,False,False,True,25.0,man,{},-1.0,white,1,1,1,1,1.0,0,liberal
13486996,3379,switching lanes but ion got no gears:no_entry_sign::dash: shawty said she wanna ride but she don't know how to steer:man_facepalming_medium-light_skin_tone::put_litter_in_its_place:,0.7689490645201645,0.1199554459751981,0.0248906952623054,0.0862047942423318,aae,False,False,True,35.0,woman,{},-0.5,white,1,1,1,1,1.0,0,liberal
35280071,3348,You know what it's cool... :joy: Dee gonna get signed bruh I know it! We was robbed once again :expressionless: #TheRapGame,0.3838178816118598,0.369902524761245,0.0154325093574779,0.2308470842694171,aae,False,False,True,35.0,woman,{},0.0,white,2,1,2,1,1.5,0,neutral
48349576,3348,You know what it's cool... :joy: Dee gonna get signed bruh I know it! We was robbed once again :expressionless: #TheRapGame,0.3838178816118598,0.369902524761245,0.0154325093574779,0.2308470842694171,aae,False,False,True,35.0,woman,{},-0.5,white,1,1,1,1,1.0,0,liberal
56533629,1850,"British native youth have completely given in to nigger culture, music and customs and constantly encourage miscegenation. In fact they are already starting to talk like the blacks. They need guidance thats for sure",0.1050923346965949,0.167150986984535,0.0236757505956451,0.7040809277232248,white,True,True,False,25.0,man,{},-1.0,white,5,5,5,5,5.0,1,liberal
71913780,1850,"British native youth have completely given in to nigger culture, music and customs and constantly encourage miscegenation. In fact they are already starting to talk like the blacks. They need guidance thats for sure",0.1050923346965949,0.167150986984535,0.0236757505956451,0.7040809277232248,white,True,True,False,45.0,woman,{},-0.5,white,4,5,5,5,5.0,1,liberal
71913780,644,"to the dick at the drive thru who said ""NIGGER!"" to those ladies who SERVED YOUR COFFEE. What a fucking scumbag. A very most sincere FUCK YOU from me.",0.1595900460368819,0.2484510035994541,0.0251981914068056,0.5667607589568582,white,True,False,False,45.0,woman,{},-0.5,white,4,1,5,4,4.5,1,liberal
48349576,644,"to the dick at the drive thru who said ""NIGGER!"" to those ladies who SERVED YOUR COFFEE. What a fucking scumbag. A very most sincere FUCK YOU from me.",0.1595900460368819,0.2484510035994541,0.0251981914068056,0.5667607589568582,white,True,False,False,35.0,woman,{},-0.5,white,2,1,1,1,1.0,0,liberal
13486996,1833,Bruh y'all some broke niggas tryanna sell it for bare notes don't worry about me I got u free my brothashahahhaaha this how they actually talk!,0.7017662841075899,0.1403604290486557,0.0042567627663159,0.1536165240774384,aae,True,True,True,35.0,woman,{},-0.5,white,5,5,5,5,5.0,1,liberal
48349576,1833,Bruh y'all some broke niggas tryanna sell it for bare notes don't worry about me I got u free my brothashahahhaaha this how they actually talk!,0.7017662841075899,0.1403604290486557,0.0042567627663159,0.1536165240774384,aae,True,True,True,35.0,woman,{},-0.5,white,5,5,5,5,5.0,1,liberal
56533629,1381,all cats do is shit and lick their balls. Just like some niggers I know.,0.2475619450444039,0.3292197618430219,0.0098141863095116,0.4134041068030627,white,True,False,False,25.0,man,{},-1.0,white,5,5,5,5,5.0,1,liberal
96368768,1381,all cats do is shit and lick their balls. Just like some niggers I know.,0.2475619450444039,0.3292197618430219,0.0098141863095116,0.4134041068030627,white,True,False,False,30.0,woman,{},-0.5,white,5,5,5,5,5.0,1,liberal
11150592,15,Why don't Max just stay in the kitchen?,0.2516470781562677,0.3308383948162627,0.0334196962091415,0.3840948308183279,white,False,False,False,25.0,man,{},-1.0,white,5,1,5,4,4.5,1,liberal
71913780,15,Why don't Max just stay in the kitchen?,0.2516470781562677,0.3308383948162627,0.0334196962091415,0.3840948308183279,white,False,False,False,45.0,woman,{},-0.5,white,3,2,4,3,3.5,1,liberal
71913780,3317,"Folks can say what they like about me, but they CAN'T say my views, the fruits of MY considerations AIN'T mine ~ #CriticalThinking",0.4257184405750313,0.26663353949715,0.078283761420615,0.2293642585072036,aae,False,False,True,45.0,woman,{},-0.5,white,2,1,1,2,1.5,0,liberal
35280071,3317,"Folks can say what they like about me, but they CAN'T say my views, the fruits of MY considerations AIN'T mine ~ #CriticalThinking",0.4257184405750313,0.26663353949715,0.078283761420615,0.2293642585072036,aae,False,False,True,35.0,woman,{},0.0,white,1,1,1,1,1.0,0,neutral
56533629,1736,"Trump just gave niggers 500 billion dollars. If he's not a n1gger loving cocksucker, I don't know what he is.",0.138323975629685,0.2316736390162304,0.0385835547072915,0.5914188306467929,white,True,True,False,25.0,man,{},-1.0,white,5,5,5,5,5.0,1,liberal
72430962,1736,"Trump just gave niggers 500 billion dollars. If he's not a n1gger loving cocksucker, I don't know what he is.",0.138323975629685,0.2316736390162304,0.0385835547072915,0.5914188306467929,white,True,True,False,40.0,man,{},-0.5,white,5,5,5,5,5.0,1,liberal
72430962,3498,Sick to death of either seein nobs or ur minge on ur story,0.4720703294109484,0.1755992115306545,0.0170920866992919,0.335238372359105,aae,False,False,True,40.0,man,{},-0.5,white,3,1,2,2,2.0,0,liberal
11496683,609,What a narcisistic bitch. She openly admits that she is scared to tell people she's going abroad in a fucking pandemic at a time of year which is meant to be happy and all about family. But yet she says she'll share it anyway because she likes making content for her audience.,0.1234750663021978,0.2796149512225763,0.0055318661784484,0.5913781162967773,white,True,False,False,45.0,woman,{},-0.5,white,4,1,4,4,4.0,1,liberal
48349576,609,What a narcisistic bitch. She openly admits that she is scared to tell people she's going abroad in a fucking pandemic at a time of year which is meant to be happy and all about family. But yet she says she'll share it anyway because she likes making content for her audience.,0.1234750663021978,0.2796149512225763,0.0055318661784484,0.5913781162967773,white,True,False,False,35.0,woman,{},-0.5,white,3,1,3,2,2.5,0,liberal
55799101,2162,stop talking you fucking nigger !,0.2783719768214189,0.4795972313629129,0.0395966584891732,0.2024341333264949,hispanic,True,True,False,25.0,man,LGBT,-1.0,white,5,5,5,5,5.0,1,liberal
13486996,2162,stop talking you fucking nigger !,0.2783719768214189,0.4795972313629129,0.0395966584891732,0.2024341333264949,hispanic,True,True,False,35.0,woman,{},-0.5,white,5,5,5,5,5.0,1,liberal
35280071,2486,Gray are you sure that you are bigger in every way!? Look at Ethan's nude buddy :joy: @GraysonDolan @EthanDolan,0.0665221166409042,0.2424133343649314,0.0114371626447531,0.6796273863494112,white,True,False,False,35.0,woman,{},0.0,white,2,1,4,4,4.0,1,neutral
48349576,2486,Gray are you sure that you are bigger in every way!? Look at Ethan's nude buddy :joy: @GraysonDolan @EthanDolan,0.0665221166409042,0.2424133343649314,0.0114371626447531,0.6796273863494112,white,True,False,False,35.0,woman,{},-0.5,white,1,1,1,1,1.0,0,liberal
47606001,3518,"""Also made this boy bacon and eggs this morning. He picked up his fork and said """"are the waffles still in the oven?"""". Ain't no damn waffles b""",0.4114535569379578,0.1450088616931789,0.0851426970391568,0.3583948843297063,aae,False,False,True,30.0,man,{},-0.5,white,1,1,1,1,1.0,0,liberal
71913780,3518,"""Also made this boy bacon and eggs this morning. He picked up his fork and said """"are the waffles still in the oven?"""". Ain't no damn waffles b""",0.4114535569379578,0.1450088616931789,0.0851426970391568,0.3583948843297063,aae,False,False,True,45.0,woman,{},-0.5,white,1,1,2,1,1.5,0,liberal
93178090,1043,Karma is a bitch. Muslims will get what they deserve.,0.268703680436327,0.2852823547101242,0.0513409691942163,0.3946729956593324,white,True,False,False,45.0,woman,,-1.0,white,5,5,5,5,5.0,1,liberal
48349576,1043,Karma is a bitch. Muslims will get what they deserve.,0.268703680436327,0.2852823547101242,0.0513409691942163,0.3946729956593324,white,True,False,False,35.0,woman,{},-0.5,white,5,5,4,5,4.5,1,liberal
13486996,1632,"here's a new Law coming soon, its Illegal to be white",0.2110149020398543,0.1876353308317239,0.0365381715176936,0.5648115956107281,white,False,True,False,35.0,woman,{},-0.5,white,4,4,5,5,5.0,1,liberal
13486996,1830,Those niggers should kill themselves,0.2621282212013028,0.3612980299792972,0.02579623516471,0.3507775136546898,hispanic,True,True,False,35.0,woman,{},-0.5,white,5,5,5,5,5.0,1,liberal
11496683,1830,Those niggers should kill themselves,0.2621282212013028,0.3612980299792972,0.02579623516471,0.3507775136546898,hispanic,True,True,False,45.0,woman,{},-0.5,white,5,5,5,5,5.0,1,liberal
71913780,334,Ill try to find my mutuals again if Twitter stops being a bitch.,0.2126021075749052,0.4705593205468906,0.0173721146118051,0.2994664572663991,hispanic,True,False,False,45.0,woman,{},-0.5,white,3,1,4,3,3.5,1,liberal
35280071,334,Ill try to find my mutuals again if Twitter stops being a bitch.,0.2126021075749052,0.4705593205468906,0.0173721146118051,0.2994664572663991,hispanic,True,False,False,35.0,woman,{},0.0,white,4,1,1,1,1.0,0,neutral
37747169,613,"""Fuck niggers, kikes, trannies, faggots, spics, arabs, chinks, greasers and fuck jannies!"" -  Please do us all a favor and log off for a bit cause you're not okay.",0.1195518246658309,0.4897660309366958,0.1824933786679289,0.2081887657295441,hispanic,True,False,False,45.0,man,{},-0.5,white,5,5,5,5,5.0,1,liberal
44239972,613,"""Fuck niggers, kikes, trannies, faggots, spics, arabs, chinks, greasers and fuck jannies!"" -  Please do us all a favor and log off for a bit cause you're not okay.",0.1195518246658309,0.4897660309366958,0.1824933786679289,0.2081887657295441,hispanic,True,False,False,35.0,man,{},-0.5,white,5,5,5,5,5.0,1,liberal
93178090,1401,"Yeah. Verbose, wise-ass, know it all and downright SMUG Jew. I hate punks like this, saturated in Cultural Marxist propaganda. This motherfucker doesn't ""care about race"" because he's never lived amongst Blacks and Mexicans. I'd love to shove his lame, kosher ass into a jail cell full of Negro brutes. Then ask him later (if he lives haha) if he still does not care about race.",0.1065990998233073,0.2346240208448099,0.0955031828955965,0.5632736964362862,white,True,False,False,45.0,woman,,-1.0,white,5,5,5,5,5.0,1,liberal
48349576,1401,"Yeah. Verbose, wise-ass, know it all and downright SMUG Jew. I hate punks like this, saturated in Cultural Marxist propaganda. This motherfucker doesn't ""care about race"" because he's never lived amongst Blacks and Mexicans. I'd love to shove his lame, kosher ass into a jail cell full of Negro brutes. Then ask him later (if he lives haha) if he still does not care about race.",0.1065990998233073,0.2346240208448099,0.0955031828955965,0.5632736964362862,white,True,False,False,35.0,woman,{},-0.5,white,5,5,5,5,5.0,1,liberal
56533629,1522,"I need to rant apologies but this fucking bitch, does she think we are fucking stupid? Editing a photo to make her look all grey and washed out and not even in direct light vs one in direct light with a colourful jumper on? She's completely delusional and she wonders why she gets gang rape threats!",0.2010137799257726,0.3233105125270936,0.0175933721523475,0.4580823353947862,white,True,False,False,25.0,man,{},-1.0,white,4,1,4,3,3.5,1,liberal
13486996,1522,"I need to rant apologies but this fucking bitch, does she think we are fucking stupid? Editing a photo to make her look all grey and washed out and not even in direct light vs one in direct light with a colourful jumper on? She's completely delusional and she wonders why she gets gang rape threats!",0.2010137799257726,0.3233105125270936,0.0175933721523475,0.4580823353947862,white,True,False,False,35.0,woman,{},-0.5,white,5,1,5,5,5.0,1,liberal
13486996,1725,"I was raised in Idaho, amazing place. There is a reason they call it whiteaho. There was 1 single black in my town growing up. He was a halfie and wasn't too bad. Though still did the whole poor black me whine. I don't remember ever meeting a J3w my entire life until I left the state. But. The Mexicans did infiltrate and there are quite a few wetbacks there. Only downfall.",0.0770369740872357,0.2595825744057531,0.0071377404110084,0.6562427110960026,white,False,True,False,35.0,woman,{},-0.5,white,5,5,5,5,5.0,1,liberal
85439177,1725,"I was raised in Idaho, amazing place. There is a reason they call it whiteaho. There was 1 single black in my town growing up. He was a halfie and wasn't too bad. Though still did the whole poor black me whine. I don't remember ever meeting a J3w my entire life until I left the state. But. The Mexicans did infiltrate and there are quite a few wetbacks there. Only downfall.",0.0770369740872357,0.2595825744057531,0.0071377404110084,0.6562427110960026,white,False,True,False,25.0,man,{},-1.0,white,5,5,5,5,5.0,1,liberal
72430962,1682,"I saw a clip of this absolute genius from blm today trying to justify their looting and stealing because, ""this country was stolen in the first place.....and george floyd"" idiot",0.0810309475451891,0.102681893056762,0.1006629510749623,0.7156242083230866,white,False,True,False,40.0,man,{},-0.5,white,3,2,2,2,2.0,0,liberal
35280071,1682,"I saw a clip of this absolute genius from blm today trying to justify their looting and stealing because, ""this country was stolen in the first place.....and george floyd"" idiot",0.0810309475451891,0.102681893056762,0.1006629510749623,0.7156242083230866,white,False,True,False,35.0,woman,{},0.0,white,4,2,5,4,4.5,1,neutral
13486996,2394,"I'm one that believes in freedom of speech, but where Pres. Trump is concerned with his twitter acct., I'm opposed to freedom of tweet 4 him",0.1357416047085372,0.1252298407803416,0.0302126579108157,0.7088158966003053,white,False,False,False,35.0,woman,{},-0.5,white,3,1,3,1,2.0,0,liberal
48349576,2394,"I'm one that believes in freedom of speech, but where Pres. Trump is concerned with his twitter acct., I'm opposed to freedom of tweet 4 him",0.1357416047085372,0.1252298407803416,0.0302126579108157,0.7088158966003053,white,False,False,False,35.0,woman,{},-0.5,white,1,1,1,1,1.0,0,liberal
11496683,2153,Fuck them niggas cause I'm not down for those niggas! Fuck the other niggas 'cause I ride for my whites. I'm here and I ride and I die for my whites,0.5255128539464146,0.2605079434588551,0.0080786237137801,0.2059005788809501,aae,True,True,True,45.0,woman,{},-0.5,white,5,5,5,5,5.0,1,liberal
48349576,2153,Fuck them niggas cause I'm not down for those niggas! Fuck the other niggas 'cause I ride for my whites. I'm here and I ride and I die for my whites,0.5255128539464146,0.2605079434588551,0.0080786237137801,0.2059005788809501,aae,True,True,True,35.0,woman,{},-0.5,white,3,3,5,4,4.5,1,liberal
13486996,1761,Uhm well it's pretty damn simple. Using negro when you're fighting a black man is absolutely not racist,0.1677614526601099,0.2951536429261742,0.0400151801557513,0.4970697242579645,white,True,True,False,35.0,woman,{},-0.5,white,5,5,4,5,4.5,1,liberal
85439177,1761,Uhm well it's pretty damn simple. Using negro when you're fighting a black man is absolutely not racist,0.1677614526601099,0.2951536429261742,0.0400151801557513,0.4970697242579645,white,True,True,False,25.0,man,{},-1.0,white,5,5,5,5,5.0,1,liberal
55799101,1705,"lets be honest, if I said I cant stand blacks you wouldn't say a thing. It's the truth and you wouldn't mind cos you know it too. Im glad we can be open and honest with each other.",0.2120777842154705,0.3462543922489554,0.0076579713300661,0.434009852205508,white,False,True,False,25.0,man,LGBT,-1.0,white,5,5,4,4,4.0,1,liberal
48349576,1705,"lets be honest, if I said I cant stand blacks you wouldn't say a thing. It's the truth and you wouldn't mind cos you know it too. Im glad we can be open and honest with each other.",0.2120777842154705,0.3462543922489554,0.0076579713300661,0.434009852205508,white,False,True,False,35.0,woman,{},-0.5,white,4,5,5,5,5.0,1,liberal
11496683,2155,"This is great man, because I hate niggers too...those jenkem-sucking, welfare-worshiping, shit-skinned, sickle-celled, ass-raping, vine-swinging, bongo-beating bush monkeys Literally apes dirty apes all of them",0.149706282678396,0.2124557265288963,0.0851619208582094,0.5526760699344981,white,True,True,False,45.0,woman,{},-0.5,white,5,5,5,5,5.0,1,liberal
48349576,2155,"This is great man, because I hate niggers too...those jenkem-sucking, welfare-worshiping, shit-skinned, sickle-celled, ass-raping, vine-swinging, bongo-beating bush monkeys Literally apes dirty apes all of them",0.149706282678396,0.2124557265288963,0.0851619208582094,0.5526760699344981,white,True,True,False,35.0,woman,{},-0.5,white,5,5,5,5,5.0,1,liberal
13486996,2282,And then for ICT I need to do my evaluation and for science I need to do an evaluation on one piece of coursework & add something to another,0.1241099273162822,0.1877461929779048,0.0186275395674561,0.6695163401383567,white,False,False,False,35.0,woman,{},-0.5,white,1,1,1,1,1.0,0,liberal
11496683,2282,And then for ICT I need to do my evaluation and for science I need to do an evaluation on one piece of coursework & add something to another,0.1241099273162822,0.1877461929779048,0.0186275395674561,0.6695163401383567,white,False,False,False,45.0,woman,{},-0.5,white,1,1,1,1,1.0,0,liberal
55799101,1641,black people normally would not even bother engaging in these conversations because they know they are tough as a brick wall and cannot understand them,0.1540887022970931,0.1624538650722993,0.0079427028672731,0.6755147297633344,white,False,True,False,25.0,man,LGBT,-1.0,white,2,2,2,2,2.0,0,liberal
56533629,1641,black people normally would not even bother engaging in these conversations because they know they are tough as a brick wall and cannot understand them,0.1540887022970931,0.1624538650722993,0.0079427028672731,0.6755147297633344,white,False,True,False,25.0,man,{},-1.0,white,5,5,5,5,5.0,1,liberal
55799101,3431,""":: I have to listen to Con Funk Shun | """"Love's Train LIVE"""" from the Live For Ya Ass album every morning ..""",0.3230864995494653,0.1583154754822304,0.2903974704997455,0.2282005544685587,aae,True,False,True,25.0,man,LGBT,-1.0,white,1,1,1,1,1.0,0,liberal
72430962,3431,""":: I have to listen to Con Funk Shun | """"Love's Train LIVE"""" from the Live For Ya Ass album every morning ..""",0.3230864995494653,0.1583154754822304,0.2903974704997455,0.2282005544685587,aae,True,False,True,40.0,man,{},-0.5,white,1,1,1,1,1.0,0,liberal
11496683,2779,Lame as hell don't send me no kissy faces and you have a WHOLE entire girlfriend bc I will take it there,0.1563577601498908,0.3968538103534713,0.0085597281062584,0.4382287013903794,white,False,False,False,45.0,woman,{},-0.5,white,2,1,2,2,2.0,0,liberal
55799101,3558,How he dare to say this..... Who is thia idiot !!!!! @ZeeNews # taal thok k,0.3947486551980441,0.3038340014221434,0.0562277114573036,0.2451896319225087,aae,False,False,True,25.0,man,LGBT,-1.0,white,3,1,1,1,1.0,0,liberal
35280071,3558,How he dare to say this..... Who is thia idiot !!!!! @ZeeNews # taal thok k,0.3947486551980441,0.3038340014221434,0.0562277114573036,0.2451896319225087,aae,False,False,True,35.0,woman,{},0.0,white,3,1,4,4,4.0,1,neutral
56533629,322,Every police officer is a resentful son of a bitch with a lot of power,0.1968515512770876,0.1655054070192886,0.1167544915671955,0.5208885501364281,white,True,False,False,25.0,man,{},-1.0,white,5,1,4,3,3.5,1,liberal
93178090,322,Every police officer is a resentful son of a bitch with a lot of power,0.1968515512770876,0.1655054070192886,0.1167544915671955,0.5208885501364281,white,True,False,False,45.0,woman,,-1.0,white,5,1,5,5,5.0,1,liberal
35280071,3446,"""""""You ain't shit"""" BUT been on my own since I was 18, have my own home, own my own vehicle, and work a full time job...& raising a 2 year old:upside__down_face:""",0.381732611284923,0.2058443872297394,0.0734920909660584,0.3389309105192792,aae,True,False,True,35.0,woman,{},0.0,white,1,1,1,1,1.0,0,neutral
11496683,3446,"""""""You ain't shit"""" BUT been on my own since I was 18, have my own home, own my own vehicle, and work a full time job...& raising a 2 year old:upside__down_face:""",0.381732611284923,0.2058443872297394,0.0734920909660584,0.3389309105192792,aae,True,False,True,45.0,woman,{},-0.5,white,2,1,2,2,2.0,0,liberal
13486996,3510,"""Like every other post is a """"reminder"""" that u gotta act exactly this way else ur garbage and buddy im just here to hang n be gay""",0.4455941158284264,0.1746171456816671,0.0717936358675717,0.3079951026223346,aae,False,False,True,35.0,woman,{},-0.5,white,2,1,2,1,1.5,0,liberal
56533629,1656,I just have a bad feeling that GolliWood will embrace this poor put upon nigrah because it is the current coddling libtard favorite black face of everything unpatriotic and anti-American.,0.0854337938137548,0.1577248892159517,0.0468612333633844,0.7099800836069089,white,False,True,False,25.0,man,{},-1.0,white,5,5,5,5,5.0,1,liberal
72430962,1656,I just have a bad feeling that GolliWood will embrace this poor put upon nigrah because it is the current coddling libtard favorite black face of everything unpatriotic and anti-American.,0.0854337938137548,0.1577248892159517,0.0468612333633844,0.7099800836069089,white,False,True,False,40.0,man,{},-0.5,white,5,5,5,5,5.0,1,liberal
35280071,2545,I really appreciate the fact that I get to live in a city with a lot of other kinky people. It's not something to take for granted.,0.0954666285895639,0.2709290137113047,0.0096251074978207,0.6239792502013106,white,True,False,False,35.0,woman,{},0.0,white,1,1,1,1,1.0,0,neutral
48349576,2545,I really appreciate the fact that I get to live in a city with a lot of other kinky people. It's not something to take for granted.,0.0954666285895639,0.2709290137113047,0.0096251074978207,0.6239792502013106,white,True,False,False,35.0,woman,{},-0.5,white,1,1,1,1,1.0,0,liberal
11496683,1576,"Exactly, not only that but BLM has been talking about white privilege for awhile now, yet it's the white privilege which is attracting them to our woman and our own woman to whites. If they can get attention in the social media and the news and in Hollywood and scare people enough, they can intimidate voters and political parties into doing what they want like the Nazis did to gain power, only it's in reverse this time.",0.0881870411289304,0.1589749285411618,0.0228781725983344,0.7299598577315733,white,False,True,False,45.0,woman,{},-0.5,white,5,5,5,5,5.0,1,liberal
85439177,1576,"Exactly, not only that but BLM has been talking about white privilege for awhile now, yet it's the white privilege which is attracting them to our woman and our own woman to whites. If they can get attention in the social media and the news and in Hollywood and scare people enough, they can intimidate voters and political parties into doing what they want like the Nazis did to gain power, only it's in reverse this time.",0.0881870411289304,0.1589749285411618,0.0228781725983344,0.7299598577315733,white,False,True,False,25.0,man,{},-1.0,white,5,5,5,5,5.0,1,liberal
56533629,847,Black people are just totally pointless in society and should be removed,0.0862724052157432,0.2308929681375727,0.0038485168007388,0.6789861098459453,white,False,False,False,25.0,man,{},-1.0,white,5,5,5,5,5.0,1,liberal
48349576,847,Black people are just totally pointless in society and should be removed,0.0862724052157432,0.2308929681375727,0.0038485168007388,0.6789861098459453,white,False,False,False,35.0,woman,{},-0.5,white,5,5,5,5,5.0,1,liberal
55799101,3471,ion care if yall hoes get mad just dont get in the way,0.7576109490109137,0.1228451026266907,0.0014484716993973,0.118095476662998,aae,True,False,True,25.0,man,LGBT,-1.0,white,3,1,3,2,2.5,0,liberal
11496683,3471,ion care if yall hoes get mad just dont get in the way,0.7576109490109137,0.1228451026266907,0.0014484716993973,0.118095476662998,aae,True,False,True,45.0,woman,{},-0.5,white,3,1,4,3,3.5,1,liberal
55799101,3368,Elite Sub level RT @DanaeLovesYou: Putting a song on your MySpace to sub whoever you were beefing with >>>>>>>>>>,0.3799755919470912,0.2271565407923548,0.0564238900051232,0.3364439772554307,aae,False,False,True,25.0,man,LGBT,-1.0,white,1,1,1,1,1.0,0,liberal
35280071,3368,Elite Sub level RT @DanaeLovesYou: Putting a song on your MySpace to sub whoever you were beefing with >>>>>>>>>>,0.3799755919470912,0.2271565407923548,0.0564238900051232,0.3364439772554307,aae,False,False,True,35.0,woman,{},0.0,white,1,1,2,1,1.5,0,neutral
13041518,1721,I don't get why all the blak!x are so mad at us. Its not like we had them as slaves. Although that would be great.,0.2524435046112019,0.3318036657376723,0.0303754117913129,0.3853774178598128,white,False,True,False,65.0,woman,elderly,-1.0,white,5,5,5,5,5.0,1,liberal
35280071,1721,I don't get why all the blak!x are so mad at us. Its not like we had them as slaves. Although that would be great.,0.2524435046112019,0.3318036657376723,0.0303754117913129,0.3853774178598128,white,False,True,False,35.0,woman,{},0.0,white,5,3,5,5,5.0,1,neutral
35280071,3486,the FBI hacking into me and olivia's chatlogs: why are these hoes obsessed with ugly peoples,0.375723307255719,0.1980380318790769,0.0666984711697912,0.3595401896954127,aae,True,False,True,35.0,woman,{},0.0,white,1,1,2,1,1.5,0,neutral
48349576,3486,the FBI hacking into me and olivia's chatlogs: why are these hoes obsessed with ugly peoples,0.375723307255719,0.1980380318790769,0.0666984711697912,0.3595401896954127,aae,True,False,True,35.0,woman,{},-0.5,white,1,1,2,2,2.0,0,liberal
35280071,67,"the fact is that I love winding them up, they are so easy to triggerv",0.1544461223391887,0.2331680176786432,0.0069241039522279,0.6054617560299401,white,False,False,False,35.0,woman,{},0.0,white,3,1,2,1,1.5,0,neutral
85439177,67,"the fact is that I love winding them up, they are so easy to triggerv",0.1544461223391887,0.2331680176786432,0.0069241039522279,0.6054617560299401,white,False,False,False,25.0,man,{},-1.0,white,4,1,4,3,3.5,1,liberal
11496683,3400,"""Im ALWAYS here for objective Beyonce analysis but I do NOT see what yall see for Ashanti and never have """"oh babay"""" :face_with_rolling_eyes::joy:""",0.420165883184216,0.1822274015550909,0.1594576873320718,0.2381490279286213,aae,False,False,True,45.0,woman,{},-0.5,white,2,1,2,1,1.5,0,liberal
85439177,3400,"""Im ALWAYS here for objective Beyonce analysis but I do NOT see what yall see for Ashanti and never have """"oh babay"""" :face_with_rolling_eyes::joy:""",0.420165883184216,0.1822274015550909,0.1594576873320718,0.2381490279286213,aae,False,False,True,25.0,man,{},-1.0,white,1,1,1,1,1.0,0,liberal
55799101,404,my chair can eat my shit,0.4218301205968101,0.3059956965943129,0.0003925255899915,0.2717816572188854,aae,True,False,True,25.0,man,LGBT,-1.0,white,1,1,1,1,1.0,0,liberal
85439177,404,my chair can eat my shit,0.4218301205968101,0.3059956965943129,0.0003925255899915,0.2717816572188854,aae,True,False,True,25.0,man,{},-1.0,white,1,1,1,1,1.0,0,liberal
71913780,2104,I don't like being an ass man. I don't want to share a fetish with black people,0.2614069119342052,0.4041139523395586,0.0077555804969148,0.3267235552293215,hispanic,True,True,False,45.0,woman,{},-0.5,white,5,5,5,4,4.5,1,liberal
48349576,2104,I don't like being an ass man. I don't want to share a fetish with black people,0.2614069119342052,0.4041139523395586,0.0077555804969148,0.3267235552293215,hispanic,True,True,False,35.0,woman,{},-0.5,white,5,5,5,5,5.0,1,liberal
56533629,810,Hitler had plenty of good reasons to get rid of the jews...according to necessity of course.,0.0639180612904009,0.1180971951250898,0.0442780817345758,0.7737066618499333,white,False,False,False,25.0,man,{},-1.0,white,5,5,5,5,5.0,1,liberal
71913780,810,Hitler had plenty of good reasons to get rid of the jews...according to necessity of course.,0.0639180612904009,0.1180971951250898,0.0442780817345758,0.7737066618499333,white,False,False,False,45.0,woman,{},-0.5,white,5,5,5,5,5.0,1,liberal
11496683,545,Women are not fucking inferior to men,0.1956312325834845,0.2646028275645005,0.1187908290117788,0.4209751108402361,white,True,False,False,45.0,woman,{},-0.5,white,2,1,1,1,1.0,0,liberal
48349576,545,Women are not fucking inferior to men,0.1956312325834845,0.2646028275645005,0.1187908290117788,0.4209751108402361,white,True,False,False,35.0,woman,{},-0.5,white,1,1,1,1,1.0,0,liberal
56533629,1816,CHECK THESE LYRICS TO AN UNNAMED SONG. TUNE OUT THAT NIGGA MUSIC,0.4627687274602148,0.2028541630552965,0.0765316817068584,0.2578454277776301,aae,True,True,True,25.0,man,{},-1.0,white,4,4,5,4,4.5,1,liberal
71913780,1816,CHECK THESE LYRICS TO AN UNNAMED SONG. TUNE OUT THAT NIGGA MUSIC,0.4627687274602148,0.2028541630552965,0.0765316817068584,0.2578454277776301,aae,True,True,True,45.0,woman,{},-0.5,white,4,5,5,4,4.5,1,liberal
48349576,2656,The politicians -animals are dancing on the street of Pakistan-AAM ADMI are looking at them-and then look in the sky in search of God-,0.0816470677302665,0.1772014896624998,0.0166676976520457,0.7244837449551881,white,False,False,False,35.0,woman,{},-0.5,white,3,2,3,4,3.5,1,liberal
85439177,2656,The politicians -animals are dancing on the street of Pakistan-AAM ADMI are looking at them-and then look in the sky in search of God-,0.0816470677302665,0.1772014896624998,0.0166676976520457,0.7244837449551881,white,False,False,False,25.0,man,{},-1.0,white,2,1,2,2,2.0,0,liberal
13486996,3251,Judge rules to allow 1st Title IX claim against Baylor - and negligence claims against frm Coach Art Briles & frm AD Ian McCaw - to proceed,0.4482526950503085,0.0554707398043028,0.1966958007200015,0.2995807644253869,aae,False,False,True,35.0,woman,{},-0.5,white,1,1,1,1,1.0,0,liberal
48349576,3251,Judge rules to allow 1st Title IX claim against Baylor - and negligence claims against frm Coach Art Briles & frm AD Ian McCaw - to proceed,0.4482526950503085,0.0554707398043028,0.1966958007200015,0.2995807644253869,aae,False,False,True,35.0,woman,{},-0.5,white,1,1,1,1,1.0,0,liberal
13486996,3237,"""Finally got my gf to watch #WynonnaEarp last night. She kept calling Bobo """"The Badonkadonk"""" so you win some you lose some I guess.""",0.3368510581456531,0.2809083273251305,0.1148524184080211,0.2673881961211951,aae,False,False,True,35.0,woman,{},-0.5,white,1,1,2,1,1.5,0,liberal
11496683,1663,"well I think everyone should have the right to see it up close and personal, in a zoo, where all blacks belong",0.13740342842639,0.298139778845702,0.0142631382263525,0.5501936545015552,white,False,True,False,45.0,woman,{},-0.5,white,5,5,5,5,5.0,1,liberal
72105794,3412,"""These promposals make me mad even at my age because my promosal was my exboyfriend saying """"Can I wear a cane to prom"""" :face_with_rolling_eyes::face_with_rolling_eyes::face_with_rolling_eyes: Aggy ass :joy::joy::joy:""",0.5105997839580011,0.2233433916839481,0.077872323052999,0.1881845013050515,aae,True,False,True,35.0,man,{},-0.5,white,1,1,2,1,1.5,0,liberal
26767527,2356,Thank you to our governors who spent the day in school looking at our learning. We hope you were impressed? #TeamManor #Aspirebelieveachieve,0.0555206584361265,0.1592161647911827,0.0110144687812376,0.7742487079914531,white,False,False,False,50.0,man,none,-0.5,white,1,1,1,1,1.0,0,liberal
9108933,377,"Ayo, yall check it my niggas, wanna know how I achieved this body?",0.61021389459725,0.1762431243663285,0.061296601227135,0.1522463798092865,aae,True,False,True,50.0,woman,{},-0.5,white,1,1,2,1,1.5,0,liberal
80986841,132,"""I should have been challenged on the proposals or the claims that I was making for myself,"" she said. ""And I think that would have made a big difference as well. If I was just challenged on the things I was saying.""",0.149834639320939,0.2435231966172134,0.0240217166226825,0.5826204474391651,white,False,False,False,40.0,woman,{},-1.0,white,1,1,1,1,1.0,0,liberal
96368768,1545,If a witch doctor came and shook some magic chicken bones and poured some jenkem on them they would immediately feel better...,0.2714114512634962,0.163144449209561,0.0103080794259603,0.5551360201009824,white,False,True,False,30.0,woman,LGBT,-0.5,white,1,1,1,1,1.0,0,liberal
72105794,3333,Shoot like the coach gave you green light from anywhere even if yo shot look like Shaqs keep shooting away :joy::joy:,0.4809308911111363,0.2206514338151909,0.0147009527114529,0.2837167223622198,aae,False,False,True,35.0,man,{},-0.5,white,1,1,1,1,1.0,0,liberal
72105794,3515,If I wasn't a LeBron damn I'd hate him he gotta annoying tendencies,0.4668932120917348,0.3015384736940729,0.0096847477366811,0.2218835664775111,aae,False,False,True,35.0,man,{},-0.5,white,1,1,1,1,1.0,0,liberal
72430962,2398,If you support the movement retweet my pinned tweet! #IGotABag #99JAMZ #MusicMondays #StreetsEnterprise,0.202645201772254,0.2747860026769698,0.0713738532689038,0.4511949422818725,white,False,False,False,40.0,man,{},-0.5,white,1,1,1,1,1.0,0,liberal
15996311,3527,"""""""This Jestxh idiot keeps riding me in dms, the kids a freak"""" -Scruffyy""",0.312631974475946,0.1844849268736395,0.1955854137929079,0.3072976848575066,aae,False,False,True,40.0,woman,{},-1.0,white,5,1,4,4,4.0,1,liberal
72430962,3528,"""Hov one verse on """"shining"""" alone still better than anything y'all favorite rappers put out dis year y'all sick lmaooooo""",0.6397034232924098,0.0981073569233247,0.0912748982559438,0.1709143215283216,aae,False,False,True,40.0,man,{},-0.5,white,2,1,2,2,2.0,0,liberal
15040445,3302,"""I showed him a picture of 21 savage and he said """"yeah he looked like that"""". I think my dad just met 21 savage.""",0.3439815208207092,0.3068742564185427,0.095131319876266,0.2540129028844821,aae,False,False,True,40.0,woman,bisexual,-0.5,white,1,1,1,1,1.0,0,liberal
32677126,3302,"""I showed him a picture of 21 savage and he said """"yeah he looked like that"""". I think my dad just met 21 savage.""",0.3439815208207092,0.3068742564185427,0.095131319876266,0.2540129028844821,aae,False,False,True,35.0,man,Veteran,-1.0,white,1,1,1,1,1.0,0,liberal
95971160,3594,I just want my fucking hair done :woman_facepalming_medium-dark_skin_tone: guess I gotta try to do it myself cause I know another mf aint gone do it :face_with_rolling_eyes:,0.6023207251397146,0.2593555196563834,4.909967774074726e-05,0.1382746555261611,aae,True,False,True,25.0,man,{},-0.5,white,2,2,2,2,2.0,0,liberal
35638915,3554,Cause my money running like Forest gump these niggahs hate me like I'm Donald trump:microphone: @YoungDolph,0.5926893299635455,0.2009051038699834,0.0316687679431472,0.1747367982233239,aae,False,False,True,40.0,woman,{},0.0,white,4,5,5,5,5.0,1,neutral
9108933,3554,Cause my money running like Forest gump these niggahs hate me like I'm Donald trump:microphone: @YoungDolph,0.5926893299635455,0.2009051038699834,0.0316687679431472,0.1747367982233239,aae,False,False,True,50.0,woman,{},-0.5,white,4,4,4,3,3.5,1,liberal
95971160,4,I do not dislike vegetables just the majority of them,0.1377137786734108,0.3285370019561496,0.0220051781193651,0.5117440412510743,white,False,False,False,25.0,man,{},-0.5,white,1,1,1,1,1.0,0,liberal
32677126,4,I do not dislike vegetables just the majority of them,0.1377137786734108,0.3285370019561496,0.0220051781193651,0.5117440412510743,white,False,False,False,35.0,man,Veteran,-1.0,white,1,1,1,1,1.0,0,liberal
72430962,3349,Get ready for #DigiTrendz - Entertainment News on #ShoutsOnY @Y1079FM x @Y979FM brought to you by @MTNGhana @caroline4real @quarpshansen,0.3451266904175178,0.2588678489363967,0.0753559953468864,0.3206494652991989,aae,False,False,True,40.0,man,{},-0.5,white,1,1,1,1,1.0,0,liberal
32677126,3349,Get ready for #DigiTrendz - Entertainment News on #ShoutsOnY @Y1079FM x @Y979FM brought to you by @MTNGhana @caroline4real @quarpshansen,0.3451266904175178,0.2588678489363967,0.0753559953468864,0.3206494652991989,aae,False,False,True,35.0,man,Veteran,-1.0,white,1,1,1,1,1.0,0,liberal
62060153,3436,"""These are the same people who give no fucks for the ~consequences~ of their """"messing up"""" and will take no responsibility over that. Fuck 'em""",0.3250870173170643,0.2421787376982118,0.1557673647994915,0.2769668801852324,aae,True,False,True,40.0,man,{},-0.5,white,4,3,5,5,5.0,1,liberal
67034114,3436,"""These are the same people who give no fucks for the ~consequences~ of their """"messing up"""" and will take no responsibility over that. Fuck 'em""",0.3250870173170643,0.2421787376982118,0.1557673647994915,0.2769668801852324,aae,True,False,True,40.0,man,{},-1.0,white,4,1,4,4,4.0,1,liberal
1226439,1799,i bet this nigga knows,0.5934677194703277,0.2383204703836429,0.0002612366670347,0.1679505734789945,aae,True,True,True,30.0,nonBinary,{},-1.0,white,1,1,2,1,1.5,0,liberal
72430962,1799,i bet this nigga knows,0.5934677194703277,0.2383204703836429,0.0002612366670347,0.1679505734789945,aae,True,True,True,40.0,man,{},-0.5,white,1,1,1,1,1.0,0,liberal
6690712,2128,"If that ngr is clever enough to get his skinny ass into this country, he's competent enough to be held responsible for chimping out.",0.129509592738782,0.1624270168721203,0.0084504140459776,0.69961297634312,white,True,True,False,40.0,woman,{},-0.5,white,5,5,4,5,4.5,1,liberal
96368768,2128,"If that ngr is clever enough to get his skinny ass into this country, he's competent enough to be held responsible for chimping out.",0.129509592738782,0.1624270168721203,0.0084504140459776,0.69961297634312,white,True,True,False,30.0,woman,{},-0.5,white,5,5,5,5,5.0,1,liberal
6690712,3519,I hate the Nimbasa Ferris Wheel... It was hard to trust N after he told me that he was Plasma's king.,0.402717488749292,0.2200309160884215,0.0142850197273985,0.3629665754348879,aae,False,False,True,40.0,woman,{},-0.5,white,1,1,2,1,1.5,0,liberal
95971160,3519,I hate the Nimbasa Ferris Wheel... It was hard to trust N after he told me that he was Plasma's king.,0.402717488749292,0.2200309160884215,0.0142850197273985,0.3629665754348879,aae,False,False,True,25.0,man,{},-0.5,white,3,2,2,2,2.0,0,liberal
15040445,1837,"Lol watch out nigga, I'm going to find you and kill you and all your family.",0.2367969935146459,0.4056427104322506,0.0067311482903763,0.3508291477627272,hispanic,True,True,False,40.0,woman,bisexual,-0.5,white,5,5,5,5,5.0,1,liberal
26767527,1837,"Lol watch out nigga, I'm going to find you and kill you and all your family.",0.2367969935146459,0.4056427104322506,0.0067311482903763,0.3508291477627272,hispanic,True,True,False,50.0,man,none,-0.5,white,5,5,5,5,5.0,1,liberal
6690712,1719,Good to see these guys! We need more white lawyers to fight the good fight!!,0.3627923057173601,0.2922890553207913,0.0163361901400906,0.3285824488217577,aae,False,True,True,40.0,woman,{},-0.5,white,3,3,2,3,2.5,0,liberal
32677126,1719,Good to see these guys! We need more white lawyers to fight the good fight!!,0.3627923057173601,0.2922890553207913,0.0163361901400906,0.3285824488217577,aae,False,True,True,35.0,man,Veteran,-1.0,white,2,3,2,2,2.0,0,liberal
65218045,2718,Whole Moyes thing got blown out of proportion but tbf a wanted him to fined and sacked cos he's an awful manager,0.107645787232449,0.2672364895243322,0.0767680142212724,0.5483497090219464,white,False,False,False,30.0,man,Jewish,-0.5,white,5,1,5,4,4.5,1,liberal
32677126,2718,Whole Moyes thing got blown out of proportion but tbf a wanted him to fined and sacked cos he's an awful manager,0.107645787232449,0.2672364895243322,0.0767680142212724,0.5483497090219464,white,False,False,False,35.0,man,Veteran,-1.0,white,2,1,2,1,1.5,0,liberal
62060153,3415,i want 2 go 2 the kitchen and snatch some donuts from d fridge but im afraid i might wake them im so gutom n its 1 am ya feel me hekkkkkk,0.4129340320192578,0.2820452355987527,0.0773865867287822,0.2276341456532072,aae,True,False,True,40.0,man,{},-0.5,white,1,1,1,1,1.0,0,liberal
95971160,3415,i want 2 go 2 the kitchen and snatch some donuts from d fridge but im afraid i might wake them im so gutom n its 1 am ya feel me hekkkkkk,0.4129340320192578,0.2820452355987527,0.0773865867287822,0.2276341456532072,aae,True,False,True,25.0,man,{},-0.5,white,1,1,1,1,1.0,0,liberal
72105794,2170,"I really hate the libtard freaks that coddle this garbage. The way things are going...the future looks to be a distinctly unpalatable one. I thank fuck I'm forty-seven and didn't have kids. The inner cities of Britain have become incrementally worse in the last 20 years. Years ago, you never saw any niggers. If you did, it would be on its own. Now they're ubiquitous, sadly. What's Sydney like for niggers? Does it have a blend of different niggers like London?",0.0574263720220666,0.1905946076165942,0.0139891684043567,0.7379898519569825,white,True,True,False,35.0,man,{},-0.5,white,4,5,5,5,5.0,1,liberal
9108933,2170,"I really hate the libtard freaks that coddle this garbage. The way things are going...the future looks to be a distinctly unpalatable one. I thank fuck I'm forty-seven and didn't have kids. The inner cities of Britain have become incrementally worse in the last 20 years. Years ago, you never saw any niggers. If you did, it would be on its own. Now they're ubiquitous, sadly. What's Sydney like for niggers? Does it have a blend of different niggers like London?",0.0574263720220666,0.1905946076165942,0.0139891684043567,0.7379898519569825,white,True,True,False,50.0,woman,{},-0.5,white,5,5,5,5,5.0,1,liberal
6690712,3289,"""""""We gon' sit on an airplane~ gon' sit on airplane~"""" Sings happily on the way to the airport with @_LanceHunter_.""",0.437900824764047,0.1479319335159648,0.1173337619468961,0.2968334797730919,aae,False,False,True,40.0,woman,{},-0.5,white,1,1,1,1,1.0,0,liberal
72430962,3289,"""""""We gon' sit on an airplane~ gon' sit on airplane~"""" Sings happily on the way to the airport with @_LanceHunter_.""",0.437900824764047,0.1479319335159648,0.1173337619468961,0.2968334797730919,aae,False,False,True,40.0,man,{},-0.5,white,1,1,1,1,1.0,0,liberal
6690712,2096,"it's simple - blacks chimp out and get free shit, whites dont chimp out and get fucked in the ass. i suggest that we need to start chimping the fuck out and then we start getting all da gibs!",0.4716797662111358,0.1851628429342345,0.0179660930559079,0.3251912977987218,aae,True,True,True,40.0,woman,{},-0.5,white,5,5,5,5,5.0,1,liberal
65218045,2096,"it's simple - blacks chimp out and get free shit, whites dont chimp out and get fucked in the ass. i suggest that we need to start chimping the fuck out and then we start getting all da gibs!",0.4716797662111358,0.1851628429342345,0.0179660930559079,0.3251912977987218,aae,True,True,True,30.0,man,Jewish,-0.5,white,5,5,5,5,5.0,1,liberal
95971160,535,Fuck! I forgot my umbrella and it's pouring outside!,0.1803421452336967,0.3531963164893435,0.0173647892186042,0.4490967490583556,white,True,False,False,25.0,man,{},-0.5,white,1,1,1,1,1.0,0,liberal
32677126,535,Fuck! I forgot my umbrella and it's pouring outside!,0.1803421452336967,0.3531963164893435,0.0173647892186042,0.4490967490583556,white,True,False,False,35.0,man,Veteran,-1.0,white,1,1,2,1,1.5,0,liberal
59609715,2683,"And now people are threatening the Gotham twitter, I'm done. This fandom is too goddamn disgusting.",0.0862812292533211,0.2572655845923411,0.0381235673734464,0.6183296187808913,white,False,False,False,35.0,man,{},-0.5,white,2,1,3,2,2.5,0,liberal
1226439,2683,"And now people are threatening the Gotham twitter, I'm done. This fandom is too goddamn disgusting.",0.0862812292533211,0.2572655845923411,0.0381235673734464,0.6183296187808913,white,False,False,False,30.0,nonBinary,{},-1.0,white,2,1,2,2,2.0,0,liberal
72430962,2341,Cheaper to buy 2 hockey sticks from the US and have them shipped over than buying from @PuckStopUK or any U.K. store :pensive:#depressing,0.0496390456498118,0.138726554841008,0.0130192830030205,0.7986151165061596,white,False,False,False,40.0,man,{},-0.5,white,1,1,1,1,1.0,0,liberal
9108933,2341,Cheaper to buy 2 hockey sticks from the US and have them shipped over than buying from @PuckStopUK or any U.K. store :pensive:#depressing,0.0496390456498118,0.138726554841008,0.0130192830030205,0.7986151165061596,white,False,False,False,50.0,woman,{},-0.5,white,1,1,1,1,1.0,0,liberal
6690712,724,"Ragyo is deadass so ugly. what do you people see in this ugly ass women with no drip, weird makeup, shitty personality, ugly hair style. Yall mfs must be down bad for milfs #ragyo",0.3726041549338344,0.3457582817854563,0.0215078564376212,0.260129706843088,aae,True,False,True,40.0,woman,{},-0.5,white,5,1,3,5,4.0,1,liberal
9108933,724,"Ragyo is deadass so ugly. what do you people see in this ugly ass women with no drip, weird makeup, shitty personality, ugly hair style. Yall mfs must be down bad for milfs #ragyo",0.3726041549338344,0.3457582817854563,0.0215078564376212,0.260129706843088,aae,True,False,True,50.0,woman,{},-0.5,white,4,3,4,3,3.5,1,liberal
9108933,2214,"You was exactly like the nigga I talked about. Come on and stop selling out, take that stupid-ass smile off your face. Niggas always gotta show they teeth. But be brief",0.4583499381820027,0.2611321361232454,0.0045573213596579,0.275960604335094,aae,True,True,True,50.0,woman,{},-0.5,white,2,2,3,2,2.5,0,liberal
62060153,1742,Anti-Slavery International should be destroyed. We need that negro free labour to function.,0.1731484295311674,0.2558824210479195,0.1737493988468361,0.3972197505740769,white,True,True,False,40.0,man,{},-0.5,white,5,5,5,5,5.0,1,liberal
9108933,1742,Anti-Slavery International should be destroyed. We need that negro free labour to function.,0.1731484295311674,0.2558824210479195,0.1737493988468361,0.3972197505740769,white,True,True,False,50.0,woman,{},-0.5,white,5,5,5,5,5.0,1,liberal
9108933,3530,I Kan put a hit on you homie you know I'm good for it!!! But I'll do you in myself Kuz it's Personal.,0.4170883950868265,0.3120731194719366,0.0252116807863151,0.2456268046549216,aae,False,False,True,50.0,woman,{},-0.5,white,1,1,1,1,1.0,0,liberal
51261309,476,"fuck this, my dog is doing my nut in",0.3757146073033922,0.2822356477879542,0.0164577745590451,0.3255919703496084,aae,True,False,True,55.0,woman,{},0.0,white,1,1,2,2,2.0,0,neutral
47777228,3037,"my phone is sooo fucked :-( the home button isn't working, neither is the lock button :)) it needs charged every 3hrs :)))",0.1857787417004722,0.3675120244139336,0.0276946346581351,0.4190145992274589,white,True,False,False,25.0,man,{},-1.0,white,1,1,1,1,1.0,0,liberal
6690712,3037,"my phone is sooo fucked :-( the home button isn't working, neither is the lock button :)) it needs charged every 3hrs :)))",0.1857787417004722,0.3675120244139336,0.0276946346581351,0.4190145992274589,white,True,False,False,40.0,woman,{},-0.5,white,1,1,1,1,1.0,0,liberal
27189963,1347,"Wait, wait, wait, a fucking minute! Did this silly bitch really just try to be ""sexy"" doing ASL sign language?! What the fuck is wrong her?! Nothing about disabled is sexy",0.2933571517137791,0.2796734776049149,0.0351983203595625,0.3917710503217434,white,True,False,False,35.0,woman,{},-0.5,white,5,1,5,5,5.0,1,liberal
72105794,1347,"Wait, wait, wait, a fucking minute! Did this silly bitch really just try to be ""sexy"" doing ASL sign language?! What the fuck is wrong her?! Nothing about disabled is sexy",0.2933571517137791,0.2796734776049149,0.0351983203595625,0.3917710503217434,white,True,False,False,35.0,man,{},-0.5,white,4,1,4,4,4.0,1,liberal
6690712,1624,They are behaving like the black ghetto trash that they are,0.3765953184249163,0.3166696265688123,0.0074363384029317,0.2992987166033396,aae,False,True,True,40.0,woman,{},-0.5,white,5,4,3,4,3.5,1,liberal
72105794,1624,They are behaving like the black ghetto trash that they are,0.3765953184249163,0.3166696265688123,0.0074363384029317,0.2992987166033396,aae,False,True,True,35.0,man,{},-0.5,white,4,4,5,4,4.5,1,liberal
15040445,3513,"Briana know she wrong!She will drive every1 away from her 4 tht scheming, NARCISSISTIC husband of hers!@LFM_BrianaRenee @LittleWomenTV",0.5635711006815394,0.2027031788642634,0.0178034395174458,0.2159222809367512,aae,False,False,True,40.0,woman,bisexual,-0.5,white,3,1,2,2,2.0,0,liberal
32677126,3513,"Briana know she wrong!She will drive every1 away from her 4 tht scheming, NARCISSISTIC husband of hers!@LFM_BrianaRenee @LittleWomenTV",0.5635711006815394,0.2027031788642634,0.0178034395174458,0.2159222809367512,aae,False,False,True,35.0,man,Veteran,-1.0,white,1,1,1,1,1.0,0,liberal
43621071,3557,You can't be ran through & a trophy at the same time. You washed up ma' so 9/10 you gone end up with somebody as low as you! :wink:,0.4257964060975805,0.218360439038212,0.0131816848231545,0.3426614700410527,aae,False,False,True,40.0,woman,{},-1.0,white,4,1,4,4,4.0,1,liberal
6690712,2256,#BBnaija time to give out airtime to all bossnation.we are taking this. The dopest team ever. Tboss 4 the mula.,0.1205388147489614,0.3167850738692189,0.0254091920917993,0.5372669192900202,white,False,False,False,40.0,woman,{},-0.5,white,1,1,1,1,1.0,0,liberal
9108933,2256,#BBnaija time to give out airtime to all bossnation.we are taking this. The dopest team ever. Tboss 4 the mula.,0.1205388147489614,0.3167850738692189,0.0254091920917993,0.5372669192900202,white,False,False,False,50.0,woman,{},-0.5,white,2,1,2,2,2.0,0,liberal
72430962,760,Pls Never forget that Jews did 9/11.,0.1050529857213534,0.2856039220444319,0.1830397727749949,0.4263033194592197,white,False,False,False,40.0,man,{},-0.5,white,5,1,5,5,5.0,1,liberal
95971160,760,Pls Never forget that Jews did 9/11.,0.1050529857213534,0.2856039220444319,0.1830397727749949,0.4263033194592197,white,False,False,False,25.0,man,{},-0.5,white,5,3,5,5,5.0,1,liberal
1226439,1724,blacks love to sell drugs,0.3446430206270521,0.3271443938102932,0.0415817751797453,0.2866308103829093,aae,False,True,True,30.0,nonBinary,{},-1.0,white,5,5,5,5,5.0,1,liberal
9108933,1724,blacks love to sell drugs,0.3446430206270521,0.3271443938102932,0.0415817751797453,0.2866308103829093,aae,False,True,True,50.0,woman,{},-0.5,white,5,5,5,5,5.0,1,liberal
72105794,1824,We should ask why bedbugs have niggers. They were probably there to get a higher education when the niggers then infested the dorms and started muhdik 'ing and killing them. Any one think that maybe we should sell sniper to bedbugs?,0.1365176150384967,0.2296747203105961,0.0172070206791259,0.6166006439717809,white,True,True,False,35.0,man,{},-0.5,white,5,5,5,5,5.0,1,liberal
65218045,1824,We should ask why bedbugs have niggers. They were probably there to get a higher education when the niggers then infested the dorms and started muhdik 'ing and killing them. Any one think that maybe we should sell sniper to bedbugs?,0.1365176150384967,0.2296747203105961,0.0172070206791259,0.6166006439717809,white,True,True,False,30.0,man,Jewish,-0.5,white,5,5,5,5,5.0,1,liberal
65218045,679,Why am i always called a fucking nigger,0.1791695661526853,0.5145271993857017,0.0206165438889158,0.2856866905726972,hispanic,True,False,False,30.0,man,Jewish,-0.5,white,1,1,3,1,2.0,0,liberal
15040445,679,Why am i always called a fucking nigger,0.1791695661526853,0.5145271993857017,0.0206165438889158,0.2856866905726972,hispanic,True,False,False,40.0,woman,bisexual,-0.5,white,3,3,5,5,5.0,1,liberal
62060153,1530,"I mean, I dont care if all the gays are infected to the nines. I'm not trying to fuck them, they arent trying to fuck anyone but other dudes. Just making doctors rich raw dogging their twink boys.Who cares what they got or do, its an insular culture anyway.

",0.2555592451325477,0.3415691004308273,0.0087424918922442,0.3941291625443808,white,True,False,False,40.0,man,{},-0.5,white,5,1,5,5,5.0,1,liberal
95971160,1530,"I mean, I dont care if all the gays are infected to the nines. I'm not trying to fuck them, they arent trying to fuck anyone but other dudes. Just making doctors rich raw dogging their twink boys.Who cares what they got or do, its an insular culture anyway.

",0.2555592451325477,0.3415691004308273,0.0087424918922442,0.3941291625443808,white,True,False,False,25.0,man,{},-0.5,white,5,2,5,4,4.5,1,liberal
6690712,2327,This woman married a man with 2 other wives and she's now jealous about the fact that he's had a baby with another wife :face_with_rolling_eyes:,0.2446782806657151,0.2787404079409334,0.0059076536237222,0.4706736577696291,white,False,False,False,40.0,woman,{},-0.5,white,2,1,2,2,2.0,0,liberal
72430962,2327,This woman married a man with 2 other wives and she's now jealous about the fact that he's had a baby with another wife :face_with_rolling_eyes:,0.2446782806657151,0.2787404079409334,0.0059076536237222,0.4706736577696291,white,False,False,False,40.0,man,{},-0.5,white,2,1,2,2,2.0,0,liberal
15040445,1345,this bitch is so shit.,0.3821313454610152,0.3253835500463138,0.0149380544475197,0.2775470500451512,aae,True,False,True,40.0,woman,bisexual,-0.5,white,5,1,5,5,5.0,1,liberal
43621071,1345,this bitch is so shit.,0.3821313454610152,0.3253835500463138,0.0149380544475197,0.2775470500451512,aae,True,False,True,40.0,woman,{},-1.0,white,5,1,5,5,5.0,1,liberal
32677126,2912,"black men fight alongside their non-black exxotical queens against the white man, is really the black male wet dream, so again not surprised",0.3000797950285599,0.2048642024382939,0.0682289515251433,0.4268270510080029,white,True,False,False,35.0,man,Veteran,-1.0,white,3,4,5,4,4.5,1,liberal
15040445,1683,"Most (emphasis on the word MOST because some triggered idiot might read this and make a fuss, if so, good) black people can be very racist. The sad truth is that, racism is always going to exist.",0.1560835280862977,0.1815492190028914,0.05216119574239,0.6102060571684208,white,False,True,False,40.0,woman,bisexual,-0.5,white,5,5,5,5,5.0,1,liberal
9108933,1683,"Most (emphasis on the word MOST because some triggered idiot might read this and make a fuss, if so, good) black people can be very racist. The sad truth is that, racism is always going to exist.",0.1560835280862977,0.1815492190028914,0.05216119574239,0.6102060571684208,white,False,True,False,50.0,woman,{},-0.5,white,5,4,5,4,4.5,1,liberal
6690712,3356,No confidence!! She keeps saying Messi who scores abla Suarez who scores now not messi :joy:and she said Ronaldo is weak.haters keep watching us,0.3042885932169162,0.2506450133308527,0.2880424064332164,0.1570239870190148,aae,False,False,True,40.0,woman,{},-0.5,white,1,1,1,1,1.0,0,liberal
9108933,3356,No confidence!! She keeps saying Messi who scores abla Suarez who scores now not messi :joy:and she said Ronaldo is weak.haters keep watching us,0.3042885932169162,0.2506450133308527,0.2880424064332164,0.1570239870190148,aae,False,False,True,50.0,woman,{},-0.5,white,2,1,2,2,2.0,0,liberal
65218045,646,nothing hurts me worse than when I think be abt my brother! that shit hurt dawg i really miss my nigga,0.5181263462175679,0.2837632089672648,0.0028793804596547,0.1952310643555123,aae,True,False,True,30.0,man,Jewish,-0.5,white,1,1,3,1,2.0,0,liberal
26767527,646,nothing hurts me worse than when I think be abt my brother! that shit hurt dawg i really miss my nigga,0.5181263462175679,0.2837632089672648,0.0028793804596547,0.1952310643555123,aae,True,False,True,50.0,man,none,-0.5,white,1,2,2,3,2.5,0,liberal
1226439,2314,when you wanna get the loml's attention but afraid of rejection so you just throw fruit snacks at him...,0.2574181921971234,0.3438566443119416,0.0052332725751899,0.3934918909157451,white,False,False,False,30.0,nonBinary,{},-1.0,white,1,1,1,1,1.0,0,liberal
9108933,2314,when you wanna get the loml's attention but afraid of rejection so you just throw fruit snacks at him...,0.2574181921971234,0.3438566443119416,0.0052332725751899,0.3934918909157451,white,False,False,False,50.0,woman,{},-0.5,white,1,1,1,1,1.0,0,liberal
6690712,142,"Kamala Harris comes off as such an insufferable lying person. Sorry, its just true.",0.1040428805136653,0.2139414153139736,0.1342233071954812,0.5477923969768798,white,False,False,False,40.0,woman,{},-0.5,white,5,1,3,4,3.5,1,liberal
65218045,142,"Kamala Harris comes off as such an insufferable lying person. Sorry, its just true.",0.1040428805136653,0.2139414153139736,0.1342233071954812,0.5477923969768798,white,False,False,False,30.0,man,Jewish,-0.5,white,5,1,5,4,4.5,1,liberal
72105794,3639,Why y'all can't just give Carolina they credit :face_with_rolling_eyes: they worked for it :joy: mad asses,0.529575672095896,0.2003069132806689,0.0061693808730739,0.2639480337503611,aae,True,False,True,35.0,man,{},-0.5,white,1,1,1,1,1.0,0,liberal
72430962,3639,Why y'all can't just give Carolina they credit :face_with_rolling_eyes: they worked for it :joy: mad asses,0.529575672095896,0.2003069132806689,0.0061693808730739,0.2639480337503611,aae,True,False,True,40.0,man,{},-0.5,white,2,1,2,2,2.0,0,liberal
72105794,2217,"Where we come from, they don't give a thing, so we don't have shit, they leave us young people with no options and give it all to niggas",0.3985591230376308,0.2636242069087489,0.0101870846187467,0.3276295854348733,aae,True,True,True,35.0,man,{},-0.5,white,1,1,2,1,1.5,0,liberal
95971160,2217,"Where we come from, they don't give a thing, so we don't have shit, they leave us young people with no options and give it all to niggas",0.3985591230376308,0.2636242069087489,0.0101870846187467,0.3276295854348733,aae,True,True,True,25.0,man,{},-0.5,white,5,5,5,5,5.0,1,liberal
15040445,3523,""":joy::joy::joy:. """"@Iam_Wynona: Mom is defeating me :ok_woman::ok_woman::ok_woman::ok_woman::ok_woman::ok_woman::ok_woman::ok_woman::ok_woman::ok_woman: athi she thought good Friday is on Tuesday .. Njani? How? Idk man!!! I'm confused""""""",0.2827821575104145,0.2732892666816198,0.2110188947600746,0.2329096810478909,aae,False,False,True,40.0,woman,bisexual,-0.5,white,1,1,1,1,1.0,0,liberal
9108933,3523,""":joy::joy::joy:. """"@Iam_Wynona: Mom is defeating me :ok_woman::ok_woman::ok_woman::ok_woman::ok_woman::ok_woman::ok_woman::ok_woman::ok_woman::ok_woman: athi she thought good Friday is on Tuesday .. Njani? How? Idk man!!! I'm confused""""""",0.2827821575104145,0.2732892666816198,0.2110188947600746,0.2329096810478909,aae,False,False,True,50.0,woman,{},-0.5,white,1,1,1,1,1.0,0,liberal
72105794,3525,"S/O to the Brodie @PornStar_Mookie killing it in Cali getting that money, weed, and weather :flexed_biceps_medium-dark_skin_tone::flexed_biceps_medium-dark_skin_tone::flexed_biceps_medium-dark_skin_tone::flexed_biceps_medium-dark_skin_tone:",0.359029586490922,0.3231729546141441,0.0364522809489096,0.2813451779460243,aae,False,False,True,35.0,man,{},-0.5,white,1,1,1,1,1.0,0,liberal
95971160,3525,"S/O to the Brodie @PornStar_Mookie killing it in Cali getting that money, weed, and weather :flexed_biceps_medium-dark_skin_tone::flexed_biceps_medium-dark_skin_tone::flexed_biceps_medium-dark_skin_tone::flexed_biceps_medium-dark_skin_tone:",0.359029586490922,0.3231729546141441,0.0364522809489096,0.2813451779460243,aae,False,False,True,25.0,man,{},-0.5,white,1,2,2,1,1.5,0,liberal
95971160,2668,worst part about getting highlights is sitting under the damn heat :dizzy_face:,0.2039157442286249,0.1705727443896011,0.0084351712162203,0.6170763401655536,white,False,False,False,25.0,man,{},-0.5,white,1,1,1,1,1.0,0,liberal
26767527,2668,worst part about getting highlights is sitting under the damn heat :dizzy_face:,0.2039157442286249,0.1705727443896011,0.0084351712162203,0.6170763401655536,white,False,False,False,50.0,man,none,-0.5,white,1,1,1,1,1.0,0,liberal
26767527,3507,woke up this morning looked in the mirror and said damn i'm ugly,0.4460682092502918,0.2827272575632089,0.0019497278271369,0.2692548053593622,aae,False,False,True,50.0,man,none,-0.5,white,1,1,1,1,1.0,0,liberal
80986841,3367,Even tho I'm the oldest we'll second oldest lol cuz auntie old af they still treat me An cater to me like the youngest lol :woman_facepalming_medium-dark_skin_tone::heart_eyes:,0.5851191937162568,0.2422118965837822,0.0013801401223325,0.1712887695776284,aae,False,False,True,40.0,woman,{},-1.0,white,1,1,3,2,2.5,0,liberal
15040445,618,This is a big fuck you to the community of people who use the word 'tranny' and all its enablers,0.2584281493668584,0.2580141418388624,0.0367503936969621,0.4468073150973171,white,True,False,False,40.0,woman,bisexual,-0.5,white,4,1,5,5,5.0,1,liberal
6690712,83,most communists are pretty heinous when you look at what they believe,0.0980672968305951,0.2087357238266039,0.027886427825154,0.6653105515176468,white,False,False,False,40.0,woman,{},-0.5,white,3,1,2,1,1.5,0,liberal
72105794,83,most communists are pretty heinous when you look at what they believe,0.0980672968305951,0.2087357238266039,0.027886427825154,0.6653105515176468,white,False,False,False,35.0,man,{},-0.5,white,1,1,1,1,1.0,0,liberal
32677126,3771,nails done hair done toes done .. why you mad at me for shopping my nigga,0.4737302349979477,0.3260256515955731,0.0034428179429594,0.1968012954635198,aae,True,False,True,35.0,man,Veteran,-1.0,white,1,2,3,2,2.5,0,liberal
6690712,1583,"Do not say that Black Lives don't Matter--WHITE LIVES DO. Truly, Black ""lives"" belong in Africa!!",0.2230664335694896,0.2134193944282708,0.1096554285191648,0.4538587434830746,white,False,True,False,40.0,woman,{},-0.5,white,5,5,5,5,5.0,1,liberal
32677126,1583,"Do not say that Black Lives don't Matter--WHITE LIVES DO. Truly, Black ""lives"" belong in Africa!!",0.2230664335694896,0.2134193944282708,0.1096554285191648,0.4538587434830746,white,False,True,False,35.0,man,Veteran,-1.0,white,5,5,5,5,5.0,1,liberal
1226439,2093,are all the women fucking these black fellas?,0.4143458202804773,0.2646267155415349,0.0229754544380054,0.2980520097399824,aae,True,True,True,30.0,nonBinary,{},-1.0,white,4,5,5,4,4.5,1,liberal
32677126,2093,are all the women fucking these black fellas?,0.4143458202804773,0.2646267155415349,0.0229754544380054,0.2980520097399824,aae,True,True,True,35.0,man,Veteran,-1.0,white,3,4,4,4,4.0,1,liberal
72105794,1867,I do not like it when others find out that my boss is a darkie. It makes me feel so ashamed.,0.2101942169502021,0.3879047938647736,0.0063376690045339,0.39556332018049,white,True,True,False,35.0,man,{},-0.5,white,2,5,5,5,5.0,1,liberal
26767527,1867,I do not like it when others find out that my boss is a darkie. It makes me feel so ashamed.,0.2101942169502021,0.3879047938647736,0.0063376690045339,0.39556332018049,white,True,True,False,50.0,man,none,-0.5,white,5,4,4,4,4.0,1,liberal
6690712,3855,But I told her baby don't use me if you tryna make ur nigga mad :thinking_face:,0.6664695697991803,0.2359947358199736,0.0040593096065394,0.0934763847743066,aae,True,False,True,40.0,woman,{},-0.5,white,1,2,1,2,1.5,0,liberal
15040445,3855,But I told her baby don't use me if you tryna make ur nigga mad :thinking_face:,0.6664695697991803,0.2359947358199736,0.0040593096065394,0.0934763847743066,aae,True,False,True,40.0,woman,bisexual,-0.5,white,5,5,5,5,5.0,1,liberal
6690712,3220,Totally different if I was prepping a meal for him. But y'all on something else if imma reach across he table to cut his chicken...,0.418535329470082,0.1786467622827774,0.0082534478487743,0.3945644603983662,aae,False,False,True,40.0,woman,{},-0.5,white,1,1,1,1,1.0,0,liberal
9108933,3220,Totally different if I was prepping a meal for him. But y'all on something else if imma reach across he table to cut his chicken...,0.418535329470082,0.1786467622827774,0.0082534478487743,0.3945644603983662,aae,False,False,True,50.0,woman,{},-0.5,white,1,1,1,1,1.0,0,liberal
1226439,367,"So Fredo Singing A Durk Song Referring The Lyrics To BBG Iraq ""He A Still Be Alive Right Now If You Niggas Ain't Gas Em Up"" Discussion - is it ok?",0.5412226683270179,0.1202423455984176,0.1089513406957486,0.2295836453788158,aae,True,False,True,30.0,nonBinary,{},-1.0,white,2,2,4,3,3.5,1,liberal
9108933,367,"So Fredo Singing A Durk Song Referring The Lyrics To BBG Iraq ""He A Still Be Alive Right Now If You Niggas Ain't Gas Em Up"" Discussion - is it ok?",0.5412226683270179,0.1202423455984176,0.1089513406957486,0.2295836453788158,aae,True,False,True,50.0,woman,{},-0.5,white,1,1,2,1,1.5,0,liberal
1226439,3450,"can @TSDominicanRep braid my hair like @IISuperwomanII ? Snatch my hair, pull my hair, YANK IT OUT. :sob::raising_hands_light_skin_tone:",0.5116792623194416,0.262343605673305,0.0248493492476637,0.2011277827595895,aae,True,False,True,30.0,nonBinary,{},-1.0,white,1,1,1,1,1.0,0,liberal
9108933,3450,"can @TSDominicanRep braid my hair like @IISuperwomanII ? Snatch my hair, pull my hair, YANK IT OUT. :sob::raising_hands_light_skin_tone:",0.5116792623194416,0.262343605673305,0.0248493492476637,0.2011277827595895,aae,True,False,True,50.0,woman,{},-0.5,white,2,2,3,2,2.5,0,liberal
15040445,3539,"I hate the Warriors but I gotta admit, if this were the Warriors playing the Bulls they would be blowing them tf out",0.4325512740250495,0.2762333886892941,0.035385168532095,0.2558301687535612,aae,False,False,True,40.0,woman,bisexual,-0.5,white,1,1,1,1,1.0,0,liberal
9108933,3539,"I hate the Warriors but I gotta admit, if this were the Warriors playing the Bulls they would be blowing them tf out",0.4325512740250495,0.2762333886892941,0.035385168532095,0.2558301687535612,aae,False,False,True,50.0,woman,{},-0.5,white,1,1,1,1,1.0,0,liberal
6690712,769,Zionists are despicable,0.0343219434121195,0.4020942177686261,0.0752498609179037,0.4883339779013506,white,False,False,False,40.0,woman,{},-0.5,white,5,3,5,5,5.0,1,liberal
72105794,769,Zionists are despicable,0.0343219434121195,0.4020942177686261,0.0752498609179037,0.4883339779013506,white,False,False,False,35.0,man,{},-0.5,white,2,3,2,2,2.0,0,liberal
72105794,1760,"""Shieeet mah nigga, free chikinz!"" Dey all luv da fried chikinz!",0.5053046292046032,0.0974646194558377,0.3503477042843487,0.0468830470552104,aae,True,True,True,35.0,man,{},-0.5,white,3,3,4,3,3.5,1,liberal
32677126,1760,"""Shieeet mah nigga, free chikinz!"" Dey all luv da fried chikinz!",0.5053046292046032,0.0974646194558377,0.3503477042843487,0.0468830470552104,aae,True,True,True,35.0,man,Veteran,-1.0,white,5,5,5,5,5.0,1,liberal
1226439,1672,"I grew up being called a disgrace by other white people, and my dad was rightfully shamed for marrying a black woman",0.2194636349518408,0.2232351462411262,0.0147383915926774,0.5425628272143556,white,False,True,False,30.0,nonBinary,{},-1.0,white,3,5,5,5,5.0,1,liberal
72105794,1672,"I grew up being called a disgrace by other white people, and my dad was rightfully shamed for marrying a black woman",0.2194636349518408,0.2232351462411262,0.0147383915926774,0.5425628272143556,white,False,True,False,35.0,man,{},-0.5,white,2,3,2,2,2.0,0,liberal
72105794,1901,Did you know there was a time in American when Irish immigrants weren't considered 'white. Next they will start calling niggers 'white',0.186306688549679,0.2163002796404028,0.0630000206571951,0.5343930111527231,white,True,True,False,35.0,man,{},-0.5,white,3,5,5,5,5.0,1,liberal
72430962,2958,"""""""sometimes sad music makes my sucky life a little more bearable"""" """"and then it sets in and you're life still sucks""""""",0.0547605673239845,0.233222910744263,0.1547909867668187,0.5572255351649336,white,True,False,False,40.0,man,{},-0.5,white,1,1,1,1,1.0,0,liberal
26767527,2958,"""""""sometimes sad music makes my sucky life a little more bearable"""" """"and then it sets in and you're life still sucks""""""",0.0547605673239845,0.233222910744263,0.1547909867668187,0.5572255351649336,white,True,False,False,50.0,man,none,-0.5,white,1,1,2,2,2.0,0,liberal
15040445,1400,"Keep in mind that sexual contact of any kind with his ""boyfriend"" before admitting he was a tranny is literal rape.",0.1655909779259406,0.2242038571938837,0.1006205830575243,0.5095845818226513,white,True,False,False,40.0,woman,bisexual,-0.5,white,5,1,5,5,5.0,1,liberal
32677126,1400,"Keep in mind that sexual contact of any kind with his ""boyfriend"" before admitting he was a tranny is literal rape.",0.1655909779259406,0.2242038571938837,0.1006205830575243,0.5095845818226513,white,True,False,False,35.0,man,Veteran,-1.0,white,1,1,2,1,1.5,0,liberal
6690712,1878,"I have never been to Niger, is it nice? Must be lots of Niggers there LOL",0.1850335869536379,0.3719116124199457,0.0351561336035708,0.4078986670228456,white,True,True,False,40.0,woman,{},-0.5,white,5,5,5,5,5.0,1,liberal
65218045,1878,"I have never been to Niger, is it nice? Must be lots of Niggers there LOL",0.1850335869536379,0.3719116124199457,0.0351561336035708,0.4078986670228456,white,True,True,False,30.0,man,Jewish,-0.5,white,4,5,5,4,4.5,1,liberal
95971160,2206,"This nigga is fuckin' dying,  its not worth calling 999",0.4149562700441427,0.2961334294379589,0.0657481781000543,0.2231621224178439,aae,True,True,True,25.0,man,{},-0.5,white,4,5,5,5,5.0,1,liberal
9108933,2206,"This nigga is fuckin' dying,  its not worth calling 999",0.4149562700441427,0.2961334294379589,0.0657481781000543,0.2231621224178439,aae,True,True,True,50.0,woman,{},-0.5,white,4,4,4,3,3.5,1,liberal
6690712,3335,"""Jamice caption this picture *shows a picture from show* """"So u dressed like Sherlock Holmes but im embarrassing u?"""" Lmaooooo love her""",0.3291928861962465,0.2441181861236916,0.2439996216560067,0.1826893060240552,aae,False,False,True,40.0,woman,{},-0.5,white,1,1,1,1,1.0,0,liberal
35638915,3335,"""Jamice caption this picture *shows a picture from show* """"So u dressed like Sherlock Holmes but im embarrassing u?"""" Lmaooooo love her""",0.3291928861962465,0.2441181861236916,0.2439996216560067,0.1826893060240552,aae,False,False,True,40.0,woman,{},0.0,white,3,1,2,2,2.0,0,neutral
6690712,3585,They fucked up when they gave me money to support my fashion sense. Now I'm outchea flyer than a Forbes list member with jet lag.,0.3938652920844028,0.2913303977349924,0.0420686431159297,0.2727356670646749,aae,True,False,True,40.0,woman,{},-0.5,white,1,1,1,1,1.0,0,liberal
65218045,3585,They fucked up when they gave me money to support my fashion sense. Now I'm outchea flyer than a Forbes list member with jet lag.,0.3938652920844028,0.2913303977349924,0.0420686431159297,0.2727356670646749,aae,True,False,True,30.0,man,Jewish,-0.5,white,2,1,3,2,2.5,0,liberal
72105794,1634,"um, black people do kinda look like monkeys though",0.2421704430598695,0.3757994311665698,0.0891358636259119,0.2928942621476487,hispanic,False,True,False,35.0,man,{},-0.5,white,4,5,5,5,5.0,1,liberal
15040445,1634,"um, black people do kinda look like monkeys though",0.2421704430598695,0.3757994311665698,0.0891358636259119,0.2928942621476487,hispanic,False,True,False,40.0,woman,bisexual,-0.5,white,5,5,5,5,5.0,1,liberal
65218045,2171,"I don't give a fuck about the legality of it, someone defending a useless nigger deserves to be smacked",0.1774321167402399,0.3046341877914431,0.0169691718270702,0.5009645236412468,white,True,True,False,30.0,man,Jewish,-0.5,white,4,4,5,4,4.5,1,liberal
95971160,2171,"I don't give a fuck about the legality of it, someone defending a useless nigger deserves to be smacked",0.1774321167402399,0.3046341877914431,0.0169691718270702,0.5009645236412468,white,True,True,False,25.0,man,{},-0.5,white,5,5,5,5,5.0,1,liberal
26767527,688,Lesbians think they're the fucking best because they're female. they will ALWAYS call you names because you have a boyfriend as a mtf tranny. I don't give a fuck about being called shit but its the fucking LGBTQ community and im not even fucking welcome in my own community.,0.1897735713209603,0.3939219386038799,0.0098584402618705,0.4064460498132891,white,True,False,False,50.0,man,none,-0.5,white,4,1,3,4,3.5,1,liberal
65218045,3499,I'm Convinced That People Fw Me For The Hell Of It ... Bad Idea Scrap :heavy_exclamation_mark:,0.5059782785096323,0.1318378590242053,0.0070851716098076,0.3550986908563546,aae,False,False,True,30.0,man,Jewish,-0.5,white,1,1,2,1,1.5,0,liberal
31138333,3499,I'm Convinced That People Fw Me For The Hell Of It ... Bad Idea Scrap :heavy_exclamation_mark:,0.5059782785096323,0.1318378590242053,0.0070851716098076,0.3550986908563546,aae,False,False,True,30.0,man,{},-1.0,white,2,1,2,1,1.5,0,liberal
65218045,1093,"I just saw this shemale in town and he tried to talk to me, no thanks.",0.2016588339573345,0.3384147842164143,0.0317929723187696,0.4281334095074814,white,True,False,False,30.0,man,Jewish,-0.5,white,4,1,5,5,5.0,1,liberal
15040445,1093,"I just saw this shemale in town and he tried to talk to me, no thanks.",0.2016588339573345,0.3384147842164143,0.0317929723187696,0.4281334095074814,white,True,False,False,40.0,woman,bisexual,-0.5,white,5,1,5,5,5.0,1,liberal
15040445,171,Well I do it because I like thinking up cool-sounding and funny names because creating clever things things is the sort of thing that happens when you've got a BIG OL' MOTHERFUCKING JEW BRAIN like me !,0.1324234041177164,0.3047909980317903,0.0125793560285567,0.5502062418219366,white,False,False,False,40.0,woman,bisexual,-0.5,white,4,4,4,4,4.0,1,liberal
9108933,171,Well I do it because I like thinking up cool-sounding and funny names because creating clever things things is the sort of thing that happens when you've got a BIG OL' MOTHERFUCKING JEW BRAIN like me !,0.1324234041177164,0.3047909980317903,0.0125793560285567,0.5502062418219366,white,False,False,False,50.0,woman,{},-0.5,white,2,1,3,2,2.5,0,liberal
6690712,1690,in this park we do not tolerate blacks,0.3590056195686805,0.2513143738009213,0.0460474697232607,0.3436325369071374,aae,False,True,True,40.0,woman,{},-0.5,white,5,5,5,5,5.0,1,liberal
26767527,1690,in this park we do not tolerate blacks,0.3590056195686805,0.2513143738009213,0.0460474697232607,0.3436325369071374,aae,False,True,True,50.0,man,none,-0.5,white,5,5,5,5,5.0,1,liberal
6690712,872,I'll bring the chainsaw to destroy this sheikh's face,0.1810318877119027,0.3342332530710185,0.0010145281713721,0.4837203310457066,white,False,False,False,40.0,woman,{},-0.5,white,5,3,3,5,4.0,1,liberal
9108933,872,I'll bring the chainsaw to destroy this sheikh's face,0.1810318877119027,0.3342332530710185,0.0010145281713721,0.4837203310457066,white,False,False,False,50.0,woman,{},-0.5,white,5,5,5,5,5.0,1,liberal
6690712,1585,"YEAAHHHH, I'M A BLACC MAN, SO MANY LASSES, ALL OF THEM BE YTE . CORNBREAD, FRIED CHICKEN AND WATERMELON RINDS",0.4767751229534311,0.155010458453307,0.0504217050220842,0.3177927135711775,aae,False,True,True,40.0,woman,{},-0.5,white,3,5,3,4,3.5,1,liberal
72105794,1585,"YEAAHHHH, I'M A BLACC MAN, SO MANY LASSES, ALL OF THEM BE YTE . CORNBREAD, FRIED CHICKEN AND WATERMELON RINDS",0.4767751229534311,0.155010458453307,0.0504217050220842,0.3177927135711775,aae,False,True,True,35.0,man,{},-0.5,white,4,3,5,5,5.0,1,liberal
72430962,3509,if u ever feel bad bc u broke a fuckboy's heart chill bc he ain't got a heart,0.5470964859266225,0.2548991263189383,0.0093325939307948,0.1886717938236444,aae,False,False,True,40.0,man,{},-0.5,white,2,1,2,2,2.0,0,liberal
9108933,3509,if u ever feel bad bc u broke a fuckboy's heart chill bc he ain't got a heart,0.5470964859266225,0.2548991263189383,0.0093325939307948,0.1886717938236444,aae,False,False,True,50.0,woman,{},-0.5,white,2,1,3,2,2.5,0,liberal
6690712,1822,"they allow niggers to kill whites, I bet not a single nigger can operate equipment",0.4729286172015058,0.170425550461687,0.0323187397312522,0.3243270926055549,aae,True,True,True,40.0,woman,{},-0.5,white,5,5,5,5,5.0,1,liberal
33414284,1822,"they allow niggers to kill whites, I bet not a single nigger can operate equipment",0.4729286172015058,0.170425550461687,0.0323187397312522,0.3243270926055549,aae,True,True,True,40.0,man,{},-1.0,white,5,5,5,5,5.0,1,liberal
32677126,797,ReMeMb3r!!! aS lOnG aS y0U sAY nO SwIRls iTs fIn3,0.3021566887149917,0.2079346047391581,0.260221889009347,0.2296868175365031,aae,False,False,True,35.0,man,Veteran,-1.0,white,1,1,1,1,1.0,0,liberal
26767527,797,ReMeMb3r!!! aS lOnG aS y0U sAY nO SwIRls iTs fIn3,0.3021566887149917,0.2079346047391581,0.260221889009347,0.2296868175365031,aae,False,False,True,50.0,man,none,-0.5,white,1,1,1,1,1.0,0,liberal
65218045,1375,"What  glow is she even talking about?! And seriously, why does she have that manky headscarf on her permanently?! Take the fucking thing off you scruffy freakish bitch",0.1914388775678515,0.3106473499523648,0.0132624391024815,0.4846513333773021,white,True,False,False,30.0,man,Jewish,-0.5,white,5,4,5,5,5.0,1,liberal
26767527,1375,"What  glow is she even talking about?! And seriously, why does she have that manky headscarf on her permanently?! Take the fucking thing off you scruffy freakish bitch",0.1914388775678515,0.3106473499523648,0.0132624391024815,0.4846513333773021,white,True,False,False,50.0,man,none,-0.5,white,5,2,4,4,4.0,1,liberal
15040445,3204,And said who y'all girlfriends because it ain't us we Joshua girlfriends Everybody in the local&state said you our new girls @CrossXTheLine,0.418202114249726,0.2693411824627993,0.0054998293925968,0.3069568738948778,aae,False,False,True,40.0,woman,bisexual,-0.5,white,1,1,1,1,1.0,0,liberal
95971160,3204,And said who y'all girlfriends because it ain't us we Joshua girlfriends Everybody in the local&state said you our new girls @CrossXTheLine,0.418202114249726,0.2693411824627993,0.0054998293925968,0.3069568738948778,aae,False,False,True,25.0,man,{},-0.5,white,4,1,4,3,3.5,1,liberal
6690712,3543,"The way I grew up, real niggaz just don't move like that. If I'm coming to see you I'm just coming to see you.",0.3945550831377971,0.2879427808544757,0.0044508987029807,0.3130512373047464,aae,False,False,True,40.0,woman,{},-0.5,white,1,2,2,2,2.0,0,liberal
1226439,3543,"The way I grew up, real niggaz just don't move like that. If I'm coming to see you I'm just coming to see you.",0.3945550831377971,0.2879427808544757,0.0044508987029807,0.3130512373047464,aae,False,False,True,30.0,nonBinary,{},-1.0,white,2,2,2,2,2.0,0,liberal
35638915,1501,"You know what is funny, the 19th century type of people with similar views to you ""civilized Europeans vs savage Africans and Asians"" were very against homosexuality, and viewed gay marriage and gay sex the same way as the so called ""uncivilized"" people you are referring to do. So do not correlate between civilized and homosexuality.",0.1449262408217413,0.1445181961428102,0.0940971838607409,0.6164583791747075,white,True,False,False,40.0,woman,{},0.0,white,5,5,5,5,5.0,1,neutral
95971160,1501,"You know what is funny, the 19th century type of people with similar views to you ""civilized Europeans vs savage Africans and Asians"" were very against homosexuality, and viewed gay marriage and gay sex the same way as the so called ""uncivilized"" people you are referring to do. So do not correlate between civilized and homosexuality.",0.1449262408217413,0.1445181961428102,0.0940971838607409,0.6164583791747075,white,True,False,False,25.0,man,{},-0.5,white,4,3,5,3,4.0,1,liberal
1226439,2141,Why does no darkie know how to flush a toilet after they've had a shit? DISGUSTANG!,0.2364933678918578,0.3330634866506378,0.0324363864418611,0.3980067590156432,white,True,True,False,30.0,nonBinary,{},-1.0,white,5,5,5,5,5.0,1,liberal
15040445,2141,Why does no darkie know how to flush a toilet after they've had a shit? DISGUSTANG!,0.2364933678918578,0.3330634866506378,0.0324363864418611,0.3980067590156432,white,True,True,False,40.0,woman,bisexual,-0.5,white,5,5,5,5,5.0,1,liberal
95971160,3511,If white ppl are still using biracials as the better option than black ppl or what y'all call yall selves brown ppl u should know the game,0.6520342117352553,0.137880205784682,0.0057524398117909,0.2043331426682716,aae,False,False,True,25.0,man,{},-0.5,white,4,4,4,4,4.0,1,liberal
32677126,3511,If white ppl are still using biracials as the better option than black ppl or what y'all call yall selves brown ppl u should know the game,0.6520342117352553,0.137880205784682,0.0057524398117909,0.2043331426682716,aae,False,False,True,35.0,man,Veteran,-1.0,white,2,3,3,2,2.5,0,liberal
14603369,711,hey Shut the fuck up you bitch ass git,0.5848070840899031,0.2296328288413639,0.0440918264944855,0.1414682605742473,aae,True,False,True,35.0,man,{},-1.0,white,5,1,5,5,5.0,1,liberal
15040445,711,hey Shut the fuck up you bitch ass git,0.5848070840899031,0.2296328288413639,0.0440918264944855,0.1414682605742473,aae,True,False,True,40.0,woman,bisexual,-0.5,white,5,1,5,5,5.0,1,liberal
91276967,2315,#bbcqt @campbellclaret should put the blame for #brexit where it belongs. The 17.4 Mn plebs who didn't vote the right way.,0.1098863889040747,0.186386438769082,0.0764119360934231,0.6273152362334199,white,False,False,False,35.0,woman,{},-1.0,white,4,2,3,4,3.5,1,liberal
9108933,2315,#bbcqt @campbellclaret should put the blame for #brexit where it belongs. The 17.4 Mn plebs who didn't vote the right way.,0.1098863889040747,0.186386438769082,0.0764119360934231,0.6273152362334199,white,False,False,False,50.0,woman,{},-0.5,white,3,1,3,2,2.5,0,liberal
36389940,3048,Mana would legit be a retard driving an F1 car and telling the people that are made up of 3 vienna sausages.,0.09431249010859,0.1654468068940211,0.1062339699416263,0.6340067330557625,white,True,False,False,30.0,man,{},-1.0,white,4,1,5,4,4.5,1,liberal
19622816,3048,Mana would legit be a retard driving an F1 car and telling the people that are made up of 3 vienna sausages.,0.09431249010859,0.1654468068940211,0.1062339699416263,0.6340067330557625,white,True,False,False,25.0,woman,"Disabled community, LGBT+",-1.0,white,4,1,2,3,2.5,0,liberal
36389940,3469,Hoes be like .... Get caught up and then wanna be mad :person_tipping_hand_medium_skin_tone:,0.6747978918321969,0.1809099570645428,0.0025856656762731,0.1417064854269872,aae,True,False,True,30.0,man,{},-1.0,white,5,1,4,3,3.5,1,liberal
62698685,3469,Hoes be like .... Get caught up and then wanna be mad :person_tipping_hand_medium_skin_tone:,0.6747978918321969,0.1809099570645428,0.0025856656762731,0.1417064854269872,aae,True,False,True,35.0,woman,{},-1.0,white,3,1,3,4,3.5,1,liberal
41829545,2279,.@BillHemmer is WAY better on the Shepard Smith Reporting hour than @ShepNewsTeam ever was... #RepealAndReplace,0.1075374313783204,0.1600269105575106,0.0349430861967944,0.6974925718673745,white,False,False,False,45.0,woman,{},-0.5,white,3,1,3,2,2.5,0,liberal
93178090,2279,.@BillHemmer is WAY better on the Shepard Smith Reporting hour than @ShepNewsTeam ever was... #RepealAndReplace,0.1075374313783204,0.1600269105575106,0.0349430861967944,0.6974925718673745,white,False,False,False,45.0,woman,,-1.0,white,2,1,2,1,1.5,0,liberal
7304061,772,"america is trash, too many immigrants that is why",0.1431159842025236,0.2651469612706681,0.1014409210167899,0.4902961335100181,white,False,False,False,35.0,man,{},-0.5,white,5,4,5,5,5.0,1,liberal
51869641,772,"america is trash, too many immigrants that is why",0.1431159842025236,0.2651469612706681,0.1014409210167899,0.4902961335100181,white,False,False,False,35.0,woman,{},-1.0,white,5,5,2,5,3.5,1,liberal
5171967,1853,i just hope both these niggers die,0.4052524505667843,0.3126523331395303,0.0135025526451056,0.2685926636485797,aae,True,True,True,40.0,man,immigrant,-0.5,white,5,5,5,5,5.0,1,liberal
41829545,1853,i just hope both these niggers die,0.4052524505667843,0.3126523331395303,0.0135025526451056,0.2685926636485797,aae,True,True,True,45.0,woman,{},-1.0,white,5,5,5,5,5.0,1,liberal
36389940,301,using a word like tranny to describe yourself does more harm than good to the trans community as a whole,0.091078727443765,0.1896001952438606,0.0318996125330707,0.6874214647793037,white,True,False,False,30.0,man,{},-1.0,white,2,1,2,2,2.0,0,liberal
36389940,3751,Serious question tho.... How do you climax if you're getting raped??? I can barely cum off of sex I want. No jokes intended but how???,0.3654259145065838,0.3233502528235927,0.0262246269843324,0.2849992056854908,aae,True,False,True,30.0,man,{},-1.0,white,1,1,5,3,4.0,1,liberal
51869641,3751,Serious question tho.... How do you climax if you're getting raped??? I can barely cum off of sex I want. No jokes intended but how???,0.3654259145065838,0.3233502528235927,0.0262246269843324,0.2849992056854908,aae,True,False,True,35.0,woman,{},-1.0,white,1,1,4,4,4.0,1,liberal
41829545,3493,If you hating on me stop it cause I ain't hating on nobody I in competition with nobody I'm just tryna hit a mill,0.7425521341151029,0.1453756986089437,0.0031347064696074,0.1089374608063459,aae,False,False,True,45.0,woman,{},-0.5,white,1,1,1,1,1.0,0,liberal
77907129,3493,If you hating on me stop it cause I ain't hating on nobody I in competition with nobody I'm just tryna hit a mill,0.7425521341151029,0.1453756986089437,0.0031347064696074,0.1089374608063459,aae,False,False,True,65.0,man,none,-0.5,white,1,1,1,1,1.0,0,liberal
7304061,2157,"fuck you guys, I hate any nigga and I hate everything that came with em too",0.2970557071745319,0.4473103535242104,0.0091583698223957,0.2464755694788618,hispanic,True,True,False,35.0,man,{},-0.5,white,5,5,5,5,5.0,1,liberal
93178090,2157,"fuck you guys, I hate any nigga and I hate everything that came with em too",0.2970557071745319,0.4473103535242104,0.0091583698223957,0.2464755694788618,hispanic,True,True,False,45.0,woman,,-1.0,white,5,5,5,5,5.0,1,liberal
91232148,1685,He's just a stupid jungl3 bunny,0.1239062783718994,0.4621225868681772,0.0239680197560211,0.390003115003902,hispanic,False,True,False,40.0,man,{},-1.0,white,5,5,5,5,5.0,1,liberal
5171967,1685,He's just a stupid jungl3 bunny,0.1239062783718994,0.4621225868681772,0.0239680197560211,0.390003115003902,hispanic,False,True,False,40.0,man,immigrant,-0.5,white,5,4,5,5,5.0,1,liberal
36389940,4151,Y'all bitches wear that diamond ugly ass choker with everything including pjs....stop hoes y'all look ugly,0.6961711661362849,0.1766470600648199,0.0186912184798047,0.1084905553190904,aae,True,False,True,30.0,man,{},-1.0,white,5,1,4,3,3.5,1,liberal
93863352,4151,Y'all bitches wear that diamond ugly ass choker with everything including pjs....stop hoes y'all look ugly,0.6961711661362849,0.1766470600648199,0.0186912184798047,0.1084905553190904,aae,True,False,True,35.0,woman,Jewish,-1.0,white,4,1,5,5,5.0,1,liberal
5171967,4106,Stop thinking they have to prove they self when they fucking with a community ass nigga Issa shooter,0.6120326523506008,0.203563619749265,0.0266220447962931,0.1577816831038411,aae,True,False,True,40.0,man,immigrant,-0.5,white,5,5,5,5,5.0,1,liberal
7304061,4106,Stop thinking they have to prove they self when they fucking with a community ass nigga Issa shooter,0.6120326523506008,0.203563619749265,0.0266220447962931,0.1577816831038411,aae,True,False,True,35.0,man,{},-0.5,white,3,3,4,3,3.5,1,liberal
36389940,1611,"argh dark as the night itself the spear chucker readies himself for another attack… he spots a white lady in his cross hairs and POW he has pounced, ready to put his massive member deep in her fanny... whether or not she wants it.",0.2537243980143128,0.1459221966097904,0.0283539967064651,0.5719994086694316,white,False,True,False,30.0,man,{},-1.0,white,5,5,5,5,5.0,1,liberal
41829545,1611,"argh dark as the night itself the spear chucker readies himself for another attack… he spots a white lady in his cross hairs and POW he has pounced, ready to put his massive member deep in her fanny... whether or not she wants it.",0.2537243980143128,0.1459221966097904,0.0283539967064651,0.5719994086694316,white,False,True,False,45.0,woman,{},-0.5,white,5,5,5,5,5.0,1,liberal
65218045,3491,"#feminists disagree, for a generation that grew up with the whisper song, get low, Buble butt & bitches aint shit... We've come along way",0.4258209685117041,0.1762743863014457,0.0169162521915433,0.3809883929953068,aae,True,False,True,30.0,man,Jewish,-0.5,white,1,1,3,1,2.0,0,liberal
93178090,3491,"#feminists disagree, for a generation that grew up with the whisper song, get low, Buble butt & bitches aint shit... We've come along way",0.4258209685117041,0.1762743863014457,0.0169162521915433,0.3809883929953068,aae,True,False,True,45.0,woman,,-1.0,white,1,1,1,1,1.0,0,liberal
41829545,3328,Why is mother nature mad? Somebody must have pissed her off! Its rainingg hard af!,0.6107368255031893,0.2066291159495367,0.0107808347984642,0.1718532237488098,aae,False,False,True,45.0,woman,{},-1.0,white,1,1,1,1,1.0,0,liberal
93178090,3328,Why is mother nature mad? Somebody must have pissed her off! Its rainingg hard af!,0.6107368255031893,0.2066291159495367,0.0107808347984642,0.1718532237488098,aae,False,False,True,45.0,woman,,-1.0,white,1,1,1,1,1.0,0,liberal
5171967,196,Women's suffrage was started by jews. As is every social justice and civil rights platform.,0.0863065407369053,0.103758864717445,0.1973489117442334,0.612585682801416,white,False,False,False,40.0,man,immigrant,-0.5,white,2,2,3,2,2.5,0,liberal
7304061,196,Women's suffrage was started by jews. As is every social justice and civil rights platform.,0.0863065407369053,0.103758864717445,0.1973489117442334,0.612585682801416,white,False,False,False,35.0,man,{},-0.5,white,4,5,5,5,5.0,1,liberal
7304061,1681,black people they also discovered the binary numeral system probably because they were not able to remember more than 2 number symbols.,0.0717383858284601,0.21154517541152,0.0367042382219547,0.6800122005380651,white,False,True,False,35.0,man,{},-0.5,white,5,5,5,5,5.0,1,liberal
93178090,1681,black people they also discovered the binary numeral system probably because they were not able to remember more than 2 number symbols.,0.0717383858284601,0.21154517541152,0.0367042382219547,0.6800122005380651,white,False,True,False,45.0,woman,,-1.0,white,5,5,5,5,5.0,1,liberal
7304061,1863,"Just killed my first deer last night, decent size Michigan 8pt. Looking forward to getting him back so I can eat the thing. But I was just practicising, next time I am going to hunt niggers like the beasts they are",0.0948265706358533,0.2114844222157659,0.0051802877324847,0.6885087194158959,white,True,True,False,35.0,man,{},-0.5,white,5,5,5,5,5.0,1,liberal
65218045,1863,"Just killed my first deer last night, decent size Michigan 8pt. Looking forward to getting him back so I can eat the thing. But I was just practicising, next time I am going to hunt niggers like the beasts they are",0.0948265706358533,0.2114844222157659,0.0051802877324847,0.6885087194158959,white,True,True,False,30.0,man,Jewish,-0.5,white,5,5,5,5,5.0,1,liberal
65246840,1869,"It pisses me off when people call black people 'nigga', wog is such a better word",0.3888432249432471,0.2824103198214787,0.0362333033767387,0.2925131518585354,aae,True,True,True,35.0,man,No.,-1.0,white,4,5,5,4,4.5,1,liberal
93863352,1869,"It pisses me off when people call black people 'nigga', wog is such a better word",0.3888432249432471,0.2824103198214787,0.0362333033767387,0.2925131518585354,aae,True,True,True,35.0,woman,Jewish,-1.0,white,3,4,4,4,4.0,1,liberal
36389940,3538,Hate when you go on insta news feed n see women post pics of a 3D pregnancy scan!!! The pics look scary as hell :flushed:don't post it :weary::weary::weary:,0.3558999291997599,0.2824859152487596,0.0150447483453053,0.3465694072061751,aae,False,False,True,30.0,man,{},-1.0,white,1,1,1,1,1.0,0,liberal
41829545,3538,Hate when you go on insta news feed n see women post pics of a 3D pregnancy scan!!! The pics look scary as hell :flushed:don't post it :weary::weary::weary:,0.3558999291997599,0.2824859152487596,0.0150447483453053,0.3465694072061751,aae,False,False,True,45.0,woman,{},-1.0,white,2,1,2,1,1.5,0,liberal
5171967,1809,"oh wow, fat black bitch short of breath raging about her special rights to spray her monkey looking graffiti",0.2625996480703866,0.2917418399130171,0.0832888388771113,0.362369673139485,white,True,True,False,40.0,man,immigrant,-0.5,white,5,5,4,5,4.5,1,liberal
93178090,1809,"oh wow, fat black bitch short of breath raging about her special rights to spray her monkey looking graffiti",0.2625996480703866,0.2917418399130171,0.0832888388771113,0.362369673139485,white,True,True,False,45.0,woman,,-1.0,white,5,5,5,5,5.0,1,liberal
18514203,3218,*REALITY* IS THAT WHICH *WILL NOT VANISH* *JUST BCOZ* WE *DONT BELIEVE OR ACCEPT IT..* Gud nite :blush::pray:,0.3657862776694242,0.1880128833632325,0.2646879317583656,0.1815129072089775,aae,False,False,True,60.0,woman,{},-0.5,white,1,1,1,1,1.0,0,liberal
7304061,3218,*REALITY* IS THAT WHICH *WILL NOT VANISH* *JUST BCOZ* WE *DONT BELIEVE OR ACCEPT IT..* Gud nite :blush::pray:,0.3657862776694242,0.1880128833632325,0.2646879317583656,0.1815129072089775,aae,False,False,True,35.0,man,{},-0.5,white,1,1,1,1,1.0,0,liberal
7304061,3279,"Nig soups can make u eat above normal guage, like d EGUSI soup I just had now. Dats y wen a man marries a Nig girl, he gets pregnant b4 her.",0.5063849389907495,0.2346052851489785,0.0742118324714081,0.1847979433888638,aae,False,False,True,35.0,man,{},-0.5,white,2,2,4,3,3.5,1,liberal
5171967,139,people this is new thread due to the impending death of the previous,0.0721535329543974,0.1152765156211908,0.011518082757496,0.8010518686669157,white,False,False,False,40.0,man,immigrant,-0.5,white,1,1,1,2,1.5,0,liberal
7304061,139,people this is new thread due to the impending death of the previous,0.0721535329543974,0.1152765156211908,0.011518082757496,0.8010518686669157,white,False,False,False,35.0,man,{},-0.5,white,1,1,1,1,1.0,0,liberal
5171967,2147,let me tell you hey fuck you who ever made this fucking video atleast she is reading the quran ur making fun of her you satan go to fucking hell nigga your a terrorist,0.2410858828249467,0.3959765994678771,0.0190800549643391,0.3438574627428369,hispanic,True,True,False,40.0,man,immigrant,-0.5,white,5,5,5,5,5.0,1,liberal
36389940,2147,let me tell you hey fuck you who ever made this fucking video atleast she is reading the quran ur making fun of her you satan go to fucking hell nigga your a terrorist,0.2410858828249467,0.3959765994678771,0.0190800549643391,0.3438574627428369,hispanic,True,True,False,30.0,man,{},-1.0,white,5,5,5,5,5.0,1,liberal
22197427,437,"""Color-blindness"" needs to be the way people think about race. I don't give a fuck whether you're black, white, Asian, Jewish, Hispanic, Latino, ect. because I just like you for the person you are.",0.0882077559703492,0.3714575385713795,0.0806131805567141,0.459721524901557,white,True,False,False,30.0,nonBinary,LGBTQIA+,-1.0,white,1,2,3,2,2.5,0,liberal
41829545,437,"""Color-blindness"" needs to be the way people think about race. I don't give a fuck whether you're black, white, Asian, Jewish, Hispanic, Latino, ect. because I just like you for the person you are.",0.0882077559703492,0.3714575385713795,0.0806131805567141,0.459721524901557,white,True,False,False,45.0,woman,{},-1.0,white,1,1,1,1,1.0,0,liberal
93178090,445,what a pile of wank my room is,0.103622913095684,0.2043001426567047,0.0568984400110611,0.6351785042365502,white,True,False,False,45.0,woman,,-1.0,white,1,1,1,1,1.0,0,liberal
36389940,3796,When you call your nigga on FaceTime an he don't get all excited talking bout how fine you are..try again sis he's not the one :joy:,0.3866966154062961,0.3401785779228096,0.004942721335595,0.2681820853352991,aae,True,False,True,30.0,man,{},-1.0,white,1,2,1,1,1.0,0,liberal
5171967,3342,mine dont. and i dont wanna tell em either. i don't say i'm straight but i don't bring up the dating convo either,0.3989614154154047,0.3740269458635734,0.0041734931920175,0.2228381455290043,aae,False,False,True,40.0,man,immigrant,-0.5,white,1,1,1,2,1.5,0,liberal
51869641,3342,mine dont. and i dont wanna tell em either. i don't say i'm straight but i don't bring up the dating convo either,0.3989614154154047,0.3740269458635734,0.0041734931920175,0.2228381455290043,aae,False,False,True,35.0,woman,{},-1.0,white,1,1,1,1,1.0,0,liberal
65218045,3391,Wht will B the future of international studnts who have dne their masters n planning to do job in US aftr new h1 guidlines @realDonaldTrump,0.4376637864626362,0.1291706292416747,0.0947130519207475,0.3384525323749414,aae,False,False,True,30.0,man,Jewish,-0.5,white,1,1,3,1,2.0,0,liberal
93178090,3391,Wht will B the future of international studnts who have dne their masters n planning to do job in US aftr new h1 guidlines @realDonaldTrump,0.4376637864626362,0.1291706292416747,0.0947130519207475,0.3384525323749414,aae,False,False,True,45.0,woman,,-1.0,white,1,1,1,1,1.0,0,liberal
5171967,1984,Who will control all the druggys and psychos on the streets? How will they control the neighborhood? Or any poor hoods? Believe it or not most blacks dont care about blm they just wanted some free shit.,0.3715345515997049,0.2280363411028005,0.0330210790775019,0.3674080282199924,aae,True,True,True,40.0,man,immigrant,-0.5,white,4,2,4,4,4.0,1,liberal
93178090,1984,Who will control all the druggys and psychos on the streets? How will they control the neighborhood? Or any poor hoods? Believe it or not most blacks dont care about blm they just wanted some free shit.,0.3715345515997049,0.2280363411028005,0.0330210790775019,0.3674080282199924,aae,True,True,True,45.0,woman,,-1.0,white,5,5,5,5,5.0,1,liberal
36389940,211,So can we just stop saying there is no racism in this place. It's a racist country controlled by racist white people...period. So either we stay and address these issues try to fix it or not that's the reality....even they admit it...NIGGERS DONT COUNT.(their words not mine) thanks ROBERTS!,0.1837968060392466,0.2447547739245118,0.0410053433855801,0.5304430766506614,white,True,False,False,30.0,man,{},-1.0,white,5,5,5,5,5.0,1,liberal
41829545,211,So can we just stop saying there is no racism in this place. It's a racist country controlled by racist white people...period. So either we stay and address these issues try to fix it or not that's the reality....even they admit it...NIGGERS DONT COUNT.(their words not mine) thanks ROBERTS!,0.1837968060392466,0.2447547739245118,0.0410053433855801,0.5304430766506614,white,True,False,False,45.0,woman,{},-1.0,white,3,3,5,4,4.5,1,liberal
41829545,3307,"I ain't with the buggin' She get pissed off, did wrong & dipped on! Haaaa",0.6610275757635231,0.1832801351241115,0.023966444903266,0.1317258442090991,aae,False,False,True,45.0,woman,{},-0.5,white,2,1,3,1,2.0,0,liberal
5294811,3307,"I ain't with the buggin' She get pissed off, did wrong & dipped on! Haaaa",0.6610275757635231,0.1832801351241115,0.023966444903266,0.1317258442090991,aae,False,False,True,30.0,woman,"no; perhaps homeschooling parent, single parent, widow",-0.5,white,1,1,1,1,1.0,0,liberal
36389940,2417,Mr #Trump will be loving today. As it is the one day of the year when #FakeNews is acceptable. #aprilfools,0.0629120841475919,0.1352144424883311,0.0121532878093071,0.7897201855547697,white,False,False,False,30.0,man,{},-1.0,white,3,1,2,1,1.5,0,liberal
41829545,2417,Mr #Trump will be loving today. As it is the one day of the year when #FakeNews is acceptable. #aprilfools,0.0629120841475919,0.1352144424883311,0.0121532878093071,0.7897201855547697,white,False,False,False,45.0,woman,{},-1.0,white,4,1,3,4,3.5,1,liberal
7304061,1588,"Side note, can anyone explain why racism is necessarily bad? Humanity has survived for a few thousand years without the civil rights movement and we've done perfectly fine. Only on the last 60 years has it been an issue for the SOME PEOPLE.",0.0406765064886442,0.0867842206167513,0.011276022218974,0.8612632506756305,white,False,True,False,35.0,man,{},-0.5,white,3,5,5,4,4.5,1,liberal
36389940,1588,"Side note, can anyone explain why racism is necessarily bad? Humanity has survived for a few thousand years without the civil rights movement and we've done perfectly fine. Only on the last 60 years has it been an issue for the SOME PEOPLE.",0.0406765064886442,0.0867842206167513,0.011276022218974,0.8612632506756305,white,False,True,False,30.0,man,{},-1.0,white,3,5,5,5,5.0,1,liberal
7304061,840,All Muslims are violent!,0.1715642830440141,0.2534811440662322,0.1573386388145048,0.4176159340752489,white,False,False,False,35.0,man,{},-0.5,white,4,4,4,5,4.5,1,liberal
41829545,840,All Muslims are violent!,0.1715642830440141,0.2534811440662322,0.1573386388145048,0.4176159340752489,white,False,False,False,45.0,woman,{},-1.0,white,5,5,5,5,5.0,1,liberal
5171967,3209,You must know that anybody who comes up against you they have a God to deal with - Minister #TorrieWhite #prayer #theonething,0.4249721730245197,0.1783107776523775,0.0331685778383575,0.3635484714847452,aae,False,False,True,40.0,man,immigrant,-0.5,white,3,2,3,1,2.0,0,liberal
85014557,3209,You must know that anybody who comes up against you they have a God to deal with - Minister #TorrieWhite #prayer #theonething,0.4249721730245197,0.1783107776523775,0.0331685778383575,0.3635484714847452,aae,False,False,True,40.0,woman,{},-1.0,white,1,1,1,1,1.0,0,liberal
7304061,1832,"Ah, I remember it now! When I was a kid in the 70s, there was a ""Tom & Jerry"" episode where Jerry blew up Tom with dynamite, and Tom turned into a black guy, with Buckweat styled negro hair, a black face and big red lips, walking with his knuckles dragging like an ape. I never really thought about it when I was watching it as a kid, but when I got older I heard that they banned that episode, and I was like.....""Yeah, that was pretty damn funny"". As kids, we're innocent and don't see the real humor in something like that.",0.2107041661051652,0.279953998756695,0.0145126783339412,0.4948291568041984,white,True,True,False,35.0,man,{},-0.5,white,3,4,4,3,3.5,1,liberal
36389940,1832,"Ah, I remember it now! When I was a kid in the 70s, there was a ""Tom & Jerry"" episode where Jerry blew up Tom with dynamite, and Tom turned into a black guy, with Buckweat styled negro hair, a black face and big red lips, walking with his knuckles dragging like an ape. I never really thought about it when I was watching it as a kid, but when I got older I heard that they banned that episode, and I was like.....""Yeah, that was pretty damn funny"". As kids, we're innocent and don't see the real humor in something like that.",0.2107041661051652,0.279953998756695,0.0145126783339412,0.4948291568041984,white,True,True,False,30.0,man,{},-1.0,white,3,3,4,4,4.0,1,liberal
36389940,3212,#bbnaija i see @PayPorte CEO sponsoring these top 5HMs to start up their own bizness and make them prosper,0.5496868197253745,0.1213032230063565,0.040149882737169,0.2888600745310999,aae,False,False,True,30.0,man,{},-1.0,white,1,1,1,1,1.0,0,liberal
93178090,3212,#bbnaija i see @PayPorte CEO sponsoring these top 5HMs to start up their own bizness and make them prosper,0.5496868197253745,0.1213032230063565,0.040149882737169,0.2888600745310999,aae,False,False,True,45.0,woman,,-1.0,white,1,1,1,1,1.0,0,liberal
5171967,2188,"Ayy shoutout to all ma boys in here but ima take a break from this sub. Its those niggers in here who just dont fuck with me, keep getting me banned deleting my threads so im out fuck it",0.4688049745384551,0.2930915070670135,0.0113221910731224,0.2267813273214088,aae,True,True,True,40.0,man,immigrant,-0.5,white,5,5,5,5,5.0,1,liberal
93178090,2188,"Ayy shoutout to all ma boys in here but ima take a break from this sub. Its those niggers in here who just dont fuck with me, keep getting me banned deleting my threads so im out fuck it",0.4688049745384551,0.2930915070670135,0.0113221910731224,0.2267813273214088,aae,True,True,True,45.0,woman,,-1.0,white,2,1,2,1,1.5,0,liberal
5171967,1422,"A good friend of mine used to have a flick with a top-tier webcam model some time ago. Bitch was batshit crazy, no wonder, but oh boy did she worship him. Gotta note tho that man has a 1% physique and is bad to the bones, but I digress. She literally couldn't fucking breathe without him. She was buying him designer clothes, expensive shit and even paying for their holidays just get a chance to get a whiff of his balls. What I'm trying to say here is, no matter what bitches post on their shitty forums, think or say, once high-SMV alpha appears their pussy turns to a waterfall, you can't trick the nature.",0.2092418239133027,0.2397991518872578,0.0067306118187522,0.5442284123806871,white,True,False,False,40.0,man,immigrant,-0.5,white,5,3,4,4,4.0,1,liberal
36389940,1422,"A good friend of mine used to have a flick with a top-tier webcam model some time ago. Bitch was batshit crazy, no wonder, but oh boy did she worship him. Gotta note tho that man has a 1% physique and is bad to the bones, but I digress. She literally couldn't fucking breathe without him. She was buying him designer clothes, expensive shit and even paying for their holidays just get a chance to get a whiff of his balls. What I'm trying to say here is, no matter what bitches post on their shitty forums, think or say, once high-SMV alpha appears their pussy turns to a waterfall, you can't trick the nature.",0.2092418239133027,0.2397991518872578,0.0067306118187522,0.5442284123806871,white,True,False,False,30.0,man,{},-1.0,white,2,1,4,3,3.5,1,liberal
5171967,823,the thought of a world free of channel crossers makes me so happy,0.1219519227582475,0.2467699840453633,0.0093364047444191,0.6219416884519701,white,False,False,False,40.0,man,immigrant,-0.5,white,5,3,4,5,4.5,1,liberal
43621071,823,the thought of a world free of channel crossers makes me so happy,0.1219519227582475,0.2467699840453633,0.0093364047444191,0.6219416884519701,white,False,False,False,40.0,woman,{},-1.0,white,1,1,1,1,1.0,0,liberal
36389940,365,Mop your floors you dirty bitch. Also it's going to be well minging with those dogs,0.1209545903948982,0.3381784749773684,0.003226008872493,0.5376409257552403,white,True,False,False,30.0,man,{},-1.0,white,5,1,5,5,5.0,1,liberal
41829545,365,Mop your floors you dirty bitch. Also it's going to be well minging with those dogs,0.1209545903948982,0.3381784749773684,0.003226008872493,0.5376409257552403,white,True,False,False,45.0,woman,{},-0.5,white,5,2,5,5,5.0,1,liberal
7304061,1599,What you see here is really a classic story of Black people killing each other with drugs & guns!,0.1698932641959951,0.3159910982275347,0.0125943974807183,0.5015212400957519,white,False,True,False,35.0,man,{},-0.5,white,3,4,4,4,4.0,1,liberal
36389940,1599,What you see here is really a classic story of Black people killing each other with drugs & guns!,0.1698932641959951,0.3159910982275347,0.0125943974807183,0.5015212400957519,white,False,True,False,30.0,man,{},-1.0,white,5,5,5,4,4.5,1,liberal
5171967,3378,"I'm listening to Since 17 by iLoveMakonnen on Spinrilla.:dizzy_face:won't send me beats no mo:fearful:got dat purple,what u mean.Florida,check my shoes Gator",0.4449991462002712,0.1696811480538192,0.0300486674159859,0.3552710383299236,aae,False,False,True,40.0,man,immigrant,-0.5,white,4,3,4,4,4.0,1,liberal
93178090,3378,"I'm listening to Since 17 by iLoveMakonnen on Spinrilla.:dizzy_face:won't send me beats no mo:fearful:got dat purple,what u mean.Florida,check my shoes Gator",0.4449991462002712,0.1696811480538192,0.0300486674159859,0.3552710383299236,aae,False,False,True,45.0,woman,,-1.0,white,1,1,1,1,1.0,0,liberal
5171967,1652,It is what it is. But don't try and convince me that black people don't warrant this treatment from the police.,0.1886095156243335,0.3120388468869006,0.0255582582431374,0.4737933792456283,white,False,True,False,40.0,man,immigrant,-0.5,white,2,3,3,4,3.5,1,liberal
93178090,1652,It is what it is. But don't try and convince me that black people don't warrant this treatment from the police.,0.1886095156243335,0.3120388468869006,0.0255582582431374,0.4737933792456283,white,False,True,False,45.0,woman,,-1.0,white,3,5,5,5,5.0,1,liberal
7304061,2338,Foot freaks rejoice! It's nearly warm enough for me to wear flip flops & sandals again :ok_hand: :sandal: #FootFetish #FlipFlops #Sandals #SummerFootwear,0.1033268532432644,0.2560570332076872,0.0529844955057471,0.5876316180433012,white,False,False,False,35.0,man,{},-0.5,white,2,1,2,1,1.5,0,liberal
5171967,2047,"I'm first gen Chinese American and when we were kids, my mom always told us to fight back. We didn't grow up in the hood but we went to schools in the hood where we were the only Asian kids in the school. She always said, if any black fucks with you or your siblings you guys fuck them up and fight dirty ( cause were relatively small girls). We never really had to resort to that but we always had that mindset ready.",0.1945210176921485,0.3689053068680367,0.0145955009437814,0.4219781744960333,white,True,True,False,40.0,man,immigrant,-0.5,white,4,4,5,5,5.0,1,liberal
93178090,2047,"I'm first gen Chinese American and when we were kids, my mom always told us to fight back. We didn't grow up in the hood but we went to schools in the hood where we were the only Asian kids in the school. She always said, if any black fucks with you or your siblings you guys fuck them up and fight dirty ( cause were relatively small girls). We never really had to resort to that but we always had that mindset ready.",0.1945210176921485,0.3689053068680367,0.0145955009437814,0.4219781744960333,white,True,True,False,45.0,woman,,-1.0,white,2,5,5,5,5.0,1,liberal
65218045,1547,"We are burning the Black Lives Matter sign. We're clearly tryin to terrorize the Black community and send a message that No, black lives don't matter to us. We will never allow you to have equal rights. We will use violence to keep you down.",0.1429444858767283,0.167142454843691,0.006786224332035,0.6831268349475457,white,False,True,False,30.0,man,Jewish,-0.5,white,5,5,5,5,5.0,1,liberal
51869641,1547,"We are burning the Black Lives Matter sign. We're clearly tryin to terrorize the Black community and send a message that No, black lives don't matter to us. We will never allow you to have equal rights. We will use violence to keep you down.",0.1429444858767283,0.167142454843691,0.006786224332035,0.6831268349475457,white,False,True,False,35.0,woman,{},-1.0,white,5,5,5,5,5.0,1,liberal
79140081,1811,BLM is targeting Jewish people. Now apart from retarded monkeys they are also antisemitic!,0.0733714518479037,0.1624338332293063,0.146257357043436,0.6179373578793539,white,True,True,False,30.0,woman,{},-1.0,white,5,3,5,5,5.0,1,liberal
41829545,1811,BLM is targeting Jewish people. Now apart from retarded monkeys they are also antisemitic!,0.0733714518479037,0.1624338332293063,0.146257357043436,0.6179373578793539,white,True,True,False,45.0,woman,{},-1.0,white,5,5,5,5,5.0,1,liberal
41829545,2829,"The bloody hell Trump, why use 59 missiles? Even though they did launch a chemical attack on us, 59 is a bit overkill. also #russiaismad",0.0913926028707955,0.1525796142122889,0.1390500065688915,0.6169777763480239,white,False,False,False,45.0,woman,{},-1.0,white,4,1,4,4,4.0,1,liberal
13041518,2829,"The bloody hell Trump, why use 59 missiles? Even though they did launch a chemical attack on us, 59 is a bit overkill. also #russiaismad",0.0913926028707955,0.1525796142122889,0.1390500065688915,0.6169777763480239,white,False,False,False,65.0,woman,elderly,-1.0,white,3,1,3,2,2.5,0,liberal
7304061,3873,The way these niggas hate I hope they get a check for it,0.5438753851341906,0.2202300829954745,0.0045025169880843,0.2313920148822503,aae,True,False,True,35.0,man,{},-0.5,white,4,4,5,4,4.5,1,liberal
65218045,3313,Ppl really thinking I went to the salon or somn to do my box braids! All me :blush::yum: *pats self on the back *,0.5759861343705511,0.1839636496533274,0.0285064298167279,0.2115437861593932,aae,False,False,True,30.0,man,Jewish,-0.5,white,1,1,2,1,1.5,0,liberal
93178090,3313,Ppl really thinking I went to the salon or somn to do my box braids! All me :blush::yum: *pats self on the back *,0.5759861343705511,0.1839636496533274,0.0285064298167279,0.2115437861593932,aae,False,False,True,45.0,woman,,-1.0,white,1,1,1,1,1.0,0,liberal
79140081,31,"its funny how few only want ""traditionalism"" only when it benefits them",0.3076940660046717,0.3478129356374897,0.0678697019425321,0.2766232964153063,hispanic,False,False,False,30.0,woman,{},-1.0,white,3,1,2,2,2.0,0,liberal
36389940,31,"its funny how few only want ""traditionalism"" only when it benefits them",0.3076940660046717,0.3478129356374897,0.0678697019425321,0.2766232964153063,hispanic,False,False,False,30.0,man,{},-1.0,white,2,1,2,2,2.0,0,liberal
5171967,1564,the word n*gga should be used with no taboos. It's a perfect term!,0.2225585956686256,0.2342251571641757,0.092562913918151,0.4506533332490475,white,False,True,False,40.0,man,immigrant,-0.5,white,5,5,5,5,5.0,1,liberal
65218045,1564,the word n*gga should be used with no taboos. It's a perfect term!,0.2225585956686256,0.2342251571641757,0.092562913918151,0.4506533332490475,white,False,True,False,30.0,man,Jewish,-0.5,white,4,4,5,4,4.5,1,liberal
41829545,2896,Literally can't believe I bought a ticket to minus zero and booked a place today holy shit what is my lofe:speak_no_evil::heart_eyes_cat::raising_hands_medium-light_skin_tone: so grateful rn,0.064773870831328,0.2306578639562264,0.0260302336932095,0.678538031519236,white,True,False,False,45.0,woman,{},-0.5,white,1,1,1,1,1.0,0,liberal
65218045,2896,Literally can't believe I bought a ticket to minus zero and booked a place today holy shit what is my lofe:speak_no_evil::heart_eyes_cat::raising_hands_medium-light_skin_tone: so grateful rn,0.064773870831328,0.2306578639562264,0.0260302336932095,0.678538031519236,white,True,False,False,30.0,man,Jewish,-0.5,white,1,1,1,1,1.0,0,liberal
7304061,3544,"""I grew up in KwaNdebele and we used long drops back in the day, my cousin said """"pinky pinky"""" on my way to the toilet. Did I proceed? Oh hell""",0.3561374232420722,0.2673381172475472,0.0653583896489756,0.311166069861405,aae,False,False,True,35.0,man,{},-0.5,white,2,1,1,1,1.0,0,liberal
41829545,3544,"""I grew up in KwaNdebele and we used long drops back in the day, my cousin said """"pinky pinky"""" on my way to the toilet. Did I proceed? Oh hell""",0.3561374232420722,0.2673381172475472,0.0653583896489756,0.311166069861405,aae,False,False,True,45.0,woman,{},-1.0,white,1,1,1,1,1.0,0,liberal
5171967,1476,K-pop is being used as a tool by afros to manipulate the masses. They are using international pressure to support this nonsense. Their goal is to create an afro state in the USA and a spic state. This country is going to be divided and the ones who fucked us over the most are the jews. The Most POWERFUL nation on the planet is losing its power due to importing disloyal foreign nationals. Nation of immigrants my ass.,0.0812396122359881,0.0875523455428061,0.03657616119716,0.7946318810240457,white,True,False,False,40.0,man,immigrant,-0.5,white,5,5,5,5,5.0,1,liberal
93178090,1476,K-pop is being used as a tool by afros to manipulate the masses. They are using international pressure to support this nonsense. Their goal is to create an afro state in the USA and a spic state. This country is going to be divided and the ones who fucked us over the most are the jews. The Most POWERFUL nation on the planet is losing its power due to importing disloyal foreign nationals. Nation of immigrants my ass.,0.0812396122359881,0.0875523455428061,0.03657616119716,0.7946318810240457,white,True,False,False,45.0,woman,,-1.0,white,5,5,5,5,5.0,1,liberal
7304061,1531,"There was also the popular theory that suggests Black people were inherently inferior primarily because they saw Africa as ""primitive"" which i somewhat agree with. They insisted that Blacks were inherently less intelligent.I guess one could then make the argument that perhaps China was ""medival"" as well and they seemed to ignore that Africa had many nomads and that several large portions of the land was difficult to build a decent and stable community but still",0.0528775760796775,0.1338023054307361,0.048933969498715,0.7643861489908712,white,False,True,False,35.0,man,{},-0.5,white,1,1,2,1,1.5,0,liberal
93178090,1531,"There was also the popular theory that suggests Black people were inherently inferior primarily because they saw Africa as ""primitive"" which i somewhat agree with. They insisted that Blacks were inherently less intelligent.I guess one could then make the argument that perhaps China was ""medival"" as well and they seemed to ignore that Africa had many nomads and that several large portions of the land was difficult to build a decent and stable community but still",0.0528775760796775,0.1338023054307361,0.048933969498715,0.7643861489908712,white,False,True,False,45.0,woman,,-1.0,white,1,2,2,1,1.5,0,liberal
36389940,3535,You & yo baby momma separate & you take everything out the house including everything in the child's room? You a fagget fr :100:,0.5066888318428883,0.2939742280209445,0.0127017079290291,0.1866352322071379,aae,False,False,True,30.0,man,{},-1.0,white,4,1,4,4,4.0,1,liberal
93178090,3535,You & yo baby momma separate & you take everything out the house including everything in the child's room? You a fagget fr :100:,0.5066888318428883,0.2939742280209445,0.0127017079290291,0.1866352322071379,aae,False,False,True,45.0,woman,,-1.0,white,5,1,5,5,5.0,1,liberal
41829545,770,it is not ok to be a gypsy,0.1668171332101904,0.2923891087090031,0.0221236107126553,0.5186701473681511,white,False,False,False,45.0,woman,{},-1.0,white,3,1,3,1,2.0,0,liberal
26767527,770,it is not ok to be a gypsy,0.1668171332101904,0.2923891087090031,0.0221236107126553,0.5186701473681511,white,False,False,False,50.0,man,none,-0.5,white,3,2,2,2,2.0,0,liberal
7304061,1597,"whats the point of voting or even democracy if a few dozen angry black election officials in philadelphia, detroit, milwaukee, and atlanta can decide the whole thing?",0.1201925568923702,0.0722870447441238,0.0657670810212969,0.7417533173422091,white,False,True,False,35.0,man,{},-0.5,white,5,4,4,4,4.0,1,liberal
41829545,1597,"whats the point of voting or even democracy if a few dozen angry black election officials in philadelphia, detroit, milwaukee, and atlanta can decide the whole thing?",0.1201925568923702,0.0722870447441238,0.0657670810212969,0.7417533173422091,white,False,True,False,45.0,woman,{},-0.5,white,5,4,4,4,4.0,1,liberal
65218045,3234,"""I like to think that I have thick skin, but if someone texts me """"k"""" they immediately become dead to me""",0.3198060272142368,0.2576341253371991,0.1147706034002774,0.3077892440482866,aae,False,False,True,30.0,man,Jewish,-0.5,white,1,1,2,1,1.5,0,liberal
93178090,3234,"""I like to think that I have thick skin, but if someone texts me """"k"""" they immediately become dead to me""",0.3198060272142368,0.2576341253371991,0.1147706034002774,0.3077892440482866,aae,False,False,True,45.0,woman,,-1.0,white,1,1,1,1,1.0,0,liberal
36389940,1754,Paintballs are a horrible idea. Kids: this is how you get shot. Either that or be  nigger in America,0.129832266956243,0.2720254039683289,0.064882165930333,0.533260163145095,white,True,True,False,30.0,man,{},-1.0,white,5,5,4,4,4.0,1,liberal
41829545,1754,Paintballs are a horrible idea. Kids: this is how you get shot. Either that or be  nigger in America,0.129832266956243,0.2720254039683289,0.064882165930333,0.533260163145095,white,True,True,False,45.0,woman,{},-1.0,white,4,5,3,4,3.5,1,liberal
5171967,1144,Fucking around is what these jawas do best.,0.2210353892114242,0.3584307332789536,0.0086899099201749,0.4118439675894471,white,True,False,False,40.0,man,immigrant,-0.5,white,5,4,4,5,4.5,1,liberal
51869641,1144,Fucking around is what these jawas do best.,0.2210353892114242,0.3584307332789536,0.0086899099201749,0.4118439675894471,white,True,False,False,35.0,woman,{},-1.0,white,1,1,1,1,1.0,0,liberal
5171967,3462,"We gone talk about this, I got time today, y'all hoes just going to have to be mad this morning",0.6226928240310684,0.1765794880043436,0.0080685806830365,0.1926591072815514,aae,True,False,True,40.0,man,immigrant,-0.5,white,5,5,5,5,5.0,1,liberal
93178090,3462,"We gone talk about this, I got time today, y'all hoes just going to have to be mad this morning",0.6226928240310684,0.1765794880043436,0.0080685806830365,0.1926591072815514,aae,True,False,True,45.0,woman,,-1.0,white,3,1,5,5,5.0,1,liberal
5171967,580,Check out this channel: Antifa Smackdown it fucking hilarious,0.3279832296825369,0.2661197939003691,0.1056533555092161,0.3002436209078776,aae,True,False,True,40.0,man,immigrant,-0.5,white,4,1,3,4,3.5,1,liberal
36389940,580,Check out this channel: Antifa Smackdown it fucking hilarious,0.3279832296825369,0.2661197939003691,0.1056533555092161,0.3002436209078776,aae,True,False,True,30.0,man,{},-1.0,white,2,2,3,2,2.5,0,liberal
36389940,1717,Don't you adore it when blacks get ideas above their station? Helpless morons! but we showed them,0.1542323588839793,0.2522199661359212,0.0217261988556802,0.5718214761244191,white,False,True,False,30.0,man,{},-1.0,white,5,5,5,5,5.0,1,liberal
93178090,1717,Don't you adore it when blacks get ideas above their station? Helpless morons! but we showed them,0.1542323588839793,0.2522199661359212,0.0217261988556802,0.5718214761244191,white,False,True,False,45.0,woman,,-1.0,white,5,5,5,5,5.0,1,liberal
41829545,804,The mentally handicapped should be locked away for their own good,0.1285327867854261,0.2270377288323992,0.0010311173558725,0.643398367026302,white,False,False,False,45.0,woman,{},-0.5,white,5,1,4,5,4.5,1,liberal
65218045,804,The mentally handicapped should be locked away for their own good,0.1285327867854261,0.2270377288323992,0.0010311173558725,0.643398367026302,white,False,False,False,30.0,man,Jewish,-0.5,white,3,1,5,4,4.5,1,liberal
36389940,3963,"""i really hate giving advice bc mfs be like """" u act like u wasn't dumb over a nigga"""" bitch when I was 14 not 24. that's 10 yr difference""",0.5263844411315344,0.1912931500965708,0.1260466846765872,0.1562757240953076,aae,True,False,True,30.0,man,{},-1.0,white,2,2,2,2,2.0,0,liberal
65218045,3963,"""i really hate giving advice bc mfs be like """" u act like u wasn't dumb over a nigga"""" bitch when I was 14 not 24. that's 10 yr difference""",0.5263844411315344,0.1912931500965708,0.1260466846765872,0.1562757240953076,aae,True,False,True,30.0,man,Jewish,-0.5,white,5,5,5,5,5.0,1,liberal
5171967,1586,"All these George Floyd riots are useless, harmful and ridiculous. So many people have got looted, many got hurt for what? ONE DEAD BLACK GUY? For ""RACISM""???",0.174689270667568,0.2150698399888363,0.0918935907552349,0.5183472985883607,white,False,True,False,40.0,man,immigrant,-0.5,white,5,5,5,5,5.0,1,liberal
36389940,3681,it always be those salty ass J.Cole fans trying to feel as if Kendrick is not the GOAT well I'm sorry that ur artist has a weak fan base.,0.3938865543754073,0.2086962609656519,0.0301910109249977,0.367226173733943,aae,True,False,True,30.0,man,{},-1.0,white,5,1,5,5,5.0,1,liberal
65218045,3681,it always be those salty ass J.Cole fans trying to feel as if Kendrick is not the GOAT well I'm sorry that ur artist has a weak fan base.,0.3938865543754073,0.2086962609656519,0.0301910109249977,0.367226173733943,aae,True,False,True,30.0,man,Jewish,-0.5,white,5,1,5,3,4.0,1,liberal
5171967,883,"Dear Jews, think twice before you pass by me, and that's a threat!",0.1224054779696768,0.2120957163177828,0.0784498515651222,0.5870489541474181,white,False,False,False,40.0,man,immigrant,-0.5,white,5,5,4,5,4.5,1,liberal
36389940,883,"Dear Jews, think twice before you pass by me, and that's a threat!",0.1224054779696768,0.2120957163177828,0.0784498515651222,0.5870489541474181,white,False,False,False,30.0,man,{},-1.0,white,5,5,5,5,5.0,1,liberal
5171967,2694,American people to have this a candidate would have to shield your face. And there should not your face. And there are,0.0491637567684659,0.2090613019779811,0.0159530505330953,0.7258218907204576,white,False,False,False,40.0,man,immigrant,-0.5,white,4,4,2,5,3.5,1,liberal
7304061,2694,American people to have this a candidate would have to shield your face. And there should not your face. And there are,0.0491637567684659,0.2090613019779811,0.0159530505330953,0.7258218907204576,white,False,False,False,35.0,man,{},-0.5,white,1,1,1,1,1.0,0,liberal
5171967,1911,"ALL NIGGERS HOULD DIE - this was the message my friend got today at school. I don't disagree with the statement, just wished he'd spelt 'should' right",0.169709520273101,0.2976991101511324,0.0312024322220407,0.5013889373537259,white,True,True,False,40.0,man,immigrant,-0.5,white,5,5,5,5,5.0,1,liberal
36389940,1911,"ALL NIGGERS HOULD DIE - this was the message my friend got today at school. I don't disagree with the statement, just wished he'd spelt 'should' right",0.169709520273101,0.2976991101511324,0.0312024322220407,0.5013889373537259,white,True,True,False,30.0,man,{},-1.0,white,5,5,5,5,5.0,1,liberal
7304061,3229,WWE&McMahons 4us fans were glad talent beginnin 2come up but u need 2listen also 2us TheFans($MONEY$MACHINE$)! Ur 2predictable change needed,0.462778808681859,0.1874808283205141,0.0293630250774496,0.3203773379201772,aae,False,False,True,35.0,man,{},-0.5,white,1,1,1,1,1.0,0,liberal
77907129,3229,WWE&McMahons 4us fans were glad talent beginnin 2come up but u need 2listen also 2us TheFans($MONEY$MACHINE$)! Ur 2predictable change needed,0.462778808681859,0.1874808283205141,0.0293630250774496,0.3203773379201772,aae,False,False,True,65.0,man,none,-0.5,white,1,1,1,1,1.0,0,liberal
7304061,3914,"ukwon: [singing, but the camera isnt centred on him] me: WHERE HE AT BITCH",0.3202089469304017,0.2612055786543227,0.2456158023433066,0.1729696720719688,aae,True,False,True,35.0,man,{},-0.5,white,2,1,2,2,2.0,0,liberal
41829545,3914,"ukwon: [singing, but the camera isnt centred on him] me: WHERE HE AT BITCH",0.3202089469304017,0.2612055786543227,0.2456158023433066,0.1729696720719688,aae,True,False,True,45.0,woman,{},-1.0,white,2,1,2,2,2.0,0,liberal
5171967,670,she has text Rob and said she's not coming into the shop because she's too tired. Too tired from doing what???!!! Nothing!!! What a fucking bitch! Feel sorry for whoever has to work for her!!! Xx,0.1706598354638711,0.4722089120234912,0.0088252828656292,0.3483059696470085,hispanic,True,False,False,40.0,man,immigrant,-0.5,white,5,3,5,5,5.0,1,liberal
41829545,670,she has text Rob and said she's not coming into the shop because she's too tired. Too tired from doing what???!!! Nothing!!! What a fucking bitch! Feel sorry for whoever has to work for her!!! Xx,0.1706598354638711,0.4722089120234912,0.0088252828656292,0.3483059696470085,hispanic,True,False,False,45.0,woman,{},-1.0,white,5,1,5,5,5.0,1,liberal
41829545,651,"Fuck yeah, I would kill for some faggot.",0.1843617225912674,0.4321312071937706,0.0332384227362278,0.3502686474787342,hispanic,True,False,False,45.0,woman,{},-0.5,white,5,1,4,4,4.0,1,liberal
68678445,651,"Fuck yeah, I would kill for some faggot.",0.1843617225912674,0.4321312071937706,0.0332384227362278,0.3502686474787342,hispanic,True,False,False,35.0,woman,{},-0.5,white,5,4,5,5,5.0,1,liberal
5171967,60,"i read these facts Egypt has like 6 times the population of Syria. It would be a lot more balanced if you included Saudi Arabia (33 million), Yemen (28 million) and Iraq (38 million) for example",0.0622023214676432,0.0879585152406951,0.3773304453993134,0.4725087178923481,white,False,False,False,40.0,man,immigrant,-0.5,white,1,1,1,1,1.0,0,liberal
93178090,60,"i read these facts Egypt has like 6 times the population of Syria. It would be a lot more balanced if you included Saudi Arabia (33 million), Yemen (28 million) and Iraq (38 million) for example",0.0622023214676432,0.0879585152406951,0.3773304453993134,0.4725087178923481,white,False,False,False,45.0,woman,,-1.0,white,1,1,1,1,1.0,0,liberal
7304061,1355,I hate that fucking poof piece of shit! He has nearly gone to the top of my hanging for treason list. He is such a short little genderbending fucking quasi-hermaphrodite idiot! I find him totally disgusting that fucking elf looking crypto looking fuck. I wish Trump would walk up to him and just fucking punch him in the face and say you are fucking fired you traitor,0.0879509015983684,0.2787964328954401,0.0050785616590786,0.6281741038471127,white,True,False,False,35.0,man,{},-0.5,white,5,1,5,5,5.0,1,liberal
41829545,1355,I hate that fucking poof piece of shit! He has nearly gone to the top of my hanging for treason list. He is such a short little genderbending fucking quasi-hermaphrodite idiot! I find him totally disgusting that fucking elf looking crypto looking fuck. I wish Trump would walk up to him and just fucking punch him in the face and say you are fucking fired you traitor,0.0879509015983684,0.2787964328954401,0.0050785616590786,0.6281741038471127,white,True,False,False,45.0,woman,{},-1.0,white,5,3,5,5,5.0,1,liberal
36389940,3009,#13ReasonsWhy bryce is a fucking asshole and represents everything that's wrong with people/the world,0.090453546901531,0.262675809999264,0.0210161387359199,0.6258545043632848,white,True,False,False,30.0,man,{},-1.0,white,3,1,2,2,2.0,0,liberal
41829545,3009,#13ReasonsWhy bryce is a fucking asshole and represents everything that's wrong with people/the world,0.090453546901531,0.262675809999264,0.0210161387359199,0.6258545043632848,white,True,False,False,45.0,woman,{},-0.5,white,3,1,3,1,2.0,0,liberal
5171967,1770,to call black people niggas is just funny,0.5170398279688034,0.2516485520195468,0.0036289174615476,0.2276827025501019,aae,True,True,True,40.0,man,immigrant,-0.5,white,5,5,4,5,4.5,1,liberal
36389940,1770,to call black people niggas is just funny,0.5170398279688034,0.2516485520195468,0.0036289174615476,0.2276827025501019,aae,True,True,True,30.0,man,{},-1.0,white,4,5,5,4,4.5,1,liberal
51869641,982,This raghead colleague is such a traitor!,0.0928512160420871,0.2103021072336641,0.182287175493668,0.5145595012305807,white,True,False,False,35.0,woman,{},-1.0,white,5,5,2,5,3.5,1,liberal
93178090,982,This raghead colleague is such a traitor!,0.0928512160420871,0.2103021072336641,0.182287175493668,0.5145595012305807,white,True,False,False,45.0,woman,,-1.0,white,5,5,5,5,5.0,1,liberal
36389940,3677,I hate a person that assumes shyt like come fucking ask me to clarify I ain't gone lie to you dumbass :middle_finger_medium-dark_skin_tone:,0.4004255583764838,0.3429842369315464,0.0025209786183578,0.2540692260736118,aae,True,False,True,30.0,man,{},-1.0,white,5,1,5,5,5.0,1,liberal
7304061,3568,My sister is mad as hell we haf to watch huck getting shot twice!!! Who does that?? #Scandal,0.6104801372711742,0.1878439082775504,0.0099256316861352,0.19175032276514,aae,False,False,True,35.0,man,{},-0.5,white,1,1,1,1,1.0,0,liberal
41829545,3568,My sister is mad as hell we haf to watch huck getting shot twice!!! Who does that?? #Scandal,0.6104801372711742,0.1878439082775504,0.0099256316861352,0.19175032276514,aae,False,False,True,45.0,woman,{},-0.5,white,1,1,1,1,1.0,0,liberal
36389940,3813,Bitch keep on :relieved: my reaction bouta pop off bad on you :100::woman_shrugging_medium_skin_tone:,0.6400863294084826,0.2224275528237317,0.0039732427966476,0.1335128749711381,aae,True,False,True,30.0,man,{},-1.0,white,4,1,2,3,2.5,0,liberal
93178090,3813,Bitch keep on :relieved: my reaction bouta pop off bad on you :100::woman_shrugging_medium_skin_tone:,0.6400863294084826,0.2224275528237317,0.0039732427966476,0.1335128749711381,aae,True,False,True,45.0,woman,,-1.0,white,3,1,3,2,2.5,0,liberal
7304061,1687,"Pay attention folks. I met an older White Puerto Rican man. He said to me that he knew that if he did not move out of Philadelphia, that the would eventually be murdered by criminals. He also said that he did not want to continue to pay taxes. That is spot on. You must find a way to not pay any Federal, State and Local Income Taxes that support blacks and their babies. Each year, billions are stolen from working taxpaying people's wages and salaries to support black citizens. You must find an underground economy to participate in.",0.1765614203054955,0.1395083674214505,0.0065608534697963,0.6773693588032577,white,False,True,False,35.0,man,{},-0.5,white,4,5,5,5,5.0,1,liberal
41829545,1687,"Pay attention folks. I met an older White Puerto Rican man. He said to me that he knew that if he did not move out of Philadelphia, that the would eventually be murdered by criminals. He also said that he did not want to continue to pay taxes. That is spot on. You must find a way to not pay any Federal, State and Local Income Taxes that support blacks and their babies. Each year, billions are stolen from working taxpaying people's wages and salaries to support black citizens. You must find an underground economy to participate in.",0.1765614203054955,0.1395083674214505,0.0065608534697963,0.6773693588032577,white,False,True,False,45.0,woman,{},-1.0,white,5,5,5,5,5.0,1,liberal
91232148,3444,"""My Grammy never stops talking. She will talk to you for an hour straight with only the """"mhmm"""" responses n give no fucks.""",0.3966915995554774,0.2193589879753562,0.100684664129038,0.2832647483401282,aae,True,False,True,40.0,man,{},-1.0,white,1,1,1,1,1.0,0,liberal
36389940,3444,"""My Grammy never stops talking. She will talk to you for an hour straight with only the """"mhmm"""" responses n give no fucks.""",0.3966915995554774,0.2193589879753562,0.100684664129038,0.2832647483401282,aae,True,False,True,30.0,man,{},-1.0,white,1,1,1,1,1.0,0,liberal
7304061,690,"Fuck anyone who says 'niggers' or 'trannies' You will never be a person to me. Why don't you go ahead and report me, you little  cry baby. I'll just change my IP address, lmao",0.2129048984084656,0.4483979562438238,0.0312971562143192,0.3073999891333913,hispanic,True,False,False,35.0,man,{},-0.5,white,1,1,2,1,1.5,0,liberal
93178090,690,"Fuck anyone who says 'niggers' or 'trannies' You will never be a person to me. Why don't you go ahead and report me, you little  cry baby. I'll just change my IP address, lmao",0.2129048984084656,0.4483979562438238,0.0312971562143192,0.3073999891333913,hispanic,True,False,False,45.0,woman,,-1.0,white,2,1,2,1,1.5,0,liberal
91232148,2173,People still call black people fucking niggas and I am in love with that,0.3391985214259218,0.3345806177690547,0.0026297332185355,0.3235911275864878,aae,True,True,True,40.0,man,{},-1.0,white,5,5,5,5,5.0,1,liberal
93178090,2173,People still call black people fucking niggas and I am in love with that,0.3391985214259218,0.3345806177690547,0.0026297332185355,0.3235911275864878,aae,True,True,True,45.0,woman,,-1.0,white,5,5,5,5,5.0,1,liberal
36389940,4088,"Running after some pussy that cheated on and left you for another nigga , now she cheating on that nigga with you ? Lmfao Fucking dumb asses",0.6280372157870101,0.2310410381684735,0.0048318552997349,0.1360898907447813,aae,True,False,True,30.0,man,{},-1.0,white,5,3,4,4,4.0,1,liberal
93178090,4088,"Running after some pussy that cheated on and left you for another nigga , now she cheating on that nigga with you ? Lmfao Fucking dumb asses",0.6280372157870101,0.2310410381684735,0.0048318552997349,0.1360898907447813,aae,True,False,True,45.0,woman,,-1.0,white,5,1,5,5,5.0,1,liberal
41829545,766,"It is simple: don't move to a country unless you genuinely love the people and culture. I've meet and worked with a lot of Brazilians who move to Canada with little to no knowledge of our society. Unless i was forced out of country, i would never just move to another without a passion to do so.",0.046615190264572,0.2038875277219542,0.0215846542064707,0.7279126278070029,white,False,False,False,45.0,woman,{},-1.0,white,1,1,1,1,1.0,0,liberal
93178090,766,"It is simple: don't move to a country unless you genuinely love the people and culture. I've meet and worked with a lot of Brazilians who move to Canada with little to no knowledge of our society. Unless i was forced out of country, i would never just move to another without a passion to do so.",0.046615190264572,0.2038875277219542,0.0215846542064707,0.7279126278070029,white,False,False,False,45.0,woman,,-1.0,white,1,2,2,2,2.0,0,liberal
5171967,3301,"Somebody tell @TaySixO it's Thursday, we ain't forgot about the visuals yhu said yhu was gone drop:joy::fire::fire:?????",0.7434460358208854,0.1147378237132385,0.0206019380587757,0.1212142024071004,aae,False,False,True,40.0,man,immigrant,-0.5,white,2,2,2,3,2.5,0,liberal
51869641,3301,"Somebody tell @TaySixO it's Thursday, we ain't forgot about the visuals yhu said yhu was gone drop:joy::fire::fire:?????",0.7434460358208854,0.1147378237132385,0.0206019380587757,0.1212142024071004,aae,False,False,True,35.0,woman,{},-1.0,white,1,1,1,1,1.0,0,liberal
7304061,1702,"Well, Most Asians I've met dislike blacks, so they're ok with me. rofl",0.0935156013382485,0.4058889399440748,0.1151064997829534,0.3854889589347232,hispanic,False,True,False,35.0,man,{},-0.5,white,5,5,5,5,5.0,1,liberal
93863352,1702,"Well, Most Asians I've met dislike blacks, so they're ok with me. rofl",0.0935156013382485,0.4058889399440748,0.1151064997829534,0.3854889589347232,hispanic,False,True,False,35.0,woman,Jewish,-1.0,white,5,5,5,5,5.0,1,liberal
36389940,1714,This problem is that if a black person does step into his position everyone is going to say they got it cause of this and not realise that they're not qualified.,0.1532482383771811,0.2777048658224872,0.0042979683212185,0.5647489274791131,white,False,True,False,30.0,man,{},-1.0,white,4,4,4,3,3.5,1,liberal
68678445,1714,This problem is that if a black person does step into his position everyone is going to say they got it cause of this and not realise that they're not qualified.,0.1532482383771811,0.2777048658224872,0.0042979683212185,0.5647489274791131,white,False,True,False,35.0,woman,{},-0.5,white,4,5,4,4,4.0,1,liberal
43621071,924,Women trap men into having babies,0.4507405245499488,0.1862858493476182,0.0607734876191475,0.3022001384832854,aae,False,False,True,40.0,woman,{},-1.0,white,5,1,4,4,4.0,1,liberal
7304061,4104,"bitch it's fucking spring, why is this weather wildin? :triumph:",0.3372775338175363,0.3318546744844013,0.0295428698094579,0.3013249218886044,aae,True,False,True,35.0,man,{},-0.5,white,1,1,1,1,1.0,0,liberal
51869641,4104,"bitch it's fucking spring, why is this weather wildin? :triumph:",0.3372775338175363,0.3318546744844013,0.0295428698094579,0.3013249218886044,aae,True,False,True,35.0,woman,{},-1.0,white,1,1,1,1,1.0,0,liberal
5171967,3441,"So I'm cutting ya cake like it's my birthday, you dropping vanillaaaaa:heart_eyes::tongue: told you Ima pussy killaaaa:notes::drooling_face:",0.5255158476619308,0.2889184824849025,0.0198167693991089,0.1657489004540577,aae,True,False,True,40.0,man,immigrant,-0.5,white,3,4,4,3,3.5,1,liberal
7304061,3441,"So I'm cutting ya cake like it's my birthday, you dropping vanillaaaaa:heart_eyes::tongue: told you Ima pussy killaaaa:notes::drooling_face:",0.5255158476619308,0.2889184824849025,0.0198167693991089,0.1657489004540577,aae,True,False,True,35.0,man,{},-0.5,white,2,1,3,2,2.5,0,liberal
7304061,1098,"I am a transsexual. I am also transgender person. And a trans person too! But don't you dare to call me a tranny, cause you'll be in trouble. Especially if you're a bitchy b3nder",0.0955873862276519,0.3786279409453857,0.0182018198902413,0.5075828529367209,white,True,False,False,35.0,man,{},-0.5,white,3,1,2,2,2.0,0,liberal
93178090,1098,"I am a transsexual. I am also transgender person. And a trans person too! But don't you dare to call me a tranny, cause you'll be in trouble. Especially if you're a bitchy b3nder",0.0955873862276519,0.3786279409453857,0.0182018198902413,0.5075828529367209,white,True,False,False,45.0,woman,,-1.0,white,1,1,1,1,1.0,0,liberal
65218045,1686,There is nothing more scary to black people than white people who are by default much smarter and more educated than them.,0.0948889767372643,0.2477957453416746,0.0090421897674803,0.6482730881535808,white,False,True,False,30.0,man,Jewish,-0.5,white,5,5,5,5,5.0,1,liberal
13486996,1626,"I always hated visiting Nig York, but if I'm ever forced to I'll be sure to pack all my Confederate clothes and flags and to dance around Central Park! ( I may need a little protection)",0.0959754440619889,0.2383665591983628,0.0837600540802009,0.5818979426594474,white,False,True,False,35.0,woman,{},-0.5,white,5,5,5,5,5.0,1,liberal
48349576,1626,"I always hated visiting Nig York, but if I'm ever forced to I'll be sure to pack all my Confederate clothes and flags and to dance around Central Park! ( I may need a little protection)",0.0959754440619889,0.2383665591983628,0.0837600540802009,0.5818979426594474,white,False,True,False,35.0,woman,{},-0.5,white,5,5,5,5,5.0,1,liberal
77369868,700,"There are so many fucking racists these days, i literally hear people say nigger so often",0.1118783338969399,0.3029232486936935,0.0140318292988344,0.5711665881105321,white,True,False,False,45.0,woman,none,0.0,white,5,5,5,5,5.0,1,neutral
85439177,700,"There are so many fucking racists these days, i literally hear people say nigger so often",0.1118783338969399,0.3029232486936935,0.0140318292988344,0.5711665881105321,white,True,False,False,25.0,man,{},-1.0,white,1,1,1,1,1.0,0,liberal
32677126,2074,I h8 blacks just as much as the next guy but god damn it if afros ain't cool as shit,0.3851637669174963,0.3384660405789316,0.0179802659190439,0.258389926584528,aae,True,True,True,35.0,man,Veteran,-1.0,white,5,5,5,5,5.0,1,liberal
48349576,2074,I h8 blacks just as much as the next guy but god damn it if afros ain't cool as shit,0.3851637669174963,0.3384660405789316,0.0179802659190439,0.258389926584528,aae,True,True,True,35.0,woman,{},-0.5,white,5,5,5,5,5.0,1,liberal
11496683,2777,Never get me started on racism in Islam because how Arabs & South Asians treat their black counterparts is generally disgusting,0.1666283645097795,0.1899398279319584,0.1217996724672971,0.5216321350909648,white,False,False,False,45.0,woman,{},-0.5,white,4,4,4,3,3.5,1,liberal
48349576,2777,Never get me started on racism in Islam because how Arabs & South Asians treat their black counterparts is generally disgusting,0.1666283645097795,0.1899398279319584,0.1217996724672971,0.5216321350909648,white,False,False,False,35.0,woman,{},-0.5,white,2,2,3,2,2.5,0,liberal
94946605,3157,I came home today to find my retarded son trying to put socks on his cock. That cat's going to be fucking traumatized now.,0.1981130350628536,0.3794049650902208,0.0134444176497867,0.4090375821971387,white,True,False,False,60.0,man,no,-0.5,white,3,1,5,5,5.0,1,liberal
13486996,3157,I came home today to find my retarded son trying to put socks on his cock. That cat's going to be fucking traumatized now.,0.1981130350628536,0.3794049650902208,0.0134444176497867,0.4090375821971387,white,True,False,False,35.0,woman,{},-0.5,white,5,1,5,5,5.0,1,liberal
85439177,978,Cairo Coons are friendly? Surely not!,0.4622982684318066,0.1708694427916181,0.0996932573180702,0.267139031458505,aae,True,False,True,25.0,man,{},-1.0,white,1,1,1,1,1.0,0,liberal
6690712,1695,Black men try to debate people with these facts but they never listen to me and continue to spew their scewed victim version of history,0.234221568668524,0.2036512430664818,0.016699264475705,0.545427923789289,white,False,True,False,40.0,woman,{},-0.5,white,2,3,3,2,2.5,0,liberal
11496683,1695,Black men try to debate people with these facts but they never listen to me and continue to spew their scewed victim version of history,0.234221568668524,0.2036512430664818,0.016699264475705,0.545427923789289,white,False,True,False,45.0,woman,{},-0.5,white,4,4,5,4,4.5,1,liberal
11496683,2146,YOU DERSERVE 3 SHOTS IN YOUR OWN FUCKING HEAD. GET FUCKED YOU TWATS SHOW SOME FUCKING BACKBONE YOU NIGGAS,0.4549113750144858,0.2792521999664142,0.0127490317256966,0.2530873932934033,aae,True,True,True,45.0,woman,{},-0.5,white,5,4,5,5,5.0,1,liberal
48349576,2146,YOU DERSERVE 3 SHOTS IN YOUR OWN FUCKING HEAD. GET FUCKED YOU TWATS SHOW SOME FUCKING BACKBONE YOU NIGGAS,0.4549113750144858,0.2792521999664142,0.0127490317256966,0.2530873932934033,aae,True,True,True,35.0,woman,{},-0.5,white,5,5,5,5,5.0,1,liberal
13486996,1370,I feel autistic so *utmost also fuck you and that ginger fag from minnesota,0.0959196550780644,0.1884908202052493,0.0731465284381051,0.6424429962785811,white,True,False,False,35.0,woman,{},-0.5,white,5,1,5,5,5.0,1,liberal
48349576,1370,I feel autistic so *utmost also fuck you and that ginger fag from minnesota,0.0959196550780644,0.1884908202052493,0.0731465284381051,0.6424429962785811,white,True,False,False,35.0,woman,{},-0.5,white,5,1,5,4,4.5,1,liberal
55799101,1536,man these black sneaks are the worst,0.448354497047459,0.1897659525073194,0.0123020502337444,0.349577500211477,aae,False,True,True,25.0,man,LGBT,-1.0,white,3,2,3,1,2.0,0,liberal
6690712,1536,man these black sneaks are the worst,0.448354497047459,0.1897659525073194,0.0123020502337444,0.349577500211477,aae,False,True,True,40.0,woman,{},-0.5,white,3,3,4,3,3.5,1,liberal
6690712,1706,A kneegrow is a kneegrow no matter which way you look at it.,0.1940919159645114,0.3744320470494178,0.0896248736863738,0.3418511632996971,hispanic,False,True,False,40.0,woman,{},-0.5,white,5,5,3,5,4.0,1,liberal
48349576,1706,A kneegrow is a kneegrow no matter which way you look at it.,0.1940919159645114,0.3744320470494178,0.0896248736863738,0.3418511632996971,hispanic,False,True,False,35.0,woman,{},-0.5,white,5,5,5,5,5.0,1,liberal
77369868,3500,"You can get woken up by my system and bite your tongue, or you can get woken up, come outside all mad then get beat up too. Idgaf, ur call",0.3402827715855561,0.3396759819502609,0.0071579585538849,0.312883287910298,aae,False,False,True,45.0,woman,none,0.0,white,1,1,1,1,1.0,0,neutral
48349576,3500,"You can get woken up by my system and bite your tongue, or you can get woken up, come outside all mad then get beat up too. Idgaf, ur call",0.3402827715855561,0.3396759819502609,0.0071579585538849,0.312883287910298,aae,False,False,True,35.0,woman,{},-0.5,white,4,1,3,2,2.5,0,liberal
77369868,45,Politicians are two-timing,0.0699737565838497,0.21243275021437,0.1185696392095542,0.5990238539922259,white,False,False,False,45.0,woman,none,0.0,white,1,1,1,1,1.0,0,neutral
48349576,45,Politicians are two-timing,0.0699737565838497,0.21243275021437,0.1185696392095542,0.5990238539922259,white,False,False,False,35.0,woman,{},-0.5,white,1,1,1,1,1.0,0,liberal
72105794,2390,"I'm really more into strong minded people. People who have their thoughts intact, not scattered. People who have figured out what they want.",0.0964749190976306,0.221690981292109,0.0166091914327792,0.665224908177481,white,False,False,False,35.0,man,{},-0.5,white,1,1,1,1,1.0,0,liberal
13486996,2390,"I'm really more into strong minded people. People who have their thoughts intact, not scattered. People who have figured out what they want.",0.0964749190976306,0.221690981292109,0.0166091914327792,0.665224908177481,white,False,False,False,35.0,woman,{},-0.5,white,2,1,2,2,2.0,0,liberal
32677126,24,"Reminds me about a guy on 4chan who genuinely made money from saying that he was a black woman on twitter. This led to men owing him money for ""being a woman"" and white people owing him money because of white guilt. He managed to make over 1k from what I remember. Crazy!",0.2754347058341385,0.2715306132651428,0.012016894839819,0.4410177860608997,white,False,False,False,35.0,man,Veteran,-1.0,white,1,1,2,1,1.5,0,liberal
48349576,24,"Reminds me about a guy on 4chan who genuinely made money from saying that he was a black woman on twitter. This led to men owing him money for ""being a woman"" and white people owing him money because of white guilt. He managed to make over 1k from what I remember. Crazy!",0.2754347058341385,0.2715306132651428,0.012016894839819,0.4410177860608997,white,False,False,False,35.0,woman,{},-0.5,white,1,1,2,1,1.5,0,liberal
13486996,3338,The busta rythmns new wat was up u bey9nce in hellraiser..now silent bro up the screen ..busta who else..now now i aint alone in this,0.7055055236777873,0.1432258418243184,0.0167523680372796,0.1345162664606145,aae,False,False,True,35.0,woman,{},-0.5,white,1,1,1,1,1.0,0,liberal
35280071,3338,The busta rythmns new wat was up u bey9nce in hellraiser..now silent bro up the screen ..busta who else..now now i aint alone in this,0.7055055236777873,0.1432258418243184,0.0167523680372796,0.1345162664606145,aae,False,False,True,35.0,woman,{},0.0,white,3,3,2,3,2.5,0,neutral
32677126,1030,fags shouldn't be allowed to adopt,0.0960580400285881,0.3720467947284598,0.0059976194166979,0.5258975458262543,white,True,False,False,35.0,man,Veteran,-1.0,white,5,1,5,5,5.0,1,liberal
85439177,1030,fags shouldn't be allowed to adopt,0.0960580400285881,0.3720467947284598,0.0059976194166979,0.5258975458262543,white,True,False,False,25.0,man,{},-1.0,white,5,1,5,5,5.0,1,liberal
72105794,2807,Trump is a syphilis brain addled idiot Jackson dueled for his wife's honor Trump has no respect for his wife or any woman but his daughter,0.1978521895864403,0.1193429653875516,0.0522721745344107,0.6305326704915972,white,False,False,False,35.0,man,{},-0.5,white,5,1,4,4,4.0,1,liberal
13486996,2807,Trump is a syphilis brain addled idiot Jackson dueled for his wife's honor Trump has no respect for his wife or any woman but his daughter,0.1978521895864403,0.1193429653875516,0.0522721745344107,0.6305326704915972,white,False,False,False,35.0,woman,{},-0.5,white,4,1,3,1,2.0,0,liberal
41829545,1988,"It's no a big deal. They aren't ""babies"". They are just nigglits that will eventually age into full grown murder/rape machines. Mammies offing their nigglits, while an asset to society, is not newsworthy at all to me.",0.1458170770879784,0.1809393686766399,0.0269117322043267,0.646331822031055,white,True,True,False,45.0,woman,{},-0.5,white,5,5,5,5,5.0,1,liberal
13486996,1988,"It's no a big deal. They aren't ""babies"". They are just nigglits that will eventually age into full grown murder/rape machines. Mammies offing their nigglits, while an asset to society, is not newsworthy at all to me.",0.1458170770879784,0.1809393686766399,0.0269117322043267,0.646331822031055,white,True,True,False,35.0,woman,{},-0.5,white,5,5,5,5,5.0,1,liberal
55799101,2776,Today us #NationalReadARoadMapDay I wonder how many of the people I know actually know how to read a road map #sorrygooglemaps,0.1030392166273963,0.2554077501920895,0.021747158171939,0.619805875008575,white,False,False,False,25.0,man,LGBT,-1.0,white,3,1,2,2,2.0,0,liberal
48349576,2776,Today us #NationalReadARoadMapDay I wonder how many of the people I know actually know how to read a road map #sorrygooglemaps,0.1030392166273963,0.2554077501920895,0.021747158171939,0.619805875008575,white,False,False,False,35.0,woman,{},-0.5,white,4,1,2,3,2.5,0,liberal
32677126,2280,Why do people only see the bad in what others do? Are they trying to make themselves feel better? Or are they just that close-minded?,0.1232781746659706,0.3658082833144841,0.0064670478507253,0.5044464941688199,white,False,False,False,35.0,man,Veteran,-1.0,white,1,1,2,1,1.5,0,liberal
85439177,2280,Why do people only see the bad in what others do? Are they trying to make themselves feel better? Or are they just that close-minded?,0.1232781746659706,0.3658082833144841,0.0064670478507253,0.5044464941688199,white,False,False,False,25.0,man,{},-1.0,white,1,1,1,1,1.0,0,liberal
11496683,3501,Idiot want it imma get it...Girl what's yo budget?,0.4748695923934172,0.2257331557398073,0.0552583041269599,0.2441389477398154,aae,False,False,True,45.0,woman,{},-0.5,white,2,1,2,2,2.0,0,liberal
85439177,3501,Idiot want it imma get it...Girl what's yo budget?,0.4748695923934172,0.2257331557398073,0.0552583041269599,0.2441389477398154,aae,False,False,True,25.0,man,{},-1.0,white,1,1,1,1,1.0,0,liberal
13486996,95,I'm not going to let social distancing ruin my fun,0.1931563639488517,0.4232840387504611,0.0099224638232078,0.3736371334774793,hispanic,False,False,False,35.0,woman,{},-0.5,white,1,1,1,1,1.0,0,liberal
85439177,95,I'm not going to let social distancing ruin my fun,0.1931563639488517,0.4232840387504611,0.0099224638232078,0.3736371334774793,hispanic,False,False,False,25.0,man,{},-1.0,white,1,1,1,1,1.0,0,liberal
48349576,189,"Imagine someone telling you that you're banned from life. Well, no need because I'm telling you.",0.0847509084912429,0.3950541922033658,0.0211898851011013,0.4990050142042898,white,False,False,False,35.0,woman,{},-0.5,white,2,1,1,1,1.0,0,liberal
85439177,189,"Imagine someone telling you that you're banned from life. Well, no need because I'm telling you.",0.0847509084912429,0.3950541922033658,0.0211898851011013,0.4990050142042898,white,False,False,False,25.0,man,{},-1.0,white,5,1,5,5,5.0,1,liberal
77369868,3346,my attitude on 1000 today for no reason & im getting attitudes with ppl for no reason :woman_facepalming_medium_skin_tone::woman_shrugging_medium_skin_tone: oops,0.5535831283822936,0.2107259921077429,0.0313897413307011,0.2043011381792623,aae,False,False,True,45.0,woman,none,0.0,white,1,1,1,1,1.0,0,neutral
85439177,3346,my attitude on 1000 today for no reason & im getting attitudes with ppl for no reason :woman_facepalming_medium_skin_tone::woman_shrugging_medium_skin_tone: oops,0.5535831283822936,0.2107259921077429,0.0313897413307011,0.2043011381792623,aae,False,False,True,25.0,man,{},-1.0,white,1,1,1,1,1.0,0,liberal
77369868,2260,of him walking by late at night. You both reached the water fountain at the same time. The class difference was immediately noticeable.,0.0574914759716248,0.1891947000871434,0.0061223387306562,0.7471914852105754,white,False,False,False,45.0,woman,none,0.0,white,2,1,2,2,2.0,0,neutral
65294455,2260,of him walking by late at night. You both reached the water fountain at the same time. The class difference was immediately noticeable.,0.0574914759716248,0.1891947000871434,0.0061223387306562,0.7471914852105754,white,False,False,False,50.0,woman,I'm a middle-aged woman which mainly seems to affect me in the workplace,-1.0,white,2,1,1,1,1.0,0,liberal
11496683,664,"So true, fucking pricks called my disabled brother a retard",0.0948047409847976,0.3731177452642349,0.0545969788886831,0.4774805348622842,white,True,False,False,45.0,woman,{},-0.5,white,3,1,2,2,2.0,0,liberal
13486996,4043,Oh you must be MAD that your nigga got caught sucking dick for money lmfaooo and you still fw him,0.7083548478748165,0.1825975284594577,0.0042734145418937,0.104774209123832,aae,True,False,True,35.0,woman,{},-0.5,white,5,5,5,5,5.0,1,liberal
48349576,4043,Oh you must be MAD that your nigga got caught sucking dick for money lmfaooo and you still fw him,0.7083548478748165,0.1825975284594577,0.0042734145418937,0.104774209123832,aae,True,False,True,35.0,woman,{},-0.5,white,4,4,4,5,4.5,1,liberal
6690712,335,ma brotha ma nigga,0.5697242518021677,0.1085571645828541,0.2718621527665904,0.0498564308483878,aae,True,False,True,40.0,woman,{},-0.5,white,2,3,3,2,2.5,0,liberal
72105794,335,ma brotha ma nigga,0.5697242518021677,0.1085571645828541,0.2718621527665904,0.0498564308483878,aae,True,False,True,35.0,man,{},-0.5,white,1,2,2,2,2.0,0,liberal
48349576,1642,"First off imagine calling them who are third worlding it up right now a master race, then imagine calling those fugly chimps attractive",0.0984882611751312,0.3317808415491159,0.0203478942233744,0.5493830030523785,white,False,True,False,35.0,woman,{},-0.5,white,4,5,5,5,5.0,1,liberal
85439177,1642,"First off imagine calling them who are third worlding it up right now a master race, then imagine calling those fugly chimps attractive",0.0984882611751312,0.3317808415491159,0.0203478942233744,0.5493830030523785,white,False,True,False,25.0,man,{},-1.0,white,5,5,5,5,5.0,1,liberal
55799101,1424,"If White men, DO NOT STOP carrying on their symbiotic relationship with the parasitic kike, we are doomed. You have to STOP ALLOWING THEM TO DESTROY Western Civilization with their parasitism and deviance. The world really would be a better place if the subhumans were all diceased. Even the honest subhumans cannot deny that all they do is destroy, devour and fuck uncontrollably",0.0678894092647951,0.2920932888027366,0.0074114882103341,0.632605813722134,white,True,False,False,25.0,man,LGBT,-1.0,white,5,4,5,5,5.0,1,liberal
11496683,1424,"If White men, DO NOT STOP carrying on their symbiotic relationship with the parasitic kike, we are doomed. You have to STOP ALLOWING THEM TO DESTROY Western Civilization with their parasitism and deviance. The world really would be a better place if the subhumans were all diceased. Even the honest subhumans cannot deny that all they do is destroy, devour and fuck uncontrollably",0.0678894092647951,0.2920932888027366,0.0074114882103341,0.632605813722134,white,True,False,False,45.0,woman,{},-0.5,white,5,5,5,5,5.0,1,liberal
51013493,2186,"That's why i yell ""NIGGER!"" at the top of my lungs to any black beggars I see on the road. Good luck catching up to me in my accord you fucking worthless ape. Bonus points if you can dehumanize them enough to start to see tears before you drive off (they are suprisingly quick to start crying like pussies) LMAO",0.1638834150553634,0.3094890418502984,0.0440370860656783,0.4825904570286597,white,True,True,False,25.0,woman,{},-0.5,white,5,5,4,5,4.5,1,liberal
35280071,2186,"That's why i yell ""NIGGER!"" at the top of my lungs to any black beggars I see on the road. Good luck catching up to me in my accord you fucking worthless ape. Bonus points if you can dehumanize them enough to start to see tears before you drive off (they are suprisingly quick to start crying like pussies) LMAO",0.1638834150553634,0.3094890418502984,0.0440370860656783,0.4825904570286597,white,True,True,False,35.0,woman,{},0.0,white,5,5,5,5,5.0,1,neutral
77369868,459,"you've got to be fucking joking, my room has let me down",0.2100210641390862,0.3760800088313892,0.0097640958695929,0.4041348311599316,white,True,False,False,45.0,woman,none,0.0,white,2,1,3,2,2.5,0,neutral
13486996,459,"you've got to be fucking joking, my room has let me down",0.2100210641390862,0.3760800088313892,0.0097640958695929,0.4041348311599316,white,True,False,False,35.0,woman,{},-0.5,white,2,1,2,1,1.5,0,liberal
13486996,3413,I know y'all know that feeling when you sleep on your neck wrong & you can't turn your head :sob::sob::sob::sob: YO I did that shit last night & im dying,0.4852715044543672,0.3511024709959925,0.0056650254534844,0.1579609990961557,aae,True,False,True,35.0,woman,{},-0.5,white,1,1,2,1,1.5,0,liberal
32677126,3413,I know y'all know that feeling when you sleep on your neck wrong & you can't turn your head :sob::sob::sob::sob: YO I did that shit last night & im dying,0.4852715044543672,0.3511024709959925,0.0056650254534844,0.1579609990961557,aae,True,False,True,35.0,man,Veteran,-1.0,white,1,1,1,1,1.0,0,liberal
48734897,311,'niggas' should be used by Blacks only,0.5063058343686189,0.1974699179453182,0.0719244538962992,0.2242997937897635,aae,True,False,True,30.0,man,{},-1.0,white,2,1,3,2,2.5,0,liberal
32677126,311,'niggas' should be used by Blacks only,0.5063058343686189,0.1974699179453182,0.0719244538962992,0.2242997937897635,aae,True,False,True,35.0,man,Veteran,-1.0,white,1,1,2,1,1.5,0,liberal
48349576,3807,Bitches be too mad bitch get some money and move out the hood you fake ballers:woman_golfing_medium-dark_skin_tone::woman_shrugging_medium-dark_skin_tone:,0.7341200667779655,0.1546324724215373,0.0001535316003562,0.111093929200141,aae,True,False,True,35.0,woman,{},-0.5,white,4,3,4,4,4.0,1,liberal
85439177,3807,Bitches be too mad bitch get some money and move out the hood you fake ballers:woman_golfing_medium-dark_skin_tone::woman_shrugging_medium-dark_skin_tone:,0.7341200667779655,0.1546324724215373,0.0001535316003562,0.111093929200141,aae,True,False,True,25.0,man,{},-1.0,white,1,1,2,1,1.5,0,liberal
35280071,3340,"""He was sat up looking over in my direction so I said """"what's wrong now?"""" He responds """"I dunno, slow motion or something""""""",0.3397993167652411,0.2660529304291846,0.1539445221985041,0.24020323060707,aae,False,False,True,35.0,woman,{},0.0,white,1,1,1,1,1.0,0,neutral
85439177,3340,"""He was sat up looking over in my direction so I said """"what's wrong now?"""" He responds """"I dunno, slow motion or something""""""",0.3397993167652411,0.2660529304291846,0.1539445221985041,0.24020323060707,aae,False,False,True,25.0,man,{},-1.0,white,1,1,1,1,1.0,0,liberal
6690712,2461,If my shoulder. Does not stop hurting. I'm gonna fucking lose it.,0.1075529791212684,0.4392484243992106,0.0095410500141715,0.4436575464653494,white,True,False,False,40.0,woman,{},-0.5,white,1,1,1,1,1.0,0,liberal
35280071,2461,If my shoulder. Does not stop hurting. I'm gonna fucking lose it.,0.1075529791212684,0.4392484243992106,0.0095410500141715,0.4436575464653494,white,True,False,False,35.0,woman,{},0.0,white,1,1,1,1,1.0,0,neutral
77369868,1808,"When you pretty much give YT the finger, you are supposed to back it up by playing like an expert. Massa don't like uppity niggers who don't earn dey keep.",0.3791464371111832,0.2697786406001286,0.0275561800521803,0.3235187422365078,aae,True,True,True,45.0,woman,none,0.0,white,4,4,4,4,4.0,1,neutral
13486996,1808,"When you pretty much give YT the finger, you are supposed to back it up by playing like an expert. Massa don't like uppity niggers who don't earn dey keep.",0.3791464371111832,0.2697786406001286,0.0275561800521803,0.3235187422365078,aae,True,True,True,35.0,woman,{},-0.5,white,5,5,5,5,5.0,1,liberal
6690712,296,I hate being called a fag,0.1485791101758486,0.4695444058376743,0.0429195262132814,0.3389569577731957,hispanic,True,False,False,40.0,woman,{},-0.5,white,1,1,1,2,1.5,0,liberal
13486996,296,I hate being called a fag,0.1485791101758486,0.4695444058376743,0.0429195262132814,0.3389569577731957,hispanic,True,False,False,35.0,woman,{},-0.5,white,3,1,4,4,4.0,1,liberal
87738079,116,Politicians are useless,0.0627325946683241,0.2298673972574243,0.0925680657024178,0.6148319423718337,white,False,False,False,60.0,woman,{},-1.0,white,4,1,2,3,2.5,0,liberal
48349576,116,Politicians are useless,0.0627325946683241,0.2298673972574243,0.0925680657024178,0.6148319423718337,white,False,False,False,35.0,woman,{},-0.5,white,2,1,1,1,1.0,0,liberal
13486996,3291,"Seen a vid of a man who girl was cheating, so he decided to expose her by proposing at her job, then have her side dude walk in...",0.4237848488924541,0.2373042197456969,0.0106316148193395,0.3282793165425093,aae,False,False,True,35.0,woman,{},-0.5,white,2,1,2,2,2.0,0,liberal
11496683,3291,"Seen a vid of a man who girl was cheating, so he decided to expose her by proposing at her job, then have her side dude walk in...",0.4237848488924541,0.2373042197456969,0.0106316148193395,0.3282793165425093,aae,False,False,True,45.0,woman,{},-0.5,white,2,1,2,2,2.0,0,liberal
55799101,870,I will not go with you to the party in that dress as women shouldn't dress that way,0.1955860479250545,0.3201117290245203,0.0025506976450702,0.481751525405355,white,False,False,False,25.0,man,LGBT,-1.0,white,1,1,1,1,1.0,0,liberal
24607076,870,I will not go with you to the party in that dress as women shouldn't dress that way,0.1955860479250545,0.3201117290245203,0.0025506976450702,0.481751525405355,white,False,False,False,40.0,woman,race,0.0,white,2,1,3,2,2.5,0,neutral
6690712,3463,Be Walking Around Hea Wit Chlamydia Nshit But Worried About What Somebody Else Got Going BYE HOE :victory_hand_medium-light_skin_tone::sneezing_face:,0.7555553858010374,0.092851899031014,0.0384563175111927,0.1131363976567558,aae,True,False,True,40.0,woman,{},-0.5,white,5,1,5,5,5.0,1,liberal
32677126,3463,Be Walking Around Hea Wit Chlamydia Nshit But Worried About What Somebody Else Got Going BYE HOE :victory_hand_medium-light_skin_tone::sneezing_face:,0.7555553858010374,0.092851899031014,0.0384563175111927,0.1131363976567558,aae,True,False,True,35.0,man,Veteran,-1.0,white,3,2,3,2,2.5,0,liberal
6690712,264,"Stop calling it 'the n-word', it's NIGGER! Just a colour",0.2662205062539486,0.2419748870940317,0.1308668890656883,0.3609377175863313,white,True,False,False,40.0,woman,{},-0.5,white,4,5,5,5,5.0,1,liberal
13486996,264,"Stop calling it 'the n-word', it's NIGGER! Just a colour",0.2662205062539486,0.2419748870940317,0.1308668890656883,0.3609377175863313,white,True,False,False,35.0,woman,{},-0.5,white,5,5,5,5,5.0,1,liberal
11496683,1538,dem n!gg3rsss be more fragile then my nannas Hummel collection...,0.4259992140860786,0.1664953780720633,0.0911243301510845,0.3163810776907735,aae,False,True,True,45.0,woman,{},-0.5,white,4,2,4,4,4.0,1,liberal
85439177,1538,dem n!gg3rsss be more fragile then my nannas Hummel collection...,0.4259992140860786,0.1664953780720633,0.0911243301510845,0.3163810776907735,aae,False,True,True,25.0,man,{},-1.0,white,5,5,5,5,5.0,1,liberal
13486996,2118,"imagine being such absolute scum, I want those south london balcks to get squashed with a fucking roadroller",0.0997585909286198,0.2177847909173091,0.0433065869102675,0.6391500312438035,white,True,True,False,35.0,woman,{},-0.5,white,5,5,5,5,5.0,1,liberal
11496683,2118,"imagine being such absolute scum, I want those south london balcks to get squashed with a fucking roadroller",0.0997585909286198,0.2177847909173091,0.0433065869102675,0.6391500312438035,white,True,True,False,45.0,woman,{},-0.5,white,4,4,5,5,5.0,1,liberal
47777228,1332,"Kamala is incredibly ambitious so I would completely believe she's willing to run side by side with a rapist in order to get that shiny new title, fucking retard",0.0877589927767721,0.2109195069829521,0.034024134690371,0.6672973655499046,white,True,False,False,25.0,man,{},-1.0,white,5,5,5,5,5.0,1,liberal
48349576,1332,"Kamala is incredibly ambitious so I would completely believe she's willing to run side by side with a rapist in order to get that shiny new title, fucking retard",0.0877589927767721,0.2109195069829521,0.034024134690371,0.6672973655499046,white,True,False,False,35.0,woman,{},-0.5,white,5,1,5,5,5.0,1,liberal
11496683,3215,If u grown & still get thirsty for Jordans knowin erbody else gon havem & u still feel like u accomplished something that say alot about u,0.8449648705289453,0.0922402851981203,0.0026795026563794,0.0601153416165548,aae,False,False,True,45.0,woman,{},-0.5,white,2,1,2,1,1.5,0,liberal
85439177,3215,If u grown & still get thirsty for Jordans knowin erbody else gon havem & u still feel like u accomplished something that say alot about u,0.8449648705289453,0.0922402851981203,0.0026795026563794,0.0601153416165548,aae,False,False,True,25.0,man,{},-1.0,white,5,1,5,5,5.0,1,liberal
48349576,3808,"""I'm mindin my business buyin eyelashes& this girl was talking to her gf like """"Bitch everyone says my baby cute u a hater if u say she ugly""""""",0.6514866151603159,0.2456743923301805,0.0374878407065837,0.0653511518029197,aae,True,False,True,35.0,woman,{},-0.5,white,1,1,2,1,1.5,0,liberal
85439177,3808,"""I'm mindin my business buyin eyelashes& this girl was talking to her gf like """"Bitch everyone says my baby cute u a hater if u say she ugly""""""",0.6514866151603159,0.2456743923301805,0.0374878407065837,0.0653511518029197,aae,True,False,True,25.0,man,{},-1.0,white,1,1,1,1,1.0,0,liberal
24607076,693,"I have never seen a more slur filled, racist post as this one: ""spics, known as beaners, wetbacks, Mexicans, lawn mowers, cleaning lady are the product of greasy and horny Spaniards raping the retarded spear-chucking natives that was created within Mexico.""",0.0549447695418493,0.3215928040167306,0.1150158311970003,0.5084465952444197,white,True,False,False,40.0,woman,race,0.0,white,3,5,5,5,5.0,1,neutral
77369868,853,If my son told me he wanted to wear girl's clothes he'd be in big trouble,0.3424101324060895,0.330564594923826,0.0196356275587191,0.3073896451113653,aae,False,False,True,45.0,woman,none,0.0,white,1,1,1,1,1.0,0,neutral
35280071,853,If my son told me he wanted to wear girl's clothes he'd be in big trouble,0.3424101324060895,0.330564594923826,0.0196356275587191,0.3073896451113653,aae,False,False,True,35.0,woman,{},0.0,white,5,1,4,4,4.0,1,neutral
32677126,63,"I live in the United States, and here we have plenty of space and resources to go around. I know Europe is a little more crowded, but at least here in the U.S. we have absolutely no reason to complain. If you want less people to emigrate to Europe, I suggest you support tackling climate change head on, and abandoning the imperialist economic policies practiced by the IMF and World Bank, as those are, and will, be the primary reasons why so many people want to escape their home countries.",0.032014795703393,0.1284922742631472,0.0265694385952038,0.8129234914382559,white,False,False,False,35.0,man,Veteran,-1.0,white,1,1,1,1,1.0,0,liberal
11496683,63,"I live in the United States, and here we have plenty of space and resources to go around. I know Europe is a little more crowded, but at least here in the U.S. we have absolutely no reason to complain. If you want less people to emigrate to Europe, I suggest you support tackling climate change head on, and abandoning the imperialist economic policies practiced by the IMF and World Bank, as those are, and will, be the primary reasons why so many people want to escape their home countries.",0.032014795703393,0.1284922742631472,0.0265694385952038,0.8129234914382559,white,False,False,False,45.0,woman,{},-0.5,white,2,1,2,1,1.5,0,liberal
1226439,3424,"""we had teens fill out surveys asking what kinds of SRC prizes they want & I got mad bc I thought one kid wrote """"ASS"""" but it was """"25$""""""",0.3020456987274263,0.2867587581410479,0.145859693748257,0.2653358493832687,aae,True,False,True,30.0,nonBinary,{},-1.0,white,1,1,2,1,1.5,0,liberal
35280071,3424,"""we had teens fill out surveys asking what kinds of SRC prizes they want & I got mad bc I thought one kid wrote """"ASS"""" but it was """"25$""""""",0.3020456987274263,0.2867587581410479,0.145859693748257,0.2653358493832687,aae,True,False,True,35.0,woman,{},0.0,white,2,1,2,2,2.0,0,neutral
32677126,3520,"""This kid just farted in the airport on accident nd the mom gave him that """"omg Timothy that's awful"""" look. Damn chill ma, he got some gas. :joy::joy:""",0.4520436714589534,0.1804414662620308,0.1072184599445742,0.2602964023344415,aae,False,False,True,35.0,man,Veteran,-1.0,white,1,1,1,1,1.0,0,liberal
85439177,3520,"""This kid just farted in the airport on accident nd the mom gave him that """"omg Timothy that's awful"""" look. Damn chill ma, he got some gas. :joy::joy:""",0.4520436714589534,0.1804414662620308,0.1072184599445742,0.2602964023344415,aae,False,False,True,25.0,man,{},-1.0,white,1,1,1,1,1.0,0,liberal
35280071,3422,I can't wait til i get cleared that my cut is healed that way i can start working on losing this ugly ass stomach Javien gave me :weary:,0.4193192066664416,0.2652604266646657,0.0112042001053028,0.3042161665635897,aae,True,False,True,35.0,woman,{},0.0,white,2,1,2,1,1.5,0,neutral
85439177,3422,I can't wait til i get cleared that my cut is healed that way i can start working on losing this ugly ass stomach Javien gave me :weary:,0.4193192066664416,0.2652604266646657,0.0112042001053028,0.3042161665635897,aae,True,False,True,25.0,man,{},-1.0,white,1,1,3,2,2.5,0,liberal
72105794,3248,Dem boys perma camped out before Walmart on rt 1 not slick nor they catching the likes of me slipping at all.. I :eyes: yall,0.6143232164624569,0.1155584681396237,0.0350509696755392,0.23506734572238,aae,False,False,True,35.0,man,{},-0.5,white,1,1,1,1,1.0,0,liberal
13486996,3248,Dem boys perma camped out before Walmart on rt 1 not slick nor they catching the likes of me slipping at all.. I :eyes: yall,0.6143232164624569,0.1155584681396237,0.0350509696755392,0.23506734572238,aae,False,False,True,35.0,woman,{},-0.5,white,2,1,2,1,1.5,0,liberal
77369868,1817,"They say that they ""ride for my motherfuckin' niggas"". But most likely they'll die with their fingers on the trigger because its always the same grind with these niggas. And they don't go in unless they with my niggas",0.5585040715951687,0.1867910789529622,0.0116429859000461,0.2430618635518228,aae,True,True,True,45.0,woman,none,0.0,white,2,2,2,2,2.0,0,neutral
89565348,1817,"They say that they ""ride for my motherfuckin' niggas"". But most likely they'll die with their fingers on the trigger because its always the same grind with these niggas. And they don't go in unless they with my niggas",0.5585040715951687,0.1867910789529622,0.0116429859000461,0.2430618635518228,aae,True,True,True,60.0,woman,woman,-0.5,white,3,4,4,3,3.5,1,liberal
48349576,3408,"Everybody wanna sell a Caesar salad with a nasty ass Caesar dressing , like how that work :thinking_face::face_with_rolling_eyes:",0.54090469128991,0.2001566767106749,0.0290201910842575,0.2299184409151576,aae,True,False,True,35.0,woman,{},-0.5,white,1,1,1,1,1.0,0,liberal
43621071,3408,"Everybody wanna sell a Caesar salad with a nasty ass Caesar dressing , like how that work :thinking_face::face_with_rolling_eyes:",0.54090469128991,0.2001566767106749,0.0290201910842575,0.2299184409151576,aae,True,False,True,40.0,woman,{},-1.0,white,2,1,2,2,2.0,0,liberal
59696971,1777,I like using words like 'nigger' or 'nigga' around black people,0.490708665333509,0.2466406442627434,0.0758206044082315,0.186830085995516,aae,True,True,True,25.0,man,{},-0.5,white,5,5,5,5,5.0,1,liberal
35280071,1777,I like using words like 'nigger' or 'nigga' around black people,0.490708665333509,0.2466406442627434,0.0758206044082315,0.186830085995516,aae,True,True,True,35.0,woman,{},0.0,white,5,5,4,4,4.0,1,neutral
35280071,1631,"i don't care what people say, blacks have ugly eyelashes!",0.2714153403547837,0.4581325825498183,0.0309285256477825,0.2395235514476153,hispanic,False,True,False,35.0,woman,{},0.0,white,4,4,5,4,4.5,1,neutral
85439177,1631,"i don't care what people say, blacks have ugly eyelashes!",0.2714153403547837,0.4581325825498183,0.0309285256477825,0.2395235514476153,hispanic,False,True,False,25.0,man,{},-1.0,white,5,5,5,5,5.0,1,liberal
13486996,3660,Mutha fucking owwwwwwwwww my damn ear hurts!!! :sob::sob::sob::weary::weary::triumph::triumph::rage::rage::disappointed_relieved::disappointed_relieved:,0.4926133773848712,0.3038048249897818,0.067330040541137,0.13625175708421,aae,True,False,True,35.0,woman,{},-0.5,white,2,1,3,1,2.0,0,liberal
87738079,3660,Mutha fucking owwwwwwwwww my damn ear hurts!!! :sob::sob::sob::weary::weary::triumph::triumph::rage::rage::disappointed_relieved::disappointed_relieved:,0.4926133773848712,0.3038048249897818,0.067330040541137,0.13625175708421,aae,True,False,True,60.0,woman,{},-1.0,white,1,1,1,1,1.0,0,liberal
85439177,932,"Don't any of you guys recall that old South Park? Nothing wrong with being gay, but what reddit is doing is being a Fag. Which ironically has nothing to do with being gay.",0.0574858479993053,0.3131420640219782,0.0169214702049132,0.6124506177738033,white,True,False,False,25.0,man,{},-1.0,white,5,1,5,3,4.0,1,liberal
55799101,3707,"""i'm a polite person & always say """"thank u"""" but i won't fucking thank my teacher for letting me copy whatever tf she wrote on her blackboard""",0.3856231908940603,0.3555518337644424,0.0650965294444053,0.1937284458970918,aae,True,False,True,25.0,man,LGBT,-1.0,white,2,1,2,2,2.0,0,liberal
13486996,3707,"""i'm a polite person & always say """"thank u"""" but i won't fucking thank my teacher for letting me copy whatever tf she wrote on her blackboard""",0.3856231908940603,0.3555518337644424,0.0650965294444053,0.1937284458970918,aae,True,False,True,35.0,woman,{},-0.5,white,5,1,5,4,4.5,1,liberal
77369868,2454,"""I actually had a dream about the new MST3K coming out soon. If this dream is correct, there's gonna be a new robot on the show named """"Pussy""""""",0.1409485317811528,0.1951529366369402,0.102958236363986,0.560940295217921,white,True,False,False,45.0,woman,none,0.0,white,2,1,2,2,2.0,0,neutral
48349576,2454,"""I actually had a dream about the new MST3K coming out soon. If this dream is correct, there's gonna be a new robot on the show named """"Pussy""""""",0.1409485317811528,0.1951529366369402,0.102958236363986,0.560940295217921,white,True,False,False,35.0,woman,{},-0.5,white,2,1,4,4,4.0,1,liberal
71913780,2075,Please save your black weaves for someone who gives a rat's ass,0.3258632222674879,0.276756576759157,0.0194649360994574,0.3779152648738975,white,True,True,False,45.0,woman,{},-0.5,white,5,5,5,4,4.5,1,liberal
48349576,2075,Please save your black weaves for someone who gives a rat's ass,0.3258632222674879,0.276756576759157,0.0194649360994574,0.3779152648738975,white,True,True,False,35.0,woman,{},-0.5,white,5,5,5,5,5.0,1,liberal
13486996,3526,"Hate when somebody act fake drunk then want you too babysit them , hell naw cya",0.4668008715425229,0.1951441738413821,0.0173444387367521,0.3207105158793428,aae,False,False,True,35.0,woman,{},-0.5,white,3,1,3,2,2.5,0,liberal
48349576,3526,"Hate when somebody act fake drunk then want you too babysit them , hell naw cya",0.4668008715425229,0.1951441738413821,0.0173444387367521,0.3207105158793428,aae,False,False,True,35.0,woman,{},-0.5,white,2,1,1,1,1.0,0,liberal
13486996,3406,My mom so aggravating every time I like a car she got a funk ass attitude about it & ruin my mood but she stay getting hype bout cars,0.542767088707598,0.257367689410423,0.0038884781365135,0.1959767437454655,aae,True,False,True,35.0,woman,{},-0.5,white,2,1,2,1,1.5,0,liberal
48349576,3406,My mom so aggravating every time I like a car she got a funk ass attitude about it & ruin my mood but she stay getting hype bout cars,0.542767088707598,0.257367689410423,0.0038884781365135,0.1959767437454655,aae,True,False,True,35.0,woman,{},-0.5,white,3,1,2,2,2.0,0,liberal
77369868,1812,I see no point in going to school if everyone is going to be a bloody nigger,0.1295257887070276,0.3706581788901333,0.0194762049527497,0.4803398274500893,white,True,True,False,45.0,woman,none,0.0,white,4,5,4,4,4.0,1,neutral
85439177,1812,I see no point in going to school if everyone is going to be a bloody nigger,0.1295257887070276,0.3706581788901333,0.0194762049527497,0.4803398274500893,white,True,True,False,25.0,man,{},-1.0,white,5,5,5,5,5.0,1,liberal
55799101,3516,"""I'm really not caught up with these new abbreviations you know, until like a month ago I thought """"dkm"""" meant """"dank meme""""""",0.3129228465505632,0.2469832680496177,0.2052828231649158,0.2348110622349032,aae,False,False,True,25.0,man,LGBT,-1.0,white,1,1,1,1,1.0,0,liberal
11496683,3516,"""I'm really not caught up with these new abbreviations you know, until like a month ago I thought """"dkm"""" meant """"dank meme""""""",0.3129228465505632,0.2469832680496177,0.2052828231649158,0.2348110622349032,aae,False,False,True,45.0,woman,{},-0.5,white,1,1,1,1,1.0,0,liberal
48349576,525,"fuck this, my chair is doing my nut in",0.3978781554302379,0.2545504477546393,0.016461296062803,0.3311101007523198,aae,True,False,True,35.0,woman,{},-0.5,white,2,1,2,3,2.5,0,liberal
77369868,398,We horny niggas matter too!!,0.617885141369166,0.192637221868534,0.055272837774354,0.1342047989879459,aae,True,False,True,45.0,woman,none,0.0,white,2,2,2,2,2.0,0,neutral
48349576,398,We horny niggas matter too!!,0.617885141369166,0.192637221868534,0.055272837774354,0.1342047989879459,aae,True,False,True,35.0,woman,{},-0.5,white,1,3,4,4,4.0,1,liberal
13486996,3312,tbh i needed them gucci sliders jus for my collection ion like em ion wear em i need then ferragamo sliders next,0.705490232974801,0.1812910123370205,0.0181320476443673,0.0950867070438112,aae,False,False,True,35.0,woman,{},-0.5,white,1,1,1,1,1.0,0,liberal
85439177,3312,tbh i needed them gucci sliders jus for my collection ion like em ion wear em i need then ferragamo sliders next,0.705490232974801,0.1812910123370205,0.0181320476443673,0.0950867070438112,aae,False,False,True,25.0,man,{},-1.0,white,1,1,1,1,1.0,0,liberal
85439177,2984,#drawntodeath bronco is almost inmortal with the fucking drone,0.0784282114778502,0.2606113791987539,0.0643707101566797,0.596589699166716,white,True,False,False,25.0,man,{},-1.0,white,1,1,1,1,1.0,0,liberal
32677126,3552,Mothafuckas is out here sick as fuuuuuccccckkkkkkkkkkkk in the head lmmfaooooo,0.5142956974559871,0.2139115579031156,0.0049246190769611,0.2668681255639361,aae,False,False,True,35.0,man,Veteran,-1.0,white,3,1,3,2,2.5,0,liberal
48349576,3552,Mothafuckas is out here sick as fuuuuuccccckkkkkkkkkkkk in the head lmmfaooooo,0.5142956974559871,0.2139115579031156,0.0049246190769611,0.2668681255639361,aae,False,False,True,35.0,woman,{},-0.5,white,3,1,4,3,3.5,1,liberal
77369868,1790,"new slogan: Know niggers, no peace. No niggers, know peace",0.2546920939795835,0.2022873214016179,0.4008815014940822,0.1421390831247163,other,True,True,False,45.0,woman,none,0.0,white,5,5,5,5,5.0,1,neutral
85439177,1790,"new slogan: Know niggers, no peace. No niggers, know peace",0.2546920939795835,0.2022873214016179,0.4008815014940822,0.1421390831247163,other,True,True,False,25.0,man,{},-1.0,white,5,5,5,5,5.0,1,liberal
13486996,2143,"You a street nigga so its fuck the law, if you're broke nigga don't go breakin against the law",0.5063787269586927,0.2231380405893987,0.0115598794131587,0.2589233530387499,aae,True,True,True,35.0,woman,{},-0.5,white,5,5,5,5,5.0,1,liberal
48349576,2143,"You a street nigga so its fuck the law, if you're broke nigga don't go breakin against the law",0.5063787269586927,0.2231380405893987,0.0115598794131587,0.2589233530387499,aae,True,True,True,35.0,woman,{},-0.5,white,2,4,4,4,4.0,1,liberal
6690712,85,"""We, Ahmadi Muslims, arent here to cause you any disturbance but instead we are here to serve, we are here to share with you the community, to join you in your activities, and live peacefully and happily among you.""",0.0687880256559891,0.234785462437937,0.1133926098726506,0.5830339020334233,white,False,False,False,40.0,woman,{},-0.5,white,1,1,1,1,1.0,0,liberal
85439177,85,"""We, Ahmadi Muslims, arent here to cause you any disturbance but instead we are here to serve, we are here to share with you the community, to join you in your activities, and live peacefully and happily among you.""",0.0687880256559891,0.234785462437937,0.1133926098726506,0.5830339020334233,white,False,False,False,25.0,man,{},-1.0,white,1,1,1,1,1.0,0,liberal
77369868,3286,*dress shopping w/ eva* me: I would look like a whole snack mawmaw mawmaw: yeah you would look like an old sack,0.4254770676742583,0.1947835050285246,0.1116898623337852,0.2680495649634319,aae,False,False,True,45.0,woman,none,0.0,white,2,1,2,2,2.0,0,neutral
35280071,719,"""Yeah, but you are still a retard..."" shitty comeback",0.1299763512973338,0.2557873792691538,0.165655329664168,0.4485809397693443,white,True,False,False,35.0,woman,{},0.0,white,3,1,5,4,4.5,1,neutral
48349576,719,"""Yeah, but you are still a retard..."" shitty comeback",0.1299763512973338,0.2557873792691538,0.165655329664168,0.4485809397693443,white,True,False,False,35.0,woman,{},-0.5,white,5,1,5,5,5.0,1,liberal
77369868,1789,this nigga's face is looking like melting,0.3608945395616276,0.2959825133641925,0.0125876460260111,0.3305353010481686,aae,True,True,True,45.0,woman,none,0.0,white,2,2,2,2,2.0,0,neutral
35280071,1789,this nigga's face is looking like melting,0.3608945395616276,0.2959825133641925,0.0125876460260111,0.3305353010481686,aae,True,True,True,35.0,woman,{},0.0,white,5,4,4,4,4.0,1,neutral
77369868,3411,"He said you shooting blanks, I'm fucking cryinggggg",0.3913748839374704,0.3042285997848213,0.089056873771103,0.2153396425066051,aae,True,False,True,45.0,woman,none,0.0,white,2,1,3,2,2.5,0,neutral
11496683,3411,"He said you shooting blanks, I'm fucking cryinggggg",0.3913748839374704,0.3042285997848213,0.089056873771103,0.2153396425066051,aae,True,False,True,45.0,woman,{},-0.5,white,2,1,2,2,2.0,0,liberal
77369868,77,We must remember that not all men are abusive,0.2200237562331451,0.3008023133415841,0.0200211506889129,0.4591527797363578,white,False,False,False,45.0,woman,none,0.0,white,1,1,1,1,1.0,0,neutral
59819662,77,We must remember that not all men are abusive,0.2200237562331451,0.3008023133415841,0.0200211506889129,0.4591527797363578,white,False,False,False,35.0,man,{},-1.0,white,1,1,1,1,1.0,0,liberal
95971160,3556,"I'm only knocking certified hookers now, last virgin I was with took everything I taught her to her new man lmao time 4 me 2 learn som",0.4042674793019414,0.3443130228126903,0.0304973881301486,0.2209221097552194,aae,False,False,True,25.0,man,{},-0.5,white,3,1,4,4,4.0,1,liberal
32677126,3556,"I'm only knocking certified hookers now, last virgin I was with took everything I taught her to her new man lmao time 4 me 2 learn som",0.4042674793019414,0.3443130228126903,0.0304973881301486,0.2209221097552194,aae,False,False,True,35.0,man,Veteran,-1.0,white,2,1,3,2,2.5,0,liberal
77369868,2568,Maybe now because Miranda said that in her acceptance speech in front of everybody all of the award shows will get there shit together :woman_shrugging_medium_skin_tone:,0.1744738144176841,0.1922098854696565,0.0060045604365669,0.6273117396760924,white,True,False,False,45.0,woman,none,0.0,white,3,1,3,2,2.5,0,neutral
72105794,2568,Maybe now because Miranda said that in her acceptance speech in front of everybody all of the award shows will get there shit together :woman_shrugging_medium_skin_tone:,0.1744738144176841,0.1922098854696565,0.0060045604365669,0.6273117396760924,white,True,False,False,35.0,man,{},-0.5,white,1,1,1,1,1.0,0,liberal
91276967,1972,fuck black culture and its shitty ass values,0.3694863068203649,0.2131977721282617,0.0615156929516136,0.3558002280997597,aae,True,True,True,35.0,woman,{},-1.0,white,5,5,5,5,5.0,1,liberal
11496683,1972,fuck black culture and its shitty ass values,0.3694863068203649,0.2131977721282617,0.0615156929516136,0.3558002280997597,aae,True,True,True,45.0,woman,{},-0.5,white,5,5,5,5,5.0,1,liberal
41829545,3475,MY BITCH SO BAD ION WANNA CHEAT :heart_eyes::ring: I MISS LICKIN HA FROM HEAD TO FEET :speaking_head_in_silhouette::tongue::sweat_drops:,0.6501500122136336,0.1777812839741073,0.0103170839606891,0.16175161985157,aae,True,False,True,45.0,woman,{},-0.5,white,4,1,5,5,5.0,1,liberal
13486996,3475,MY BITCH SO BAD ION WANNA CHEAT :heart_eyes::ring: I MISS LICKIN HA FROM HEAD TO FEET :speaking_head_in_silhouette::tongue::sweat_drops:,0.6501500122136336,0.1777812839741073,0.0103170839606891,0.16175161985157,aae,True,False,True,35.0,woman,{},-0.5,white,3,1,5,5,5.0,1,liberal
77369868,881,"if you think about it, foreigners are the real danger to society",0.1701142693602526,0.219753167432871,0.0169510591864724,0.5931815040204038,white,False,False,False,45.0,woman,none,0.0,white,2,2,3,2,2.5,0,neutral
11496683,881,"if you think about it, foreigners are the real danger to society",0.1701142693602526,0.219753167432871,0.0169510591864724,0.5931815040204038,white,False,False,False,45.0,woman,{},-0.5,white,4,4,5,5,5.0,1,liberal
62060153,2853,Fucking hell. Still gutted for the loss of Mané tho. Irreplaceable player. #LFC,0.1726380980340408,0.2121070595371348,0.0940105830309005,0.5212442593979238,white,True,False,False,40.0,man,{},-0.5,white,1,1,1,1,1.0,0,liberal
55799101,2853,Fucking hell. Still gutted for the loss of Mané tho. Irreplaceable player. #LFC,0.1726380980340408,0.2121070595371348,0.0940105830309005,0.5212442593979238,white,True,False,False,25.0,man,LGBT,-1.0,white,1,1,1,1,1.0,0,liberal
55799101,682,"You was exactly like the nigga I talked about. Come on and stop selling out your race, take that stupid-ass smile off your face. Niggas always gotta show they teeth. But Imma be brief",0.452641363981763,0.2467195030969139,0.0038560955421627,0.2967830373791602,aae,True,False,True,25.0,man,LGBT,-1.0,white,4,3,3,2,2.5,0,liberal
77369868,682,"You was exactly like the nigga I talked about. Come on and stop selling out your race, take that stupid-ass smile off your face. Niggas always gotta show they teeth. But Imma be brief",0.452641363981763,0.2467195030969139,0.0038560955421627,0.2967830373791602,aae,True,False,True,45.0,woman,none,0.0,white,2,2,2,2,2.0,0,neutral
72105794,3900,This nigga wanna shoot rocket launchers on Thursday nights I hate niggas.,0.5048912022658801,0.2268153168406869,0.0171201182027084,0.2511733626907243,aae,True,False,True,35.0,man,{},-0.5,white,1,2,3,2,2.5,0,liberal
85439177,3900,This nigga wanna shoot rocket launchers on Thursday nights I hate niggas.,0.5048912022658801,0.2268153168406869,0.0171201182027084,0.2511733626907243,aae,True,False,True,25.0,man,{},-1.0,white,1,1,1,2,1.5,0,liberal
6690712,2982,It took me an hour to get past a stupid fucking barrel-breaking segment at the start of the world but then beat the boss 1st try,0.145620793536141,0.249808601404609,0.0062769721622775,0.5982936328969725,white,True,False,False,40.0,woman,{},-0.5,white,1,1,2,1,1.5,0,liberal
11496683,2982,It took me an hour to get past a stupid fucking barrel-breaking segment at the start of the world but then beat the boss 1st try,0.145620793536141,0.249808601404609,0.0062769721622775,0.5982936328969725,white,True,False,False,45.0,woman,{},-0.5,white,1,1,1,1,1.0,0,liberal
13486996,3244,"""""""Wya"""" """"I'm not tellin you"""" """"Well Wyd?"""" """"Giving a homeless man a dollar"""" """"Oh yeah you're on college"""":joy::joy::joy:""",0.3861892817475566,0.1016974755375283,0.3546867936399209,0.1574264490749942,aae,False,False,True,35.0,woman,{},-0.5,white,3,1,2,2,2.0,0,liberal
11496683,3244,"""""""Wya"""" """"I'm not tellin you"""" """"Well Wyd?"""" """"Giving a homeless man a dollar"""" """"Oh yeah you're on college"""":joy::joy::joy:""",0.3861892817475566,0.1016974755375283,0.3546867936399209,0.1574264490749942,aae,False,False,True,45.0,woman,{},-0.5,white,4,1,5,4,4.5,1,liberal
6690712,3799,I really hate it wen people trying to get on my nerves like wtf bitch are you looking for,0.4464146738441225,0.3442177832244519,0.0004624864604479,0.2089050564709776,aae,True,False,True,40.0,woman,{},-0.5,white,1,1,1,1,1.0,0,liberal
72105794,3799,I really hate it wen people trying to get on my nerves like wtf bitch are you looking for,0.4464146738441225,0.3442177832244519,0.0004624864604479,0.2089050564709776,aae,True,False,True,35.0,man,{},-0.5,white,1,1,2,1,1.5,0,liberal
77369868,1552,"The common denominator here is the British empire, who colonized most of the earth and sent white Presbyterian men to America who bought and sold black slaves from Africa which for centuries fed racism into the minds of people right up to present day. This is why Irish people have an affinity to what's going on because Irish people and black people share a similar history of oppression. But the difference is, the blacks deserved it.",0.0561299445983652,0.1178730480820738,0.0182095051546615,0.8077875021648994,white,False,True,False,45.0,woman,none,0.0,white,4,4,4,4,4.0,1,neutral
13486996,1552,"The common denominator here is the British empire, who colonized most of the earth and sent white Presbyterian men to America who bought and sold black slaves from Africa which for centuries fed racism into the minds of people right up to present day. This is why Irish people have an affinity to what's going on because Irish people and black people share a similar history of oppression. But the difference is, the blacks deserved it.",0.0561299445983652,0.1178730480820738,0.0182095051546615,0.8077875021648994,white,False,True,False,35.0,woman,{},-0.5,white,5,5,5,5,5.0,1,liberal
13486996,1874,Whether or not it's ok to say Nigger depends on your skin color. I'm white so its fine to call them that,0.2973531661192788,0.390349216206822,0.0098988360701099,0.3023987816037891,hispanic,True,True,False,35.0,woman,{},-0.5,white,5,5,5,5,5.0,1,liberal
48349576,1874,Whether or not it's ok to say Nigger depends on your skin color. I'm white so its fine to call them that,0.2973531661192788,0.390349216206822,0.0098988360701099,0.3023987816037891,hispanic,True,True,False,35.0,woman,{},-0.5,white,3,5,5,5,5.0,1,liberal
13486996,4051,You seasonal ... part time .. you'll get fucked up .. fucking with mines ... LIL BITCH :triumph::face_with_thermometer::woman_bowing_medium_skin_tone::rolling_on_the_floor_laughing::crossed_fingers_medium_skin_tone:,0.6157506848426442,0.2079730275031497,0.0146609312001533,0.1616153564540527,aae,True,False,True,35.0,woman,{},-0.5,white,5,2,5,5,5.0,1,liberal
29399204,4051,You seasonal ... part time .. you'll get fucked up .. fucking with mines ... LIL BITCH :triumph::face_with_thermometer::woman_bowing_medium_skin_tone::rolling_on_the_floor_laughing::crossed_fingers_medium_skin_tone:,0.6157506848426442,0.2079730275031497,0.0146609312001533,0.1616153564540527,aae,True,False,True,40.0,man,{},-0.5,white,5,1,4,4,4.0,1,liberal
24607076,2176,Yo some niggas coming out of jail tomorrow and im stoked to beat their ass,0.5631635574798418,0.1720297913505837,0.0132279582595599,0.2515786929100144,aae,True,True,True,40.0,woman,race,0.0,white,3,2,2,2,2.0,0,neutral
35280071,2176,Yo some niggas coming out of jail tomorrow and im stoked to beat their ass,0.5631635574798418,0.1720297913505837,0.0132279582595599,0.2515786929100144,aae,True,True,True,35.0,woman,{},0.0,white,5,5,5,5,5.0,1,neutral
6690712,3586,If ANYBODY EVERRRRR CAME TO MY HOUSE RATHER THEY TRYNA FIGHT OR NOT IF YOU COME ON MY DOOR STEP IM BEATING YO ASS PERIOD .,0.563579546580032,0.2461162646343915,0.0045913678358507,0.1857128209497255,aae,True,False,True,40.0,woman,{},-0.5,white,2,1,2,3,2.5,0,liberal
32677126,3586,If ANYBODY EVERRRRR CAME TO MY HOUSE RATHER THEY TRYNA FIGHT OR NOT IF YOU COME ON MY DOOR STEP IM BEATING YO ASS PERIOD .,0.563579546580032,0.2461162646343915,0.0045913678358507,0.1857128209497255,aae,True,False,True,35.0,man,Veteran,-1.0,white,3,1,3,2,2.5,0,liberal
71913780,279,I am a nigger,0.2269016324141131,0.3829821427473167,0.0683848872829596,0.3217313375556104,hispanic,True,False,False,45.0,woman,{},-0.5,white,3,4,3,2,2.5,0,liberal
85439177,279,I am a nigger,0.2269016324141131,0.3829821427473167,0.0683848872829596,0.3217313375556104,hispanic,True,False,False,25.0,man,{},-1.0,white,5,5,5,5,5.0,1,liberal
71913780,3522,"I'm a thumbs up, pissed off when you (of all over my time where Rocky stepped right type of what they full of heat seekers",0.4002034101608759,0.2248294951401215,0.026145101139175,0.3488219935598274,aae,False,False,True,45.0,woman,{},-0.5,white,1,1,1,1,1.0,0,liberal
1226439,3396,I cant stand that Jamie all through this not 1 person has mentioned the bird hes with get ova it leave @dan_edgar1 alone. Ur ex bird cheated,0.3869427557282501,0.2881409422049943,0.0126677269831295,0.3122485750836259,aae,False,False,True,30.0,nonBinary,{},-1.0,white,2,1,2,2,2.0,0,liberal
26767527,3396,I cant stand that Jamie all through this not 1 person has mentioned the bird hes with get ova it leave @dan_edgar1 alone. Ur ex bird cheated,0.3869427557282501,0.2881409422049943,0.0126677269831295,0.3122485750836259,aae,False,False,True,50.0,man,none,-0.5,white,2,1,2,2,2.0,0,liberal
26767527,3504,If you STILL living with Yo mama I will not argue with you go too yo room better yet go catch a couch before I hurt ya feelings you a CHILD,0.5159834717549305,0.2113028101445355,0.0107897494753858,0.261923968625148,aae,False,False,True,50.0,man,none,-0.5,white,4,1,2,3,2.5,0,liberal
36059045,3504,If you STILL living with Yo mama I will not argue with you go too yo room better yet go catch a couch before I hurt ya feelings you a CHILD,0.5159834717549305,0.2113028101445355,0.0107897494753858,0.261923968625148,aae,False,False,True,25.0,woman,{},-1.0,white,3,1,3,2,2.5,0,liberal
1226439,3395,I just try to be nice to people and share my positive spirit but some mfs gon start seeing my mean side & it's a whole diff story:neutral_face:,0.3996192980851087,0.268394940068315,0.0020774617851853,0.3299083000613909,aae,False,False,True,30.0,nonBinary,{},-1.0,white,2,1,2,2,2.0,0,liberal
79140081,3276,All I see down my time line on Facebook errday is perks! And it's even hella hypes 2day down my time line smh lookin fa perks,0.4874032889352914,0.2792535463685212,0.0118534528446784,0.2214897118515089,aae,False,False,True,30.0,woman,{},-1.0,white,2,1,1,1,1.0,0,liberal
31138333,3276,All I see down my time line on Facebook errday is perks! And it's even hella hypes 2day down my time line smh lookin fa perks,0.4874032889352914,0.2792535463685212,0.0118534528446784,0.2214897118515089,aae,False,False,True,30.0,man,{},-1.0,white,1,1,1,1,1.0,0,liberal
26767527,3380,"{@ClonedDeviant} « probably would have done the same for Darrien if he /had/ a grave, but that wasn't what was bothering her so »",0.4104127223188308,0.2480359277792623,0.091208757118812,0.2503425927830948,aae,False,False,True,50.0,man,none,-0.5,white,1,1,1,1,1.0,0,liberal
26767527,3295,Real men go to the nail salon w their girlfriends just to keep company :slightly_smiling_face: @Scruzzerrrr #raybelaintreal,0.3803653080937795,0.2529363785925741,0.0316971319789509,0.3350011813346954,aae,False,False,True,50.0,man,none,-0.5,white,1,1,1,1,1.0,0,liberal
31138333,3295,Real men go to the nail salon w their girlfriends just to keep company :slightly_smiling_face: @Scruzzerrrr #raybelaintreal,0.3803653080937795,0.2529363785925741,0.0316971319789509,0.3350011813346954,aae,False,False,True,30.0,man,{},-1.0,white,1,1,1,1,1.0,0,liberal
71913780,3517,Idk why ppl think I am fuckwitable but...I'm not lol it's tew bad.,0.4391997317323063,0.3368919870635384,0.0090133351000699,0.2148949461040851,aae,False,False,True,45.0,woman,{},-0.5,white,3,1,3,2,2.5,0,liberal
95971160,3517,Idk why ppl think I am fuckwitable but...I'm not lol it's tew bad.,0.4391997317323063,0.3368919870635384,0.0090133351000699,0.2148949461040851,aae,False,False,True,25.0,man,{},-0.5,white,2,1,2,2,2.0,0,liberal
52431532,3649,Called my mom cause I fucked my gravy on my chicken fried steak and I needed her advice to help me fix it...,0.4233398044784333,0.2762507376522695,0.0040517642969948,0.2963576935723022,aae,True,False,True,30.0,man,{},0.0,white,1,1,1,1,1.0,0,neutral
15040445,3649,Called my mom cause I fucked my gravy on my chicken fried steak and I needed her advice to help me fix it...,0.4233398044784333,0.2762507376522695,0.0040517642969948,0.2963576935723022,aae,True,False,True,40.0,woman,bisexual,-0.5,white,1,1,1,1,1.0,0,liberal
34083197,3505,I'm about to turn my read receipts back on. Mfs keep hollin I know you got my text. Yep & I'm going to let you know I did :relaxed:,0.48708475900372,0.2216685731985578,0.0092134704610785,0.2820331973366434,aae,False,False,True,30.0,man,{},-0.5,white,2,1,1,2,1.5,0,liberal
31138333,3505,I'm about to turn my read receipts back on. Mfs keep hollin I know you got my text. Yep & I'm going to let you know I did :relaxed:,0.48708475900372,0.2216685731985578,0.0092134704610785,0.2820331973366434,aae,False,False,True,30.0,man,{},-1.0,white,4,1,3,2,2.5,0,liberal
34083197,3430,Stg if any of my friends said some hurtful shit to me about my personal life 1) we not friends anymore & 2) you getting smacked,0.4148992785114149,0.2351957471038013,0.0617299524998223,0.2881750218849613,aae,True,False,True,30.0,man,{},-0.5,white,2,1,2,2,2.0,0,liberal
40260159,3430,Stg if any of my friends said some hurtful shit to me about my personal life 1) we not friends anymore & 2) you getting smacked,0.4148992785114149,0.2351957471038013,0.0617299524998223,0.2881750218849613,aae,True,False,True,30.0,man,{},-1.0,white,3,1,3,2,2.5,0,liberal
40260159,3534,"That Ben & Jerry money ain't going to black communities, black schools, black centers, black churches, black Nonprofits lol",0.5340853787059551,0.1350479253612253,0.1809330716511594,0.14993362428166,aae,False,False,True,30.0,man,{},-1.0,white,1,3,1,1,1.0,0,liberal
26767527,3534,"That Ben & Jerry money ain't going to black communities, black schools, black centers, black churches, black Nonprofits lol",0.5340853787059551,0.1350479253612253,0.1809330716511594,0.14993362428166,aae,False,False,True,50.0,man,none,-0.5,white,1,1,2,2,2.0,0,liberal
34083197,3540,Dnt yhu hate it wen youz babe go to sleep on yhu without lettin uk cx ik tht piss mhe tf off:rage::rage::rage::pensive::pensive:,0.7351341205497529,0.1785142129544253,0.0128112949515696,0.0735403715442519,aae,False,False,True,30.0,man,{},-0.5,white,1,1,1,1,1.0,0,liberal
15040445,3359,boy i've never been in a fight before but i fr just wanted to start one w some hartshorne kids at subway,0.3949098067123059,0.2569607409392223,0.0106248645844129,0.3375045877640589,aae,False,False,True,40.0,woman,bisexual,-0.5,white,4,1,3,1,2.0,0,liberal
34083197,3300,"Surely they to themselves are foes, who 'gainst My Words Rebel: And they who My Instructions hate, Do Count The Road To Hell. Selah..._",0.3700959368510465,0.2436832221257389,0.0618871909910204,0.3243336500321941,aae,False,False,True,30.0,man,{},-0.5,white,1,1,1,1,1.0,0,liberal
95971160,3300,"Surely they to themselves are foes, who 'gainst My Words Rebel: And they who My Instructions hate, Do Count The Road To Hell. Selah..._",0.3700959368510465,0.2436832221257389,0.0618871909910204,0.3243336500321941,aae,False,False,True,25.0,man,{},-0.5,white,4,1,4,4,4.0,1,liberal
15040445,3693,This uniform can come off and y'all can get fucked up.,0.4693508988763565,0.2545168646777196,0.0046287339881299,0.2715035024577938,aae,True,False,True,40.0,woman,bisexual,-0.5,white,1,1,1,1,1.0,0,liberal
15040445,3254,ain't no problem in cutting ppl off. save that space for somebody who'll benefit from u and vice versa,0.6824664313485334,0.1242198153949451,0.0209382584617723,0.1723754947947491,aae,False,False,True,40.0,woman,bisexual,-0.5,white,1,1,1,1,1.0,0,liberal
95971160,3254,ain't no problem in cutting ppl off. save that space for somebody who'll benefit from u and vice versa,0.6824664313485334,0.1242198153949451,0.0209382584617723,0.1723754947947491,aae,False,False,True,25.0,man,{},-0.5,white,4,1,4,4,4.0,1,liberal
71913780,3284,"'We ll have two diff ways after about 2 yrs'-she whispered. Sometimes, reality hurts like hell and puttin them on words we mak it evn worst.",0.4252652864758211,0.1569354221563584,0.0333039390316489,0.3844953523361715,aae,False,False,True,45.0,woman,{},-0.5,white,1,1,1,1,1.0,0,liberal
34083197,3536,Shut your BLOODCLART mouth not every country a promote gays like di UK dem have a small smutty mind can't cook an everyting bout dem DEAD,0.5399944285915786,0.1121568364183745,0.06055075437591,0.2872979806141368,aae,False,False,True,30.0,man,{},-0.5,white,5,1,5,5,5.0,1,liberal
71913780,3536,Shut your BLOODCLART mouth not every country a promote gays like di UK dem have a small smutty mind can't cook an everyting bout dem DEAD,0.5399944285915786,0.1121568364183745,0.06055075437591,0.2872979806141368,aae,False,False,True,45.0,woman,{},-0.5,white,5,1,5,5,5.0,1,liberal
26767527,3521,"F*ck off Arsene, get out and @Arsenal @PUMA@GatoradeUK @CitroenUK @CooperTire @Europcar @IndesitUK@Vitality_UK #NoNewContract #WengerOut",0.3638871120944953,0.184079008122954,0.2154598447950299,0.2365740349875205,aae,False,False,True,50.0,man,none,-0.5,white,5,1,5,5,5.0,1,liberal
34083197,3385,"""When I go on Maury, I want all my friend me cutting up saying """"Dass right sis, he know he that baby papi, yup,he lying, he know it"""" :joy::joy::joy::woman_shrugging_medium-dark_skin_tone:""",0.5960761655951201,0.2133725189560814,0.1066562600295774,0.0838950554192212,aae,False,False,True,30.0,man,{},-0.5,white,1,1,1,1,1.0,0,liberal
7942319,3385,"""When I go on Maury, I want all my friend me cutting up saying """"Dass right sis, he know he that baby papi, yup,he lying, he know it"""" :joy::joy::joy::woman_shrugging_medium-dark_skin_tone:""",0.5960761655951201,0.2133725189560814,0.1066562600295774,0.0838950554192212,aae,False,False,True,30.0,woman,{},0.5,white,1,1,1,1,1.0,0,conservative
52431532,3481,Y THESE BITCHES ACTIN LIKE I AINT NEVA BREEZE PAST EM!!!!,0.7800198196264161,0.0804372708824511,0.0805270578522702,0.0590158516388625,aae,True,False,True,30.0,man,{},0.0,white,1,1,2,2,2.0,0,neutral
26767527,3481,Y THESE BITCHES ACTIN LIKE I AINT NEVA BREEZE PAST EM!!!!,0.7800198196264161,0.0804372708824511,0.0805270578522702,0.0590158516388625,aae,True,False,True,50.0,man,none,-0.5,white,3,1,3,2,2.5,0,liberal
95971160,3294,"No sleep, no rest, so I'm feeling like I ain't blessed. It's true I got more than most but I'm caged up like the rest",0.3390011084289957,0.3089462864580206,0.0166178314564426,0.3354347736565409,aae,False,False,True,25.0,man,{},-0.5,white,2,1,2,2,2.0,0,liberal
26767527,3294,"No sleep, no rest, so I'm feeling like I ain't blessed. It's true I got more than most but I'm caged up like the rest",0.3390011084289957,0.3089462864580206,0.0166178314564426,0.3354347736565409,aae,False,False,True,50.0,man,none,-0.5,white,1,1,1,1,1.0,0,liberal
91232148,3665,when people discuss death note with me they try to discuss how much they love L and I'm like oh gosh no im fucking with Light hunni,0.3474180003308232,0.2739537691790773,0.0332607531293358,0.3453674773607635,aae,True,False,True,40.0,man,{},-1.0,white,1,1,1,1,1.0,0,liberal
79140081,3665,when people discuss death note with me they try to discuss how much they love L and I'm like oh gosh no im fucking with Light hunni,0.3474180003308232,0.2739537691790773,0.0332607531293358,0.3453674773607635,aae,True,False,True,30.0,woman,{},-1.0,white,2,1,2,2,2.0,0,liberal
34083197,3676,Man say @MilaJ just fucked my head up with this #mixtape :princess_medium-dark_skin_tone: stop sleeping on ma,0.6146001702444963,0.2180002410941863,0.0139175199953631,0.1534820686659542,aae,True,False,True,30.0,man,{},-0.5,white,1,1,1,1,1.0,0,liberal
71913780,3676,Man say @MilaJ just fucked my head up with this #mixtape :princess_medium-dark_skin_tone: stop sleeping on ma,0.6146001702444963,0.2180002410941863,0.0139175199953631,0.1534820686659542,aae,True,False,True,45.0,woman,{},-0.5,white,1,1,2,1,1.5,0,liberal
52431532,3239,"""Hey Daytin you know what the old saying is """"if you don't beat it join it"""" congrats on hiring a VCU insider @DavidPJablonski""",0.3543060329982877,0.1942901676546506,0.1518780302031026,0.2995257691439591,aae,False,False,True,30.0,man,{},0.0,white,1,1,1,1,1.0,0,neutral
71913780,3239,"""Hey Daytin you know what the old saying is """"if you don't beat it join it"""" congrats on hiring a VCU insider @DavidPJablonski""",0.3543060329982877,0.1942901676546506,0.1518780302031026,0.2995257691439591,aae,False,False,True,45.0,woman,{},-0.5,white,1,1,1,1,1.0,0,liberal
34083197,3765,"All I look for in a man is to make me laugh, b loyal, get that $, smoke with me and make me cum. It's so simple.",0.4244891668509146,0.2960308130034144,0.0294804822828879,0.249999537862783,aae,True,False,True,30.0,man,{},-0.5,white,1,1,1,1,1.0,0,liberal
95971160,3765,"All I look for in a man is to make me laugh, b loyal, get that $, smoke with me and make me cum. It's so simple.",0.4244891668509146,0.2960308130034144,0.0294804822828879,0.249999537862783,aae,True,False,True,25.0,man,{},-0.5,white,2,1,2,2,2.0,0,liberal
47060862,3545,Kevin hart was stupid as hell in think like a man 1,0.4219733657289609,0.2596774499250363,0.0540703076356493,0.2642788767103536,aae,False,False,True,30.0,man,,-0.5,white,4,1,4,4,4.0,1,liberal
95971160,3545,Kevin hart was stupid as hell in think like a man 1,0.4219733657289609,0.2596774499250363,0.0540703076356493,0.2642788767103536,aae,False,False,True,25.0,man,{},-0.5,white,4,2,5,4,4.5,1,liberal
27189963,3562,Sometimes I'll cut a jawn off just for being so damn stupid,0.4205861156664217,0.3045195564136712,0.0042411393954819,0.2706531885244252,aae,False,False,True,35.0,woman,{},-0.5,white,4,1,2,2,2.0,0,liberal
31138333,3562,Sometimes I'll cut a jawn off just for being so damn stupid,0.4205861156664217,0.3045195564136712,0.0042411393954819,0.2706531885244252,aae,False,False,True,30.0,man,{},-1.0,white,5,1,3,2,2.5,0,liberal
71913780,3560,I'm sick of @JoeBudden not answering my damn questions :joy::joy::joy:,0.3939201459668727,0.2945664128689373,0.0185464677651399,0.2929669733990499,aae,False,False,True,45.0,woman,{},-0.5,white,1,1,2,2,2.0,0,liberal
31138333,3560,I'm sick of @JoeBudden not answering my damn questions :joy::joy::joy:,0.3939201459668727,0.2945664128689373,0.0185464677651399,0.2929669733990499,aae,False,False,True,30.0,man,{},-1.0,white,2,1,2,1,1.5,0,liberal
27189963,3389,"trip stop bein a nob, wat r u like, 5 or smth we aint at nursery also say please dnt forget ur manners",0.6054183040803925,0.1222965767323693,0.0702512138323273,0.2020339053549106,aae,False,False,True,35.0,woman,{},-0.5,white,4,1,2,2,2.0,0,liberal
52431532,3389,"trip stop bein a nob, wat r u like, 5 or smth we aint at nursery also say please dnt forget ur manners",0.6054183040803925,0.1222965767323693,0.0702512138323273,0.2020339053549106,aae,False,False,True,30.0,man,{},0.0,white,1,1,2,1,1.5,0,neutral
15040445,3570,if someone trust you and send you nudes.. why expose them like that just because y'all fall out. that's FUCKED up!:100::middle_finger_medium-dark_skin_tone:,0.3958403563990521,0.3623315393852707,0.0084216019916655,0.2334065022240116,aae,True,False,True,40.0,woman,bisexual,-0.5,white,2,1,1,2,1.5,0,liberal
31138333,3570,if someone trust you and send you nudes.. why expose them like that just because y'all fall out. that's FUCKED up!:100::middle_finger_medium-dark_skin_tone:,0.3958403563990521,0.3623315393852707,0.0084216019916655,0.2334065022240116,aae,True,False,True,30.0,man,{},-1.0,white,2,1,2,1,1.5,0,liberal
27189963,3550,No clout. I WONT GIVE A RAT NO FAME I WON'T GIVE A RAT NO CLOUT. Why you throwing stones at houses? Have u got a bullet proof house? Nah,0.5436475175486787,0.2167613249044584,0.0223972911485684,0.2171938663982943,aae,False,False,True,35.0,woman,{},-0.5,white,3,1,2,2,2.0,0,liberal
71913780,3550,No clout. I WONT GIVE A RAT NO FAME I WON'T GIVE A RAT NO CLOUT. Why you throwing stones at houses? Have u got a bullet proof house? Nah,0.5436475175486787,0.2167613249044584,0.0223972911485684,0.2171938663982943,aae,False,False,True,45.0,woman,{},-0.5,white,2,1,3,2,2.5,0,liberal
34083197,3531,Some of y'all lives don't even be bad..y'all jus either ungrateful or just don't know how to put things in perspective,0.4861693146111653,0.2201627007844973,0.0018690737327521,0.2917989108715852,aae,False,False,True,30.0,man,{},-0.5,white,1,1,1,1,1.0,0,liberal
52431532,3533,I hate this damn job. But who gon supply me my Chick Fil A and drumkits if I quit? Not a damn soul. :joy:,0.4549385900739695,0.2686947179375319,0.0096366822626815,0.266730009725817,aae,False,False,True,30.0,man,{},0.0,white,1,1,1,1,1.0,0,neutral
1226439,3533,I hate this damn job. But who gon supply me my Chick Fil A and drumkits if I quit? Not a damn soul. :joy:,0.4549385900739695,0.2686947179375319,0.0096366822626815,0.266730009725817,aae,False,False,True,30.0,nonBinary,{},-1.0,white,1,1,1,1,1.0,0,liberal
34083197,3399,cree gets on my nerves cause she be putting gas in my car but i love her cause she be putting gas in my car lol :sob:,0.4662014931540563,0.3232520110229059,0.0293040677631995,0.1812424280598382,aae,False,False,True,30.0,man,{},-0.5,white,1,1,1,1,1.0,0,liberal
31138333,3399,cree gets on my nerves cause she be putting gas in my car but i love her cause she be putting gas in my car lol :sob:,0.4662014931540563,0.3232520110229059,0.0293040677631995,0.1812424280598382,aae,False,False,True,30.0,man,{},-1.0,white,1,1,1,1,1.0,0,liberal
1226439,3508,done got so mad damn ears done silenced everything around me :rage:,0.4187242456088384,0.2903310393430139,0.0062078726483698,0.2847368423997779,aae,False,False,True,30.0,nonBinary,{},-1.0,white,2,1,2,2,2.0,0,liberal
71913780,3508,done got so mad damn ears done silenced everything around me :rage:,0.4187242456088384,0.2903310393430139,0.0062078726483698,0.2847368423997779,aae,False,False,True,45.0,woman,{},-0.5,white,1,1,1,1,1.0,0,liberal
15040445,3240,i just can't record or take a picture of myself crying :skull: like hell nah . . ion know how you fees do it :woman_shrugging_medium-dark_skin_tone:,0.3485976157893584,0.3226762186219372,0.0133066581714322,0.3154195074172722,aae,False,False,True,40.0,woman,bisexual,-0.5,white,1,1,1,1,1.0,0,liberal
95971160,3240,i just can't record or take a picture of myself crying :skull: like hell nah . . ion know how you fees do it :woman_shrugging_medium-dark_skin_tone:,0.3485976157893584,0.3226762186219372,0.0133066581714322,0.3154195074172722,aae,False,False,True,25.0,man,{},-0.5,white,2,1,2,2,2.0,0,liberal
40260159,3233,He killed me when he said it was over .. Now I'm in the middle of nowhere And got no space to breath,0.3994979728405418,0.2652119915119574,0.0081782234439207,0.3271118122035799,aae,False,False,True,30.0,man,{},-1.0,white,1,1,2,1,1.5,0,liberal
95971160,3233,He killed me when he said it was over .. Now I'm in the middle of nowhere And got no space to breath,0.3994979728405418,0.2652119915119574,0.0081782234439207,0.3271118122035799,aae,False,False,True,25.0,man,{},-0.5,white,3,1,2,2,2.0,0,liberal
15040445,3420,I'm too broke to buy anything angry... Hot heads ain't sexy. Calling names ain't sexy.. How would a queen address problems? Not wit anger,0.5574483530553173,0.2331914863311188,0.01412960521562,0.1952305553979438,aae,True,False,True,40.0,woman,bisexual,-0.5,white,1,1,1,1,1.0,0,liberal
40260159,3420,I'm too broke to buy anything angry... Hot heads ain't sexy. Calling names ain't sexy.. How would a queen address problems? Not wit anger,0.5574483530553173,0.2331914863311188,0.01412960521562,0.1952305553979438,aae,True,False,True,30.0,man,{},-1.0,white,1,1,3,1,2.0,0,liberal
95971160,3468,Bitches get mad when you get the attention they want,0.5421555675573737,0.2808086308306932,0.0001693475241897,0.1768664540877433,aae,True,False,True,25.0,man,{},-0.5,white,3,1,4,3,3.5,1,liberal
26767527,3468,Bitches get mad when you get the attention they want,0.5421555675573737,0.2808086308306932,0.0001693475241897,0.1768664540877433,aae,True,False,True,50.0,man,none,-0.5,white,2,1,2,2,2.0,0,liberal
52431532,3390,:100:@AleFernandezRoa:point_right:follow:point_right:@priscila_doII:100:@przuppo :100:@jet_new:100:@oda_f :100:@oce2005:100:@shoteck:100:@william_1713 :100:@faisal_khan4:100:@patyie66:100:@JHMO23:100:@gkc2073,0.9762323007298906,0.0063847069004933,0.0151182549570825,0.0022647374125334,aae,False,False,True,30.0,man,{},0.0,white,1,1,1,1,1.0,0,neutral
26767527,3390,:100:@AleFernandezRoa:point_right:follow:point_right:@priscila_doII:100:@przuppo :100:@jet_new:100:@oda_f :100:@oce2005:100:@shoteck:100:@william_1713 :100:@faisal_khan4:100:@patyie66:100:@JHMO23:100:@gkc2073,0.9762323007298906,0.0063847069004933,0.0151182549570825,0.0022647374125334,aae,False,False,True,50.0,man,none,-0.5,white,1,1,1,1,1.0,0,liberal
15040445,3502,That's on my whole life with you) Lil mama bust a sexual thing Can u know our time is really precious And u get with you),0.4485546023254173,0.1788725614133538,0.0575877327366098,0.3149851035246192,aae,False,False,True,40.0,woman,bisexual,-0.5,white,1,1,2,2,2.0,0,liberal
7942319,3502,That's on my whole life with you) Lil mama bust a sexual thing Can u know our time is really precious And u get with you),0.4485546023254173,0.1788725614133538,0.0575877327366098,0.3149851035246192,aae,False,False,True,30.0,woman,{},0.5,white,1,1,1,1,1.0,0,conservative
15040445,3345,Thought about putting my phone on dnd but my phone stays dry regardless so:sleeping::joy:gotta babysit in a couple house so goodnight/morning:sunflower:,0.4008666257288995,0.2590378918249487,0.0322669791908624,0.3078285032552893,aae,False,False,True,40.0,woman,bisexual,-0.5,white,1,1,1,1,1.0,0,liberal
26767527,3345,Thought about putting my phone on dnd but my phone stays dry regardless so:sleeping::joy:gotta babysit in a couple house so goodnight/morning:sunflower:,0.4008666257288995,0.2590378918249487,0.0322669791908624,0.3078285032552893,aae,False,False,True,50.0,man,none,-0.5,white,1,1,1,1,1.0,0,liberal
26767527,3473,Let Me Go By My Man Girl ; You Hoes Miserable On God :joy_cat::kissing_heart:,0.5529004582375102,0.2165471315009592,0.0106734926273231,0.2198789176342073,aae,True,False,True,50.0,man,none,-0.5,white,2,1,2,2,2.0,0,liberal
15040445,4066,BITCH I MIGHT BE GOING TO ARIZONA IM FUCKING L I V I N G,0.4057778541579788,0.301533947223393,0.1641806900387495,0.1285075085798785,aae,True,False,True,40.0,woman,bisexual,-0.5,white,1,1,1,1,1.0,0,liberal
26767527,4066,BITCH I MIGHT BE GOING TO ARIZONA IM FUCKING L I V I N G,0.4057778541579788,0.301533947223393,0.1641806900387495,0.1285075085798785,aae,True,False,True,50.0,man,none,-0.5,white,3,1,3,4,3.5,1,liberal
40260159,3625,"And anybody that know me personally know i actually be tryna make this shit work with her,but shit just sad.",0.4027888573821707,0.3073906581402937,0.0049125143320355,0.2849079701454999,aae,True,False,True,30.0,man,{},-1.0,white,1,1,1,1,1.0,0,liberal
31138333,3625,"And anybody that know me personally know i actually be tryna make this shit work with her,but shit just sad.",0.4027888573821707,0.3073906581402937,0.0049125143320355,0.2849079701454999,aae,True,False,True,30.0,man,{},-1.0,white,3,1,2,1,1.5,0,liberal
27189963,3768,A girl that looked like she worth the world to ya is around the corner getting fucked for a perk #Facts,0.4151443648102796,0.200692546215612,0.0144628302159706,0.3697002587581376,aae,True,False,True,35.0,woman,{},-0.5,white,4,1,5,5,5.0,1,liberal
31138333,3768,A girl that looked like she worth the world to ya is around the corner getting fucked for a perk #Facts,0.4151443648102796,0.200692546215612,0.0144628302159706,0.3697002587581376,aae,True,False,True,30.0,man,{},-1.0,white,5,1,5,5,5.0,1,liberal
1226439,4127,lings for a swinger I fucked I refuse to catch feelings for a swinger I fucked BITCH I REPEAT I REFUSE TO CATCH FEELINGS FOR THIS MF SWINGER,0.6507351088047756,0.1297481837571841,0.0134429253869552,0.2060737820510849,aae,True,False,True,30.0,nonBinary,{},-1.0,white,1,1,1,1,1.0,0,liberal
71913780,4127,lings for a swinger I fucked I refuse to catch feelings for a swinger I fucked BITCH I REPEAT I REFUSE TO CATCH FEELINGS FOR THIS MF SWINGER,0.6507351088047756,0.1297481837571841,0.0134429253869552,0.2060737820510849,aae,True,False,True,45.0,woman,{},-0.5,white,4,1,5,4,4.5,1,liberal
26767527,3657,They been doing that for years now. Cheerleading fucked my joints up,0.4394136543722673,0.2419572952712689,0.0045879968116869,0.3140410535447768,aae,True,False,True,50.0,man,none,-0.5,white,2,1,2,3,2.5,0,liberal
31138333,3657,They been doing that for years now. Cheerleading fucked my joints up,0.4394136543722673,0.2419572952712689,0.0045879968116869,0.3140410535447768,aae,True,False,True,30.0,man,{},-1.0,white,1,1,1,1,1.0,0,liberal
1226439,3243,Aint none of them kids really MJ's man show me A true blood Jackson that don't look like all the rest of the Jacksons.it's like 1000 of em,0.5029642837100758,0.1961737839344746,0.011559622872801,0.2893023094826483,aae,False,False,True,30.0,nonBinary,{},-1.0,white,1,1,1,1,1.0,0,liberal
31138333,3243,Aint none of them kids really MJ's man show me A true blood Jackson that don't look like all the rest of the Jacksons.it's like 1000 of em,0.5029642837100758,0.1961737839344746,0.011559622872801,0.2893023094826483,aae,False,False,True,30.0,man,{},-1.0,white,5,1,4,3,3.5,1,liberal
1226439,3559,I hate when people cancel on me. Irks my damn soul.,0.3454439506538679,0.3387823735122762,0.0101589249898274,0.3056147508440283,aae,False,False,True,30.0,nonBinary,{},-1.0,white,1,1,1,1,1.0,0,liberal
26767527,3559,I hate when people cancel on me. Irks my damn soul.,0.3454439506538679,0.3387823735122762,0.0101589249898274,0.3056147508440283,aae,False,False,True,50.0,man,none,-0.5,white,1,1,1,1,1.0,0,liberal
1226439,3225,I was mesmerized by @sammangubat and kuys froilan mash up (say you wont let go & the man who can't be move ) ang galing nun bigayan nila!,0.4649783497096006,0.1772886389012189,0.2072596604655313,0.1504733509236489,aae,False,False,True,30.0,nonBinary,{},-1.0,white,1,1,1,1,1.0,0,liberal
95971160,3225,I was mesmerized by @sammangubat and kuys froilan mash up (say you wont let go & the man who can't be move ) ang galing nun bigayan nila!,0.4649783497096006,0.1772886389012189,0.2072596604655313,0.1504733509236489,aae,False,False,True,25.0,man,{},-0.5,white,1,1,1,1,1.0,0,liberal
71913780,3603,Fuck yesssss... I had this power man 5000 song in my head and it randomly came on!!!,0.3811355780873243,0.2399761001226487,0.0314771354944383,0.3474111862955886,aae,True,False,True,45.0,woman,{},-0.5,white,1,1,1,1,1.0,0,liberal
95971160,3603,Fuck yesssss... I had this power man 5000 song in my head and it randomly came on!!!,0.3811355780873243,0.2399761001226487,0.0314771354944383,0.3474111862955886,aae,True,False,True,25.0,man,{},-0.5,white,1,1,1,1,1.0,0,liberal
71913780,3205,When u put woozi.joshua.vernon&jun together u just can hear they breath.they talk nothing.they too silent ~~ :joy:,0.4236064112023791,0.3406251617101883,0.062359961846929,0.1734084652405035,aae,False,False,True,45.0,woman,{},-0.5,white,1,1,1,1,1.0,0,liberal
95971160,3205,When u put woozi.joshua.vernon&jun together u just can hear they breath.they talk nothing.they too silent ~~ :joy:,0.4236064112023791,0.3406251617101883,0.062359961846929,0.1734084652405035,aae,False,False,True,25.0,man,{},-0.5,white,2,2,2,2,2.0,0,liberal
52431532,3563,"""I learned the """"bald head scaly wag..ain't got no hair in the back"""" chant from a group of black women..... this is just a fact.""",0.4170355280624217,0.1080719027826127,0.1891195500087214,0.285773019146244,aae,False,False,True,30.0,man,{},0.0,white,1,1,1,1,1.0,0,neutral
15040445,3563,"""I learned the """"bald head scaly wag..ain't got no hair in the back"""" chant from a group of black women..... this is just a fact.""",0.4170355280624217,0.1080719027826127,0.1891195500087214,0.285773019146244,aae,False,False,True,40.0,woman,bisexual,-0.5,white,3,3,2,2,2.0,0,liberal
71913780,3541,doesnt matter if straights r oppressed or not sayin u hate all of them even if you dont mean it is as bad as homophobes sayin they hate gays,0.3639027404000634,0.2934039359606999,0.0218306570566161,0.3208626665826206,aae,False,False,True,45.0,woman,{},-0.5,white,1,1,2,2,2.0,0,liberal
40260159,3321,SOMEBODY SET ME FREEEE @TheTideAustin @TheTideDrew @TheTideNate @TheTide @TheTideLevi #PutTheCuffsOnMe,0.644201931075259,0.1424049785619801,0.0218389694525681,0.1915541209101926,aae,False,False,True,30.0,man,{},-1.0,white,1,1,1,1,1.0,0,liberal
26767527,3321,SOMEBODY SET ME FREEEE @TheTideAustin @TheTideDrew @TheTideNate @TheTide @TheTideLevi #PutTheCuffsOnMe,0.644201931075259,0.1424049785619801,0.0218389694525681,0.1915541209101926,aae,False,False,True,50.0,man,none,-0.5,white,1,1,1,1,1.0,0,liberal
95971160,3567,"MJ: B*tch, better have my money. James: Wait, what??? Not Nadine, @mjfelipe :victory_hand_light_skin_tone::victory_hand_light_skin_tone::joy::joy::joy: #JaDineFearlessNotCareless",0.3181222376290007,0.1963679395246176,0.2995225154849185,0.1859873073614631,aae,False,False,True,25.0,man,{},-0.5,white,2,1,4,3,3.5,1,liberal
31138333,3567,"MJ: B*tch, better have my money. James: Wait, what??? Not Nadine, @mjfelipe :victory_hand_light_skin_tone::victory_hand_light_skin_tone::joy::joy::joy: #JaDineFearlessNotCareless",0.3181222376290007,0.1963679395246176,0.2995225154849185,0.1859873073614631,aae,False,False,True,30.0,man,{},-1.0,white,3,1,3,2,2.5,0,liberal
34083197,3305,Yes ashanti's old music was just played on radio stations! But we still want new music from Ashanti @Love_5hack,0.3575489201321575,0.2915197780343075,0.0170605551307299,0.333870746702805,aae,False,False,True,30.0,man,{},-0.5,white,1,1,1,1,1.0,0,liberal
26767527,3305,Yes ashanti's old music was just played on radio stations! But we still want new music from Ashanti @Love_5hack,0.3575489201321575,0.2915197780343075,0.0170605551307299,0.333870746702805,aae,False,False,True,50.0,man,none,-0.5,white,1,1,1,1,1.0,0,liberal
34083197,3735,this shit terrible. but god got me so i'm never worried.,0.4221884871706974,0.2187397841071112,0.0098637930490784,0.3492079356731131,aae,True,False,True,30.0,man,{},-0.5,white,1,1,1,1,1.0,0,liberal
15040445,3735,this shit terrible. but god got me so i'm never worried.,0.4221884871706974,0.2187397841071112,0.0098637930490784,0.3492079356731131,aae,True,False,True,40.0,woman,bisexual,-0.5,white,1,1,1,1,1.0,0,liberal
65222644,3492,"Wasniak was doing Donnie, his wife, and Julia I mean damn. He was just crying over his wife leaving wtf",0.3407334496752474,0.3118930715341436,0.0254923230575311,0.3218811557330779,aae,False,False,True,30.0,man,{},-1.0,white,4,1,4,4,4.0,1,liberal
31138333,3492,"Wasniak was doing Donnie, his wife, and Julia I mean damn. He was just crying over his wife leaving wtf",0.3407334496752474,0.3118930715341436,0.0254923230575311,0.3218811557330779,aae,False,False,True,30.0,man,{},-1.0,white,2,1,2,2,2.0,0,liberal
52431532,3261,Follow Marvelous People @2girls1pupshow @DebbieCyber @monicahotts @Jkburke21Jim @LAKingsfan2016 @ScottClendaniel @JimmysPlaceBar RT,0.0,0.0,0.0,0.0,aae,False,False,True,30.0,man,{},0.0,white,1,1,1,1,1.0,0,neutral
15040445,3261,Follow Marvelous People @2girls1pupshow @DebbieCyber @monicahotts @Jkburke21Jim @LAKingsfan2016 @ScottClendaniel @JimmysPlaceBar RT,0.0,0.0,0.0,0.0,aae,False,False,True,40.0,woman,bisexual,-0.5,white,1,1,1,1,1.0,0,liberal
71913780,3255,RUN FAST FRENCH ROYAL CONSPIRACY RAT U DID NOT PAY HACK THE HEAD OFF INTL POLICE AGENT K --- @BarackObama,0.3267576790905661,0.1214609917148384,0.2848101205787083,0.2669712086158872,aae,False,False,True,45.0,woman,{},-0.5,white,4,1,4,3,3.5,1,liberal
95971160,3255,RUN FAST FRENCH ROYAL CONSPIRACY RAT U DID NOT PAY HACK THE HEAD OFF INTL POLICE AGENT K --- @BarackObama,0.3267576790905661,0.1214609917148384,0.2848101205787083,0.2669712086158872,aae,False,False,True,25.0,man,{},-0.5,white,4,3,5,4,4.5,1,liberal
15040445,3296,I love my fam!! @Chocolatexo_ @yungboijizz @Chris2_3Black @KELLIS926 @SweetPea1005 @CRSLYRC @TreTriggaJ,0.4418127827670514,0.3099043066353298,0.0420251009673681,0.2062578096302506,aae,False,False,True,40.0,woman,bisexual,-0.5,white,1,1,1,1,1.0,0,liberal
95971160,3296,I love my fam!! @Chocolatexo_ @yungboijizz @Chris2_3Black @KELLIS926 @SweetPea1005 @CRSLYRC @TreTriggaJ,0.4418127827670514,0.3099043066353298,0.0420251009673681,0.2062578096302506,aae,False,False,True,25.0,man,{},-0.5,white,1,1,1,1,1.0,0,liberal
71913780,4005,"YOU LIL STUPID ASS BITCH, I AIN'T FUCKIN WIT YOU! Sorry y'all. I needed that.",0.6469810418897928,0.2202493603190552,0.012500020529171,0.1202695772619811,aae,True,False,True,45.0,woman,{},-0.5,white,3,1,5,4,4.5,1,liberal
27189963,3574,"FUCK Y'ALL, GOD DAMN AND CURSE Y'ALL, DIE AND GO TO HELL!!!!!!!!!!!!!!!!!!!!!",0.6397931257014511,0.1736222389671236,0.0266851431153896,0.1598994922160355,aae,True,False,True,35.0,woman,{},-0.5,white,5,1,5,5,5.0,1,liberal
71913780,3574,"FUCK Y'ALL, GOD DAMN AND CURSE Y'ALL, DIE AND GO TO HELL!!!!!!!!!!!!!!!!!!!!!",0.6397931257014511,0.1736222389671236,0.0266851431153896,0.1598994922160355,aae,True,False,True,45.0,woman,{},-0.5,white,5,1,5,5,5.0,1,liberal
52431532,3645,"Shorty Fucked My Friend, But I Like I Ain't Know - @2chainz voice #MoneyMadeMeDoIt x @PostMalone",0.4813393093183084,0.3152718492966633,0.081979505664284,0.1214093357207442,aae,True,False,True,30.0,man,{},0.0,white,1,1,2,1,1.5,0,neutral
26767527,3645,"Shorty Fucked My Friend, But I Like I Ain't Know - @2chainz voice #MoneyMadeMeDoIt x @PostMalone",0.4813393093183084,0.3152718492966633,0.081979505664284,0.1214093357207442,aae,True,False,True,50.0,man,none,-0.5,white,3,1,3,4,3.5,1,liberal
27189963,3514,Damn Last Day Here In Mississippi. Had A Good Time Visiting My Momma.. Will B Back Down Soon He'll Maybe Even Move Down Dis Bih Frfr,0.6605950635300891,0.1246634845812823,0.0074902852870613,0.2072511666015672,aae,False,False,True,35.0,woman,{},-0.5,white,1,1,1,1,1.0,0,liberal
95971160,3514,Damn Last Day Here In Mississippi. Had A Good Time Visiting My Momma.. Will B Back Down Soon He'll Maybe Even Move Down Dis Bih Frfr,0.6605950635300891,0.1246634845812823,0.0074902852870613,0.2072511666015672,aae,False,False,True,25.0,man,{},-0.5,white,2,1,1,1,1.0,0,liberal
15040445,3757,WHO FUCKING WITH ME TONIGHT & TOMORROW!?!!! BIRTHDAY IS HERE LIL' BX!:stuck_out_tongue_closed_eyes::stuck_out_tongue_closed_eyes::stuck_out_tongue_closed_eyes::stuck_out_tongue_closed_eyes::stuck_out_tongue_closed_eyes:,0.4991827187266932,0.2780939784813338,0.0529422264329031,0.1697810763590699,aae,True,False,True,40.0,woman,bisexual,-0.5,white,1,1,1,1,1.0,0,liberal
2144944,3757,WHO FUCKING WITH ME TONIGHT & TOMORROW!?!!! BIRTHDAY IS HERE LIL' BX!:stuck_out_tongue_closed_eyes::stuck_out_tongue_closed_eyes::stuck_out_tongue_closed_eyes::stuck_out_tongue_closed_eyes::stuck_out_tongue_closed_eyes:,0.4991827187266932,0.2780939784813338,0.0529422264329031,0.1697810763590699,aae,True,False,True,40.0,woman,{},-1.0,white,1,1,2,1,1.5,0,liberal
27189963,1938,"That low IQ niggur, instant punishment, it makes me happy to see him down and fucked up",0.290488198336496,0.2455584025024874,0.0304859168697966,0.4334674822912198,white,True,True,False,35.0,woman,{},-0.5,white,5,5,5,5,5.0,1,liberal
52431532,1938,"That low IQ niggur, instant punishment, it makes me happy to see him down and fucked up",0.290488198336496,0.2455584025024874,0.0304859168697966,0.4334674822912198,white,True,True,False,30.0,man,{},0.0,white,5,5,5,5,5.0,1,neutral
1226439,2094,Our economy is in the fucking dark and all black people care about is black lives matter,0.1057868478477008,0.2430601656365623,0.0123686667550513,0.6387843197606854,white,True,True,False,30.0,nonBinary,{},-1.0,white,5,5,5,5,5.0,1,liberal
15040445,2094,Our economy is in the fucking dark and all black people care about is black lives matter,0.1057868478477008,0.2430601656365623,0.0123686667550513,0.6387843197606854,white,True,True,False,40.0,woman,bisexual,-0.5,white,5,5,5,5,5.0,1,liberal
71913780,1435,"it must be pretty damning to racially mock people who are the same race as you. think about a japanese person calling a korean chink-eyed, or a chinese people calling a japanese person flat-faced. how fucking retarded would it be? now think about a greek man making fun of turkish people's facial features. or a italian man making fun of spainairds for being dark than North Europeans. how fucked up would it be?",0.067974494635557,0.2125073234424959,0.0265378484342262,0.6929803334877207,white,True,False,False,45.0,woman,{},-0.5,white,2,3,3,2,2.5,0,liberal
95971160,1266,"I think she understands that when sex bots become the norm the female species will be obsolete. ""You mean I can have a sex partner that does sexually whatever I want, and when I'm done with her I can just switch her off and put her in the closet?"" -The Perfect Sex partner. Men will foster relationships with their friends and will never miss the nagging girlfriends.",0.1809460231250179,0.2740749497880933,0.018603384009996,0.5263756430768928,white,True,False,False,25.0,man,{},-0.5,white,4,1,5,4,4.5,1,liberal
31138333,1266,"I think she understands that when sex bots become the norm the female species will be obsolete. ""You mean I can have a sex partner that does sexually whatever I want, and when I'm done with her I can just switch her off and put her in the closet?"" -The Perfect Sex partner. Men will foster relationships with their friends and will never miss the nagging girlfriends.",0.1809460231250179,0.2740749497880933,0.018603384009996,0.5263756430768928,white,True,False,False,30.0,man,{},-1.0,white,5,1,5,5,5.0,1,liberal
71913780,152,my basement is full of those nasty cockroaches,0.172826109477243,0.2661704152271927,0.0097872982498154,0.5512161770457489,white,False,False,False,45.0,woman,{},-0.5,white,1,1,1,1,1.0,0,liberal
26767527,152,my basement is full of those nasty cockroaches,0.172826109477243,0.2661704152271927,0.0097872982498154,0.5512161770457489,white,False,False,False,50.0,man,none,-0.5,white,3,1,1,1,1.0,0,liberal
1226439,2022,Damnnn. All these guys 234 beefing with used to be their mates. This shit is dumb confusing. They need to squash these beefs south Philly ain't that big yo niggahs,0.6634796985652455,0.1243343130844149,0.0196020310636103,0.1925839572867291,aae,True,True,True,30.0,nonBinary,{},-1.0,white,2,1,3,2,2.5,0,liberal
71913780,2022,Damnnn. All these guys 234 beefing with used to be their mates. This shit is dumb confusing. They need to squash these beefs south Philly ain't that big yo niggahs,0.6634796985652455,0.1243343130844149,0.0196020310636103,0.1925839572867291,aae,True,True,True,45.0,woman,{},-0.5,white,3,4,4,3,3.5,1,liberal
27189963,701,"read a post that said: 'If you are convinced that you're a decent woman, really fucking think hard about it. Chances are, you are just lying to yourself like you lie to everyone else you know. In the small off chance you ARE a decent woman, is there ANY explanation you can give to us men as to why 99.999% of you are disgusting retarded sluts? Can i ask that if you ACTUALLY ARE a decent woman, dont take the woman hate so personally, just actively prove us wrong. (And being a stupid mouthy cunt isnt the way to do it helena).' whats wrong with this people?",0.0769767696580641,0.2652186969273949,0.0171928675491326,0.6406116658654082,white,True,False,False,35.0,woman,{},-0.5,white,1,1,5,5,5.0,1,liberal
71913780,701,"read a post that said: 'If you are convinced that you're a decent woman, really fucking think hard about it. Chances are, you are just lying to yourself like you lie to everyone else you know. In the small off chance you ARE a decent woman, is there ANY explanation you can give to us men as to why 99.999% of you are disgusting retarded sluts? Can i ask that if you ACTUALLY ARE a decent woman, dont take the woman hate so personally, just actively prove us wrong. (And being a stupid mouthy cunt isnt the way to do it helena).' whats wrong with this people?",0.0769767696580641,0.2652186969273949,0.0171928675491326,0.6406116658654082,white,True,False,False,45.0,woman,{},-0.5,white,2,1,4,4,4.0,1,liberal
34083197,1555,"unlike me, my neighbour is dual heritage so we have nothing in common",0.1377390920247423,0.2275955974700812,0.0581239181705975,0.5765413923345789,white,False,True,False,30.0,man,{},-0.5,white,4,4,4,4,4.0,1,liberal
71913780,1555,"unlike me, my neighbour is dual heritage so we have nothing in common",0.1377390920247423,0.2275955974700812,0.0581239181705975,0.5765413923345789,white,False,True,False,45.0,woman,{},-0.5,white,1,1,2,1,1.5,0,liberal
1226439,1612,The Blacks have been given every chance and put in every different scenario and they still can't survive on their own. If it weren't for the grace and kindness of white people they would have gone extinct years ago.,0.1185261355764166,0.1217445333303219,0.0071326985744771,0.7525966325187843,white,False,True,False,30.0,nonBinary,{},-1.0,white,5,5,5,5,5.0,1,liberal
71913780,1612,The Blacks have been given every chance and put in every different scenario and they still can't survive on their own. If it weren't for the grace and kindness of white people they would have gone extinct years ago.,0.1185261355764166,0.1217445333303219,0.0071326985744771,0.7525966325187843,white,False,True,False,45.0,woman,{},-0.5,white,4,5,5,5,5.0,1,liberal
15040445,756,Troons are worse than animals,0.0472011262257588,0.2364199341780481,0.0032836080858743,0.7130953315103188,white,False,False,False,40.0,woman,bisexual,-0.5,white,5,1,5,5,5.0,1,liberal
71913780,1657,"I can't abide the TV news to begin with, talking heads spouting untrue inanities at me. I stopped watching TV a long time ago. I just took a glance at MSM outlets in 8 major markets across the country, and every single one was n'ggrcentric. Since when is it news that a one of their famblys had a burrfday potty? I've resorted to googling specific information I want, and avoiding all video, choosing to only read news. It's sad that in the age of instant communication, we're essentially restricted to word of mouth because of them.",0.0415443420715448,0.1199846743013831,0.0217104173953095,0.8167605662317625,white,False,True,False,45.0,woman,{},-0.5,white,1,1,1,1,1.0,0,liberal
26767527,1657,"I can't abide the TV news to begin with, talking heads spouting untrue inanities at me. I stopped watching TV a long time ago. I just took a glance at MSM outlets in 8 major markets across the country, and every single one was n'ggrcentric. Since when is it news that a one of their famblys had a burrfday potty? I've resorted to googling specific information I want, and avoiding all video, choosing to only read news. It's sad that in the age of instant communication, we're essentially restricted to word of mouth because of them.",0.0415443420715448,0.1199846743013831,0.0217104173953095,0.8167605662317625,white,False,True,False,50.0,man,none,-0.5,white,5,5,5,5,5.0,1,liberal
15040445,1748,To endorse the death penalty is to endorse the rightful killing of those thuggish negroes,0.2854607086728775,0.1331644479274309,0.0670467552311686,0.5143280881685229,white,True,True,False,40.0,woman,bisexual,-0.5,white,5,5,5,5,5.0,1,liberal
31138333,1748,To endorse the death penalty is to endorse the rightful killing of those thuggish negroes,0.2854607086728775,0.1331644479274309,0.0670467552311686,0.5143280881685229,white,True,True,False,30.0,man,{},-1.0,white,5,5,5,5,5.0,1,liberal
52431532,1001,"the whole world was in awe at the disabled man with a phd and 3 masters degrees, proving that even if you're a retard you can get a piece of paper if you pay enough tuition",0.0751687535288356,0.1404412133219093,0.0132903146540202,0.771099718495235,white,True,False,False,30.0,man,{},0.0,white,5,1,5,5,5.0,1,neutral
26767527,1001,"the whole world was in awe at the disabled man with a phd and 3 masters degrees, proving that even if you're a retard you can get a piece of paper if you pay enough tuition",0.0751687535288356,0.1404412133219093,0.0132903146540202,0.771099718495235,white,True,False,False,50.0,man,none,-0.5,white,5,1,4,4,4.0,1,liberal
95971160,1195,"mortgage backed securities fucked up the finance industry and lost all of our economies, and guess who first come up with them? Some rando non-white shitlord",0.1423246644944899,0.1692200444827453,0.0471842163574751,0.6412710746652895,white,True,False,False,25.0,man,{},-0.5,white,5,4,5,5,5.0,1,liberal
52431532,665,One of our own fans was calling me a black bastard and a fucking disgrace to the club and saying 'Fuck off back to your country' and 'You're a coon' and the whole lot.,0.1792648515174646,0.2035359980841257,0.0167683187679558,0.6004308316304537,white,True,False,False,30.0,man,{},0.0,white,1,5,5,5,5.0,1,neutral
1226439,665,One of our own fans was calling me a black bastard and a fucking disgrace to the club and saying 'Fuck off back to your country' and 'You're a coon' and the whole lot.,0.1792648515174646,0.2035359980841257,0.0167683187679558,0.6004308316304537,white,True,False,False,30.0,nonBinary,{},-1.0,white,1,1,1,1,1.0,0,liberal
15040445,1636,"This area is very popular with the black community, probably because there are a lot of crack dens",0.0592106741243872,0.1570519703287886,0.0489562006482199,0.7347811548986043,white,False,True,False,40.0,woman,bisexual,-0.5,white,5,5,5,5,5.0,1,liberal
26767527,1636,"This area is very popular with the black community, probably because there are a lot of crack dens",0.0592106741243872,0.1570519703287886,0.0489562006482199,0.7347811548986043,white,False,True,False,50.0,man,none,-0.5,white,4,4,5,5,5.0,1,liberal
34083197,1727,if i am being honest Jordan is also a good contender too bad hes black,0.129462843704204,0.3055514413368371,0.0131905966970234,0.5517951182619355,white,False,True,False,30.0,man,{},-0.5,white,5,5,5,5,5.0,1,liberal
52431532,1727,if i am being honest Jordan is also a good contender too bad hes black,0.129462843704204,0.3055514413368371,0.0131905966970234,0.5517951182619355,white,False,True,False,30.0,man,{},0.0,white,2,5,5,5,5.0,1,neutral
27189963,733,yids are not as honest as the rest of us,0.1549087032867709,0.2363651554995468,0.0004417805623611,0.6082843606513211,white,False,False,False,35.0,woman,{},-0.5,white,5,5,4,4,4.0,1,liberal
15040445,733,yids are not as honest as the rest of us,0.1549087032867709,0.2363651554995468,0.0004417805623611,0.6082843606513211,white,False,False,False,40.0,woman,bisexual,-0.5,white,1,1,1,1,1.0,0,liberal
52431532,172,"When they get married they automatically take ownership and all your money is their money. Even though these people were all""š don't need a partner I make my own money in college. But, if their partners didn't have money they wouldn't be married.",0.2717219457465228,0.2610037375885763,0.0077153279583252,0.4595589887065754,white,False,False,False,30.0,man,{},0.0,white,1,1,2,1,1.5,0,neutral
15040445,1711,if you watch tv you just see top boy and other stuff… youd quickly start thinking that black people are all just gangstas and drug peddlers. There's a reason for that!!,0.1703646244187094,0.2361829218343856,0.0138326589518316,0.5796197947950733,white,False,True,False,40.0,woman,bisexual,-0.5,white,5,5,4,4,4.0,1,liberal
71913780,1711,if you watch tv you just see top boy and other stuff… youd quickly start thinking that black people are all just gangstas and drug peddlers. There's a reason for that!!,0.1703646244187094,0.2361829218343856,0.0138326589518316,0.5796197947950733,white,False,True,False,45.0,woman,{},-0.5,white,1,1,2,1,1.5,0,liberal
99914718,806,And they say all women can't be trusted. Lol TRUE,0.4773598617079731,0.2654179888019983,0.0122154322524719,0.2450067172375565,aae,False,False,True,65.0,woman,"senior citizen, gender identity",-1.0,white,5,1,4,5,4.5,1,liberal
40260159,806,And they say all women can't be trusted. Lol TRUE,0.4773598617079731,0.2654179888019983,0.0122154322524719,0.2450067172375565,aae,False,False,True,30.0,man,{},-1.0,white,4,1,5,5,5.0,1,liberal
52431532,479,"Rick the dick is a complete prick! Whenever he appears or picks up the camera to say somethingI want to hit my head against the wall. Why do the husbands always think they can get involved in the wives channels?! Bore off mate, go to work!",0.1863227115916366,0.2190916054851557,0.0094068886531215,0.5851787942700861,white,True,False,False,30.0,man,{},0.0,white,1,1,1,1,1.0,0,neutral
31138333,479,"Rick the dick is a complete prick! Whenever he appears or picks up the camera to say somethingI want to hit my head against the wall. Why do the husbands always think they can get involved in the wives channels?! Bore off mate, go to work!",0.1863227115916366,0.2190916054851557,0.0094068886531215,0.5851787942700861,white,True,False,False,30.0,man,{},-1.0,white,5,1,5,5,5.0,1,liberal
26767527,2034,"This is pretty fucked up PC shit. We saw them let the black man go, but not the white man, before grabbing the black woman",0.4586311897796642,0.2403211514423149,0.0134442065566391,0.2876034522213817,aae,True,True,True,50.0,man,none,-0.5,white,3,3,3,2,2.5,0,liberal
31138333,2034,"This is pretty fucked up PC shit. We saw them let the black man go, but not the white man, before grabbing the black woman",0.4586311897796642,0.2403211514423149,0.0134442065566391,0.2876034522213817,aae,True,True,True,30.0,man,{},-1.0,white,4,5,5,4,4.5,1,liberal
71913780,1697,"Is it even proven that we looked like big orangutans? They're most closely related to orangutans but the split happened an extremely long time ago, even before the split between gorillas and humans. Obviousy a large dark section of the population never made this split !",0.0424906290643127,0.1458399269526864,0.0179094195290407,0.7937600244539601,white,False,True,False,45.0,woman,{},-0.5,white,4,5,5,4,4.5,1,liberal
95971160,1697,"Is it even proven that we looked like big orangutans? They're most closely related to orangutans but the split happened an extremely long time ago, even before the split between gorillas and humans. Obviousy a large dark section of the population never made this split !",0.0424906290643127,0.1458399269526864,0.0179094195290407,0.7937600244539601,white,False,True,False,25.0,man,{},-0.5,white,5,3,5,5,5.0,1,liberal
52431532,2107,"It's important to keep in mind that when Africans were selling other Africans into slavery (which is shitty no matter what), they were selling prisoners of war. Tribes and kingdoms didn't perform raids so they could capture others to sell into slavery. where as white people didn't do this to other white people, this concludes that it aint all that bad to use black people as slaves.",0.2393885079797449,0.1746964899674642,0.0341278348149894,0.5517871672378015,white,True,True,False,30.0,man,{},0.0,white,3,4,5,5,5.0,1,neutral
26767527,2107,"It's important to keep in mind that when Africans were selling other Africans into slavery (which is shitty no matter what), they were selling prisoners of war. Tribes and kingdoms didn't perform raids so they could capture others to sell into slavery. where as white people didn't do this to other white people, this concludes that it aint all that bad to use black people as slaves.",0.2393885079797449,0.1746964899674642,0.0341278348149894,0.5517871672378015,white,True,True,False,50.0,man,none,-0.5,white,2,4,4,3,3.5,1,liberal
15040445,780,Eastern Europeans sure are dirty folks!,0.2292864071512577,0.1735962011480467,0.1850004379476982,0.4121169537529973,white,False,False,False,40.0,woman,bisexual,-0.5,white,5,5,3,4,3.5,1,liberal
31138333,780,Eastern Europeans sure are dirty folks!,0.2292864071512577,0.1735962011480467,0.1850004379476982,0.4121169537529973,white,False,False,False,30.0,man,{},-1.0,white,5,3,5,5,5.0,1,liberal
34083197,1104,KIKE KIKE KIKE KIKE KIKE KIKE KIKE KIKE KIKE KIKE KIKE KIKE KIKE KIKE KIKE KIKE KIKE KIKE KIKE KIKE KIKE KIKE KIKE KIKE KIKE KIKE KIKE KIKE KIKE KIKE KIKE KIKE KIKE KIKE KIKE KIKE KIKE KIKE KIKE KIKE KIKE KIKE KIKE KIKE KIKE KIKE KIKE KIKE KIKE KIKE KIKE KIKE KIKE KIKE KIKE KIKE KIKE KIKE KIKE KIKE KIKE KIKE KIKE KIKE KIKE KIKE *retarded screeching* Such a lovely word!,0.0038366058650632,0.8843828413852406,0.1088005680102653,0.0029799847394309,hispanic,True,False,False,30.0,man,{},-0.5,white,5,5,5,5,5.0,1,liberal
26767527,1104,KIKE KIKE KIKE KIKE KIKE KIKE KIKE KIKE KIKE KIKE KIKE KIKE KIKE KIKE KIKE KIKE KIKE KIKE KIKE KIKE KIKE KIKE KIKE KIKE KIKE KIKE KIKE KIKE KIKE KIKE KIKE KIKE KIKE KIKE KIKE KIKE KIKE KIKE KIKE KIKE KIKE KIKE KIKE KIKE KIKE KIKE KIKE KIKE KIKE KIKE KIKE KIKE KIKE KIKE KIKE KIKE KIKE KIKE KIKE KIKE KIKE KIKE KIKE KIKE KIKE KIKE *retarded screeching* Such a lovely word!,0.0038366058650632,0.8843828413852406,0.1088005680102653,0.0029799847394309,hispanic,True,False,False,50.0,man,none,-0.5,white,5,2,5,5,5.0,1,liberal
1226439,1726,Well I'm glad that I haven't seen any of their black members in this proud boys crowd..isn't the whole point of this group is to keep their sooty noses out!,0.094242038056638,0.1687108971094224,0.0067022675873469,0.7303447972465924,white,False,True,False,30.0,nonBinary,{},-1.0,white,5,5,5,5,5.0,1,liberal
27189963,751,"Why do they even offer Polish lessons in this school, it makes no sense who wants to learn that vile language",0.1151527652355393,0.2899235501981791,0.0151289338394668,0.5797947507268146,white,False,False,False,35.0,woman,{},-0.5,white,4,4,4,4,4.0,1,liberal
95971160,751,"Why do they even offer Polish lessons in this school, it makes no sense who wants to learn that vile language",0.1151527652355393,0.2899235501981791,0.0151289338394668,0.5797947507268146,white,False,False,False,25.0,man,{},-0.5,white,5,4,5,5,5.0,1,liberal
15040445,305,"I knew of ""burn a fag"", any time I've heard of using the word ""bum"" is when you're getting a smoke from someone else.",0.1230395099083219,0.2837484418837718,0.0812844860810846,0.5119275621268218,white,True,False,False,40.0,woman,bisexual,-0.5,white,5,1,5,5,5.0,1,liberal
40260159,305,"I knew of ""burn a fag"", any time I've heard of using the word ""bum"" is when you're getting a smoke from someone else.",0.1230395099083219,0.2837484418837718,0.0812844860810846,0.5119275621268218,white,True,False,False,30.0,man,{},-1.0,white,1,1,3,1,2.0,0,liberal
