,offensiveYN,postId,annId,baseline,expl_baseline,race_political,expl_race_political,demographics,winner
0,0,545,10638687,0,[the sentence is not offensive][because][it is a statement of equality between genders],0,[the sentence is not offensive][because][it is a statement of equality between genders],"{'race': 'black', 'political': 'liberal'}",both
1,0,545,8526465,0,[the sentence is not offensive][because][it is a statement of equality between genders],0,[the sentence is not offensive][because][it is a statement of equality between genders],"{'race': 'black', 'political': 'neutral'}",both
2,0,3368,49021087,0,[the sentence is not offensive][because][it is a colloquial way to describe a social media action],0,[the sentence is not offensive][because][it is a colloquial way to describe a social media action],"{'race': 'black', 'political': 'liberal'}",both
3,0,3368,10166032,0,[the sentence is not offensive][because][it is a colloquial way to describe a social media action],0,[the sentence is not offensive][because][it is a colloquial way to describe a social media action],"{'race': 'black', 'political': 'neutral'}",both
4,1,1043,10638687,1,[the sentence is offensive][because][it contains hate speech and a threat towards a specific group of people],1,[the sentence is offensive][because][it conveys a message of hate and revenge against a specific group of people],"{'race': 'black', 'political': 'liberal'}",both
5,1,1043,10166032,1,[the sentence is offensive][because][it contains hate speech and a threat towards a specific group of people],1,[the sentence is offensive][because][it conveys a message of hate and revenge towards a specific group of people],"{'race': 'black', 'political': 'neutral'}",both
6,0,334,3088028,0,[the sentence is not offensive][because][it is a colloquial way to describe a frustrating situation],0,[the sentence is not offensive][because][it is a colloquial way to describe a frustrating situation],"{'race': 'black', 'political': 'liberal'}",both
7,0,334,10166032,0,[the sentence is not offensive][because][it is a colloquial way to describe a frustrating situation],0,[the sentence is not offensive][because][it is a colloquial way to describe a frustrating situation],"{'race': 'black', 'political': 'neutral'}",both
8,0,3446,3770894,0,"[the sentence is not offensive][because][it is a response to a statement that is perceived as derogatory, but the context of the response is to show personal achievements and resilience]",0,[the sentence is not offensive][because][it is a personal statement of self-empowerment and does not contain hate speech or explicit language],"{'race': 'black', 'political': 'liberal'}",both
9,1,3446,10166032,0,"[the sentence is not offensive][because][it is a response to a statement that is perceived as derogatory, but the context of the response is to show personal achievements and resilience]",0,[the sentence is not offensive][because][it is a personal statement of self-empowerment despite being insulted],"{'race': 'black', 'political': 'neutral'}",neither
10,1,3510,3770894,1,[the sentence is offensive][because][it conveys a message of self-hatred and shame towards the lgbtq+ community],0,[the sentence is not offensive][because][it is a personal statement and does not contain hate speech or explicit language],"{'race': 'black', 'political': 'liberal'}",baseline
11,0,3510,10166032,1,[the sentence is offensive][because][it conveys a message of self-hatred and shame towards the lgbtq+ community],0,[the sentence is not offensive][because][it is a personal statement and does not contain hate speech or explicit language],"{'race': 'black', 'political': 'neutral'}",race_political
12,0,644,49021087,1,[the sentence is offensive][because][it contains hate speech and explicit language],1,[the sentence is offensive][because][it contains hate language and a threat],"{'race': 'black', 'political': 'liberal'}",neither
13,1,644,10638687,1,[the sentence is offensive][because][it contains hate speech and explicit language],1,[the sentence is offensive][because][it contains hate language and a threat],"{'race': 'black', 'political': 'liberal'}",both
14,1,1850,49021087,1,[the sentence is offensive][because][it contains a racial slur and promotes a negative stereotype about a racial group],1,[the sentence is offensive][because][it contains a racial slur and promotes a negative stereotype about a racial group],"{'race': 'black', 'political': 'liberal'}",both
15,1,1850,3770894,1,[the sentence is offensive][because][it contains a racial slur and promotes a negative stereotype about a racial group],1,[the sentence is offensive][because][it contains a racial slur and promotes a negative stereotype about a racial group],"{'race': 'black', 'political': 'liberal'}",both
16,0,668,64721988,1,[the sentence is offensive][because][it contains a racial slur and a derogatory term for people of low socioeconomic status],1,[the sentence is offensive][because][it contains a racial slur and perpetuates a negative stereotype about the lack of opportunities for young black people],"{'race': 'black', 'political': 'liberal'}",neither
17,0,668,3770894,1,[the sentence is offensive][because][it contains a racial slur and a derogatory term for people of low socioeconomic status],1,[the sentence is offensive][because][it contains a racial slur and perpetuates a negative stereotype about the lack of opportunities for young black people],"{'race': 'black', 'political': 'liberal'}",neither
18,0,2815,3770894,0,[the sentence is not offensive][because][it is a conversation between kids and one of them is expressing a personal opinion about a song],0,[the sentence is not offensive][because][it is a conversation between kids and does not contain any hate speech or explicit language],"{'race': 'black', 'political': 'liberal'}",both
19,0,2815,10166032,0,[the sentence is not offensive][because][it is a conversation between kids and one of them is expressing a personal opinion about a song],0,[the sentence is not offensive][because][it is a neutral conversation between kids about a song],"{'race': 'black', 'political': 'neutral'}",both
20,0,3317,10638687,0,[the sentence is not offensive][because][it is a quote from a famous person and the language used is informal but not derogatory],0,[the sentence is not offensive][because][it is a quote from a famous person and the language used is a quote from a famous person],"{'race': 'black', 'political': 'liberal'}",both
21,1,3317,74158862,0,[the sentence is not offensive][because][it is a quote from a famous person and the language used is informal but not derogatory],0,[the sentence is not offensive][because][it is a statement of self-confidence and critical thinking],"{'race': 'black', 'political': 'conservative'}",neither
22,1,1721,3770894,1,[the sentence is offensive][because][it contains a racial slur and makes a derogatory comment about the history of slavery],1,[the sentence is offensive][because][it contains a racial slur and downplays the historical oppression of black people],"{'race': 'black', 'political': 'liberal'}",both
23,1,1721,10166032,1,[the sentence is offensive][because][it contains a racial slur and makes a derogatory comment about the history of slavery],1,[the sentence is offensive][because][it contains a racial slur and downplays the historical context of slavery],"{'race': 'black', 'political': 'neutral'}",both
24,0,3410,10638687,1,[the sentence is offensive][because][it contains explicit language and the use of the word 'fuckin' is considered profane],1,[the sentence is offensive][because][it contains explicit language and a derogatory term],"{'race': 'black', 'political': 'liberal'}",neither
25,1,1710,49021087,1,[the sentence is offensive][because][it contains hate speech and makes a threat against a political group],1,[the sentence is offensive][because][it contains hate speech and makes a derogatory comparison between political groups],"{'race': 'black', 'political': 'liberal'}",both
26,1,1710,10166032,1,[the sentence is offensive][because][it contains hate speech and makes a threat against a political group],1,[the sentence is offensive][because][it contains hate speech and makes a derogatory comparison between political groups],"{'race': 'black', 'political': 'neutral'}",both
27,0,2317,3088028,0,[the sentence is not offensive][because][it is a criticism of the actors in a tv show],0,[the sentence is not offensive][because][it is a criticism of a tv show and does not contain hate speech or explicit language],"{'race': 'black', 'political': 'liberal'}",both
28,0,2317,10166032,0,[the sentence is not offensive][because][it is a criticism of the actors in a tv show],0,[the sentence is not offensive][because][it is a neutral statement about criticism and personal boundaries],"{'race': 'black', 'political': 'neutral'}",both
29,1,949,49021087,1,[the sentence is offensive][because][it contains a derogatory term for people with intellectual disabilities],1,[the sentence is offensive][because][it contains a derogatory term for people with intellectual disabilities],"{'race': 'black', 'political': 'liberal'}",both
30,1,949,10638687,1,[the sentence is offensive][because][it contains a derogatory term for people with intellectual disabilities],1,[the sentence is offensive][because][it contains a derogatory term for people with intellectual disabilities],"{'race': 'black', 'political': 'liberal'}",both
31,1,876,10638687,1,[the sentence is offensive][because][it promotes racial discrimination],1,[the sentence is offensive][because][it promotes racial discrimination],"{'race': 'black', 'political': 'liberal'}",both
32,1,876,8526465,1,[the sentence is offensive][because][it promotes racial discrimination],1,[the sentence is offensive][because][it promotes racial discrimination],"{'race': 'black', 'political': 'neutral'}",both
33,1,1761,10638687,0,[the sentence is not offensive][because][it is a statement that argues against racism],0,[the sentence is not offensive][because][it is a statement that uses a racial slur in a context that is not derogatory],"{'race': 'black', 'political': 'liberal'}",neither
34,1,1761,35379134,0,[the sentence is not offensive][because][it is a statement that argues against racism],0,[the sentence is not offensive][because][it is a statement that uses a racial slur in a context that is not derogatory],"{'race': 'black', 'political': 'liberal'}",neither
35,1,1833,10638687,1,[the sentence is offensive][because][it contains a racial slur and derogatory language],1,[the sentence is offensive][because][it contains a racial slur and a derogatory term for a group of people],"{'race': 'black', 'political': 'liberal'}",both
36,1,1833,3770894,1,[the sentence is offensive][because][it contains a racial slur and derogatory language],1,[the sentence is offensive][because][it contains a racial slur and a derogatory term for a group of people],"{'race': 'black', 'political': 'liberal'}",both
37,0,2282,10638687,0,[the sentence is not offensive][because][it is a normal sentence about schoolwork],0,[the sentence is not offensive][because][it is a normal sentence about schoolwork],"{'race': 'black', 'political': 'liberal'}",both
38,0,2282,3770894,0,[the sentence is not offensive][because][it is a normal sentence about schoolwork],0,[the sentence is not offensive][because][it is a normal sentence about schoolwork],"{'race': 'black', 'political': 'liberal'}",both
39,1,3486,10166032,1,[the sentence is offensive][because][it contains derogatory language and a racial slur],1,[the sentence is offensive][because][it contains derogatory language and a racial slur],"{'race': 'black', 'political': 'neutral'}",both
40,1,722,10638687,1,[the sentence is offensive][because][it contains a racial slur],1,[the sentence is offensive][because][it contains a racial slur],"{'race': 'black', 'political': 'liberal'}",both
41,1,722,3770894,1,[the sentence is offensive][because][it contains a racial slur],1,[the sentence is offensive][because][it contains a racial slur],"{'race': 'black', 'political': 'liberal'}",both
42,0,3668,49021087,0,[the sentence is not offensive][because][it is a colloquial way to express frustration and disappointment],0,[the sentence is not offensive][because][it is a colloquial way to express frustration and disappointment],"{'race': 'black', 'political': 'liberal'}",both
43,0,3668,10166032,0,[the sentence is not offensive][because][it is a colloquial way to express frustration and disappointment],0,[the sentence is not offensive][because][it is a colloquial way to express frustration and disappointment],"{'race': 'black', 'political': 'neutral'}",both
44,0,155,10638687,0,[the sentence is not offensive][because][it is a neutral statement about a political issue],0,[the sentence is not offensive][because][it is a neutral statement about a political issue],"{'race': 'black', 'political': 'liberal'}",both
45,1,2162,10638687,1,[the sentence is offensive][because][it contains a racial slur and explicit language],1,[the sentence is offensive][because][it contains a racial slur and explicit language],"{'race': 'black', 'political': 'liberal'}",both
46,1,2162,3770894,1,[the sentence is offensive][because][it contains a racial slur and explicit language],1,[the sentence is offensive][because][it contains a racial slur and explicit language],"{'race': 'black', 'political': 'liberal'}",both
47,1,2153,3770894,1,[the sentence is offensive][because][it contains hate speech and racial slurs],1,[the sentence is offensive][because][it contains hate speech and racial slurs],"{'race': 'black', 'political': 'liberal'}",both
48,1,2153,10166032,1,[the sentence is offensive][because][it contains hate speech and racial slurs],1,[the sentence is offensive][because][it contains hate speech and racial slurs],"{'race': 'black', 'political': 'neutral'}",both
49,1,4121,10166032,1,[the sentence is offensive][because][it contains hate language and derogatory terms towards women and racial slurs],1,[the sentence is offensive][because][it contains derogatory language towards women and uses a racial slur],"{'race': 'black', 'political': 'neutral'}",both
50,1,1641,10638687,1,[the sentence is offensive][because][it conveys a stereotypical message suggesting that black people are unintelligent and cannot understand certain conversations],1,[the sentence is offensive][because][it conveys a stereotypical message suggesting that black people are unintelligent and cannot understand certain conversations],"{'race': 'black', 'political': 'liberal'}",both
51,1,1641,3088028,1,[the sentence is offensive][because][it conveys a stereotypical message suggesting that black people are unintelligent and cannot understand certain conversations],1,[the sentence is offensive][because][it conveys a stereotypical message suggesting that black people are unintelligent and cannot understand certain conversations],"{'race': 'black', 'political': 'liberal'}",both
52,1,2155,10638687,1,[the sentence is offensive][because][it contains hate speech and uses derogatory language to describe a racial group],1,[the sentence is offensive][because][it contains a plethora of racial slurs and derogatory language],"{'race': 'black', 'political': 'liberal'}",both
53,1,2155,10166032,1,[the sentence is offensive][because][it contains hate speech and uses derogatory language to describe a racial group],1,[the sentence is offensive][because][it contains a plethora of racial slurs and derogatory language],"{'race': 'black', 'political': 'neutral'}",both
54,1,3455,10638687,1,[the sentence is offensive][because][it contains a derogatory term for a woman and implies that the woman is promiscuous],1,[the sentence is offensive][because][it contains a derogatory term for a woman and implies that she is promiscuous],"{'race': 'black', 'political': 'liberal'}",both
55,1,3455,10166032,1,[the sentence is offensive][because][it contains a derogatory term for a woman and implies that the woman is promiscuous],1,[the sentence is offensive][because][it contains a derogatory term for a woman and implies that she is promiscuous],"{'race': 'black', 'political': 'neutral'}",both
56,0,100,49021087,0,[the sentence is not offensive][because][it is a strong criticism but does not contain hate speech or explicit language],0,[the sentence is not offensive][because][it is a general statement about people's behavior],"{'race': 'black', 'political': 'liberal'}",both
57,1,100,10166032,0,[the sentence is not offensive][because][it is a strong criticism but does not contain hate speech or explicit language],0,[the sentence is not offensive][because][it is a general statement about people's behavior],"{'race': 'black', 'political': 'neutral'}",neither
58,1,3122,3770894,1,[the sentence is offensive][because][it contains hate speech and derogatory language towards a woman],1,[the sentence is offensive][because][it contains derogatory language and a stereotype about women],"{'race': 'black', 'political': 'liberal'}",both
59,1,3122,10166032,1,[the sentence is offensive][because][it contains hate speech and derogatory language towards a woman],1,[the sentence is offensive][because][it contains derogatory language and a stereotype about women],"{'race': 'black', 'political': 'neutral'}",both
60,0,3251,3770894,0,[the sentence is not offensive][because][it is a news report],0,[the sentence is not offensive][because][it is a news report],"{'race': 'black', 'political': 'liberal'}",both
61,0,3251,10166032,0,[the sentence is not offensive][because][it is a news report],0,[the sentence is not offensive][because][it is a news headline],"{'race': 'black', 'political': 'neutral'}",both
62,0,15,3088028,0,[the sentence is not offensive][because][it is a neutral statement],0,[the sentence is not offensive][because][it is a neutral statement about a person's profession],"{'race': 'black', 'political': 'liberal'}",both
63,0,15,10166032,0,[the sentence is not offensive][because][it is a neutral statement],0,[the sentence is not offensive][because][it is a neutral statement about a person's profession],"{'race': 'black', 'political': 'neutral'}",both
64,1,3498,10638687,1,[the sentence is offensive][because][it contains explicit language and a derogatory term for a woman's genitalia],1,[the sentence is offensive][because][it contains explicit language and a derogatory term for a woman's genitalia],"{'race': 'black', 'political': 'liberal'}",both
65,1,3498,10166032,1,[the sentence is offensive][because][it contains explicit language and a derogatory term for a woman's genitalia],1,[the sentence is offensive][because][it contains explicit language and a derogatory term for a woman's genitalia],"{'race': 'black', 'political': 'neutral'}",both
66,1,847,10638687,1,[the sentence is offensive][because][it contains hate speech and promotes violence against a racial group],1,[the sentence is offensive][because][it contains a hate message and promotes violence against a racial group],"{'race': 'black', 'political': 'liberal'}",both
67,1,847,3770894,1,[the sentence is offensive][because][it contains hate speech and promotes violence against a racial group],1,[the sentence is offensive][because][it contains a hate message and promotes violence against a racial group],"{'race': 'black', 'political': 'liberal'}",both
68,1,1546,10638687,1,[the sentence is offensive][because][it contains a racial slur and promotes a negative stereotype about black people],1,[the sentence is offensive][because][it contains a racial slur and promotes a negative stereotype about black people],"{'race': 'black', 'political': 'liberal'}",both
69,0,1546,10166032,1,[the sentence is offensive][because][it contains a racial slur and promotes a negative stereotype about black people],1,[the sentence is offensive][because][it contains a racial slur and promotes a negative stereotype about black people],"{'race': 'black', 'political': 'neutral'}",neither
70,0,2722,8526465,0,[the sentence is not offensive][because][it is a political statement that uses strong language but does not contain hate speech or explicit language],0,[the sentence is not offensive][because][it is a political statement that uses a racial slur in a context that is not derogatory],"{'race': 'black', 'political': 'neutral'}",both
71,0,2722,10166032,0,[the sentence is not offensive][because][it is a political statement that uses strong language but does not contain hate speech or explicit language],0,[the sentence is not offensive][because][it is a political statement that uses a racial slur in a context that is not derogatory],"{'race': 'black', 'political': 'neutral'}",both
72,0,2240,3770894,0,[the sentence is not offensive][because][it is a sports schedule],0,[the sentence is not offensive][because][it is a sports schedule],"{'race': 'black', 'political': 'liberal'}",both
73,0,2240,10166032,0,[the sentence is not offensive][because][it is a sports schedule],0,[the sentence is not offensive][because][it is a sports schedule],"{'race': 'black', 'political': 'neutral'}",both
74,1,1632,10638687,1,[the sentence is offensive][because][it promotes hate speech against a particular race],1,[the sentence is offensive][because][it promotes racial discrimination and hate speech],"{'race': 'black', 'political': 'liberal'}",both
75,1,1632,10166032,1,[the sentence is offensive][because][it promotes hate speech against a particular race],1,[the sentence is offensive][because][it promotes racial discrimination and hate speech],"{'race': 'black', 'political': 'neutral'}",both
76,0,2349,10638687,0,[the sentence is not offensive][because][it is a neutral statement about public discourse],0,[the sentence is not offensive][because][it is a neutral statement about public discourse],"{'race': 'black', 'political': 'liberal'}",both
77,0,2349,10166032,0,[the sentence is not offensive][because][it is a neutral statement about public discourse],0,[the sentence is not offensive][because][it is a neutral statement about public speaking and the right to reply],"{'race': 'black', 'political': 'neutral'}",both
78,0,2992,3770894,0,[the sentence is not offensive][because][it is an expression of frustration],0,[the sentence is not offensive][because][it is a common expression of frustration],"{'race': 'black', 'political': 'liberal'}",both
79,0,2992,10166032,0,[the sentence is not offensive][because][it is an expression of frustration],0,[the sentence is not offensive][because][it is a common expression of frustration],"{'race': 'black', 'political': 'neutral'}",both
80,1,1663,10638687,1,[the sentence is offensive][because][it contains a racial slur and a stereotype],1,[the sentence is offensive][because][it contains a racial slur and a stereotype about the place where black people belong],"{'race': 'black', 'political': 'liberal'}",both
81,1,1663,3088028,1,[the sentence is offensive][because][it contains a racial slur and a stereotype],1,[the sentence is offensive][because][it contains a racial slur and a stereotype about the place where black people belong],"{'race': 'black', 'political': 'liberal'}",both
82,1,613,10638687,1,[the sentence is offensive][because][it contains a list of hate speech and derogatory terms for various groups of people],1,[the sentence is offensive][because][it contains a list of hate speech and derogatory terms for various racial and ethnic groups and sexual orientations],"{'race': 'black', 'political': 'liberal'}",both
83,1,613,10166032,1,[the sentence is offensive][because][it contains a list of hate speech and derogatory terms for various groups of people],1,[the sentence is offensive][because][it contains a list of hate speech and derogatory terms for various racial and ethnic groups and sexual orientations],"{'race': 'black', 'political': 'neutral'}",both
84,0,2320,3770894,0,[the sentence is not offensive][because][it is a motivational quote],0,[the sentence is not offensive][because][it is a motivational quote],"{'race': 'black', 'political': 'liberal'}",both
85,0,2320,10166032,0,[the sentence is not offensive][because][it is a motivational quote],0,[the sentence is not offensive][because][it is a motivational quote],"{'race': 'black', 'political': 'neutral'}",both
86,1,3558,10638687,1,[the sentence is offensive][because][it contains hate speech and abusive language],1,[the sentence is offensive][because][it contains hate language and a racial slur],"{'race': 'black', 'political': 'liberal'}",both
87,1,3558,10166032,1,[the sentence is offensive][because][it contains hate speech and abusive language],1,[the sentence is offensive][because][it contains hate language and a racial slur],"{'race': 'black', 'political': 'neutral'}",both
88,0,500,3088028,0,[the sentence is not offensive][because][it is a metaphorical expression],0,[the sentence is not offensive][because][it is a subjective opinion about plums],"{'race': 'black', 'political': 'liberal'}",both
89,1,500,10166032,0,[the sentence is not offensive][because][it is a metaphorical expression],0,[the sentence is not offensive][because][it is a subjective opinion about plums],"{'race': 'black', 'political': 'neutral'}",neither
90,1,3237,74158862,0,[the sentence is not offensive][because][it is a lighthearted and playful conversation between two people],0,[the sentence is not offensive][because][it is a lighthearted and playful conversation between two people],"{'race': 'black', 'political': 'conservative'}",neither
91,0,3237,10166032,0,[the sentence is not offensive][because][it is a lighthearted and playful conversation between two people],0,[the sentence is not offensive][because][it is a lighthearted and playful conversation between two people],"{'race': 'black', 'political': 'neutral'}",both
92,1,2656,10638687,1,[the sentence is offensive][because][it contains hate speech and derogatory language towards politicians and a religious group],0,[the sentence is not offensive][because][it is a metaphorical expression of the politicians' actions],"{'race': 'black', 'political': 'liberal'}",baseline
93,1,2656,10166032,1,[the sentence is offensive][because][it contains hate speech and derogatory language towards politicians and a religious group],0,[the sentence is not offensive][because][it is a metaphorical expression of the politicians' actions and does not contain any hate speech or explicit language],"{'race': 'black', 'political': 'neutral'}",baseline
94,0,3431,10638687,0,[the sentence is not offensive][because][it is a positive comment about a song],0,[the sentence is not offensive][because][it is a positive comment about a song],"{'race': 'black', 'political': 'liberal'}",both
95,0,3431,3770894,0,[the sentence is not offensive][because][it is a positive comment about a song],0,[the sentence is not offensive][because][it is a positive comment about a song],"{'race': 'black', 'political': 'liberal'}",both
96,0,3348,10166032,0,[the sentence is not offensive][because][it is a casual conversation about a personal experience and does not contain any explicit language or hate speech],0,[the sentence is not offensive][because][it is a casual conversation about a personal experience and does not contain any hate speech or explicit language],"{'race': 'black', 'political': 'neutral'}",both
97,1,2104,49021087,1,[the sentence is offensive][because][it conveys a racist message and contains derogatory language],1,[the sentence is offensive][because][it conveys a discriminatory message against black people],"{'race': 'black', 'political': 'liberal'}",both
98,1,2104,10638687,1,[the sentence is offensive][because][it conveys a racist message and contains derogatory language],1,[the sentence is offensive][because][it conveys a discriminatory message against black people],"{'race': 'black', 'political': 'liberal'}",both
99,1,810,10638687,1,[the sentence is offensive][because][it contains a reference to the holocaust and promotes anti-semitic views],1,[the sentence is offensive][because][it contains a reference to the holocaust and promotes anti-semitic views],"{'race': 'black', 'political': 'liberal'}",both
100,1,810,10166032,1,[the sentence is offensive][because][it contains a reference to the holocaust and promotes anti-semitic views],1,[the sentence is offensive][because][it contains a reference to a historical event that is widely regarded as a genocide and uses a derogatory term for jewish people],"{'race': 'black', 'political': 'neutral'}",both
101,0,3699,8526465,1,[the sentence is offensive][because][it contains explicit language and a derogatory term for women],1,[the sentence is offensive][because][it contains explicit language and a derogatory term for women],"{'race': 'black', 'political': 'neutral'}",neither
102,1,3699,10166032,1,[the sentence is offensive][because][it contains explicit language and a derogatory term for women],1,[the sentence is offensive][because][it contains explicit language and a derogatory term for women],"{'race': 'black', 'political': 'neutral'}",both
103,1,1381,10638687,1,[the sentence is offensive][because][it contains a racial slur and makes a derogatory comparison between cats and a racial group],1,[the sentence is offensive][because][it contains a racial slur and makes a derogatory comparison between cats and black people],"{'race': 'black', 'political': 'liberal'}",both
104,1,1381,10166032,1,[the sentence is offensive][because][it contains a racial slur and makes a derogatory comparison between cats and a racial group],1,[the sentence is offensive][because][it contains a racial slur and makes a derogatory comparison between cats and black people],"{'race': 'black', 'political': 'neutral'}",both
105,1,1725,10638687,1,"[the sentence is offensive][because][it contains racial slurs and stereotypes, including the use of the term 'whiteaho' to describe a predominantly white area, and derogatory terms for black and mexican people]",1,"[the sentence is offensive][because][it contains racial slurs and stereotypes, including the use of the term 'whiteaho' to describe a predominantly white area, and the derogatory term 'wetbacks' to describe mexican immigrants]","{'race': 'black', 'political': 'liberal'}",both
106,1,1725,10166032,1,"[the sentence is offensive][because][it contains racial slurs and stereotypes, including the use of the term 'whiteaho' to describe a predominantly white area, and derogatory terms for black and mexican people]",1,"[the sentence is offensive][because][it contains racial slurs and stereotypes, including the use of the term 'whiteaho' to describe a predominantly white area, and the derogatory term 'wetbacks' to describe mexican immigrants]","{'race': 'black', 'political': 'neutral'}",both
107,1,1574,8526465,1,[the sentence is offensive][because][it contains a racial stereotype and a negative generalization about a group of people],1,[the sentence is offensive][because][it contains a racial stereotype and a negative generalization about a racial group],"{'race': 'black', 'political': 'neutral'}",both
108,1,1574,10166032,1,[the sentence is offensive][because][it contains a racial stereotype and a negative generalization about a group of people],1,[the sentence is offensive][because][it contains a racial stereotype and a negative generalization about a racial group],"{'race': 'black', 'political': 'neutral'}",both
109,0,3319,10638687,0,[the sentence is not offensive][because][it is a lighthearted and playful conversation between two people],0,[the sentence is not offensive][because][it is a colloquial way to express frustration],"{'race': 'black', 'political': 'liberal'}",both
110,0,3319,3770894,0,[the sentence is not offensive][because][it is a lighthearted and playful conversation between two people],0,[the sentence is not offensive][because][it is a colloquial way to express frustration],"{'race': 'black', 'political': 'liberal'}",both
111,1,1736,10638687,1,[the sentence is offensive][because][it contains hate speech and racial slurs],1,[the sentence is offensive][because][it contains hate speech and racial slurs],"{'race': 'black', 'political': 'liberal'}",both
112,1,1736,10166032,1,[the sentence is offensive][because][it contains hate speech and racial slurs],1,[the sentence is offensive][because][it contains hate speech and racial slurs],"{'race': 'black', 'political': 'neutral'}",both
113,1,1138,10638687,1,[the sentence is offensive][because][it contains hate speech and a racial slur],1,[the sentence is offensive][because][it contains hate speech and a racial slur],"{'race': 'black', 'political': 'liberal'}",both
114,1,1138,10166032,1,[the sentence is offensive][because][it contains hate speech and a racial slur],1,[the sentence is offensive][because][it contains hate speech and a racial slur],"{'race': 'black', 'political': 'neutral'}",both
115,0,2931,10638687,0,[the sentence is not offensive][because][it is a comment about a song and contains mild profanity],0,[the sentence is not offensive][because][it is a comment about a song and contains a mild profanity],"{'race': 'black', 'political': 'liberal'}",both
116,0,2931,10166032,0,[the sentence is not offensive][because][it is a comment about a song and contains mild profanity],0,[the sentence is not offensive][because][it is a neutral comment about a song],"{'race': 'black', 'political': 'neutral'}",both
117,0,3365,3088028,0,[the sentence is not offensive][because][it is a quote from the bible],0,[the sentence is not offensive][because][it is a quote from the bible],"{'race': 'black', 'political': 'liberal'}",both
118,0,3365,3770894,0,[the sentence is not offensive][because][it is a quote from the bible],0,[the sentence is not offensive][because][it is a quote from the bible],"{'race': 'black', 'political': 'liberal'}",both
119,0,3518,10638687,0,[the sentence is not offensive][because][it is a colloquial way to express frustration],0,[the sentence is not offensive][because][it is a colloquial way to express frustration],"{'race': 'black', 'political': 'liberal'}",both
120,0,3518,10166032,0,[the sentence is not offensive][because][it is a colloquial way to express frustration],0,[the sentence is not offensive][because][it is a colloquial way to express frustration and contains mild profanity],"{'race': 'black', 'political': 'neutral'}",both
121,1,3483,10638687,1,[the sentence is offensive][because][it uses a racial slur],1,[the sentence is offensive][because][it uses a racial slur 'nigga' in a derogatory manner],"{'race': 'black', 'political': 'liberal'}",both
122,1,1656,3088028,1,[the sentence is offensive][because][it contains hate speech and racial slurs],1,[the sentence is offensive][because][it contains a racial slur and promotes stereotypes about black people],"{'race': 'black', 'political': 'liberal'}",both
123,1,1656,10166032,1,[the sentence is offensive][because][it contains hate speech and racial slurs],1,[the sentence is offensive][because][it contains a racial slur and promotes stereotypes about black people],"{'race': 'black', 'political': 'neutral'}",both
124,1,1522,10638687,1,[the sentence is offensive][because][it contains hate language and makes a threat of violence],1,[the sentence is offensive][because][it contains hate language and makes a threat of violence],"{'race': 'black', 'political': 'liberal'}",both
125,1,1522,3770894,1,[the sentence is offensive][because][it contains hate language and makes a threat of violence],1,[the sentence is offensive][because][it contains hate language and makes a threat of violence],"{'race': 'black', 'political': 'liberal'}",both
126,1,1705,8526465,1,[the sentence is offensive][because][it contains a racial slur and promotes a discriminatory attitude],1,[the sentence is offensive][because][it contains a racial slur and makes a generalization about a group of people],"{'race': 'black', 'political': 'neutral'}",both
127,0,1705,10166032,1,[the sentence is offensive][because][it contains a racial slur and promotes a discriminatory attitude],1,[the sentence is offensive][because][it contains a racial slur and makes a generalization about a group of people],"{'race': 'black', 'political': 'neutral'}",neither
128,0,3620,10638687,1,[the sentence is offensive][because][it contains explicit language and implies substance abuse],1,[the sentence is offensive][because][it contains explicit language and implies substance abuse],"{'race': 'black', 'political': 'liberal'}",neither
129,0,3620,3770894,1,[the sentence is offensive][because][it contains explicit language and implies substance abuse],1,[the sentence is offensive][because][it contains explicit language and implies substance abuse],"{'race': 'black', 'political': 'liberal'}",neither
130,0,2685,49021087,0,[the sentence is not offensive][because][it is a song lyric],0,[the sentence is not offensive][because][it is a song lyric],"{'race': 'black', 'political': 'liberal'}",both
131,0,2685,10638687,0,[the sentence is not offensive][because][it is a song lyric],0,[the sentence is not offensive][because][it is a song lyric],"{'race': 'black', 'political': 'liberal'}",both
132,1,673,3088028,1,[the sentence is offensive][because][it contains hate speech and a racial slur],1,[the sentence is offensive][because][it contains hate speech and a racial slur],"{'race': 'black', 'political': 'liberal'}",both
133,1,673,10166032,1,[the sentence is offensive][because][it contains hate speech and a racial slur],1,[the sentence is offensive][because][it contains hate speech and a racial slur],"{'race': 'black', 'political': 'neutral'}",both
134,1,2175,10638687,1,[the sentence is offensive][because][it contains a racial slur and a threat],1,[the sentence is offensive][because][it contains a racial slur and a threat],"{'race': 'black', 'political': 'liberal'}",both
135,1,2175,8526465,1,[the sentence is offensive][because][it contains a racial slur and a threat],1,[the sentence is offensive][because][it contains a racial slur and a threat],"{'race': 'black', 'political': 'neutral'}",both
136,0,49,8526465,1,[the sentence is offensive][because][it contains a message that is harmful to the lgbtq+ community and marginalizes women loving women],0,"[the sentence is not offensive][because][it is a critique of a song with a harmful message, but the critique is respectful and does not contain hate speech or explicit language]","{'race': 'black', 'political': 'neutral'}",race_political
137,0,49,3770894,1,[the sentence is offensive][because][it contains a message that is harmful to the lgbtq+ community and marginalizes women loving women],0,"[the sentence is not offensive][because][it is a critique of a song with a harmful message, but the critique is not offensive]","{'race': 'black', 'political': 'liberal'}",race_political
138,0,3245,8526465,0,[the sentence is not offensive][because][it is a polite and professional message],0,[the sentence is not offensive][because][it is a polite and professional message],"{'race': 'black', 'political': 'neutral'}",both
139,1,2779,10638687,1,[the sentence is offensive][because][it contains explicit language and a threat],1,[the sentence is offensive][because][it contains a threat of violence and a sexual innuendo],"{'race': 'black', 'political': 'liberal'}",both
140,0,2779,3770894,1,[the sentence is offensive][because][it contains explicit language and a threat],1,[the sentence is offensive][because][it contains a threat of violence and a sexual innuendo],"{'race': 'black', 'political': 'liberal'}",neither
141,0,3379,3088028,0,[the sentence is not offensive][because][it is a colloquial way to describe a situation and does not contain hate language],0,[the sentence is not offensive][because][it is a colloquial way to describe a situation and does not contain hate language],"{'race': 'black', 'political': 'liberal'}",both
142,0,3379,10166032,0,[the sentence is not offensive][because][it is a colloquial way to describe a situation and does not contain hate language],0,[the sentence is not offensive][because][it is a colloquial way to describe a situation and does not contain hate language],"{'race': 'black', 'political': 'neutral'}",both
143,1,322,10638687,1,[the sentence is offensive][because][it contains a racial slur and a derogatory term for a police officer],1,[the sentence is offensive][because][it contains a racial slur and a derogatory term for a police officer],"{'race': 'black', 'political': 'liberal'}",both
144,0,322,3088028,1,[the sentence is offensive][because][it contains a racial slur and a derogatory term for a police officer],1,[the sentence is offensive][because][it contains a racial slur and a derogatory term for a police officer],"{'race': 'black', 'political': 'liberal'}",neither
145,1,773,8526465,1,[the sentence is offensive][because][it contains a derogatory term for a person with dwarfism],1,[the sentence is offensive][because][it contains a derogatory term for a person with dwarfism],"{'race': 'black', 'political': 'neutral'}",both
146,1,773,3770894,1,[the sentence is offensive][because][it contains a derogatory term for a person with dwarfism],1,[the sentence is offensive][because][it contains a derogatory term for a person with dwarfism],"{'race': 'black', 'political': 'liberal'}",both
147,1,609,10638687,0,[the sentence is not offensive][because][it is a personal opinion about a person's behavior and contains strong language but is not directed at a protected group],0,[the sentence is not offensive][because][it is a personal opinion about someone's behavior and contains strong language but is not directed at a protected group],"{'race': 'black', 'political': 'liberal'}",neither
148,1,609,74158862,0,[the sentence is not offensive][because][it is a personal opinion about a person's behavior and contains strong language but is not directed at a protected group],0,[the sentence is not offensive][because][it is a personal opinion about someone's behavior and contains strong language but is not directed at a protected group],"{'race': 'black', 'political': 'conservative'}",neither
149,1,2016,8526465,1,[the sentence is offensive][because][it conveys a message of racism and contains explicit language],1,[the sentence is offensive][because][it conveys a message of racism and contains explicit language],"{'race': 'black', 'political': 'neutral'}",both
150,1,2016,10166032,1,[the sentence is offensive][because][it conveys a message of racism and contains explicit language],1,[the sentence is offensive][because][it conveys a message of racism and contains explicit language],"{'race': 'black', 'political': 'neutral'}",both
151,1,2799,10638687,0,[the sentence is not offensive][because][it is a fictional context and the language used is not derogatory],0,[the sentence is not offensive][because][it is a fictional context and the language used is not derogatory],"{'race': 'black', 'political': 'liberal'}",neither
152,0,2799,3088028,0,[the sentence is not offensive][because][it is a fictional context and the language used is not derogatory],0,[the sentence is not offensive][because][it is a fictional context and the language used is not derogatory],"{'race': 'black', 'political': 'liberal'}",both
153,1,4056,10638687,1,[the sentence is offensive][because][it contains multiple instances of explicit language and derogatory terms],1,[the sentence is offensive][because][it contains multiple instances of explicit language and derogatory terms],"{'race': 'black', 'political': 'liberal'}",both
154,1,4056,10166032,1,[the sentence is offensive][because][it contains multiple instances of explicit language and derogatory terms],1,[the sentence is offensive][because][it contains multiple instances of explicit language and derogatory terms],"{'race': 'black', 'political': 'neutral'}",both
155,1,1401,3770894,1,"[the sentence is offensive][because][it contains hate speech, racial slurs, and threats]",1,"[the sentence is offensive][because][it contains hate speech, racial slurs, and threats]","{'race': 'black', 'political': 'liberal'}",both
156,1,1401,10166032,1,"[the sentence is offensive][because][it contains hate speech, racial slurs, and threats]",1,"[the sentence is offensive][because][it contains hate speech, racial slurs, and threats]","{'race': 'black', 'political': 'neutral'}",both
157,0,3474,3088028,1,[the sentence is offensive][because][it contains a racial slur and a derogatory term for a woman],0,[the sentence is not offensive][because][it is a colloquial expression and the use of the word 'nigga' is not derogatory],"{'race': 'black', 'political': 'liberal'}",race_political
158,1,3474,10166032,1,[the sentence is offensive][because][it contains a racial slur and a derogatory term for a woman],1,[the sentence is offensive][because][it uses a racial slur and implies that the speaker is talking to someone who is not the primary person they are addressing],"{'race': 'black', 'political': 'neutral'}",both
159,1,3989,74158862,1,[the sentence is offensive][because][it contains explicit language and a derogatory term for a woman],1,[the sentence is offensive][because][it contains explicit language and a derogatory term for a woman],"{'race': 'black', 'political': 'conservative'}",both
160,1,3989,10166032,1,[the sentence is offensive][because][it contains explicit language and a derogatory term for a woman],1,[the sentence is offensive][because][it contains explicit language and a derogatory term for a woman],"{'race': 'black', 'political': 'neutral'}",both
161,0,3290,10166032,0,[the sentence is not offensive][because][it is a positive comment with colloquial language],0,[the sentence is not offensive][because][it is a positive and enthusiastic message],"{'race': 'black', 'political': 'neutral'}",both
162,0,404,8526465,1,[the sentence is offensive][because][it contains explicit language],0,[the sentence is not offensive][because][it is a common idiomatic expression],"{'race': 'black', 'political': 'neutral'}",race_political
163,0,404,10166032,1,[the sentence is offensive][because][it contains explicit language],0,[the sentence is not offensive][because][it is a common idiomatic expression],"{'race': 'black', 'political': 'neutral'}",race_political
164,1,1816,49021087,1,[the sentence is offensive][because][it promotes the use of a racial slur],1,[the sentence is offensive][because][it promotes the use of a racial slur],"{'race': 'black', 'political': 'liberal'}",both
165,1,1816,10638687,1,[the sentence is offensive][because][it promotes the use of a racial slur],1,[the sentence is offensive][because][it promotes the use of a racial slur],"{'race': 'black', 'political': 'liberal'}",both
166,0,913,3088028,0,[the sentence is not offensive][because][it is a discussion about a religious topic and does not contain hate speech or explicit language],0,[the sentence is not offensive][because][it is a discussion about a religious topic and does not contain hate speech or explicit language],"{'race': 'black', 'political': 'liberal'}",both
167,1,913,10166032,0,[the sentence is not offensive][because][it is a discussion about a religious topic and does not contain hate speech or explicit language],0,[the sentence is not offensive][because][it is a neutral discussion about a religious topic],"{'race': 'black', 'political': 'neutral'}",neither
168,1,1682,49021087,1,[the sentence is offensive][because][it contains hate speech and stereotypes],1,[the sentence is offensive][because][it contains hate speech and stereotypes],"{'race': 'black', 'political': 'liberal'}",both
169,1,1682,10638687,1,[the sentence is offensive][because][it contains hate speech and stereotypes],1,[the sentence is offensive][because][it contains hate speech and stereotypes],"{'race': 'black', 'political': 'liberal'}",both
170,1,1592,10638687,1,"[the sentence is offensive][because][it conveys a stereotypical message suggesting that black people are associated with ""gangsta"" talk and behavior]",1,[the sentence is offensive][because][it conveys a stereotypical message about black people and uses a derogatory term],"{'race': 'black', 'political': 'liberal'}",both
171,1,1592,8526465,1,"[the sentence is offensive][because][it conveys a stereotypical message suggesting that black people are associated with ""gangsta"" talk and behavior]",1,[the sentence is offensive][because][it conveys a stereotypical message about black people and uses a derogatory term],"{'race': 'black', 'political': 'neutral'}",both
172,0,3471,3088028,1,[the sentence is offensive][because][it contains derogatory language and a threat],1,[the sentence is offensive][because][it contains derogatory language and a threat],"{'race': 'black', 'political': 'liberal'}",neither
173,1,3471,10166032,1,[the sentence is offensive][because][it contains derogatory language and a threat],1,[the sentence is offensive][because][it contains derogatory language and a threat],"{'race': 'black', 'political': 'neutral'}",both
174,0,2545,8526465,0,[the sentence is not offensive][because][it is a positive statement about the city's diversity and acceptance of alternative lifestyles],0,[the sentence is not offensive][because][it is a positive statement about the diversity of the city],"{'race': 'black', 'political': 'neutral'}",both
175,0,2545,3770894,0,[the sentence is not offensive][because][it is a positive statement about the city's diversity and acceptance of alternative lifestyles],0,[the sentence is not offensive][because][it is a positive statement about the diversity of the city],"{'race': 'black', 'political': 'liberal'}",both
176,1,1823,10638687,1,[the sentence is offensive][because][it contains a racial slur and a derogatory description of people],1,[the sentence is offensive][because][it contains a racial slur and a stereotype about people with missing teeth],"{'race': 'black', 'political': 'liberal'}",both
177,1,1823,10166032,1,[the sentence is offensive][because][it contains a racial slur and a derogatory description of people],1,[the sentence is offensive][because][it contains a racial slur and a stereotype about people with missing teeth],"{'race': 'black', 'political': 'neutral'}",both
178,0,3400,3770894,0,[the sentence is not offensive][because][it is a subjective opinion about two artists and contains colloquial language],0,[the sentence is not offensive][because][it is a subjective opinion about music artists],"{'race': 'black', 'political': 'liberal'}",both
179,0,3400,10166032,0,[the sentence is not offensive][because][it is a subjective opinion about two artists and contains colloquial language],0,[the sentence is not offensive][because][it is a subjective opinion about two artists],"{'race': 'black', 'political': 'neutral'}",both
180,1,1830,49021087,1,[the sentence is offensive][because][it contains hate speech and a racial slur],1,[the sentence is offensive][because][it contains a racial slur and promotes violence],"{'race': 'black', 'political': 'liberal'}",both
181,1,1830,3770894,1,[the sentence is offensive][because][it contains hate speech and a racial slur],1,[the sentence is offensive][because][it contains a racial slur and promotes violence],"{'race': 'black', 'political': 'liberal'}",both
182,1,660,10638687,1,[the sentence is offensive][because][it contains hate speech and misogynistic language],1,[the sentence is offensive][because][it contains hate speech and misogynistic language],"{'race': 'black', 'political': 'liberal'}",both
183,1,660,10166032,1,[the sentence is offensive][because][it contains hate speech and misogynistic language],1,[the sentence is offensive][because][it contains hate speech and misogynistic language],"{'race': 'black', 'political': 'neutral'}",both
184,0,2486,10166032,0,[the sentence is not offensive][because][it is a joke and the use of the word 'nude' is used in a non-explicit way],0,[the sentence is not offensive][because][it is a joke and contains a meme],"{'race': 'black', 'political': 'neutral'}",both
185,1,1576,8526465,1,[the sentence is offensive][because][it contains hate speech and makes a comparison between blm and the nazis],1,"[the sentence is offensive][because][it contains a racial slur and makes a comparison between blm and the nazis, which is a form of hate speech]","{'race': 'black', 'political': 'neutral'}",both
186,1,1576,3770894,1,[the sentence is offensive][because][it contains hate speech and makes a comparison between blm and the nazis],1,"[the sentence is offensive][because][it contains a racial slur and makes a comparison between blm and the nazis, which is a form of hate speech]","{'race': 'black', 'political': 'liberal'}",both
187,0,2394,10638687,0,[the sentence is not offensive][because][it is a political statement with a strong opinion],0,"[the sentence is not offensive][because][it is a political statement with a strong opinion, but it does not contain hate speech or explicit language]","{'race': 'black', 'political': 'liberal'}",both
188,0,2394,3088028,0,[the sentence is not offensive][because][it is a political statement with a strong opinion],0,"[the sentence is not offensive][because][it is a political statement with a strong opinion, but it does not contain hate speech or explicit language]","{'race': 'black', 'political': 'liberal'}",both
189,0,3303,70803086,0,[the sentence is not offensive][because][it is a joke and does not contain any hate or explicit language],0,[the sentence is not offensive][because][it is a joke and does not contain any hate or explicit language],"{'race': 'black', 'political': 'neutral'}",both
190,0,3303,10166032,0,[the sentence is not offensive][because][it is a joke and does not contain any hate or explicit language],0,[the sentence is not offensive][because][it is a joke and does not contain any hate or explicit language],"{'race': 'black', 'political': 'neutral'}",both
191,1,67,10638687,1,"[the sentence is offensive][because][it contains a word that is often used to describe a person who is easily upset or provoked, and is often used in a derogatory manner]",1,[the sentence is offensive][because][it conveys a stereotypical message suggesting that people of a certain group are easily upset and contains a colloquialism that can be used to describe triggering someone],"{'race': 'black', 'political': 'liberal'}",both
192,1,67,10166032,1,"[the sentence is offensive][because][it contains a word that is often used to describe a person who is easily upset or provoked, and is often used in a derogatory manner]",1,[the sentence is offensive][because][it conveys a message that is derogatory towards people with mental health issues and contains a colloquialism that is often used to describe triggering someone],"{'race': 'black', 'political': 'neutral'}",both
193,1,646,74158862,0,[the sentence is not offensive][because][it is a statement of sadness and affection for a brother],0,"[the sentence is not offensive][because][it is a message of love and support for a brother, although it contains a racial slur]","{'race': 'black', 'political': 'conservative'}",neither
194,1,3561,74158862,0,[the sentence is not offensive][because][it is a political statement and does not contain any hate speech or explicit language],0,[the sentence is not offensive][because][it is a political statement that does not contain hate speech or explicit language],"{'race': 'black', 'political': 'conservative'}",neither
195,1,142,74158862,0,[the sentence is not offensive][because][it is a subjective opinion about a public figure],0,[the sentence is not offensive][because][it is a subjective opinion about a public figure],"{'race': 'black', 'political': 'conservative'}",neither
196,0,3302,54904271,0,[the sentence is not offensive][because][it is a neutral statement about a person's appearance],0,[the sentence is not offensive][because][it is a neutral statement about a celebrity],"{'race': 'black', 'political': 'liberal'}",both
197,1,3594,41088410,0,[the sentence is not offensive][because][it is a colloquial way to express frustration about hair styling],0,[the sentence is not offensive][because][it is a colloquial way to express frustration about hair styling],"{'race': 'black', 'political': 'liberal'}",neither
198,1,3594,74158862,0,[the sentence is not offensive][because][it is a colloquial way to express frustration about hair styling],0,[the sentence is not offensive][because][it is a colloquial way to express frustration about hair styling],"{'race': 'black', 'political': 'conservative'}",neither
199,0,3412,54904271,0,[the sentence is not offensive][because][it is a personal opinion about promposals and contains colloquial language],0,[the sentence is not offensive][because][it is a personal opinion about promposals and contains colloquial language],"{'race': 'black', 'political': 'liberal'}",both
200,1,3412,74158862,0,[the sentence is not offensive][because][it is a personal opinion about promposals and contains colloquial language],0,[the sentence is not offensive][because][it is a personal opinion about promposals and contains colloquial language],"{'race': 'black', 'political': 'conservative'}",neither
201,0,3554,54904271,1,[the sentence is offensive][because][it contains a racial slur and a derogatory term for a political figure],1,[the sentence is offensive][because][it contains a racial slur and a derogatory reference to a political figure],"{'race': 'black', 'political': 'liberal'}",neither
202,1,3554,74158862,1,[the sentence is offensive][because][it contains a racial slur and a derogatory term for a political figure],1,[the sentence is offensive][because][it contains a racial slur and a derogatory reference to a political figure],"{'race': 'black', 'political': 'conservative'}",both
203,0,4,54904271,0,[the sentence is not offensive][because][it is a neutral statement about personal taste],0,[the sentence is not offensive][because][it is a neutral statement about personal taste],"{'race': 'black', 'political': 'liberal'}",both
204,1,4,74158862,0,[the sentence is not offensive][because][it is a neutral statement about personal taste],0,[the sentence is not offensive][because][it is a neutral statement about personal taste],"{'race': 'black', 'political': 'conservative'}",neither
205,0,3349,54904271,0,[the sentence is not offensive][because][it is a promotional message],0,[the sentence is not offensive][because][it is a promotional message],"{'race': 'black', 'political': 'liberal'}",both
206,0,3436,54904271,1,[the sentence is offensive][because][it contains explicit language and conveys a negative sentiment towards a group of people],1,[the sentence is offensive][because][it contains explicit language and conveys a negative sentiment towards a group of people],"{'race': 'black', 'political': 'liberal'}",neither
207,1,3436,74158862,1,[the sentence is offensive][because][it contains explicit language and conveys a negative sentiment towards a group of people],1,[the sentence is offensive][because][it contains explicit language and a negative sentiment towards a group of people],"{'race': 'black', 'political': 'conservative'}",both
208,0,2356,18991638,0,[the sentence is not offensive][because][it is a positive message of appreciation and encouragement],0,[the sentence is not offensive][because][it is a positive message of appreciation and encouragement],"{'race': 'black', 'political': 'neutral'}",both
209,0,377,54904271,1,[the sentence is offensive][because][it uses a racial slur and objectifies women],0,[the sentence is not offensive][because][it is a colloquial way to refer to friends],"{'race': 'black', 'political': 'liberal'}",race_political
210,1,377,74158862,1,[the sentence is offensive][because][it uses a racial slur and objectifies women],1,[the sentence is offensive][because][it uses a racial slur],"{'race': 'black', 'political': 'conservative'}",both
211,1,2128,74158862,1,[the sentence is offensive][because][it contains a racial slur and a derogatory comparison of a person to an animal],1,[the sentence is offensive][because][it contains a racial slur and a derogatory comparison of a black person to a monkey],"{'race': 'black', 'political': 'conservative'}",both
212,1,2128,18991638,1,[the sentence is offensive][because][it contains a racial slur and a derogatory comparison of a person to an animal],1,[the sentence is offensive][because][it contains a racial slur and a derogatory comparison of a black person to a monkey],"{'race': 'black', 'political': 'neutral'}",both
213,0,3519,54904271,0,[the sentence is not offensive][because][it is a negative comment about a game character],0,[the sentence is not offensive][because][it is a neutral statement about a video game],"{'race': 'black', 'political': 'liberal'}",both
214,1,1837,18991638,1,[the sentence is offensive][because][it contains a threat of violence and a racial slur],1,[the sentence is offensive][because][it contains a threat of violence and a racial slur],"{'race': 'black', 'political': 'neutral'}",both
215,1,1719,54904271,0,[the sentence is not offensive][because][it is a statement of support for a particular group of people],0,[the sentence is not offensive][because][it is a positive statement about the need for more white lawyers],"{'race': 'black', 'political': 'liberal'}",neither
216,1,2718,74158862,0,[the sentence is not offensive][because][it is a neutral comment about a football manager],0,[the sentence is not offensive][because][it is a neutral comment about a football manager],"{'race': 'black', 'political': 'conservative'}",neither
217,0,2718,18991638,0,[the sentence is not offensive][because][it is a neutral comment about a football manager],0,[the sentence is not offensive][because][it is a neutral comment about a football manager],"{'race': 'black', 'political': 'neutral'}",both
218,0,3415,54904271,0,[the sentence is not offensive][because][it is a casual conversation about wanting to eat donuts at 1 am],0,[the sentence is not offensive][because][it is a casual conversation about wanting to eat donuts at 1 am],"{'race': 'black', 'political': 'liberal'}",both
219,1,3415,74158862,0,[the sentence is not offensive][because][it is a casual conversation about wanting to eat donuts at 1 am],0,[the sentence is not offensive][because][it is a casual conversation about wanting to eat donuts at 1 am],"{'race': 'black', 'political': 'conservative'}",neither
220,1,2170,54904271,1,[the sentence is offensive][because][it contains hate speech and racial slurs],1,[the sentence is offensive][because][it contains hate speech and racial slurs],"{'race': 'black', 'political': 'liberal'}",both
221,1,2170,74158862,1,[the sentence is offensive][because][it contains hate speech and racial slurs],1,[the sentence is offensive][because][it contains hate speech and racial slurs],"{'race': 'black', 'political': 'conservative'}",both
222,0,3289,54904271,0,[the sentence is not offensive][because][it is a quote from a song and a post about a person's happiness],0,[the sentence is not offensive][because][it is a quote from a song and does not contain any hate speech or explicit language],"{'race': 'black', 'political': 'liberal'}",both
223,1,132,74158862,0,[the sentence is not offensive][because][it is a quote from a person discussing their own thoughts and opinions],0,[the sentence is not offensive][because][it is a neutral statement about a personal experience],"{'race': 'black', 'political': 'conservative'}",neither
224,0,132,18991638,0,[the sentence is not offensive][because][it is a quote from a person discussing their own thoughts and opinions],0,[the sentence is not offensive][because][it is a neutral statement about a personal experience],"{'race': 'black', 'political': 'neutral'}",both
225,1,2096,54904271,1,[the sentence is offensive][because][it contains hate speech and stereotypes about racial groups],1,[the sentence is offensive][because][it contains hate speech and stereotypes about black people and uses explicit language],"{'race': 'black', 'political': 'liberal'}",both
226,0,535,54904271,0,[the sentence is not offensive][because][it is an expression of frustration and does not contain hate speech or explicit language],0,[the sentence is not offensive][because][it is an expression of frustration and does not contain hate speech or explicit language],"{'race': 'black', 'political': 'liberal'}",both
227,1,535,74158862,0,[the sentence is not offensive][because][it is an expression of frustration and does not contain hate speech or explicit language],0,[the sentence is not offensive][because][it is an expression of frustration and does not contain hate speech or explicit language],"{'race': 'black', 'political': 'conservative'}",neither
228,1,1545,74158862,0,[the sentence is not offensive][because][it is a metaphorical expression of a medical treatment],0,[the sentence is not offensive][because][it is a metaphorical expression and does not contain hate speech],"{'race': 'black', 'political': 'conservative'}",neither
229,0,1545,18991638,0,[the sentence is not offensive][because][it is a metaphorical expression of a medical treatment],0,[the sentence is not offensive][because][it is a metaphorical expression and does not contain hate speech],"{'race': 'black', 'political': 'neutral'}",both
230,0,2683,54904271,1,[the sentence is offensive][because][it contains explicit language and expresses a strong negative emotion towards a group of people],0,[the sentence is not offensive][because][it is a strong expression of frustration and disappointment],"{'race': 'black', 'political': 'liberal'}",race_political
231,1,2683,74158862,1,[the sentence is offensive][because][it contains explicit language and expresses a strong negative emotion towards a group of people],0,[the sentence is not offensive][because][it is a strong expression of frustration and disappointment],"{'race': 'black', 'political': 'conservative'}",baseline
232,0,2341,54904271,0,[the sentence is not offensive][because][it is a neutral comment about the price of hockey sticks],0,[the sentence is not offensive][because][it is a neutral comment about the price of hockey sticks],"{'race': 'black', 'political': 'liberal'}",both
233,1,2341,74158862,0,[the sentence is not offensive][because][it is a neutral comment about the price of hockey sticks],0,[the sentence is not offensive][because][it is a neutral comment about the price of hockey sticks],"{'race': 'black', 'political': 'conservative'}",neither
234,1,724,54904271,1,"[the sentence is offensive][because][it contains hate speech and derogatory language towards a person's physical appearance, personality, and age]",1,"[the sentence is offensive][because][it contains hate speech and derogatory language towards a person's physical appearance, personality, and age]","{'race': 'black', 'political': 'liberal'}",both
235,1,724,74158862,1,"[the sentence is offensive][because][it contains hate speech and derogatory language towards a person's physical appearance, personality, and age]",1,[the sentence is offensive][because][it contains hate speech and derogatory language towards a person's physical appearance and personality],"{'race': 'black', 'political': 'conservative'}",both
236,1,2214,54904271,1,[the sentence is offensive][because][it contains a racial slur and uses derogatory language],1,[the sentence is offensive][because][it contains a racial slur and uses derogatory language],"{'race': 'black', 'political': 'liberal'}",both
237,1,2214,74158862,1,[the sentence is offensive][because][it contains a racial slur and uses derogatory language],1,[the sentence is offensive][because][it contains a racial slur and uses derogatory language],"{'race': 'black', 'political': 'conservative'}",both
238,1,1742,54904271,1,[the sentence is offensive][because][it promotes slavery and uses a racial slur],1,[the sentence is offensive][because][it promotes slavery and uses a racial slur],"{'race': 'black', 'political': 'liberal'}",both
239,1,1742,74158862,1,[the sentence is offensive][because][it promotes slavery and uses a racial slur],1,[the sentence is offensive][because][it promotes the idea of slavery and uses a racial slur],"{'race': 'black', 'political': 'conservative'}",both
240,1,3530,74158862,1,[the sentence is offensive][because][it contains a threat of violence and uses colloquial language that may be perceived as aggressive],1,[the sentence is offensive][because][it contains a threat of violence and uses colloquial language that may be perceived as aggressive],"{'race': 'black', 'political': 'conservative'}",both
241,1,3530,18991638,1,[the sentence is offensive][because][it contains a threat of violence and uses colloquial language that may be perceived as aggressive],1,[the sentence is offensive][because][it contains a threat of violence and uses colloquial language that may be perceived as aggressive],"{'race': 'black', 'political': 'neutral'}",both
242,1,476,18991638,0,[the sentence is not offensive][because][it is a colloquial way to express frustration],0,[the sentence is not offensive][because][it is a colloquial way to express frustration],"{'race': 'black', 'political': 'neutral'}",neither
243,0,3333,54904271,0,[the sentence is not offensive][because][it is a colloquial way to encourage someone to keep shooting],0,[the sentence is not offensive][because][it is a colloquial way to encourage someone to keep shooting],"{'race': 'black', 'political': 'liberal'}",both
244,1,3333,74158862,0,[the sentence is not offensive][because][it is a colloquial way to encourage someone to keep shooting],0,[the sentence is not offensive][because][it is a colloquial way to encourage shooting in basketball],"{'race': 'black', 'political': 'conservative'}",neither
245,1,3037,74158862,0,[the sentence is not offensive][because][it is a complaint about a phone issue],0,[the sentence is not offensive][because][it is a complaint about a phone issue],"{'race': 'black', 'political': 'conservative'}",neither
246,0,3037,10280976,0,[the sentence is not offensive][because][it is a complaint about a phone issue],0,[the sentence is not offensive][because][it is a complaint about a phone issue],"{'race': 'black', 'political': 'conservative'}",both
247,1,1347,64721988,1,[the sentence is offensive][because][it contains hate language and stereotypes about people with disabilities],1,[the sentence is offensive][because][it conveys a stereotypical message suggesting that disabled people are not sexy and contains vulgar language],"{'race': 'black', 'political': 'liberal'}",both
248,1,1347,74158862,1,[the sentence is offensive][because][it contains hate language and stereotypes about people with disabilities],1,[the sentence is offensive][because][it conveys a stereotypical message suggesting that disabled people are not sexy and contains vulgar language],"{'race': 'black', 'political': 'conservative'}",both
249,1,1624,74158862,1,[the sentence is offensive][because][it uses a racial slur and a derogatory term to describe a group of people],1,[the sentence is offensive][because][it uses a racial slur and a derogatory term to describe a group of people],"{'race': 'black', 'political': 'conservative'}",both
250,1,1624,38213573,1,[the sentence is offensive][because][it uses a racial slur and a derogatory term to describe a group of people],1,[the sentence is offensive][because][it uses a racial slur and a derogatory term to describe a group of people],"{'race': 'white', 'political': 'liberal'}",both
251,0,3513,54904271,1,[the sentence is offensive][because][it contains hate speech and derogatory language towards a person],1,[the sentence is offensive][because][it contains a racial slur and a derogatory term for a person with a mental health condition],"{'race': 'black', 'political': 'liberal'}",neither
252,1,3513,74158862,1,[the sentence is offensive][because][it contains hate speech and derogatory language towards a person],1,[the sentence is offensive][because][it contains a racial slur and a derogatory term for a person with a mental health condition],"{'race': 'black', 'political': 'conservative'}",both
253,1,3557,74158862,1,[the sentence is offensive][because][it contains a derogatory message and a threat],1,[the sentence is offensive][because][it contains a derogatory message and a threat],"{'race': 'black', 'political': 'conservative'}",both
254,0,2256,54904271,0,[the sentence is not offensive][because][it is a social media post that is a positive statement about a team],0,[the sentence is not offensive][because][it is a social media post that is not derogatory or discriminatory],"{'race': 'black', 'political': 'liberal'}",both
255,1,760,54904271,1,[the sentence is offensive][because][it promotes a conspiracy theory that is widely considered to be antisemitic],1,[the sentence is offensive][because][it promotes a conspiracy theory that is widely considered to be antisemitic],"{'race': 'black', 'political': 'liberal'}",both
256,1,760,74158862,1,[the sentence is offensive][because][it promotes a conspiracy theory that is widely considered to be antisemitic],1,[the sentence is offensive][because][it promotes a conspiracy theory that is widely considered to be antisemitic],"{'race': 'black', 'political': 'conservative'}",both
257,1,1724,54904271,1,[the sentence is offensive][because][it perpetuates a racial stereotype],1,[the sentence is offensive][because][it perpetuates a racial stereotype],"{'race': 'black', 'political': 'liberal'}",both
258,1,1824,54904271,1,[the sentence is offensive][because][it contains hate speech and racial slurs],1,[the sentence is offensive][because][it contains a racial slur and promotes violence],"{'race': 'black', 'political': 'liberal'}",both
259,1,1824,74158862,1,[the sentence is offensive][because][it contains hate speech and racial slurs],1,[the sentence is offensive][because][it contains a racial slur and promotes violence],"{'race': 'black', 'political': 'conservative'}",both
260,1,679,74158862,1,[the sentence is offensive][because][it contains a racial slur and is a derogatory term],1,[the sentence is offensive][because][it contains a racial slur and is a derogatory term],"{'race': 'black', 'political': 'conservative'}",both
261,1,679,18991638,1,[the sentence is offensive][because][it contains a racial slur and is a derogatory term],1,[the sentence is offensive][because][it contains a racial slur and is a derogatory term],"{'race': 'black', 'political': 'neutral'}",both
262,1,1530,18991638,1,[the sentence is offensive][because][it contains derogatory language towards the lgbtq+ community and promotes the spread of misinformation about hiv/aids],1,[the sentence is offensive][because][it contains derogatory language towards the lgbtq+ community and promotes the spread of misinformation about a health issue],"{'race': 'black', 'political': 'neutral'}",both
263,1,2327,74158862,0,[the sentence is not offensive][because][it is a neutral comment about a polygamous relationship],0,[the sentence is not offensive][because][it is a neutral comment about a polygamous relationship],"{'race': 'black', 'political': 'conservative'}",neither
264,0,1345,54904271,1,[the sentence is offensive][because][it contains vulgar language and derogatory term],1,[the sentence is offensive][because][it contains vulgar language and derogatory term],"{'race': 'black', 'political': 'liberal'}",neither
265,1,2912,54904271,1,[the sentence is offensive][because][it conveys a stereotypical message suggesting that black men are attracted to women of other races and contains a racial slur],1,[the sentence is offensive][because][it conveys a stereotypical message suggesting that black men are attracted to women of other races and contains a racial slur],"{'race': 'black', 'political': 'liberal'}",both
266,1,2912,74158862,1,[the sentence is offensive][because][it conveys a stereotypical message suggesting that black men are attracted to women of other races and contains a racial slur],1,[the sentence is offensive][because][it conveys a stereotypical message suggesting that black men are attracted to women of other races and contains a derogatory term for women of other races],"{'race': 'black', 'political': 'conservative'}",both
267,1,1683,74158862,0,[the sentence is not offensive][because][it is a statement of fact and does not contain hate speech or explicit language],0,[the sentence is not offensive][because][it is a statement of fact and does not contain hate speech or explicit language],"{'race': 'black', 'political': 'conservative'}",neither
268,1,1683,18991638,0,[the sentence is not offensive][because][it is a statement of fact and does not contain hate speech or explicit language],0,[the sentence is not offensive][because][it is a statement of fact and does not contain hate speech or explicit language],"{'race': 'black', 'political': 'neutral'}",neither
269,1,3356,74158862,0,[the sentence is not offensive][because][it is a sports-related conversation with a tone of frustration and sarcasm],0,[the sentence is not offensive][because][it is a sports-related conversation with a tone of excitement and frustration],"{'race': 'black', 'political': 'conservative'}",neither
270,1,2314,74158862,0,[the sentence is not offensive][because][it is a playful and lighthearted joke],0,[the sentence is not offensive][because][it is a playful and innocuous joke],"{'race': 'black', 'political': 'conservative'}",neither
271,0,2314,18991638,0,[the sentence is not offensive][because][it is a playful and lighthearted joke],0,[the sentence is not offensive][because][it is a playful and lighthearted joke],"{'race': 'black', 'political': 'neutral'}",both
272,0,3639,54904271,0,[the sentence is not offensive][because][it is a colloquial way to express frustration and admiration],0,[the sentence is not offensive][because][it is a colloquial way to express frustration and admiration],"{'race': 'black', 'political': 'liberal'}",both
273,1,3639,74158862,0,[the sentence is not offensive][because][it is a colloquial way to express frustration and admiration],0,[the sentence is not offensive][because][it is a colloquial way to express frustration and admiration],"{'race': 'black', 'political': 'conservative'}",neither
274,1,2217,54904271,1,[the sentence is offensive][because][it contains a racial slur and promotes a negative stereotype about a group of people],1,[the sentence is offensive][because][it contains a racial slur and perpetuates a negative stereotype about black people],"{'race': 'black', 'political': 'liberal'}",both
275,1,2217,74158862,1,[the sentence is offensive][because][it contains a racial slur and promotes a negative stereotype about a group of people],1,[the sentence is offensive][because][it contains a racial slur and perpetuates a negative stereotype about black people],"{'race': 'black', 'political': 'conservative'}",both
276,0,3523,54904271,0,[the sentence is not offensive][because][it is a conversation between two people about a misunderstanding and contains emojis],0,[the sentence is not offensive][because][it is a casual conversation between friends],"{'race': 'black', 'political': 'liberal'}",both
277,1,3523,74158862,0,[the sentence is not offensive][because][it is a conversation between two people about a misunderstanding and contains emojis],0,[the sentence is not offensive][because][it is a casual conversation between friends],"{'race': 'black', 'political': 'conservative'}",neither
278,0,3515,54904271,0,[the sentence is not offensive][because][it is a statement of opinion about a public figure],0,[the sentence is not offensive][because][it is a negative opinion about a public figure],"{'race': 'black', 'political': 'liberal'}",both
279,1,3515,74158862,0,[the sentence is not offensive][because][it is a statement of opinion about a public figure],0,[the sentence is not offensive][because][it is a negative opinion about a public figure],"{'race': 'black', 'political': 'conservative'}",neither
280,0,3525,54904271,1,[the sentence is offensive][because][it contains a racial slur and promotes substance abuse],0,[the sentence is not offensive][because][it is a congratulatory message to a friend],"{'race': 'black', 'political': 'liberal'}",race_political
281,0,3525,42663050,1,[the sentence is offensive][because][it contains a racial slur and promotes substance abuse],0,[the sentence is not offensive][because][it is a congratulatory message to a friend],"{'race': 'black', 'political': 'liberal'}",race_political
282,0,2668,54904271,0,[the sentence is not offensive][because][it is a casual comment about a personal experience],0,[the sentence is not offensive][because][it is a casual comment about a personal experience],"{'race': 'black', 'political': 'liberal'}",both
283,1,2668,74158862,0,[the sentence is not offensive][because][it is a casual comment about a personal experience],0,[the sentence is not offensive][because][it is a casual comment about a personal experience],"{'race': 'black', 'political': 'conservative'}",neither
284,0,3507,54904271,0,[the sentence is not offensive][because][it is a personal expression of self-doubt],0,[the sentence is not offensive][because][it is a personal expression of self-doubt],"{'race': 'black', 'political': 'liberal'}",both
285,1,3507,74158862,0,[the sentence is not offensive][because][it is a personal expression of self-doubt],0,[the sentence is not offensive][because][it is a personal expression of self-doubt],"{'race': 'black', 'political': 'conservative'}",neither
286,1,3367,74158862,0,[the sentence is not offensive][because][it is a lighthearted and playful comment about family dynamics],0,[the sentence is not offensive][because][it is a lighthearted and playful comment about family dynamics],"{'race': 'black', 'political': 'conservative'}",neither
287,0,618,40401566,1,[the sentence is offensive][because][it contains hate language and targets a specific group of people],1,[the sentence is offensive][because][it contains hate language and targets a specific group of people],"{'race': 'black', 'political': 'liberal'}",neither
288,1,618,74158862,1,[the sentence is offensive][because][it contains hate language and targets a specific group of people],1,[the sentence is offensive][because][it contains hate language and targets a specific group of people],"{'race': 'black', 'political': 'conservative'}",both
289,1,83,74158862,0,[the sentence is not offensive][because][it is a statement of opinion about a political ideology],0,[the sentence is not offensive][because][it is a political statement that does not contain hate speech or explicit language],"{'race': 'black', 'political': 'conservative'}",neither
290,0,3771,54904271,1,[the sentence is offensive][because][it contains a racial slur and a derogatory term],0,[the sentence is not offensive][because][the person is using the term 'nigga' as a term of endearment],"{'race': 'black', 'political': 'liberal'}",race_political
291,1,1583,74158862,1,[the sentence is offensive][because][it promotes a racist message and contains a threat],1,[the sentence is offensive][because][it promotes a racist message and contains a threat],"{'race': 'black', 'political': 'conservative'}",both
292,1,1583,18991638,1,[the sentence is offensive][because][it promotes a racist message and contains a threat],1,[the sentence is offensive][because][it promotes a racist message and contains a threat],"{'race': 'black', 'political': 'neutral'}",both
293,1,2093,48329056,1,[the sentence is offensive][because][it conveys a stereotypical message suggesting that women are attracted to black men and contains a derogatory term],1,[the sentence is offensive][because][it conveys a stereotypical message suggesting that black men are promiscuous and women are passive],"{'race': 'white', 'political': 'neutral'}",both
294,1,1867,54904271,1,[the sentence is offensive][because][it contains a racial slur and conveys a negative stereotype about a person's race],1,[the sentence is offensive][because][it uses a racial slur and implies that the speaker feels ashamed of their boss's race],"{'race': 'black', 'political': 'liberal'}",both
295,1,1867,74158862,1,[the sentence is offensive][because][it contains a racial slur and conveys a negative stereotype about a person's race],1,[the sentence is offensive][because][it uses a racial slur and implies that the speaker feels ashamed of their boss's race],"{'race': 'black', 'political': 'conservative'}",both
296,1,3855,74158862,1,[the sentence is offensive][because][it contains a racial slur and a derogatory term for a woman],1,[the sentence is offensive][because][it conveys a stereotypical message suggesting that women are property and contains a racial slur],"{'race': 'black', 'political': 'conservative'}",both
297,0,3220,54904271,0,[the sentence is not offensive][because][it is a statement about a personal experience and does not contain any hate speech or explicit language],1,[the sentence is offensive][because][it conveys a stereotypical message suggesting that men are not capable of cutting their own chicken and contains a subtle implication of sexism],"{'race': 'black', 'political': 'liberal'}",baseline
298,1,3220,74158862,0,[the sentence is not offensive][because][it is a statement about a personal experience and does not contain any hate speech or explicit language],1,[the sentence is offensive][because][it conveys a stereotypical message suggesting that men are not capable of cutting their own chicken and contains a subtle implication of sexism],"{'race': 'black', 'political': 'conservative'}",race_political
299,1,367,18991638,0,[the sentence is not offensive][because][it is a discussion about a song and its lyrics],0,[the sentence is not offensive][because][it is a quote from a song and a discussion about it],"{'race': 'black', 'political': 'neutral'}",neither
300,0,3450,18991638,0,[the sentence is not offensive][because][it is a question about hair braiding and the use of strong language is used in a non-threatening way],0,[the sentence is not offensive][because][it is a question about hair braiding and the use of strong language is hyperbolic and not meant to be taken literally],"{'race': 'black', 'political': 'neutral'}",both
301,1,3539,74158862,0,[the sentence is not offensive][because][it is a sports-related comment with a strong opinion],0,[the sentence is not offensive][because][it is a sports-related comment with a strong opinion],"{'race': 'black', 'political': 'conservative'}",neither
302,0,3539,18991638,0,[the sentence is not offensive][because][it is a sports-related comment with a strong opinion],0,[the sentence is not offensive][because][it is a sports-related comment with a strong opinion],"{'race': 'black', 'political': 'neutral'}",both
303,1,769,54904271,1,[the sentence is offensive][because][it contains hate speech],1,[the sentence is offensive][because][it conveys a negative stereotype about a group of people],"{'race': 'black', 'political': 'liberal'}",both
304,0,1760,54904271,1,[the sentence is offensive][because][it contains a racial slur and a colloquialism that is often used in a derogatory manner],1,[the sentence is offensive][because][it contains a racial slur and a stereotypical message],"{'race': 'black', 'political': 'liberal'}",neither
305,1,1760,74158862,1,[the sentence is offensive][because][it contains a racial slur and a colloquialism that is often used in a derogatory manner],1,[the sentence is offensive][because][it contains a racial slur and a stereotypical message],"{'race': 'black', 'political': 'conservative'}",both
306,0,1672,54904271,0,[the sentence is not offensive][because][it is a personal story about the author's experiences with racism],0,[the sentence is not offensive][because][it is a personal story about the author's experiences with racism],"{'race': 'black', 'political': 'liberal'}",both
307,1,1672,74158862,0,[the sentence is not offensive][because][it is a personal story about the author's experiences with racism],0,[the sentence is not offensive][because][it is a personal story about the author's experiences with racism],"{'race': 'black', 'political': 'conservative'}",neither
308,1,1901,18991638,1,[the sentence is offensive][because][it contains a racial slur and promotes the idea of racial superiority],1,[the sentence is offensive][because][it contains a racial slur and promotes the idea of racial superiority],"{'race': 'black', 'political': 'neutral'}",both
309,0,2958,54904271,0,[the sentence is not offensive][because][it is a personal expression of sadness and frustration],0,[the sentence is not offensive][because][it is a personal expression of sadness and frustration],"{'race': 'black', 'political': 'liberal'}",both
310,1,2958,74158862,0,[the sentence is not offensive][because][it is a personal expression of sadness and frustration],0,[the sentence is not offensive][because][it is a personal expression of sadness and frustration],"{'race': 'black', 'political': 'conservative'}",neither
311,1,1400,18991638,1,[the sentence is offensive][because][it contains hate speech and promotes a harmful stereotype about transgender people],1,[the sentence is offensive][because][it contains hate speech and promotes a harmful stereotype about transgender people],"{'race': 'black', 'political': 'neutral'}",both
312,1,1878,74158862,1,[the sentence is offensive][because][it contains a racial slur and a derogatory term for people from niger],1,[the sentence is offensive][because][it contains a racial slur and a derogatory term],"{'race': 'black', 'political': 'conservative'}",both
313,1,1878,18991638,1,[the sentence is offensive][because][it contains a racial slur and a derogatory term for people from niger],1,[the sentence is offensive][because][it contains a racial slur and a derogatory term for people from niger],"{'race': 'black', 'political': 'neutral'}",both
314,0,2398,54904271,0,[the sentence is not offensive][because][it is a call to action for a social movement],0,[the sentence is not offensive][because][it is a call to action for a social movement and does not contain any hate speech or explicit language],"{'race': 'black', 'political': 'liberal'}",both
315,1,2398,74158862,0,[the sentence is not offensive][because][it is a call to action for a social movement],0,[the sentence is not offensive][because][it is a call to action for retweeting a pinned tweet and does not contain any explicit language or hate speech],"{'race': 'black', 'political': 'conservative'}",neither
316,0,2206,74158862,1,[the sentence is offensive][because][it contains a racial slur and explicit language],1,[the sentence is offensive][because][it contains a racial slur and explicit language],"{'race': 'black', 'political': 'conservative'}",neither
317,1,2206,18991638,1,[the sentence is offensive][because][it contains a racial slur and explicit language],1,[the sentence is offensive][because][it contains a racial slur and explicit language],"{'race': 'black', 'political': 'neutral'}",both
318,0,3527,54904271,1,[the sentence is offensive][because][it contains hate speech and derogatory language],1,[the sentence is offensive][because][it contains hate language and derogatory terms],"{'race': 'black', 'political': 'liberal'}",neither
319,0,3527,74158862,1,[the sentence is offensive][because][it contains hate speech and derogatory language],1,[the sentence is offensive][because][it contains hate language and derogatory terms],"{'race': 'black', 'political': 'conservative'}",neither
320,0,3335,74158862,0,[the sentence is not offensive][because][it is a funny and playful comment],0,[the sentence is not offensive][because][it is a lighthearted and playful comment],"{'race': 'black', 'political': 'conservative'}",both
321,0,3335,18991638,0,[the sentence is not offensive][because][it is a funny and playful comment],0,[the sentence is not offensive][because][it is a funny and playful comment],"{'race': 'black', 'political': 'neutral'}",both
322,0,3585,54904271,0,[the sentence is not offensive][because][it is a boastful statement about the person's fashion sense and wealth],0,[the sentence is not offensive][because][it is a boastful statement about the person's fashion sense and wealth],"{'race': 'black', 'political': 'liberal'}",both
323,1,3585,74158862,0,[the sentence is not offensive][because][it is a boastful statement about the person's fashion sense and wealth],0,[the sentence is not offensive][because][it is a boastful statement about the person's fashion sense and wealth],"{'race': 'black', 'political': 'conservative'}",neither
324,1,1634,18991638,1,[the sentence is offensive][because][it contains a racist stereotype],1,[the sentence is offensive][because][it contains a racist stereotype],"{'race': 'black', 'political': 'neutral'}",both
325,1,2171,54904271,1,[the sentence is offensive][because][it contains hate speech and a racial slur],1,[the sentence is offensive][because][it contains hate speech and a racial slur],"{'race': 'black', 'political': 'liberal'}",both
326,1,2171,74158862,1,[the sentence is offensive][because][it contains hate speech and a racial slur],1,[the sentence is offensive][because][it contains hate speech and a racial slur],"{'race': 'black', 'political': 'conservative'}",both
327,0,3528,54904271,0,[the sentence is not offensive][because][it is a compliment to a rapper],0,[the sentence is not offensive][because][it is a compliment to a rapper and does not contain any hate speech or explicit language],"{'race': 'black', 'political': 'liberal'}",both
328,1,688,54904271,1,[the sentence is offensive][because][it contains hate speech and derogatory language towards the lgbtq community],1,[the sentence is offensive][because][it contains derogatory language and stereotypes about the lgbtq community],"{'race': 'black', 'political': 'liberal'}",both
329,1,688,74158862,1,[the sentence is offensive][because][it contains hate speech and derogatory language towards the lgbtq community],1,[the sentence is offensive][because][it contains derogatory language and stereotypes about the lgbtq community],"{'race': 'black', 'political': 'conservative'}",both
330,1,3499,74158862,0,[the sentence is not offensive][because][it is a frustrated expression of a personal opinion],0,[the sentence is not offensive][because][it is a colloquial way to express frustration],"{'race': 'black', 'political': 'conservative'}",neither
331,1,3499,18991638,0,[the sentence is not offensive][because][it is a frustrated expression of a personal opinion],0,[the sentence is not offensive][because][it is a colloquial way to express frustration],"{'race': 'black', 'political': 'neutral'}",neither
332,1,1093,54904271,1,[the sentence is offensive][because][it contains a derogatory term for a transgender person],1,[the sentence is offensive][because][it contains a derogatory term for a transgender person],"{'race': 'black', 'political': 'liberal'}",both
333,0,171,54904271,1,[the sentence is offensive][because][it contains explicit language and a derogatory term towards a specific ethnic group],1,[the sentence is offensive][because][it contains explicit language and a stereotype about jewish people],"{'race': 'black', 'political': 'liberal'}",neither
334,1,171,74158862,1,[the sentence is offensive][because][it contains explicit language and a derogatory term towards a specific ethnic group],1,[the sentence is offensive][because][it contains explicit language and a stereotype about jewish people],"{'race': 'black', 'political': 'conservative'}",both
335,0,1690,74158862,1,[the sentence is offensive][because][it contains a racial slur and promotes discrimination],1,[the sentence is offensive][because][it contains a racial slur and promotes racial intolerance],"{'race': 'black', 'political': 'conservative'}",neither
336,1,1690,18991638,1,[the sentence is offensive][because][it contains a racial slur and promotes discrimination],1,[the sentence is offensive][because][it contains a racial slur and promotes racial intolerance],"{'race': 'black', 'political': 'neutral'}",both
337,1,872,74158862,1,[the sentence is offensive][because][it contains a threat of violence and a derogatory term towards a religious group],1,[the sentence is offensive][because][it contains a threat of violence against a religious group],"{'race': 'black', 'political': 'conservative'}",both
338,1,872,18991638,1,[the sentence is offensive][because][it contains a threat of violence and a derogatory term towards a religious group],1,[the sentence is offensive][because][it contains a threat of violence and a racial slur],"{'race': 'black', 'political': 'neutral'}",both
339,1,1585,54904271,1,[the sentence is offensive][because][it contains racial slurs and stereotypes],1,[the sentence is offensive][because][it contains racial slurs and stereotypes],"{'race': 'black', 'political': 'liberal'}",both
340,1,1585,74158862,1,[the sentence is offensive][because][it contains racial slurs and stereotypes],1,[the sentence is offensive][because][it contains a racial slur and stereotypes],"{'race': 'black', 'political': 'conservative'}",both
341,1,3509,74158862,0,[the sentence is not offensive][because][it is a colloquial way to describe a person who is not emotionally invested in relationships],0,[the sentence is not offensive][because][it is a colloquial way to describe a person who is not emotionally invested in relationships],"{'race': 'black', 'political': 'conservative'}",neither
342,0,3509,48329056,0,[the sentence is not offensive][because][it is a colloquial way to describe a person who is not emotionally invested in relationships],0,[the sentence is not offensive][because][it is a colloquial way to describe someone who is not emotionally invested in a relationship],"{'race': 'white', 'political': 'neutral'}",both
343,1,1822,74158862,1,[the sentence is offensive][because][it contains a racial slur and promotes violence],1,[the sentence is offensive][because][it contains a racial slur and promotes violence against a particular racial group],"{'race': 'black', 'political': 'conservative'}",both
344,1,1822,18991638,1,[the sentence is offensive][because][it contains a racial slur and promotes violence],1,[the sentence is offensive][because][it contains a racial slur and promotes violence against a particular racial group],"{'race': 'black', 'political': 'neutral'}",both
345,0,797,54904271,0,[the sentence is not offensive][because][it is a nonsensical sentence with a playful tone],0,[the sentence is not offensive][because][it is a nonsensical sentence with no clear meaning or intent to offend],"{'race': 'black', 'political': 'liberal'}",both
346,1,797,74158862,0,[the sentence is not offensive][because][it is a nonsensical sentence with a playful tone],0,[the sentence is not offensive][because][it is a nonsensical sentence with no clear meaning or intent to offend],"{'race': 'black', 'political': 'conservative'}",neither
347,1,1375,54904271,1,[the sentence is offensive][because][it contains multiple instances of derogatory language and insults],1,[the sentence is offensive][because][it contains derogatory language and insults],"{'race': 'black', 'political': 'liberal'}",both
348,1,1375,74158862,1,[the sentence is offensive][because][it contains multiple instances of derogatory language and insults],1,[the sentence is offensive][because][it contains multiple instances of derogatory language and insults],"{'race': 'black', 'political': 'conservative'}",both
349,0,3204,54904271,1,[the sentence is offensive][because][it contains a racial slur and a derogatory term for women],1,[the sentence is offensive][because][it conveys a stereotypical message suggesting that women are possessions of men and contains colloquial language],"{'race': 'black', 'political': 'liberal'}",neither
350,1,3543,74158862,0,[the sentence is not offensive][because][it is a quote from a song and the word 'nigga' is used in a non-offensive context],0,[the sentence is not offensive][because][it is a quote from a song and the word 'nigga' is used in a non-offensive context],"{'race': 'black', 'political': 'conservative'}",neither
351,0,1501,54904271,0,[the sentence is not offensive][because][it is a statement of fact and a comparison of historical views],0,[the sentence is not offensive][because][it is a statement of fact and a comparison of historical views],"{'race': 'black', 'political': 'liberal'}",both
352,1,2141,18991638,1,[the sentence is offensive][because][it contains a racial slur and a derogatory term],1,[the sentence is offensive][because][it contains a racial slur and a derogatory term],"{'race': 'black', 'political': 'neutral'}",both
353,1,3511,18991638,1,[the sentence is offensive][because][it conveys a stereotypical message suggesting that biracial people are preferred over black people and contains a racial slur],1,[the sentence is offensive][because][it conveys a stereotypical message suggesting that biracial people are preferred over black people and contains a racial slur],"{'race': 'black', 'political': 'neutral'}",both
354,1,711,74158862,1,[the sentence is offensive][because][it contains explicit language and derogatory terms],1,[the sentence is offensive][because][it contains explicit language and derogatory terms],"{'race': 'black', 'political': 'conservative'}",both
355,1,711,18991638,1,[the sentence is offensive][because][it contains explicit language and derogatory terms],1,[the sentence is offensive][because][it contains explicit language and derogatory terms],"{'race': 'black', 'political': 'neutral'}",both
356,1,2315,74158862,1,[the sentence is offensive][because][it contains a derogatory term for people who did not vote for a particular outcome],1,[the sentence is offensive][because][it uses derogatory language to describe a group of people who did not vote in a certain way],"{'race': 'black', 'political': 'conservative'}",both
357,1,2315,18991638,1,[the sentence is offensive][because][it contains a derogatory term for people who did not vote for a particular outcome],1,[the sentence is offensive][because][it contains a derogatory term for people who did not vote for a particular outcome],"{'race': 'black', 'political': 'neutral'}",both
358,0,139,40401566,0,[the sentence is not offensive][because][it is a neutral statement about a thread],0,[the sentence is not offensive][because][it is a neutral statement about a thread],"{'race': 'black', 'political': 'liberal'}",both
359,0,139,3088028,0,[the sentence is not offensive][because][it is a neutral statement about a thread],0,[the sentence is not offensive][because][it is a neutral statement about a thread],"{'race': 'black', 'political': 'liberal'}",both
360,1,211,40401566,1,[the sentence is offensive][because][it contains a racial slur and promotes a racist ideology],1,[the sentence is offensive][because][it contains a racial slur and promotes a racist ideology],"{'race': 'black', 'political': 'liberal'}",both
361,1,211,3088028,1,[the sentence is offensive][because][it contains a racial slur and promotes a racist ideology],1,[the sentence is offensive][because][it contains a racial slur and promotes a racist ideology],"{'race': 'black', 'political': 'liberal'}",both
362,0,580,68595278,0,[the sentence is not offensive][because][it is a comment about a channel name and contains a mild expletive],0,[the sentence is not offensive][because][it is a colloquial way to express enthusiasm for a channel],"{'race': 'black', 'political': 'liberal'}",both
363,0,580,3088028,0,[the sentence is not offensive][because][it is a comment about a channel name and contains a mild expletive],0,[the sentence is not offensive][because][it is a colloquial way to express enthusiasm for a channel],"{'race': 'black', 'political': 'liberal'}",both
364,1,3681,94406863,0,"[the sentence is not offensive][because][it is a strong opinion about a celebrity, but it does not contain hate speech or explicit language]",0,[the sentence is not offensive][because][it is a subjective opinion about a celebrity and the use of the word'salty' is a colloquial expression],"{'race': 'black', 'political': 'neutral'}",neither
365,0,3681,3088028,0,"[the sentence is not offensive][because][it is a strong opinion about a celebrity, but it does not contain hate speech or explicit language]",0,[the sentence is not offensive][because][it is a subjective opinion about a celebrity and the use of the word'salty' is a colloquial expression],"{'race': 'black', 'political': 'liberal'}",both
366,1,3048,40401566,1,[the sentence is offensive][because][it contains a derogatory term for people with intellectual disabilities and uses a derogatory term for people of a certain nationality],0,[the sentence is not offensive][because][it is a joke and does not contain hate language],"{'race': 'black', 'political': 'liberal'}",baseline
367,1,1686,68595278,1,[the sentence is offensive][because][it conveys a stereotypical message suggesting that white people are inherently smarter and more educated than black people],1,[the sentence is offensive][because][it conveys a stereotypical message suggesting that white people are inherently smarter and more educated than black people],"{'race': 'black', 'political': 'liberal'}",both
368,1,1686,3088028,1,[the sentence is offensive][because][it conveys a stereotypical message suggesting that white people are inherently smarter and more educated than black people],1,[the sentence is offensive][because][it conveys a stereotypical message suggesting that white people are inherently smarter and more educated than black people],"{'race': 'black', 'political': 'liberal'}",both
369,1,4151,40401566,1,[the sentence is offensive][because][it contains derogatory language and a stereotype about women],1,[the sentence is offensive][because][it contains derogatory language and a misogynistic tone],"{'race': 'black', 'political': 'liberal'}",both
370,1,4151,3088028,1,[the sentence is offensive][because][it contains derogatory language and a stereotype about women],1,[the sentence is offensive][because][it contains derogatory language and a misogynistic tone],"{'race': 'black', 'political': 'liberal'}",both
371,0,437,40401566,0,[the sentence is not offensive][because][it promotes a message of equality and acceptance],0,[the sentence is not offensive][because][it promotes a message of equality and acceptance],"{'race': 'black', 'political': 'liberal'}",both
372,0,437,3088028,0,[the sentence is not offensive][because][it promotes a message of equality and acceptance],0,[the sentence is not offensive][because][it promotes a message of equality and acceptance],"{'race': 'black', 'political': 'liberal'}",both
373,0,3229,40401566,0,[the sentence is not offensive][because][it is a passionate statement about the wwe and its fans],0,[the sentence is not offensive][because][it is a criticism of wwe and its predictability],"{'race': 'black', 'political': 'liberal'}",both
374,0,3229,3088028,0,[the sentence is not offensive][because][it is a passionate statement about the wwe and its fans],0,[the sentence is not offensive][because][it is a criticism of wwe and its predictability],"{'race': 'black', 'political': 'liberal'}",both
375,1,3469,40401566,1,[the sentence is offensive][because][it contains a derogatory term for women],1,[the sentence is offensive][because][it conveys a stereotypical message about women and contains vulgar language],"{'race': 'black', 'political': 'liberal'}",both
376,0,3469,3088028,1,[the sentence is offensive][because][it contains a derogatory term for women],1,[the sentence is offensive][because][it conveys a stereotypical message about women and contains vulgar language],"{'race': 'black', 'political': 'liberal'}",neither
377,1,1984,40401566,1,[the sentence is offensive][because][it contains hate speech and stereotypes about a racial group],1,[the sentence is offensive][because][it contains hate speech and stereotypes about black people and the black lives matter movement],"{'race': 'black', 'political': 'liberal'}",both
378,1,1984,3088028,1,[the sentence is offensive][because][it contains hate speech and stereotypes about a racial group],1,[the sentence is offensive][because][it contains hate speech and stereotypes about black people and the black lives matter movement],"{'race': 'black', 'political': 'liberal'}",both
379,0,196,40401566,1,[the sentence is offensive][because][it contains anti-semitic language and stereotypes],1,[the sentence is offensive][because][it contains anti-semitic language and stereotypes],"{'race': 'black', 'political': 'liberal'}",neither
380,1,196,3088028,1,[the sentence is offensive][because][it contains anti-semitic language and stereotypes],1,[the sentence is offensive][because][it contains anti-semitic language and stereotypes],"{'race': 'black', 'political': 'liberal'}",both
381,1,1869,20527740,1,[the sentence is offensive][because][it promotes the use of a racial slur and contains derogatory language],1,[the sentence is offensive][because][it promotes the use of a racial slur and makes a derogatory comparison between two racial slurs],"{'race': 'black', 'political': 'liberal'}",both
382,1,1869,3088028,1,[the sentence is offensive][because][it promotes the use of a racial slur and contains derogatory language],1,[the sentence is offensive][because][it promotes the use of a racial slur and makes a derogatory comparison between two racial slurs],"{'race': 'black', 'political': 'liberal'}",both
383,1,670,1034132,1,[the sentence is offensive][because][it contains hate language and a derogatory term for a woman],1,[the sentence is offensive][because][it contains hate language and a derogatory term for a woman],"{'race': 'black', 'political': 'neutral'}",both
384,0,670,3088028,1,[the sentence is offensive][because][it contains hate language and a derogatory term for a woman],1,[the sentence is offensive][because][it contains hate language and a derogatory term for a woman],"{'race': 'black', 'political': 'liberal'}",neither
385,0,2896,40401566,0,[the sentence is not offensive][because][it is an enthusiastic and excited message about a personal experience],0,[the sentence is not offensive][because][it is a personal expression of gratitude and excitement],"{'race': 'black', 'political': 'liberal'}",both
386,0,2896,3088028,0,[the sentence is not offensive][because][it is an enthusiastic and excited message about a personal experience],0,[the sentence is not offensive][because][it is a personal expression of gratitude and excitement],"{'race': 'black', 'political': 'liberal'}",both
387,0,1599,40401566,1,[the sentence is offensive][because][it perpetuates a negative stereotype about black people],1,[the sentence is offensive][because][it perpetuates a negative stereotype about black people],"{'race': 'black', 'political': 'liberal'}",neither
388,1,1599,3088028,1,[the sentence is offensive][because][it perpetuates a negative stereotype about black people],1,[the sentence is offensive][because][it perpetuates a negative stereotype about black people],"{'race': 'black', 'political': 'liberal'}",both
389,0,3462,40401566,1,[the sentence is offensive][because][it contains derogatory language towards women],1,[the sentence is offensive][because][it contains derogatory language towards women],"{'race': 'black', 'political': 'liberal'}",neither
390,0,3462,3088028,1,[the sentence is offensive][because][it contains derogatory language towards women],1,[the sentence is offensive][because][it contains derogatory language towards women],"{'race': 'black', 'political': 'liberal'}",neither
391,0,3209,40401566,0,[the sentence is not offensive][because][it is a quote from a religious figure and does not contain any hate speech or explicit language],0,[the sentence is not offensive][because][it is a quote from a religious figure and does not contain any hate speech or explicit language],"{'race': 'black', 'political': 'liberal'}",both
392,0,3209,3088028,0,[the sentence is not offensive][because][it is a quote from a religious figure and does not contain any hate speech or explicit language],0,[the sentence is not offensive][because][it is a quote from a religious figure and does not contain any hate speech or explicit language],"{'race': 'black', 'political': 'liberal'}",both
393,0,3813,3088028,0,[the sentence is not offensive][because][it is a colloquial way to express a reaction to a situation],0,[the sentence is not offensive][because][it is a colloquial way to express a reaction to a situation],"{'race': 'black', 'political': 'liberal'}",both
394,0,3328,40401566,0,[the sentence is not offensive][because][it is a colloquial way to comment on the weather],0,[the sentence is not offensive][because][it is a colloquial way to comment on the weather],"{'race': 'black', 'political': 'liberal'}",both
395,0,3328,3088028,0,[the sentence is not offensive][because][it is a colloquial way to comment on the weather],0,[the sentence is not offensive][because][it is a colloquial way to comment on the weather],"{'race': 'black', 'political': 'liberal'}",both
396,0,2694,40401566,0,[the sentence is not offensive][because][it is a grammatically incorrect sentence with unclear meaning],0,[the sentence is not offensive][because][it is a grammatically incorrect sentence with unclear meaning],"{'race': 'black', 'political': 'liberal'}",both
397,1,1754,40401566,1,[the sentence is offensive][because][it contains a racial slur and makes a negative comparison between the two groups],1,[the sentence is offensive][because][it contains a racial slur and makes a negative comparison between the two groups],"{'race': 'black', 'political': 'liberal'}",both
398,1,1754,3088028,1,[the sentence is offensive][because][it contains a racial slur and makes a negative comparison between the two groups],1,[the sentence is offensive][because][it contains a racial slur and makes a negative comparison between the two groups],"{'race': 'black', 'political': 'liberal'}",both
399,0,3391,40401566,0,[the sentence is not offensive][because][it is a question about the future of international students and their job prospects in the us after new h1 guidelines],0,[the sentence is not offensive][because][it is a question about the future of international students and their job prospects in the us after new h1 guidelines],"{'race': 'black', 'political': 'liberal'}",both
400,0,3391,3088028,0,[the sentence is not offensive][because][it is a question about the future of international students and their job prospects in the us after new h1 guidelines],0,[the sentence is not offensive][because][it is a question about the future of international students and their job prospects in the us after new h1 guidelines],"{'race': 'black', 'political': 'liberal'}",both
401,0,3342,40401566,0,[the sentence is not offensive][because][it is a personal statement about the speaker's sexual orientation and does not contain any explicit language or hate speech],0,[the sentence is not offensive][because][it is a personal statement about the speaker's sexual orientation and does not contain any explicit language or hate speech],"{'race': 'black', 'political': 'liberal'}",both
402,0,3342,3088028,0,[the sentence is not offensive][because][it is a personal statement about the speaker's sexual orientation and does not contain any explicit language or hate speech],0,[the sentence is not offensive][because][it is a personal statement about the speaker's sexual orientation and does not contain any explicit language or hate speech],"{'race': 'black', 'political': 'liberal'}",both
403,1,1144,3088028,0,[the sentence is not offensive][because][it is a quote from a movie and the language is used in a non-offensive way],0,[the sentence is not offensive][because][it is a quote from a movie and the language is used in a non-offensive context],"{'race': 'black', 'political': 'liberal'}",neither
404,0,3234,3088028,0,[the sentence is not offensive][because][it is a humorous way to express annoyance at being ignored],0,[the sentence is not offensive][because][it is a colloquial way to express annoyance at someone who is not making an effort to communicate],"{'race': 'black', 'political': 'liberal'}",both
405,1,1863,40401566,1,[the sentence is offensive][because][it contains a racial slur and promotes violence against a racial group],1,[the sentence is offensive][because][it contains a racial slur and promotes violence against a racial group],"{'race': 'black', 'political': 'liberal'}",both
406,1,1863,3088028,1,[the sentence is offensive][because][it contains a racial slur and promotes violence against a racial group],1,[the sentence is offensive][because][it contains a racial slur and promotes violence against a racial group],"{'race': 'black', 'political': 'liberal'}",both
407,1,1355,40401566,1,"[the sentence is offensive][because][it contains hate speech, explicit language, and derogatory terms for a person's gender and sexual orientation]",1,"[the sentence is offensive][because][it contains hate speech, explicit language, and derogatory terms for sexual orientation and gender identity]","{'race': 'black', 'political': 'liberal'}",both
408,1,1355,3088028,1,"[the sentence is offensive][because][it contains hate speech, explicit language, and derogatory terms for a person's gender and sexual orientation]",1,"[the sentence is offensive][because][it contains hate speech, explicit language, and derogatory terms for sexual orientation and gender identity]","{'race': 'black', 'political': 'liberal'}",both
409,0,3378,40401566,0,[the sentence is not offensive][because][it is a casual conversation about music and personal life],0,[the sentence is not offensive][because][it is a casual conversation about music and personal life],"{'race': 'black', 'political': 'liberal'}",both
410,0,3378,3088028,0,[the sentence is not offensive][because][it is a casual conversation about music and personal life],0,[the sentence is not offensive][because][it is a casual conversation about music and personal life],"{'race': 'black', 'political': 'liberal'}",both
411,0,1531,40401566,1,[the sentence is offensive][because][it conveys a stereotypical message suggesting that black people are inherently inferior and contains a racial slur],1,[the sentence is offensive][because][it conveys a stereotypical message suggesting that black people are inherently inferior and less intelligent],"{'race': 'black', 'political': 'liberal'}",neither
412,0,1531,3088028,1,[the sentence is offensive][because][it conveys a stereotypical message suggesting that black people are inherently inferior and contains a racial slur],1,[the sentence is offensive][because][it conveys a stereotypical message suggesting that black people are inherently inferior and less intelligent],"{'race': 'black', 'political': 'liberal'}",neither
413,1,1702,40401566,1,[the sentence is offensive][because][it contains a racial stereotype and a derogatory tone],1,[the sentence is offensive][because][it contains a racial stereotype and a derogatory tone],"{'race': 'black', 'political': 'liberal'}",both
414,1,1702,3088028,1,[the sentence is offensive][because][it contains a racial stereotype and a derogatory tone],1,[the sentence is offensive][because][it contains a racial stereotype and a derogatory tone],"{'race': 'black', 'political': 'liberal'}",both
415,0,3444,40401566,0,[the sentence is not offensive][because][it is a colloquial way to describe a person's behavior],0,[the sentence is not offensive][because][it is a colloquial way to describe a person's behavior],"{'race': 'black', 'political': 'liberal'}",both
416,0,3444,3088028,0,[the sentence is not offensive][because][it is a colloquial way to describe a person's behavior],0,[the sentence is not offensive][because][it is a colloquial way to describe a person's behavior],"{'race': 'black', 'political': 'liberal'}",both
417,1,1911,40401566,1,[the sentence is offensive][because][it contains a racial slur and promotes hate speech],1,[the sentence is offensive][because][it contains a racial slur and promotes violence against a racial group],"{'race': 'black', 'political': 'liberal'}",both
418,1,1911,3088028,1,[the sentence is offensive][because][it contains a racial slur and promotes hate speech],1,[the sentence is offensive][because][it contains a racial slur and promotes violence against a racial group],"{'race': 'black', 'political': 'liberal'}",both
419,0,445,40401566,0,[the sentence is not offensive][because][it is a colloquial way to express frustration],0,[the sentence is not offensive][because][it is a colloquial way to express frustration about a messy room],"{'race': 'black', 'political': 'liberal'}",both
420,0,445,3088028,0,[the sentence is not offensive][because][it is a colloquial way to express frustration],0,[the sentence is not offensive][because][it is a colloquial way to express frustration about a messy room],"{'race': 'black', 'political': 'liberal'}",both
421,0,1832,40401566,1,[the sentence is offensive][because][it contains a racial stereotype and a derogatory depiction of a black person],1,[the sentence is offensive][because][it contains a racial stereotype and a derogatory depiction of a black person],"{'race': 'black', 'political': 'liberal'}",neither
422,0,1832,3088028,1,[the sentence is offensive][because][it contains a racial stereotype and a derogatory depiction of a black person],1,[the sentence is offensive][because][it contains a racial stereotype and a derogatory depiction of a black person],"{'race': 'black', 'political': 'liberal'}",neither
423,0,2279,40401566,0,[the sentence is not offensive][because][it is a neutral comment about a news anchor],0,[the sentence is not offensive][because][it is a political statement with no hate speech or explicit language],"{'race': 'black', 'political': 'liberal'}",both
424,0,2279,3088028,0,[the sentence is not offensive][because][it is a neutral comment about a news anchor],0,[the sentence is not offensive][because][it is a political statement with no hate speech or explicit language],"{'race': 'black', 'political': 'liberal'}",both
425,0,3218,66634158,0,[the sentence is not offensive][because][it is a philosophical statement with a colloquial tone],0,[the sentence is not offensive][because][it is a philosophical statement with a colloquial tone],"{'race': 'black', 'political': 'liberal'}",both
426,0,3218,3088028,0,[the sentence is not offensive][because][it is a philosophical statement with a colloquial tone],0,[the sentence is not offensive][because][it is a philosophical statement with a colloquial tone],"{'race': 'black', 'political': 'liberal'}",both
427,0,3301,40401566,0,[the sentence is not offensive][because][it is a casual conversation about a social media user],0,[the sentence is not offensive][because][it is a casual conversation about a social media user],"{'race': 'black', 'political': 'liberal'}",both
428,0,3301,3088028,0,[the sentence is not offensive][because][it is a casual conversation about a social media user],0,[the sentence is not offensive][because][it is a casual conversation about a social media user],"{'race': 'black', 'political': 'liberal'}",both
429,0,3544,40401566,0,[the sentence is not offensive][because][it is a story about a personal experience and does not contain any hate speech or explicit language],0,[the sentence is not offensive][because][it is a personal anecdote about a childhood experience],"{'race': 'black', 'political': 'liberal'}",both
430,0,3544,3088028,0,[the sentence is not offensive][because][it is a story about a personal experience and does not contain any hate speech or explicit language],0,[the sentence is not offensive][because][it is a personal anecdote about a childhood experience],"{'race': 'black', 'political': 'liberal'}",both
431,1,772,3088028,1,[the sentence is offensive][because][it conveys a xenophobic message],0,[the sentence is not offensive][because][it is a political statement that expresses a negative opinion about a country and its immigration policies],"{'race': 'black', 'political': 'liberal'}",baseline
432,0,2338,92851619,0,[the sentence is not offensive][because][it is a harmless comment about the weather and the author's personal preference],0,[the sentence is not offensive][because][it is a harmless statement about the weather and the author's preferences],"{'race': 'black', 'political': 'conservative'}",both
433,0,2338,3088028,0,[the sentence is not offensive][because][it is a harmless comment about the weather and the author's personal preference],0,[the sentence is not offensive][because][it is a harmless comment about the weather and the author's personal preference],"{'race': 'black', 'political': 'liberal'}",both
434,1,1586,40401566,1,[the sentence is offensive][because][it downplays the severity of the situation and uses a derogatory term to describe a person who died as a result of police brutality],1,"[the sentence is offensive][because][it downplays the severity of the george floyd riots and the systemic racism that led to his death, and uses a dismissive tone towards the black lives matter movement]","{'race': 'black', 'political': 'liberal'}",both
435,1,1586,3088028,1,[the sentence is offensive][because][it downplays the severity of the situation and uses a derogatory term to describe a person who died as a result of police brutality],1,"[the sentence is offensive][because][it downplays the severity of the george floyd riots and the systemic racism that led to his death, and uses a dismissive tone towards the black lives matter movement]","{'race': 'black', 'political': 'liberal'}",both
436,1,1853,88405986,1,[the sentence is offensive][because][it contains a racial slur],1,[the sentence is offensive][because][it contains a racial slur],"{'race': 'black', 'political': 'liberal'}",both
437,1,1853,3088028,1,[the sentence is offensive][because][it contains a racial slur],1,[the sentence is offensive][because][it contains a racial slur],"{'race': 'black', 'political': 'liberal'}",both
438,0,31,40401566,0,[the sentence is not offensive][because][it is a statement of opinion and does not contain any hate speech or explicit language],0,[the sentence is not offensive][because][it is a political statement that uses irony and sarcasm],"{'race': 'black', 'political': 'liberal'}",both
439,0,31,3088028,0,[the sentence is not offensive][because][it is a statement of opinion and does not contain any hate speech or explicit language],0,[the sentence is not offensive][because][it is a political statement that uses irony and sarcasm],"{'race': 'black', 'political': 'liberal'}",both
440,0,3914,40401566,1,[the sentence is offensive][because][it contains a derogatory term for women],1,[the sentence is offensive][because][it contains a derogatory term for women],"{'race': 'black', 'political': 'liberal'}",neither
441,0,3914,3088028,1,[the sentence is offensive][because][it contains a derogatory term for women],1,[the sentence is offensive][because][it contains a derogatory term for women],"{'race': 'black', 'political': 'liberal'}",neither
442,0,823,1034132,0,[the sentence is not offensive][because][it expresses a positive sentiment towards a specific group of people],0,[the sentence is not offensive][because][it is a neutral statement about immigration],"{'race': 'black', 'political': 'neutral'}",both
443,0,3677,3088028,1,[the sentence is offensive][because][it contains hate speech and uses derogatory language],1,[the sentence is offensive][because][it contains hate speech and uses derogatory language],"{'race': 'black', 'political': 'liberal'}",neither
444,0,1687,40401566,1,[the sentence is offensive][because][it contains a racial slur and promotes racial discrimination],1,[the sentence is offensive][because][it contains a racial slur and promotes racial stereotypes and discrimination],"{'race': 'black', 'political': 'liberal'}",neither
445,1,1687,3088028,1,[the sentence is offensive][because][it contains a racial slur and promotes racial discrimination],1,[the sentence is offensive][because][it contains a racial slur and promotes racial stereotypes and discrimination],"{'race': 'black', 'political': 'liberal'}",both
446,0,301,40401566,0,[the sentence is not offensive][because][it is a statement of fact and a personal opinion],0,[the sentence is not offensive][because][it is a statement of fact and a personal opinion],"{'race': 'black', 'political': 'liberal'}",both
447,0,301,3088028,0,[the sentence is not offensive][because][it is a statement of fact and a personal opinion],0,[the sentence is not offensive][because][it is a statement of fact and a personal opinion],"{'race': 'black', 'political': 'liberal'}",both
448,0,1714,40401566,0,[the sentence is not offensive][because][it is a statement about a hypothetical situation and does not contain any hate speech or explicit language],0,[the sentence is not offensive][because][it is a statement about a hypothetical situation and does not contain any hate speech or explicit language],"{'race': 'black', 'political': 'liberal'}",both
449,0,3491,40401566,0,[the sentence is not offensive][because][it is a statement of disagreement with a particular group and contains colloquial language],0,[the sentence is not offensive][because][it is a statement of disagreement with a particular group and contains colloquial language],"{'race': 'black', 'political': 'liberal'}",both
450,0,3491,3088028,0,[the sentence is not offensive][because][it is a statement of disagreement with a particular group and contains colloquial language],0,[the sentence is not offensive][because][it is a statement of disagreement with a particular group and contains colloquial language],"{'race': 'black', 'political': 'liberal'}",both
451,1,2188,40401566,1,[the sentence is offensive][because][it contains racial slurs and hate speech],1,[the sentence is offensive][because][it contains a racial slur and a threat],"{'race': 'black', 'political': 'liberal'}",both
452,1,2188,3088028,1,[the sentence is offensive][because][it contains racial slurs and hate speech],1,[the sentence is offensive][because][it contains a racial slur and a threat],"{'race': 'black', 'political': 'liberal'}",both
453,1,1098,40401566,1,[the sentence is offensive][because][it contains derogatory language and a threat],1,[the sentence is offensive][because][it contains derogatory language and a threat],"{'race': 'black', 'political': 'liberal'}",both
454,0,1098,3088028,1,[the sentence is offensive][because][it contains derogatory language and a threat],1,[the sentence is offensive][because][it contains derogatory language and a threat],"{'race': 'black', 'political': 'liberal'}",neither
455,1,3279,283972,1,[the sentence is offensive][because][it contains a racial slur and a derogatory statement about a woman's ability to get pregnant],1,[the sentence is offensive][because][it contains a racial slur and a stereotype about black women],"{'race': 'black', 'political': 'liberal'}",both
456,1,3279,3088028,1,[the sentence is offensive][because][it contains a racial slur and a derogatory statement about a woman's ability to get pregnant],1,[the sentence is offensive][because][it contains a racial slur and a stereotype about black women],"{'race': 'black', 'political': 'liberal'}",both
457,1,3535,40401566,1,[the sentence is offensive][because][it contains derogatory language towards the lgbtq+ community and makes a personal attack],1,[the sentence is offensive][because][it contains derogatory language towards the lgbtq+ community and uses a derogatory term for a gay man],"{'race': 'black', 'political': 'liberal'}",both
458,0,3535,3088028,1,[the sentence is offensive][because][it contains derogatory language towards the lgbtq+ community and makes a personal attack],1,[the sentence is offensive][because][it contains derogatory language towards the lgbtq+ community and uses a derogatory term for a gay man],"{'race': 'black', 'political': 'liberal'}",neither
459,1,1476,68595278,1,"[the sentence is offensive][because][it contains hate speech and stereotypes against afro, spic, and jew communities]",1,"[the sentence is offensive][because][it contains hate speech and stereotypes against afro, spic, and jew communities]","{'race': 'black', 'political': 'liberal'}",both
460,1,1476,3088028,1,"[the sentence is offensive][because][it contains hate speech and stereotypes against afro, spic, and jew communities]",1,"[the sentence is offensive][because][it contains hate speech and stereotypes against afro, spic, and jew communities]","{'race': 'black', 'political': 'liberal'}",both
461,1,3873,40401566,1,[the sentence is offensive][because][it contains a racial slur and promotes hate],1,[the sentence is offensive][because][it uses a racial slur and promotes hate],"{'race': 'black', 'political': 'liberal'}",both
462,1,3873,3088028,1,[the sentence is offensive][because][it contains a racial slur and promotes hate],1,[the sentence is offensive][because][it uses a racial slur and promotes hate],"{'race': 'black', 'political': 'liberal'}",both
463,1,1588,3088028,0,[the sentence is not offensive][because][it is a neutral question about the impact of the civil rights movement],0,"[the sentence is not offensive][because][it is a neutral question about the impact of the civil rights movement, but it contains a subtle implication of racism being a problem only for some people]","{'race': 'black', 'political': 'liberal'}",neither
464,1,3963,40401566,1,[the sentence is offensive][because][it contains a racial slur and a derogatory term],0,[the sentence is not offensive][because][it is a personal anecdote and does not contain hate speech],"{'race': 'black', 'political': 'liberal'}",baseline
465,0,3963,3088028,1,[the sentence is offensive][because][it contains a racial slur and a derogatory term],0,[the sentence is not offensive][because][it is a personal anecdote and does not contain hate speech],"{'race': 'black', 'political': 'liberal'}",race_political
466,0,2829,94406863,0,"[the sentence is not offensive][because][it is a political statement with a strong opinion, but it does not contain hate speech or explicit language]",0,[the sentence is not offensive][because][it is a political statement with a neutral tone],"{'race': 'black', 'political': 'neutral'}",both
467,0,2829,3088028,0,"[the sentence is not offensive][because][it is a political statement with a strong opinion, but it does not contain hate speech or explicit language]",0,"[the sentence is not offensive][because][it is a political commentary with a strong opinion, but it does not contain hate speech or explicit language]","{'race': 'black', 'political': 'liberal'}",both
468,0,3313,40401566,0,"[the sentence is not offensive][because][it is a casual, self-deprecating comment about one's hairstyle]",0,"[the sentence is not offensive][because][it is a casual, self-deprecating comment about one's hairstyle]","{'race': 'black', 'political': 'liberal'}",both
469,0,3313,3088028,0,"[the sentence is not offensive][because][it is a casual, self-deprecating comment about one's hairstyle]",0,"[the sentence is not offensive][because][it is a casual, self-deprecating comment about one's hairstyle]","{'race': 'black', 'political': 'liberal'}",both
470,1,1811,40401566,1,[the sentence is offensive][because][it contains hate speech and uses derogatory language to describe a group of people],1,[the sentence is offensive][because][it contains hate speech and uses derogatory language to describe a group of people],"{'race': 'black', 'political': 'liberal'}",both
471,1,1811,3088028,1,[the sentence is offensive][because][it contains hate speech and uses derogatory language to describe a group of people],1,[the sentence is offensive][because][it contains hate speech and uses derogatory language to describe a group of people],"{'race': 'black', 'political': 'liberal'}",both
472,1,1809,68595278,1,[the sentence is offensive][because][it contains hate speech and derogatory language],1,[the sentence is offensive][because][it contains a racial slur and derogatory language],"{'race': 'black', 'political': 'liberal'}",both
473,0,3212,40401566,0,[the sentence is not offensive][because][it is a comment about a reality tv show and does not contain any hate speech or explicit language],0,[the sentence is not offensive][because][it is a comment about a reality tv show and does not contain any hate speech or explicit language],"{'race': 'black', 'political': 'liberal'}",both
474,0,3212,3088028,0,[the sentence is not offensive][because][it is a comment about a reality tv show and does not contain any hate speech or explicit language],0,[the sentence is not offensive][because][it is a comment about a reality tv show and does not contain any hate speech or explicit language],"{'race': 'black', 'political': 'liberal'}",both
475,1,1422,1213485,1,[the sentence is offensive][because][it contains derogatory language towards women and promotes a misogynistic view],1,[the sentence is offensive][because][it contains misogynistic language and stereotypes about women's behavior and contains explicit language],"{'race': 'white', 'political': 'liberal'}",both
476,1,1597,3088028,0,[the sentence is not offensive][because][it is a political statement that expresses skepticism about the democratic process],1,[the sentence is offensive][because][it contains a racial slur and implies that black people are angry and can decide the outcome of an election],"{'race': 'black', 'political': 'liberal'}",race_political
477,1,770,40401566,1,[the sentence is offensive][because][it is a derogatory term for a group of people],1,[the sentence is offensive][because][it is a derogatory term for a group of people],"{'race': 'black', 'political': 'liberal'}",both
478,1,770,3088028,1,[the sentence is offensive][because][it is a derogatory term for a group of people],1,[the sentence is offensive][because][it is a derogatory term for a group of people],"{'race': 'black', 'political': 'liberal'}",both
479,0,3307,40401566,1,[the sentence is offensive][because][it contains hate language and a threat],0,[the sentence is not offensive][because][it is a colloquial way to express disagreement and frustration],"{'race': 'black', 'political': 'liberal'}",race_political
480,0,3307,3088028,1,[the sentence is offensive][because][it contains hate language and a threat],0,[the sentence is not offensive][because][it is a colloquial way to express disagreement and frustration],"{'race': 'black', 'political': 'liberal'}",race_political
481,0,3538,40532203,0,[the sentence is not offensive][because][it is a personal preference expressed in a non-threatening way],0,[the sentence is not offensive][because][it is a complaint about a specific type of post on social media],"{'race': 'black', 'political': 'liberal'}",both
482,1,3538,3088028,0,[the sentence is not offensive][because][it is a personal preference expressed in a non-threatening way],0,[the sentence is not offensive][because][it is a complaint about a specific type of post on social media],"{'race': 'black', 'political': 'liberal'}",neither
483,0,3493,68595278,0,[the sentence is not offensive][because][it is a boastful statement with a competitive tone],0,[the sentence is not offensive][because][it is a boastful statement with a competitive tone],"{'race': 'black', 'political': 'liberal'}",both
484,0,3493,3088028,0,[the sentence is not offensive][because][it is a boastful statement with a competitive tone],0,[the sentence is not offensive][because][it is a boastful statement with a competitive tone],"{'race': 'black', 'political': 'liberal'}",both
485,1,3751,40401566,1,[the sentence is offensive][because][it trivializes rape and contains a question that implies that rape is a sexual experience],1,[the sentence is offensive][because][it trivializes rape and contains a question that implies the victim is responsible for their own sexual pleasure],"{'race': 'black', 'political': 'liberal'}",both
486,0,3751,3088028,1,[the sentence is offensive][because][it trivializes rape and contains a question that implies that rape is a sexual experience],1,[the sentence is offensive][because][it trivializes rape and contains a question that implies the victim is responsible for their own sexual pleasure],"{'race': 'black', 'political': 'liberal'}",neither
487,0,3441,3088028,0,[the sentence is not offensive][because][it is a playful and flirtatious message],0,[the sentence is not offensive][because][it is a playful and flirtatious message],"{'race': 'black', 'political': 'liberal'}",both
488,1,690,40401566,1,[the sentence is offensive][because][it contains hate speech and derogatory language towards racial and sexual minorities],1,"[the sentence is offensive][because][it contains hate speech and derogatory language towards two groups of people, and also includes personal insults]","{'race': 'black', 'political': 'liberal'}",both
489,0,690,3088028,1,[the sentence is offensive][because][it contains hate speech and derogatory language towards racial and sexual minorities],1,"[the sentence is offensive][because][it contains hate speech and derogatory language towards two groups of people, and also includes personal insults]","{'race': 'black', 'political': 'liberal'}",neither
490,0,924,40401566,1,[the sentence is offensive][because][it conveys a stereotypical message suggesting that women use their bodies to trap men into having babies],1,[the sentence is offensive][because][it conveys a stereotypical message suggesting that women use their bodies to trap men into having babies],"{'race': 'black', 'political': 'liberal'}",neither
491,1,924,3088028,1,[the sentence is offensive][because][it conveys a stereotypical message suggesting that women use their bodies to trap men into having babies],1,[the sentence is offensive][because][it conveys a stereotypical message suggesting that women use their bodies to trap men into having babies],"{'race': 'black', 'political': 'liberal'}",both
492,1,1564,68595278,1,[the sentence is offensive][because][it promotes the use of a racial slur],1,[the sentence is offensive][because][it promotes the use of a racial slur],"{'race': 'black', 'political': 'liberal'}",both
493,1,1564,3088028,1,[the sentence is offensive][because][it promotes the use of a racial slur],1,[the sentence is offensive][because][it promotes the use of a racial slur],"{'race': 'black', 'political': 'liberal'}",both
494,0,3568,40401566,0,[the sentence is not offensive][because][it is a reaction to a tv show],0,[the sentence is not offensive][because][it is a reaction to a tv show],"{'race': 'black', 'political': 'liberal'}",both
495,0,3568,3088028,0,[the sentence is not offensive][because][it is a reaction to a tv show],0,[the sentence is not offensive][because][it is a reaction to a tv show],"{'race': 'black', 'political': 'liberal'}",both
496,1,651,40401566,1,[the sentence is offensive][because][it contains hate speech and derogatory language],1,[the sentence is offensive][because][it contains a homophobic slur and a threat],"{'race': 'black', 'political': 'liberal'}",both
497,1,883,3088028,1,[the sentence is offensive][because][it contains a threat and a racial slur],1,[the sentence is offensive][because][it contains a threat and a racial slur],"{'race': 'black', 'political': 'liberal'}",both
498,1,883,5701760,1,[the sentence is offensive][because][it contains a threat and a racial slur],1,[the sentence is offensive][because][it contains a threat and a racial slur],"{'race': 'black', 'political': 'neutral'}",both
499,1,4106,40401566,1,[the sentence is offensive][because][it contains a racial slur and a derogatory term for a person from a community],1,[the sentence is offensive][because][it contains a racial slur and a derogatory term for a community member],"{'race': 'black', 'political': 'liberal'}",both
500,1,3009,40401566,1,[the sentence is offensive][because][it contains explicit language and makes a personal attack on a character],0,[the sentence is not offensive][because][it is a strong opinion about a character in a tv show],"{'race': 'black', 'political': 'liberal'}",baseline
501,0,2417,40401566,0,[the sentence is not offensive][because][it is a joke and does not contain any hate speech or explicit language],0,[the sentence is not offensive][because][it is a joke and does not contain any hate speech],"{'race': 'black', 'political': 'liberal'}",both
502,0,2417,3088028,0,[the sentence is not offensive][because][it is a joke and does not contain any hate speech or explicit language],0,[the sentence is not offensive][because][it is a joke and does not contain any hate speech],"{'race': 'black', 'political': 'liberal'}",both
503,1,840,94406863,1,[the sentence is offensive][because][it generalizes a group of people based on their religion and contains a negative stereotype],1,[the sentence is offensive][because][it generalizes a group of people based on their religion and contains a negative stereotype],"{'race': 'black', 'political': 'neutral'}",both
504,1,840,3088028,1,[the sentence is offensive][because][it generalizes a group of people based on their religion and contains a negative stereotype],1,[the sentence is offensive][because][it makes a generalization about a group of people based on their religion],"{'race': 'black', 'political': 'liberal'}",both
505,1,1717,40401566,1,[the sentence is offensive][because][it contains a racial slur and a derogatory term],1,[the sentence is offensive][because][it contains a racial slur and a derogatory message],"{'race': 'black', 'political': 'liberal'}",both
506,1,1717,3088028,1,[the sentence is offensive][because][it contains a racial slur and a derogatory term],1,[the sentence is offensive][because][it contains a racial slur and a derogatory message],"{'race': 'black', 'political': 'liberal'}",both
507,0,766,68595278,0,[the sentence is not offensive][because][it is a neutral statement about moving to a different country],0,[the sentence is not offensive][because][it is a neutral statement about moving to a country and the importance of understanding the culture],"{'race': 'black', 'political': 'liberal'}",both
508,0,766,3088028,0,[the sentence is not offensive][because][it is a neutral statement about moving to a different country],0,[the sentence is not offensive][because][it is a neutral statement about moving to a country and the importance of understanding the culture],"{'race': 'black', 'political': 'liberal'}",both
509,1,3796,40401566,0,[the sentence is not offensive][because][it is a colloquial expression used to describe a close friend],0,[the sentence is not offensive][because][it is a colloquial expression used to describe a close friend],"{'race': 'black', 'political': 'liberal'}",neither
510,0,3796,3088028,0,[the sentence is not offensive][because][it is a colloquial expression used to describe a close friend],0,[the sentence is not offensive][because][it is a colloquial expression used to describe a close friend],"{'race': 'black', 'political': 'liberal'}",both
511,1,1611,40401566,1,[the sentence is offensive][because][it contains a graphic and explicit description of sexual violence],1,[the sentence is offensive][because][it contains a sexual assault scenario and uses derogatory language towards women],"{'race': 'black', 'political': 'liberal'}",both
512,1,1611,3088028,1,[the sentence is offensive][because][it contains a graphic and explicit description of sexual violence],1,[the sentence is offensive][because][it contains a sexual assault scenario and uses derogatory language towards women],"{'race': 'black', 'political': 'liberal'}",both
513,1,1652,40401566,1,[the sentence is offensive][because][it contains a racial slur and implies that black people are treated unfairly by the police],1,[the sentence is offensive][because][it implies that black people are more likely to be treated poorly by the police],"{'race': 'black', 'political': 'liberal'}",both
514,1,1652,3088028,1,[the sentence is offensive][because][it contains a racial slur and implies that black people are treated unfairly by the police],1,[the sentence is offensive][because][it implies that black people are more likely to be treated poorly by the police],"{'race': 'black', 'political': 'liberal'}",both
515,0,60,40401566,0,[the sentence is not offensive][because][it is a neutral statement about population statistics],0,[the sentence is not offensive][because][it is a neutral comment about a political topic],"{'race': 'black', 'political': 'liberal'}",both
516,0,60,3088028,0,[the sentence is not offensive][because][it is a neutral statement about population statistics],0,[the sentence is not offensive][because][it is a neutral comment about a political topic],"{'race': 'black', 'political': 'liberal'}",both
517,1,2157,40401566,1,[the sentence is offensive][because][it contains hate speech and a racial slur],1,[the sentence is offensive][because][it contains hate speech and a racial slur],"{'race': 'black', 'political': 'liberal'}",both
518,0,804,40401566,1,[the sentence is offensive][because][it contains a derogatory term and promotes a discriminatory and inhumane idea],1,[the sentence is offensive][because][it contains a derogatory term and promotes a discriminatory idea],"{'race': 'black', 'political': 'liberal'}",neither
519,1,804,3088028,1,[the sentence is offensive][because][it contains a derogatory term and promotes a discriminatory and inhumane idea],1,[the sentence is offensive][because][it contains a derogatory term and promotes a discriminatory idea],"{'race': 'black', 'political': 'liberal'}",both
520,1,1681,40401566,1,[the sentence is offensive][because][it contains a racial stereotype and a derogatory tone],1,[the sentence is offensive][because][it implies that black people are less intelligent than others],"{'race': 'black', 'political': 'liberal'}",both
521,1,1681,3088028,1,[the sentence is offensive][because][it contains a racial stereotype and a derogatory tone],1,[the sentence is offensive][because][it implies that black people are less intelligent than others],"{'race': 'black', 'political': 'liberal'}",both
522,1,2047,40401566,0,[the sentence is not offensive][because][it is a personal anecdote about a mother's advice and does not contain hate speech or explicit language],0,[the sentence is not offensive][because][it is a personal anecdote about a mother's advice and does not contain hate speech or explicit language],"{'race': 'black', 'political': 'liberal'}",neither
523,0,2047,3088028,0,[the sentence is not offensive][because][it is a personal anecdote about a mother's advice and does not contain hate speech or explicit language],0,[the sentence is not offensive][because][it is a personal anecdote about a mother's advice and does not contain hate speech or explicit language],"{'race': 'black', 'political': 'liberal'}",both
524,1,365,40401566,1,[the sentence is offensive][because][it contains hate speech and derogatory language],1,[the sentence is offensive][because][it contains hate speech and derogatory language towards a person and their pets],"{'race': 'black', 'political': 'liberal'}",both
525,0,365,3088028,1,[the sentence is offensive][because][it contains hate speech and derogatory language],1,[the sentence is offensive][because][it contains hate speech and derogatory language towards a person and their pets],"{'race': 'black', 'political': 'liberal'}",neither
526,1,1547,40401566,1,[the sentence is offensive][because][it promotes violence and hate speech against a racial group],1,[the sentence is offensive][because][it promotes violence and racism against the black community],"{'race': 'black', 'political': 'liberal'}",both
527,1,1547,3088028,1,[the sentence is offensive][because][it promotes violence and hate speech against a racial group],1,[the sentence is offensive][because][it promotes violence and racism against the black community],"{'race': 'black', 'political': 'liberal'}",both
528,1,2147,68595278,1,"[the sentence is offensive][because][it contains multiple instances of hate speech, including a racial slur and derogatory language towards a religion]",1,"[the sentence is offensive][because][it contains multiple instances of hate speech, including a racial slur and derogatory language towards a religion]","{'race': 'black', 'political': 'liberal'}",both
529,0,2147,3088028,1,"[the sentence is offensive][because][it contains multiple instances of hate speech, including a racial slur and derogatory language towards a religion]",1,"[the sentence is offensive][because][it contains multiple instances of hate speech, including a racial slur and derogatory language towards a religion]","{'race': 'black', 'political': 'liberal'}",neither
530,1,2173,40401566,1,[the sentence is offensive][because][it promotes the use of a racial slur],1,[the sentence is offensive][because][it promotes the use of a racial slur and contains explicit language],"{'race': 'black', 'political': 'liberal'}",both
531,1,2173,3088028,1,[the sentence is offensive][because][it promotes the use of a racial slur],1,[the sentence is offensive][because][it promotes the use of a racial slur and contains explicit language],"{'race': 'black', 'political': 'liberal'}",both
532,0,1685,40401566,1,[the sentence is offensive][because][it contains derogatory language and a racial slur],1,[the sentence is offensive][because][it contains a racial slur and derogatory language],"{'race': 'black', 'political': 'liberal'}",neither
533,1,1685,3088028,1,[the sentence is offensive][because][it contains derogatory language and a racial slur],1,[the sentence is offensive][because][it contains a racial slur and derogatory language],"{'race': 'black', 'political': 'liberal'}",both
534,0,2454,10638687,1,[the sentence is offensive][because][it contains explicit language],1,[the sentence is offensive][because][it contains explicit language],"{'race': 'black', 'political': 'liberal'}",neither
535,0,2454,8526465,1,[the sentence is offensive][because][it contains explicit language],1,[the sentence is offensive][because][it contains explicit language],"{'race': 'black', 'political': 'neutral'}",neither
536,1,264,8526465,0,[the sentence is not offensive][because][the person is using the word to refer to its original meaning and not as a racial slur],0,[the sentence is not offensive][because][it is an attempt to reclaim the racial slur 'n-word' and use it in a neutral context],"{'race': 'black', 'political': 'neutral'}",neither
537,1,1790,10638687,1,[the sentence is offensive][because][it promotes a racial slur and a message of hate],1,[the sentence is offensive][because][it is a hate speech],"{'race': 'black', 'political': 'liberal'}",both
538,1,1790,8526465,1,[the sentence is offensive][because][it promotes a racial slur and a message of hate],1,[the sentence is offensive][because][it uses a racial slur and promotes a message of hate],"{'race': 'black', 'political': 'neutral'}",both
539,0,3286,3088028,1,[the sentence is offensive][because][it contains a derogatory term for an older woman],1,[the sentence is offensive][because][it contains a derogatory term for an older woman],"{'race': 'black', 'political': 'liberal'}",neither
540,1,3157,27672101,1,[the sentence is offensive][because][it contains derogatory language towards people with disabilities and explicit language],1,[the sentence is offensive][because][it contains derogatory language towards people with disabilities and explicit language],"{'race': 'black', 'political': 'liberal'}",both
541,0,3157,8526465,1,[the sentence is offensive][because][it contains derogatory language towards people with disabilities and explicit language],1,[the sentence is offensive][because][it contains derogatory language towards people with disabilities and explicit language],"{'race': 'black', 'political': 'neutral'}",neither
542,0,3338,10638687,0,[the sentence is not offensive][because][it is a nonsensical and confusing text that does not convey any clear message or intent],0,[the sentence is not offensive][because][it is a nonsensical and confusing text that does not convey any clear message or intent],"{'race': 'black', 'political': 'liberal'}",both
543,0,3338,8526465,0,[the sentence is not offensive][because][it is a nonsensical and confusing text that does not convey any clear message or intent],0,[the sentence is not offensive][because][it is a nonsensical and confusing text that does not contain any hate speech or explicit language],"{'race': 'black', 'political': 'neutral'}",both
544,1,1642,24252197,1,[the sentence is offensive][because][it contains hate speech and derogatory language towards a particular group of people],1,[the sentence is offensive][because][it contains a racial slur and promotes a derogatory view of a racial group],"{'race': 'black', 'political': 'liberal'}",both
545,1,1642,27672101,1,[the sentence is offensive][because][it contains hate speech and derogatory language towards a particular group of people],1,[the sentence is offensive][because][it contains a racial slur and promotes a derogatory view of a racial group],"{'race': 'black', 'political': 'liberal'}",both
546,0,77,10638687,0,[the sentence is not offensive][because][it promotes awareness and understanding of the issue of abuse],0,[the sentence is not offensive][because][it promotes awareness and understanding of the issue of abuse],"{'race': 'black', 'political': 'liberal'}",both
547,0,77,24252197,0,[the sentence is not offensive][because][it promotes awareness and understanding of the issue of abuse],0,[the sentence is not offensive][because][it promotes awareness and understanding of the issue of abuse],"{'race': 'black', 'political': 'liberal'}",both
548,1,3556,10638687,1,[the sentence is offensive][because][it contains a derogatory term for sex workers and a misogynistic comment],1,[the sentence is offensive][because][it contains a derogatory term for sex workers and a misogynistic tone],"{'race': 'black', 'political': 'liberal'}",both
549,0,3556,8526465,1,[the sentence is offensive][because][it contains a derogatory term for sex workers and a misogynistic comment],1,[the sentence is offensive][because][it contains a derogatory term for sex workers and a misogynistic tone],"{'race': 'black', 'political': 'neutral'}",neither
550,0,3340,10638687,0,[the sentence is not offensive][because][it is a casual conversation between two people],0,[the sentence is not offensive][because][it is a casual conversation between two people],"{'race': 'black', 'political': 'liberal'}",both
551,0,3340,10166032,0,[the sentence is not offensive][because][it is a casual conversation between two people],0,[the sentence is not offensive][because][it is a casual conversation between two people],"{'race': 'black', 'political': 'neutral'}",both
552,1,2807,10638687,1,[the sentence is offensive][because][it contains hate speech and derogatory language towards a public figure and his wife],0,"[the sentence is not offensive][because][it is a political statement with a strong opinion, but it does not contain hate speech or explicit language]","{'race': 'black', 'political': 'liberal'}",baseline
553,1,2807,10166032,1,[the sentence is offensive][because][it contains hate speech and derogatory language towards a public figure and his wife],0,"[the sentence is not offensive][because][it is a political statement with a strong opinion, but it does not contain hate speech or explicit language]","{'race': 'black', 'political': 'neutral'}",baseline
554,0,459,10638687,0,[the sentence is not offensive][because][it is an expression of frustration],0,[the sentence is not offensive][because][it is a colloquial way to express frustration],"{'race': 'black', 'political': 'liberal'}",both
555,1,459,27672101,0,[the sentence is not offensive][because][it is an expression of frustration],0,[the sentence is not offensive][because][it is a colloquial way to express frustration],"{'race': 'black', 'political': 'liberal'}",neither
556,1,2186,10638687,1,"[the sentence is offensive][because][it contains hate speech and racial slurs, and dehumanizes a group of people]",1,"[the sentence is offensive][because][it contains hate speech and racial slurs, and dehumanizes a group of people]","{'race': 'black', 'political': 'liberal'}",both
557,1,2186,8526465,1,"[the sentence is offensive][because][it contains hate speech and racial slurs, and dehumanizes a group of people]",1,"[the sentence is offensive][because][it contains hate speech and racial slurs, and dehumanizes a group of people]","{'race': 'black', 'political': 'neutral'}",both
558,1,3552,27672101,1,[the sentence is offensive][because][it contains explicit language],1,[the sentence is offensive][because][it contains explicit language and hate speech],"{'race': 'black', 'political': 'liberal'}",both
559,0,3552,8526465,1,[the sentence is offensive][because][it contains explicit language],1,[the sentence is offensive][because][it contains explicit language and hate speech],"{'race': 'black', 'political': 'neutral'}",neither
560,0,85,27672101,0,[the sentence is not offensive][because][it is a peaceful message from a religious group],0,[the sentence is not offensive][because][it is a peaceful message from a religious group],"{'race': 'black', 'political': 'liberal'}",both
561,0,85,8526465,0,[the sentence is not offensive][because][it is a peaceful message from a religious group],0,[the sentence is not offensive][because][it is a peaceful message from a religious group],"{'race': 'black', 'political': 'neutral'}",both
562,1,2853,10638687,0,[the sentence is not offensive][because][it is a strong expression of disappointment but does not contain hate speech or explicit language],0,[the sentence is not offensive][because][it is a sports-related comment with a strong expression of disappointment],"{'race': 'black', 'political': 'liberal'}",neither
563,0,2853,8526465,0,[the sentence is not offensive][because][it is a strong expression of disappointment but does not contain hate speech or explicit language],0,[the sentence is not offensive][because][it is a sports-related comment with a strong expression of disappointment],"{'race': 'black', 'political': 'neutral'}",both
564,1,853,10638687,1,[the sentence is offensive][because][it implies that a child's desire to express their gender identity is unacceptable and may be met with punishment],1,[the sentence is offensive][because][it implies that a child's gender identity is not to be respected and contains a threat],"{'race': 'black', 'political': 'liberal'}",both
565,0,853,24252197,1,[the sentence is offensive][because][it implies that a child's desire to express their gender identity is unacceptable and may be met with punishment],1,[the sentence is offensive][because][it implies that a child's gender identity is not to be respected and contains a threat],"{'race': 'black', 'political': 'liberal'}",neither
566,1,1631,10638687,1,[the sentence is offensive][because][it contains a racial slur and makes a derogatory comment about a physical characteristic],1,[the sentence is offensive][because][it contains a racial slur and makes a derogatory comment about a physical characteristic],"{'race': 'black', 'political': 'liberal'}",both
567,1,1631,8526465,1,[the sentence is offensive][because][it contains a racial slur and makes a derogatory comment about a physical characteristic],1,[the sentence is offensive][because][it contains a racial slur and makes a derogatory comment about a physical characteristic],"{'race': 'black', 'political': 'neutral'}",both
568,0,2260,10638687,0,[the sentence is not offensive][because][it is a neutral description of a situation],0,[the sentence is not offensive][because][it is a neutral description of a situation],"{'race': 'black', 'political': 'liberal'}",both
569,1,2260,8526465,0,[the sentence is not offensive][because][it is a neutral description of a situation],0,[the sentence is not offensive][because][it is a neutral description of a situation],"{'race': 'black', 'political': 'neutral'}",neither
570,1,1424,10638687,1,[the sentence is offensive][because][it contains hate speech and anti-semitic language],1,[the sentence is offensive][because][it contains hate speech and uses derogatory language towards a specific ethnic group],"{'race': 'black', 'political': 'liberal'}",both
571,1,1424,10166032,1,[the sentence is offensive][because][it contains hate speech and anti-semitic language],1,[the sentence is offensive][because][it contains hate speech and uses derogatory language towards a specific ethnic group],"{'race': 'black', 'political': 'neutral'}",both
572,1,2146,10638687,1,[the sentence is offensive][because][it contains hate speech and explicit language],1,[the sentence is offensive][because][it contains hate speech and uses multiple racial slurs],"{'race': 'black', 'political': 'liberal'}",both
573,1,2146,8526465,1,[the sentence is offensive][because][it contains hate speech and explicit language],1,[the sentence is offensive][because][it contains hate speech and uses multiple racial slurs],"{'race': 'black', 'political': 'neutral'}",both
574,1,3807,10638687,1,[the sentence is offensive][because][it contains derogatory language and stereotypes about women and people from the hood],1,[the sentence is offensive][because][it contains derogatory language and stereotypes about women and people from the hood],"{'race': 'black', 'political': 'liberal'}",both
575,1,3807,27672101,1,[the sentence is offensive][because][it contains derogatory language and stereotypes about women and people from the hood],1,[the sentence is offensive][because][it contains derogatory language and stereotypes about women and people from the hood],"{'race': 'black', 'political': 'liberal'}",both
576,0,1536,24252197,0,[the sentence is not offensive][because][it is a neutral statement about sneakers],0,[the sentence is not offensive][because][it is a neutral statement about sneakers],"{'race': 'black', 'political': 'liberal'}",both
577,1,1536,8526465,0,[the sentence is not offensive][because][it is a neutral statement about sneakers],0,[the sentence is not offensive][because][it is a neutral statement about sneakers],"{'race': 'black', 'political': 'neutral'}",neither
578,1,1988,10638687,1,[the sentence is offensive][because][it contains racial slurs and stereotypes],1,[the sentence is offensive][because][it contains racial slurs and stereotypes],"{'race': 'black', 'political': 'liberal'}",both
579,1,3406,10638687,0,[the sentence is not offensive][because][it is a colloquial way to express frustration with a family member],0,[the sentence is not offensive][because][it is a colloquial way to express frustration with a family member],"{'race': 'black', 'political': 'liberal'}",neither
580,1,3406,27672101,0,[the sentence is not offensive][because][it is a colloquial way to express frustration with a family member],0,[the sentence is not offensive][because][it is a colloquial way to express frustration with a family member],"{'race': 'black', 'political': 'liberal'}",neither
581,1,1808,10638687,1,[the sentence is offensive][because][it contains a racial slur and promotes a stereotype about black people],1,[the sentence is offensive][because][it contains a racial slur and promotes a stereotype of black people being subservient to white people],"{'race': 'black', 'political': 'liberal'}",both
582,1,3586,27672101,1,[the sentence is offensive][because][it contains a threat of violence and uses aggressive language],1,[the sentence is offensive][because][it contains a threat of violence and uses aggressive language],"{'race': 'black', 'political': 'liberal'}",both
583,1,1030,10638687,1,[the sentence is offensive][because][it contains a derogatory term for the lgbtq+ community and promotes discrimination],1,[the sentence is offensive][because][it contains a derogatory term for the lgbtq+ community and promotes discrimination],"{'race': 'black', 'political': 'liberal'}",both
584,1,1030,8526465,1,[the sentence is offensive][because][it contains a derogatory term for the lgbtq+ community and promotes discrimination],1,[the sentence is offensive][because][it contains a derogatory term for the lgbtq+ community and promotes discrimination],"{'race': 'black', 'political': 'neutral'}",both
585,1,2568,10638687,0,[the sentence is not offensive][because][it is a comment on the impact of a celebrity's speech on the entertainment industry],0,[the sentence is not offensive][because][it is a sarcastic comment about the award shows],"{'race': 'black', 'political': 'liberal'}",neither
586,0,2568,8526465,0,[the sentence is not offensive][because][it is a comment on the impact of a celebrity's speech on the entertainment industry],0,[the sentence is not offensive][because][it is a neutral comment about the impact of a celebrity's speech on the entertainment industry],"{'race': 'black', 'political': 'neutral'}",both
587,0,45,8526465,0,[the sentence is not offensive][because][it is a common idiomatic expression],0,[the sentence is not offensive][because][it is a common idiomatic expression],"{'race': 'black', 'political': 'neutral'}",both
588,1,1032,10638687,1,[the sentence is offensive][because][it contains a derogatory term for the lgbtq+ community],1,[the sentence is offensive][because][it contains a derogatory term for the lgbtq+ community],"{'race': 'black', 'political': 'liberal'}",both
589,1,1032,1804048,1,[the sentence is offensive][because][it contains a derogatory term for the lgbtq+ community],1,[the sentence is offensive][because][it contains a derogatory term for the lgbtq+ community],"{'race': 'black', 'political': 'neutral'}",both
590,0,3346,10638687,0,[the sentence is not offensive][because][it is a casual expression of frustration and annoyance],0,[the sentence is not offensive][because][it is a casual expression of frustration and annoyance],"{'race': 'black', 'political': 'liberal'}",both
591,0,3346,24252197,0,[the sentence is not offensive][because][it is a casual expression of frustration and annoyance],0,[the sentence is not offensive][because][it is a casual expression of frustration and annoyance],"{'race': 'black', 'political': 'liberal'}",both
592,1,1552,10638687,1,[the sentence is offensive][because][it contains a statement that implies that black people deserved to be oppressed],1,[the sentence is offensive][because][it contains a statement that black people deserved to be oppressed],"{'race': 'black', 'political': 'liberal'}",both
593,1,1552,8526465,1,[the sentence is offensive][because][it contains a statement that implies that black people deserved to be oppressed],1,[the sentence is offensive][because][it contains a statement that black people deserved to be oppressed],"{'race': 'black', 'political': 'neutral'}",both
594,1,3291,10638687,0,"[the sentence is not offensive][because][it is a story about a man exposing his cheating girlfriend and her side dude, but it is not explicit or hateful]",0,"[the sentence is not offensive][because][it is a story about a man exposing his cheating girlfriend and her side dude, but it does not contain any hate speech or explicit language]","{'race': 'black', 'political': 'liberal'}",neither
595,0,3291,8526465,0,"[the sentence is not offensive][because][it is a story about a man exposing his cheating girlfriend and her side dude, but it is not explicit or hateful]",0,"[the sentence is not offensive][because][it is a story about a man exposing his cheating girlfriend and her side dude, but it does not contain hate speech or explicit language]","{'race': 'black', 'political': 'neutral'}",both
596,1,664,27672101,1,[the sentence is offensive][because][it contains hate speech and derogatory language towards people with disabilities],1,[the sentence is offensive][because][it contains hate speech and derogatory language towards people with disabilities],"{'race': 'black', 'political': 'liberal'}",both
597,1,932,27672101,1,[the sentence is offensive][because][it uses derogatory language to describe a group of people],1,[the sentence is offensive][because][it uses derogatory language to describe a group of people],"{'race': 'black', 'political': 'liberal'}",both
598,1,932,8526465,1,[the sentence is offensive][because][it uses derogatory language to describe a group of people],1,[the sentence is offensive][because][it uses derogatory language to describe a group of people],"{'race': 'black', 'political': 'neutral'}",both
599,0,95,10638687,0,[the sentence is not offensive][because][it is a statement about personal preference],0,[the sentence is not offensive][because][it is a common phrase used to express a desire to have fun despite the restrictions],"{'race': 'black', 'political': 'liberal'}",both
600,0,95,8526465,0,[the sentence is not offensive][because][it is a statement about personal preference],0,[the sentence is not offensive][because][it is a statement about personal preference],"{'race': 'black', 'political': 'neutral'}",both
601,1,311,10638687,1,[the sentence is offensive][because][it promotes the use of a racial slur and implies that only black people should use it],1,[the sentence is offensive][because][it promotes the use of a racial slur and implies that only black people should use it],"{'race': 'black', 'political': 'liberal'}",both
602,0,311,8526465,1,[the sentence is offensive][because][it promotes the use of a racial slur and implies that only black people should use it],1,[the sentence is offensive][because][it promotes the use of a racial slur and implies that only black people should use it],"{'race': 'black', 'political': 'neutral'}",neither
603,1,2074,10638687,1,[the sentence is offensive][because][it contains hate speech and derogatory language],1,[the sentence is offensive][because][it contains a racial slur and a derogatory term for black people],"{'race': 'black', 'political': 'liberal'}",both
604,1,2074,8526465,1,[the sentence is offensive][because][it contains hate speech and derogatory language],1,[the sentence is offensive][because][it contains a racial slur and a derogatory term for black people],"{'race': 'black', 'political': 'neutral'}",both
605,1,2982,10638687,0,[the sentence is not offensive][because][it is a complaint about a game difficulty],0,[the sentence is not offensive][because][it is a complaint about a game],"{'race': 'black', 'political': 'liberal'}",neither
606,0,2982,8526465,0,[the sentence is not offensive][because][it is a complaint about a game difficulty],0,[the sentence is not offensive][because][it is a complaint about a game difficulty],"{'race': 'black', 'political': 'neutral'}",both
607,0,3248,10638687,0,[the sentence is not offensive][because][it is a colloquial way to express a sense of security and confidence],0,[the sentence is not offensive][because][it is a colloquial way to describe a situation and does not contain any hate speech or explicit language],"{'race': 'black', 'political': 'liberal'}",both
608,0,3248,8526465,0,[the sentence is not offensive][because][it is a colloquial way to express a sense of security and confidence],0,[the sentence is not offensive][because][it is a colloquial way to describe a situation and does not contain any hate speech or explicit language],"{'race': 'black', 'political': 'neutral'}",both
609,0,3215,27672101,0,[the sentence is not offensive][because][it is a colloquial way to express a desire for something and does not contain any hate language],1,[the sentence is offensive][because][it conveys a stereotypical message suggesting that people are materialistic and obsessed with brand names],"{'race': 'black', 'political': 'liberal'}",baseline
610,0,3215,8526465,0,[the sentence is not offensive][because][it is a colloquial way to express a desire for something and does not contain any hate language],1,[the sentence is offensive][because][it conveys a stereotypical message suggesting that people are materialistic and value material possessions over personal growth],"{'race': 'black', 'political': 'neutral'}",baseline
611,1,870,10638687,1,[the sentence is offensive][because][it conveys a stereotypical message suggesting that women should dress in a certain way to avoid being judged or harassed],1,[the sentence is offensive][because][it conveys a sexist message],"{'race': 'black', 'political': 'liberal'}",both
612,1,870,8526465,1,[the sentence is offensive][because][it conveys a stereotypical message suggesting that women should dress in a certain way to avoid being judged or harassed],1,[the sentence is offensive][because][it conveys a sexist message],"{'race': 'black', 'political': 'neutral'}",both
613,0,3660,10638687,0,[the sentence is not offensive][because][it is a colloquial way to express pain and frustration],0,[the sentence is not offensive][because][it is a colloquial way to express pain and frustration],"{'race': 'black', 'political': 'liberal'}",both
614,0,2280,24252197,0,[the sentence is not offensive][because][it is a philosophical question],0,[the sentence is not offensive][because][it is a philosophical question],"{'race': 'black', 'political': 'liberal'}",both
615,0,2280,8526465,0,[the sentence is not offensive][because][it is a philosophical question],0,[the sentence is not offensive][because][it is a philosophical question],"{'race': 'black', 'political': 'neutral'}",both
616,1,1777,10638687,1,[the sentence is offensive][because][it is a racial slur and it is used in a context that is likely to be hurtful to black people],1,[the sentence is offensive][because][it is a misuse of a racial slur and implies that the speaker is comfortable using derogatory language around black people],"{'race': 'black', 'political': 'liberal'}",both
617,1,1777,8526465,1,[the sentence is offensive][because][it is a racial slur and it is used in a context that is likely to be hurtful to black people],1,[the sentence is offensive][because][it is a misuse of a racial slur and implies that the speaker is comfortable using derogatory language around black people],"{'race': 'black', 'political': 'neutral'}",both
618,1,700,10638687,1,[the sentence is offensive][because][it contains hate speech and a racial slur],1,[the sentence is offensive][because][it contains a racial slur and conveys a negative sentiment towards a particular group of people],"{'race': 'black', 'political': 'liberal'}",both
619,0,700,10166032,1,[the sentence is offensive][because][it contains hate speech and a racial slur],1,[the sentence is offensive][because][it contains a racial slur and conveys a negative sentiment towards a particular group of people],"{'race': 'black', 'political': 'neutral'}",neither
620,0,2461,24252197,1,[the sentence is offensive][because][it contains explicit language],0,[the sentence is not offensive][because][it is a frustrated expression of pain],"{'race': 'black', 'political': 'liberal'}",race_political
621,1,1706,10638687,1,[the sentence is offensive][because][it uses a racial slur],1,[the sentence is offensive][because][it uses a racial slur],"{'race': 'black', 'political': 'liberal'}",both
622,0,2390,10638687,0,[the sentence is not offensive][because][it is a statement of personal preference],0,[the sentence is not offensive][because][it is a neutral statement about personal preferences],"{'race': 'black', 'political': 'liberal'}",both
623,0,2390,24252197,0,[the sentence is not offensive][because][it is a statement of personal preference],0,[the sentence is not offensive][because][it is a neutral statement about personal preferences],"{'race': 'black', 'political': 'liberal'}",both
624,1,693,10638687,1,[the sentence is offensive][because][it contains multiple racial slurs and derogatory terms],1,[the sentence is offensive][because][it contains multiple racial slurs and derogatory terms],"{'race': 'black', 'political': 'liberal'}",both
625,1,693,8526465,1,[the sentence is offensive][because][it contains multiple racial slurs and derogatory terms],1,[the sentence is offensive][because][it contains multiple racial slurs and derogatory terms],"{'race': 'black', 'political': 'neutral'}",both
626,1,1817,10638687,1,[the sentence is offensive][because][it contains a racial slur and promotes violence],1,[the sentence is offensive][because][it contains a racial slur and promotes a stereotype about black people],"{'race': 'black', 'political': 'liberal'}",both
627,0,1817,8526465,1,[the sentence is offensive][because][it contains a racial slur and promotes violence],1,[the sentence is offensive][because][it contains a racial slur and promotes a stereotype about black people],"{'race': 'black', 'political': 'neutral'}",neither
628,1,2118,27672101,1,[the sentence is offensive][because][it contains hate speech and explicit language],1,[the sentence is offensive][because][it contains hate speech and a threat of violence against a specific racial group],"{'race': 'black', 'political': 'liberal'}",both
629,1,2118,8526465,1,[the sentence is offensive][because][it contains hate speech and explicit language],1,[the sentence is offensive][because][it contains hate speech and a threat of violence against a specific group of people],"{'race': 'black', 'political': 'neutral'}",both
630,0,335,10638687,1,[the sentence is offensive][because][it uses a racial slur],0,[the sentence is not offensive][because][it is a colloquial way to address a friend],"{'race': 'black', 'political': 'liberal'}",race_political
631,0,335,27672101,1,[the sentence is offensive][because][it uses a racial slur],0,[the sentence is not offensive][because][it is a colloquial way to address a friend],"{'race': 'black', 'political': 'liberal'}",race_political
632,1,3501,10638687,1,[the sentence is offensive][because][it contains a threat and a derogatory term],1,[the sentence is offensive][because][it contains a threat and a derogatory term],"{'race': 'black', 'political': 'liberal'}",both
633,0,3501,24252197,1,[the sentence is offensive][because][it contains a threat and a derogatory term],1,[the sentence is offensive][because][it contains a threat and a derogatory term],"{'race': 'black', 'political': 'liberal'}",neither
634,1,719,10638687,1,[the sentence is offensive][because][it contains a derogatory term for people with intellectual disabilities],1,[the sentence is offensive][because][it contains a derogatory term for people with intellectual disabilities],"{'race': 'black', 'political': 'liberal'}",both
635,1,719,10166032,1,[the sentence is offensive][because][it contains a derogatory term for people with intellectual disabilities],1,[the sentence is offensive][because][it contains a derogatory term for people with intellectual disabilities],"{'race': 'black', 'political': 'neutral'}",both
636,1,3424,10638687,0,[the sentence is not offensive][because][it is a story about a misunderstanding of a word],0,[the sentence is not offensive][because][it is a misinterpretation of a word],"{'race': 'black', 'political': 'liberal'}",neither
637,0,3424,8526465,0,[the sentence is not offensive][because][it is a story about a misunderstanding of a word],0,[the sentence is not offensive][because][it is a neutral statement about a survey and a misunderstanding about a word],"{'race': 'black', 'political': 'neutral'}",both
638,0,3408,24252197,0,[the sentence is not offensive][because][it is a colloquial way to express dissatisfaction with a product],0,[the sentence is not offensive][because][it is a colloquial way to express dissatisfaction with a product],"{'race': 'black', 'political': 'liberal'}",both
639,0,3408,8526465,0,[the sentence is not offensive][because][it is a colloquial way to express dissatisfaction with a product],0,[the sentence is not offensive][because][it is a colloquial way to express dissatisfaction with a product],"{'race': 'black', 'political': 'neutral'}",both
640,1,279,10638687,1,[the sentence is offensive][because][it contains a racial slur],1,[the sentence is offensive][because][it contains a racial slur],"{'race': 'black', 'political': 'liberal'}",both
641,1,279,8526465,1,[the sentence is offensive][because][it contains a racial slur],1,[the sentence is offensive][because][it contains a racial slur],"{'race': 'black', 'political': 'neutral'}",both
642,0,3516,10638687,0,[the sentence is not offensive][because][it is a neutral statement about not being familiar with a slang term],0,[the sentence is not offensive][because][it is a neutral statement about not being familiar with a slang term],"{'race': 'black', 'political': 'liberal'}",both
643,0,3516,8526465,0,[the sentence is not offensive][because][it is a neutral statement about not being familiar with a slang term],0,[the sentence is not offensive][because][it is a neutral comment about not being familiar with a slang term],"{'race': 'black', 'political': 'neutral'}",both
644,1,2075,24252197,1,[the sentence is offensive][because][it contains a racial slur and a derogatory term],1,[the sentence is offensive][because][it conveys a derogatory message towards black people and uses a derogatory term 'weaves'],"{'race': 'black', 'political': 'liberal'}",both
645,1,3707,10638687,1,[the sentence is offensive][because][it contains explicit language and implies academic dishonesty],1,[the sentence is offensive][because][it contains explicit language and implies academic dishonesty],"{'race': 'black', 'political': 'liberal'}",both
646,1,3707,8526465,1,[the sentence is offensive][because][it contains explicit language and implies academic dishonesty],1,[the sentence is offensive][because][it contains explicit language and implies dishonesty],"{'race': 'black', 'political': 'neutral'}",both
647,1,1332,10638687,1,[the sentence is offensive][because][it contains hate speech and derogatory language],1,[the sentence is offensive][because][it contains hate speech and derogatory language],"{'race': 'black', 'political': 'liberal'}",both
648,1,1812,17960561,1,[the sentence is offensive][because][it contains a racial slur and promotes hate speech],1,[the sentence is offensive][because][it contains a racial slur and promotes hate speech],"{'race': 'black', 'political': 'liberal'}",both
649,1,1812,8526465,1,[the sentence is offensive][because][it contains a racial slur and promotes hate speech],1,[the sentence is offensive][because][it contains a racial slur and promotes hate speech],"{'race': 'black', 'political': 'neutral'}",both
650,1,2777,10638687,1,[the sentence is offensive][because][it contains a racial slur and makes a generalization about a group of people],1,[the sentence is offensive][because][it contains a racial slur and makes a generalization about a group of people],"{'race': 'black', 'political': 'liberal'}",both
651,1,2777,8526465,1,[the sentence is offensive][because][it contains a racial slur and makes a generalization about a group of people],1,[the sentence is offensive][because][it contains a racial slur and promotes a negative stereotype about arabs and south asians],"{'race': 'black', 'political': 'neutral'}",both
652,0,63,10638687,0,[the sentence is not offensive][because][it is a well-reasoned argument about immigration and economic policies],0,[the sentence is not offensive][because][it is a political statement with a neutral tone],"{'race': 'black', 'political': 'liberal'}",both
653,0,63,24252197,0,[the sentence is not offensive][because][it is a well-reasoned argument about immigration and economic policies],0,[the sentence is not offensive][because][it is a political statement with a neutral tone],"{'race': 'black', 'political': 'liberal'}",both
654,0,3520,24252197,0,[the sentence is not offensive][because][it is a lighthearted and humorous anecdote about a child farting in an airport],0,[the sentence is not offensive][because][it is a lighthearted and humorous anecdote],"{'race': 'black', 'political': 'liberal'}",both
655,1,1538,10638687,1,[the sentence is offensive][because][it contains a racial slur and a derogatory term for a woman],1,[the sentence is offensive][because][it contains a racial slur and uses it in a derogatory manner],"{'race': 'black', 'political': 'liberal'}",both
656,1,1538,10166032,1,[the sentence is offensive][because][it contains a racial slur and a derogatory term for a woman],1,[the sentence is offensive][because][it contains a racial slur and uses it in a derogatory manner],"{'race': 'black', 'political': 'neutral'}",both
657,1,3422,10638687,0,[the sentence is not offensive][because][it is a personal message about a medical condition and a personal goal],0,[the sentence is not offensive][because][it is a personal message about health and body image],"{'race': 'black', 'political': 'liberal'}",neither
658,0,3422,8526465,0,[the sentence is not offensive][because][it is a personal message about a medical condition and a personal goal],0,[the sentence is not offensive][because][it is a personal message about a medical condition and a personal issue],"{'race': 'black', 'political': 'neutral'}",both
659,1,1789,10166032,0,[the sentence is not offensive][because][the word 'nigga' is used in a non-racial context],0,[the sentence is not offensive][because][it is a common idiomatic expression],"{'race': 'black', 'political': 'neutral'}",neither
660,0,3413,10638687,0,[the sentence is not offensive][because][it is a colloquial way to express a personal experience],0,[the sentence is not offensive][because][it is a colloquial way to express a personal experience],"{'race': 'black', 'political': 'liberal'}",both
661,0,3413,8526465,0,[the sentence is not offensive][because][it is a colloquial way to express a personal experience],0,[the sentence is not offensive][because][it is a colloquial way to express a personal experience],"{'race': 'black', 'political': 'neutral'}",both
662,1,1626,10638687,1,[the sentence is offensive][because][it contains a racial slur and promotes hate speech],1,[the sentence is offensive][because][it contains a racial slur and promotes hate speech],"{'race': 'black', 'political': 'liberal'}",both
663,1,1626,8526465,1,[the sentence is offensive][because][it contains a racial slur and promotes hate speech],1,[the sentence is offensive][because][it contains a racial slur and promotes hate speech],"{'race': 'black', 'political': 'neutral'}",both
664,0,3312,10638687,0,[the sentence is not offensive][because][it is a casual conversation about sneakers],0,[the sentence is not offensive][because][it is a casual conversation about sneakers],"{'race': 'black', 'political': 'liberal'}",both
665,1,4051,10638687,1,[the sentence is offensive][because][it contains explicit language and a derogatory term],1,[the sentence is offensive][because][it contains explicit language and a derogatory term],"{'race': 'black', 'political': 'liberal'}",both
666,1,4051,27672101,1,[the sentence is offensive][because][it contains explicit language and a derogatory term],1,[the sentence is offensive][because][it contains explicit language and a derogatory term],"{'race': 'black', 'political': 'liberal'}",both
667,1,3526,27672101,1,[the sentence is offensive][because][it contains a racial slur and a derogatory term],1,[the sentence is offensive][because][it contains a racial slur and a derogatory term],"{'race': 'black', 'political': 'liberal'}",both
668,0,3526,8526465,1,[the sentence is offensive][because][it contains a racial slur and a derogatory term],1,[the sentence is offensive][because][it contains a racial slur and a derogatory term],"{'race': 'black', 'political': 'neutral'}",neither
669,1,1695,10638687,1,[the sentence is offensive][because][it contains a racial slur and a derogatory term for a group of people],1,[the sentence is offensive][because][it contains a racial slur and a derogatory term for a group of people],"{'race': 'black', 'political': 'liberal'}",both
670,1,1695,27672101,1,[the sentence is offensive][because][it contains a racial slur and a derogatory term for a group of people],1,[the sentence is offensive][because][it contains a racial slur and a derogatory term for a group of people],"{'race': 'black', 'political': 'liberal'}",both
671,0,3244,10638687,0,[the sentence is not offensive][because][it is a colloquial way to comment on a situation],0,[the sentence is not offensive][because][it is a colloquial way to comment on a situation],"{'race': 'black', 'political': 'liberal'}",both
672,1,24,27672101,0,[the sentence is not offensive][because][it is a factual anecdote about a person's experience],0,[the sentence is not offensive][because][it is a factual account of a situation],"{'race': 'black', 'political': 'liberal'}",neither
673,1,525,27672101,0,[the sentence is not offensive][because][it is a colloquial way to express frustration],0,[the sentence is not offensive][because][it is a colloquial way to express frustration],"{'race': 'black', 'political': 'liberal'}",neither
674,0,525,8526465,0,[the sentence is not offensive][because][it is a colloquial way to express frustration],0,[the sentence is not offensive][because][it is a colloquial way to express frustration],"{'race': 'black', 'political': 'neutral'}",both
675,1,3500,10638687,1,[the sentence is offensive][because][it contains a threat of violence and uses a colloquialism that is often associated with hate speech],1,[the sentence is offensive][because][it contains a threat of violence and uses a derogatory term],"{'race': 'black', 'political': 'liberal'}",both
676,1,3500,27672101,1,[the sentence is offensive][because][it contains a threat of violence and uses a colloquialism that is often associated with hate speech],1,[the sentence is offensive][because][it contains a threat of violence and uses a derogatory term],"{'race': 'black', 'political': 'liberal'}",both
677,1,1874,10638687,1,[the sentence is offensive][because][it implies that a racial slur is acceptable based on the speaker's skin color],1,[the sentence is offensive][because][it implies that a racial slur is acceptable based on the speaker's skin color],"{'race': 'black', 'political': 'liberal'}",both
678,1,1874,8526465,1,[the sentence is offensive][because][it implies that a racial slur is acceptable based on the speaker's skin color],1,[the sentence is offensive][because][it implies that a racial slur is acceptable based on the speaker's skin color],"{'race': 'black', 'political': 'neutral'}",both
679,0,3799,24252197,1,[the sentence is offensive][because][it contains explicit language and a derogatory term],1,[the sentence is offensive][because][it contains vulgar language and a derogatory term for women],"{'race': 'black', 'political': 'liberal'}",neither
680,1,3799,27672101,1,[the sentence is offensive][because][it contains explicit language and a derogatory term],1,[the sentence is offensive][because][it contains vulgar language and a derogatory term for women],"{'race': 'black', 'political': 'liberal'}",both
681,0,2776,24252197,0,[the sentence is not offensive][because][it is a neutral statement about a national day and a personal reflection],0,[the sentence is not offensive][because][it is a neutral statement about a national day and a personal reflection],"{'race': 'black', 'political': 'liberal'}",both
682,0,2776,8526465,0,[the sentence is not offensive][because][it is a neutral statement about a national day and a personal reflection],0,[the sentence is not offensive][because][it is a neutral statement about a national day and a personal reflection],"{'race': 'black', 'political': 'neutral'}",both
683,1,296,10638687,1,[the sentence is offensive][because][it contains derogatory language towards the lgbtq+ community],1,[the sentence is offensive][because][it contains derogatory language towards the lgbtq+ community],"{'race': 'black', 'political': 'liberal'}",both
684,0,296,8526465,1,[the sentence is offensive][because][it contains derogatory language towards the lgbtq+ community],1,[the sentence is offensive][because][it contains derogatory language towards the lgbtq+ community],"{'race': 'black', 'political': 'neutral'}",neither
685,1,3900,10638687,1,[the sentence is offensive][because][it contains a racial slur and promotes violence],1,[the sentence is offensive][because][it contains a racial slur and promotes violence],"{'race': 'black', 'political': 'liberal'}",both
686,1,3900,24252197,1,[the sentence is offensive][because][it contains a racial slur and promotes violence],1,[the sentence is offensive][because][it contains a racial slur and promotes violence],"{'race': 'black', 'political': 'liberal'}",both
687,1,189,8526465,0,[the sentence is not offensive][because][it is a statement of fact],0,[the sentence is not offensive][because][it is a metaphorical expression],"{'race': 'black', 'political': 'neutral'}",neither
688,1,1370,27672101,1,[the sentence is offensive][because][it contains hate speech and derogatory language towards people with autism and the lgbtq+ community],1,[the sentence is offensive][because][it contains hate speech and derogatory language towards people with autism and the lgbtq+ community],"{'race': 'black', 'political': 'liberal'}",both
689,1,1370,8526465,1,[the sentence is offensive][because][it contains hate speech and derogatory language towards people with autism and the lgbtq+ community],1,[the sentence is offensive][because][it contains hate speech and derogatory language towards people with autism and the lgbtq+ community],"{'race': 'black', 'political': 'neutral'}",both
690,0,2984,10638687,0,[the sentence is not offensive][because][it is a sports commentary],0,[the sentence is not offensive][because][it is a sports commentary],"{'race': 'black', 'political': 'liberal'}",both
691,0,2984,8526465,0,[the sentence is not offensive][because][it is a sports commentary],0,[the sentence is not offensive][because][it is a sports commentary],"{'race': 'black', 'political': 'neutral'}",both
692,1,3463,10638687,1,[the sentence is offensive][because][it contains explicit language and derogatory terms],1,[the sentence is offensive][because][it contains explicit language and derogatory terms],"{'race': 'black', 'political': 'liberal'}",both
693,1,3463,27672101,1,[the sentence is offensive][because][it contains explicit language and derogatory terms],1,[the sentence is offensive][because][it contains explicit language and derogatory terms],"{'race': 'black', 'political': 'liberal'}",both
694,1,682,10638687,1,[the sentence is offensive][because][it contains a racial slur and promotes a negative stereotype about black people],1,[the sentence is offensive][because][it contains a racial slur and conveys a derogatory message about black people],"{'race': 'black', 'political': 'liberal'}",both
695,1,1972,10638687,1,[the sentence is offensive][because][it contains hate speech and targets a specific culture],1,[the sentence is offensive][because][it is a hate speech against black culture and contains explicit language],"{'race': 'black', 'political': 'liberal'}",both
696,1,1972,8526465,1,[the sentence is offensive][because][it contains hate speech and targets a specific culture],1,[the sentence is offensive][because][it is a hate speech against black culture and contains explicit language],"{'race': 'black', 'political': 'neutral'}",both
697,1,2143,10638687,1,[the sentence is offensive][because][it promotes the use of a racial slur and encourages lawlessness],1,[the sentence is offensive][because][it promotes the use of a racial slur and encourages lawlessness],"{'race': 'black', 'political': 'liberal'}",both
698,0,2143,8526465,1,[the sentence is offensive][because][it promotes the use of a racial slur and encourages lawlessness],1,[the sentence is offensive][because][it promotes the use of a racial slur and encourages lawlessness],"{'race': 'black', 'political': 'neutral'}",neither
699,1,4043,10638687,1,[the sentence is offensive][because][it contains hate language and promotes the use of a racial slur],1,[the sentence is offensive][because][it contains a racial slur and promotes the use of derogatory language to describe a sexual act],"{'race': 'black', 'political': 'liberal'}",both
700,1,4043,27672101,1,[the sentence is offensive][because][it contains hate language and promotes the use of a racial slur],1,[the sentence is offensive][because][it contains a racial slur and promotes the use of derogatory language to describe a sexual act],"{'race': 'black', 'political': 'liberal'}",both
701,0,3475,10638687,0,[the sentence is not offensive][because][it is a colloquial expression of affection and admiration],0,[the sentence is not offensive][because][it is a colloquial expression of affection and admiration],"{'race': 'black', 'political': 'liberal'}",both
702,0,3475,8526465,0,[the sentence is not offensive][because][it is a colloquial expression of affection and admiration],0,[the sentence is not offensive][because][it is a colloquial expression of affection and admiration],"{'race': 'black', 'political': 'neutral'}",both
703,1,3808,10166032,1,[the sentence is offensive][because][it contains derogatory language and a stereotype about women],1,[the sentence is offensive][because][it contains derogatory language and a stereotype about women],"{'race': 'black', 'political': 'neutral'}",both
704,1,3411,27672101,1,[the sentence is offensive][because][it contains explicit language and a derogatory term],1,[the sentence is offensive][because][it contains explicit language and a derogatory term],"{'race': 'black', 'political': 'liberal'}",both
705,1,881,8526465,1,[the sentence is offensive][because][it conveys a xenophobic message],1,[the sentence is offensive][because][it conveys a xenophobic message],"{'race': 'black', 'political': 'neutral'}",both
706,1,881,10166032,1,[the sentence is offensive][because][it conveys a xenophobic message],1,[the sentence is offensive][because][it conveys a xenophobic message],"{'race': 'black', 'political': 'neutral'}",both
707,1,978,8526465,1,[the sentence is offensive][because][it contains a racial slur],1,[the sentence is offensive][because][it uses a racial slur 'coons'],"{'race': 'black', 'political': 'neutral'}",both
708,1,978,10166032,1,[the sentence is offensive][because][it contains a racial slur],1,[the sentence is offensive][because][it uses a racial slur 'coons'],"{'race': 'black', 'political': 'neutral'}",both
709,1,398,10638687,1,[the sentence is offensive][because][it contains a racial slur and promotes a stereotype about black people being horny],1,[the sentence is offensive][because][it uses a racial slur and conveys a message of entitlement and objectification],"{'race': 'black', 'political': 'liberal'}",both
710,0,398,8526465,1,[the sentence is offensive][because][it contains a racial slur and promotes a stereotype about black people being horny],1,[the sentence is offensive][because][it uses a racial slur and conveys a message of entitlement and objectification],"{'race': 'black', 'political': 'neutral'}",neither
711,1,2176,27672101,1,[the sentence is offensive][because][it contains a racial slur and a threat of violence],1,[the sentence is offensive][because][it promotes violence against people who have been released from jail],"{'race': 'black', 'political': 'liberal'}",both
712,1,2176,8526465,1,[the sentence is offensive][because][it contains a racial slur and a threat of violence],1,[the sentence is offensive][because][it promotes violence against people who have been released from jail and contains a racial slur],"{'race': 'black', 'political': 'neutral'}",both
713,1,3453,68595278,1,[the sentence is offensive][because][it contains derogatory language towards women],1,[the sentence is offensive][because][it contains derogatory language towards women and uses a stereotype about their personal hygiene],"{'race': 'black', 'political': 'liberal'}",both
714,1,1928,67558416,1,[the sentence is offensive][because][it contains hate speech and racial slurs],1,[the sentence is offensive][because][it contains hate speech and racial slurs],"{'race': 'black', 'political': 'liberal'}",both
715,1,2167,67558416,1,[the sentence is offensive][because][it contains hate speech and derogatory language],1,[the sentence is offensive][because][it contains a racial slur and derogatory language],"{'race': 'black', 'political': 'liberal'}",both
716,1,2167,42267923,1,[the sentence is offensive][because][it contains hate speech and derogatory language],1,[the sentence is offensive][because][it contains a racial slur and derogatory language],"{'race': 'black', 'political': 'conservative'}",both
717,0,3843,35379134,1,[the sentence is offensive][because][it contains a derogatory term for a woman and a colloquialism that can be perceived as dismissive of her feelings],1,[the sentence is offensive][because][it contains a derogatory term for a woman and a colloquialism that may be perceived as dismissive or disrespectful],"{'race': 'black', 'political': 'liberal'}",neither
718,0,3843,32992109,1,[the sentence is offensive][because][it contains a derogatory term for a woman and a colloquialism that can be perceived as dismissive of her feelings],1,[the sentence is offensive][because][it contains a derogatory term for a woman and a colloquialism that may be perceived as dismissive or disrespectful],"{'race': 'black', 'political': 'liberal'}",neither
719,0,4017,92024956,0,[the sentence is not offensive][because][it is a colloquial expression and the use of the racial slur 'nigga' is contextual and does not promote hate speech],0,[the sentence is not offensive][because][it is a colloquial expression and the word 'niggas' is used in a non-racial context],"{'race': 'black', 'political': 'liberal'}",both
720,0,4017,35379134,0,[the sentence is not offensive][because][it is a colloquial expression and the use of the racial slur 'nigga' is contextual and does not promote hate speech],0,[the sentence is not offensive][because][it is a colloquial expression and the word 'niggas' is used in a non-racial context],"{'race': 'black', 'political': 'liberal'}",both
721,0,3402,68595278,0,[the sentence is not offensive][because][it is a colloquial way to express frustration about noise],0,[the sentence is not offensive][because][it is a colloquial way to express frustration about noise],"{'race': 'black', 'political': 'liberal'}",both
722,1,3402,42267923,0,[the sentence is not offensive][because][it is a colloquial way to express frustration about noise],0,[the sentence is not offensive][because][it is a colloquial way to express frustration about noise],"{'race': 'black', 'political': 'conservative'}",neither
723,1,3633,42267923,1,[the sentence is offensive][because][it conveys a stereotypical message suggesting that women are childish and immature],0,[the sentence is not offensive][because][it is a colloquial way to express frustration with someone's behavior],"{'race': 'black', 'political': 'conservative'}",baseline
724,0,2221,92024956,1,[the sentence is offensive][because][it contains explicit language and a racial slur],1,[the sentence is offensive][because][it contains explicit language and a racial slur],"{'race': 'black', 'political': 'liberal'}",neither
725,1,1865,92024956,1,[the sentence is offensive][because][it contains a racial slur and a derogatory term],1,[the sentence is offensive][because][it contains a racial slur and a derogatory tone],"{'race': 'black', 'political': 'liberal'}",both
726,0,381,42267923,1,[the sentence is offensive][because][it promotes violence against women],1,[the sentence is offensive][because][it promotes violence against women],"{'race': 'black', 'political': 'conservative'}",neither
727,1,1899,92024956,1,[the sentence is offensive][because][it contains a racial slur and makes a generalization about a racial group],1,[the sentence is offensive][because][it contains a racial slur and makes a generalization about a racial group],"{'race': 'black', 'political': 'liberal'}",both
728,0,3747,92024956,1,[the sentence is offensive][because][it contains hate language and derogatory terms],1,[the sentence is offensive][because][it contains derogatory language and a racial slur],"{'race': 'black', 'political': 'liberal'}",neither
729,0,4013,92024956,1,[the sentence is offensive][because][it contains explicit language and a threat],1,[the sentence is offensive][because][it contains explicit language and a threat],"{'race': 'black', 'political': 'liberal'}",neither
730,1,697,92024956,1,[the sentence is offensive][because][it contains derogatory language and insults towards a person],1,[the sentence is offensive][because][it contains derogatory language and insults the person's mental health],"{'race': 'black', 'political': 'liberal'}",both
731,0,3119,92024956,1,[the sentence is offensive][because][it contains a derogatory term for women and implies that the speaker is objectifying them],1,[the sentence is offensive][because][it conveys a stereotypical message suggesting that women are objects of sexual desire and contains colloquial language that may be perceived as derogatory],"{'race': 'black', 'political': 'liberal'}",neither
732,0,3119,24252197,1,[the sentence is offensive][because][it contains a derogatory term for women and implies that the speaker is objectifying them],1,[the sentence is offensive][because][it conveys a stereotypical message suggesting that women are objects of sexual desire and contains colloquial language that may be perceived as derogatory],"{'race': 'black', 'political': 'liberal'}",neither
733,0,4082,92024956,1,[the sentence is offensive][because][it contains a racial slur and promotes hate speech],1,[the sentence is offensive][because][it uses a racial slur and promotes hate speech],"{'race': 'black', 'political': 'liberal'}",neither
734,1,1849,92024956,1,[the sentence is offensive][because][it uses a racial slur and perpetuates a negative stereotype],1,[the sentence is offensive][because][it uses a racial slur and perpetuates a negative stereotype],"{'race': 'black', 'political': 'liberal'}",both
735,1,1849,42267923,1,[the sentence is offensive][because][it uses a racial slur and perpetuates a negative stereotype],1,[the sentence is offensive][because][it uses a racial slur and perpetuates a negative stereotype],"{'race': 'black', 'political': 'conservative'}",both
736,1,1862,42267923,1,[the sentence is offensive][because][it uses a racial slur],1,[the sentence is offensive][because][it uses a racial slur],"{'race': 'black', 'political': 'conservative'}",both
737,1,4143,42267923,1,[the sentence is offensive][because][it contains explicit language and threats of violence],1,[the sentence is offensive][because][it contains explicit language and a threat of violence],"{'race': 'black', 'political': 'conservative'}",both
738,1,1821,49021087,1,[the sentence is offensive][because][it contains a racial slur],1,[the sentence is offensive][because][it uses a racial slur],"{'race': 'black', 'political': 'liberal'}",both
739,0,1821,92024956,1,[the sentence is offensive][because][it contains a racial slur],1,[the sentence is offensive][because][it uses a racial slur],"{'race': 'black', 'political': 'liberal'}",neither
740,0,204,42267923,0,[the sentence is not offensive][because][it is a neutral question about the origin of a term],0,[the sentence is not offensive][because][it is a neutral question about the origin of a term],"{'race': 'black', 'political': 'conservative'}",both
741,0,631,92024956,0,[the sentence is not offensive][because][it is a colloquial expression of concern for a friend],0,[the sentence is not offensive][because][it is a colloquial expression of concern for a friend],"{'race': 'black', 'political': 'liberal'}",both
742,1,631,42267923,0,[the sentence is not offensive][because][it is a colloquial expression of concern for a friend],0,[the sentence is not offensive][because][it is a colloquial expression of concern for a friend],"{'race': 'black', 'political': 'conservative'}",neither
743,0,206,42267923,0,[the sentence is not offensive][because][the person is expressing a preference for not hearing certain words],0,"[the sentence is not offensive][because][the person is expressing a preference for not hearing certain words, which is a personal choice]","{'race': 'black', 'political': 'conservative'}",both
744,0,325,92024956,0,[the sentence is not offensive][because][it is a colloquial expression and does not contain hate language],0,[the sentence is not offensive][because][it is a colloquial expression and does not contain any hate speech],"{'race': 'black', 'political': 'liberal'}",both
745,1,325,67558416,0,[the sentence is not offensive][because][it is a colloquial expression and does not contain hate language],0,[the sentence is not offensive][because][it is a colloquial expression and does not contain any hate speech],"{'race': 'black', 'political': 'liberal'}",neither
746,1,1890,92024956,1,[the sentence is offensive][because][it contains a racial slur and a threat of violence],1,[the sentence is offensive][because][it contains a racial slur and a threat of violence],"{'race': 'black', 'political': 'liberal'}",both
747,1,1890,42267923,1,[the sentence is offensive][because][it contains a racial slur and a threat of violence],1,[the sentence is offensive][because][it contains a racial slur and a threat of violence],"{'race': 'black', 'political': 'conservative'}",both
748,1,1917,92024956,1,[the sentence is offensive][because][it contains a racial slur and a derogatory term for a racial group],1,[the sentence is offensive][because][it contains a racial slur and a derogatory statement towards black people],"{'race': 'black', 'political': 'liberal'}",both
749,1,1842,92024956,0,[the sentence is not offensive][because][the person is expressing an opinion about the misuse of the racial slur 'nigga'],1,[the sentence is offensive][because][it uses a racial slur],"{'race': 'black', 'political': 'liberal'}",race_political
750,1,2624,67558416,1,[the sentence is offensive][because][it contains derogatory language towards a woman],1,[the sentence is offensive][because][it contains derogatory language and a stereotype about women],"{'race': 'black', 'political': 'liberal'}",both
751,1,2624,42267923,1,[the sentence is offensive][because][it contains derogatory language towards a woman],1,[the sentence is offensive][because][it contains derogatory language towards a woman and uses a slang term to describe her behavior],"{'race': 'black', 'political': 'conservative'}",both
752,1,3051,67558416,1,[the sentence is offensive][because][it contains derogatory language and a pejorative term],1,[the sentence is offensive][because][it contains derogatory language and a pejorative term],"{'race': 'black', 'political': 'liberal'}",both
753,1,3472,92024956,1,[the sentence is offensive][because][it contains derogatory language and a threat],1,[the sentence is offensive][because][it contains derogatory language and a sexist slur],"{'race': 'black', 'political': 'liberal'}",both
754,1,3472,67558416,1,[the sentence is offensive][because][it contains derogatory language and a threat],1,[the sentence is offensive][because][it contains derogatory language and a sexist slur],"{'race': 'black', 'political': 'liberal'}",both
755,0,3859,92024956,1,[the sentence is offensive][because][it contains a racial slur and a derogatory term],1,[the sentence is offensive][because][it contains a racial slur and a derogatory message],"{'race': 'black', 'political': 'liberal'}",neither
756,1,3859,42267923,1,[the sentence is offensive][because][it contains a racial slur and a derogatory term],1,[the sentence is offensive][because][it contains a racial slur and a derogatory message],"{'race': 'black', 'political': 'conservative'}",both
757,0,3167,92024956,1,[the sentence is offensive][because][it contains a threat of violence and a derogatory term],0,[the sentence is not offensive][because][it is a metaphorical expression of anger and frustration],"{'race': 'black', 'political': 'liberal'}",race_political
758,1,3167,67558416,1,[the sentence is offensive][because][it contains a threat of violence and a derogatory term],0,[the sentence is not offensive][because][it is a metaphorical expression of anger and frustration],"{'race': 'black', 'political': 'liberal'}",baseline
759,1,348,67558416,1,[the sentence is offensive][because][it uses a racial slur],1,[the sentence is offensive][because][it uses a racial slur],"{'race': 'black', 'political': 'liberal'}",both
760,0,348,35379134,1,[the sentence is offensive][because][it uses a racial slur],1,[the sentence is offensive][because][it uses a racial slur],"{'race': 'black', 'political': 'liberal'}",neither
761,0,1802,49021087,0,[the sentence is not offensive][because][it is a statement of fact and does not contain any hate speech],0,[the sentence is not offensive][because][it is a statement of fact and does not contain any derogatory language],"{'race': 'black', 'political': 'liberal'}",both
762,0,1802,68595278,0,[the sentence is not offensive][because][it is a statement of fact and does not contain any hate speech],0,[the sentence is not offensive][because][it is a statement of fact and does not contain any derogatory language],"{'race': 'black', 'political': 'liberal'}",both
763,1,4079,67558416,1,"[the sentence is offensive][because][it contains hate speech, vulgar language, and a racial slur]",1,[the sentence is offensive][because][it contains hate speech and a racial slur],"{'race': 'black', 'political': 'liberal'}",both
764,1,4079,42267923,1,"[the sentence is offensive][because][it contains hate speech, vulgar language, and a racial slur]",1,"[the sentence is offensive][because][it contains hate speech, explicit language, and a racial slur]","{'race': 'black', 'political': 'conservative'}",both
765,1,1810,92024956,1,[the sentence is offensive][because][it contains a racial slur and promotes a negative stereotype about the ghetto and the law],1,[the sentence is offensive][because][it contains a racial slur and promotes a negative stereotype about the black community],"{'race': 'black', 'political': 'liberal'}",both
766,0,366,32992109,1,[the sentence is offensive][because][it conveys a negative emotion towards a particular word],1,[the sentence is offensive][because][it conveys a negative emotion towards a gendered slur],"{'race': 'black', 'political': 'liberal'}",neither
767,0,371,67558416,0,[the sentence is not offensive][because][it is a colloquial expression of affection and does not contain hate language],0,[the sentence is not offensive][because][it is a colloquial expression of affection and commitment],"{'race': 'black', 'political': 'liberal'}",both
768,0,371,42267923,0,[the sentence is not offensive][because][it is a colloquial expression of affection and does not contain hate language],0,[the sentence is not offensive][because][it is a colloquial expression of affection and commitment],"{'race': 'black', 'political': 'conservative'}",both
769,0,393,92024956,1,[the sentence is offensive][because][it contains derogatory language towards women],1,[the sentence is offensive][because][it conveys a stereotypical message suggesting that women are dumb and uses derogatory language],"{'race': 'black', 'political': 'liberal'}",neither
770,1,393,42267923,1,[the sentence is offensive][because][it contains derogatory language towards women],1,[the sentence is offensive][because][it conveys a stereotypical message suggesting that women are dumb and uses derogatory language],"{'race': 'black', 'political': 'conservative'}",both
771,1,963,92024956,1,[the sentence is offensive][because][it conveys a stereotypical message suggesting that a person's ethnicity is defined by their last name and contains derogatory language],1,[the sentence is offensive][because][it conveys a stereotypical message suggesting that a person's ethnicity is defined by their last name and contains derogatory language],"{'race': 'black', 'political': 'liberal'}",both
772,1,963,42267923,1,[the sentence is offensive][because][it conveys a stereotypical message suggesting that a person's ethnicity is defined by their last name and contains derogatory language],1,[the sentence is offensive][because][it conveys a stereotypical message suggesting that a person's ethnicity is defined by their last name and contains derogatory language],"{'race': 'black', 'political': 'conservative'}",both
773,1,1503,92024956,1,[the sentence is offensive][because][it contains explicit language and derogatory term for lgbtq+ individuals],1,[the sentence is offensive][because][it contains explicit language and derogatory term for lgbtq+ individuals],"{'race': 'black', 'political': 'liberal'}",both
774,0,1562,32992109,0,[the sentence is not offensive][because][it is a factual description of a situation],0,[the sentence is not offensive][because][it is a factual statement about the rising of minks from mass graves],"{'race': 'black', 'political': 'liberal'}",both
775,1,310,42267923,0,[the sentence is not offensive][because][it is a common idiomatic expression],0,[the sentence is not offensive][because][it is a common idiomatic expression],"{'race': 'black', 'political': 'conservative'}",neither
776,1,1125,92024956,0,[the sentence is not offensive][because][it is a play on words and does not contain hate speech],0,[the sentence is not offensive][because][it is a play on words and does not contain hate speech],"{'race': 'black', 'political': 'liberal'}",neither
777,1,1125,42267923,0,[the sentence is not offensive][because][it is a play on words and does not contain hate speech],0,[the sentence is not offensive][because][it is a play on words and does not contain hate speech],"{'race': 'black', 'political': 'conservative'}",neither
778,1,1295,92024956,1,[the sentence is offensive][because][it contains hate speech and explicit language],1,[the sentence is offensive][because][it contains hate speech and explicit language],"{'race': 'black', 'political': 'liberal'}",both
779,1,1295,42267923,1,[the sentence is offensive][because][it contains hate speech and explicit language],1,[the sentence is offensive][because][it contains hate speech and explicit language],"{'race': 'black', 'political': 'conservative'}",both
780,1,654,64721988,1,[the sentence is offensive][because][it contains hate speech and derogatory language towards women and a specific ethnic group],1,[the sentence is offensive][because][it contains a racial slur and derogatory language],"{'race': 'black', 'political': 'liberal'}",both
781,1,654,42267923,1,[the sentence is offensive][because][it contains hate speech and derogatory language towards women and a specific ethnic group],1,[the sentence is offensive][because][it contains hate speech and derogatory language towards a specific ethnic group and women],"{'race': 'black', 'political': 'conservative'}",both
782,1,967,92024956,1,[the sentence is offensive][because][it contains racial slurs and stereotypes],1,[the sentence is offensive][because][it contains a racial slur and makes a generalization about a group of people based on their race and ethnicity],"{'race': 'black', 'political': 'liberal'}",both
783,1,967,42267923,1,[the sentence is offensive][because][it contains racial slurs and stereotypes],1,[the sentence is offensive][because][it contains a racial slur and makes a generalization about a group of people based on their race and ethnicity],"{'race': 'black', 'political': 'conservative'}",both
784,0,1797,32992109,0,[the sentence is not offensive][because][the person is using the racial slur 'nigga' in a context that is not derogatory],0,[the sentence is not offensive][because][the person is using the word 'nigga' in a non-offensive context],"{'race': 'black', 'political': 'liberal'}",both
785,0,3405,92024956,0,[the sentence is not offensive][because][it is a colloquial way to express frustration and sarcasm],0,[the sentence is not offensive][because][it is a colloquial way to express frustration with people who are not competent in a particular area],"{'race': 'black', 'political': 'liberal'}",both
786,0,3405,67558416,0,[the sentence is not offensive][because][it is a colloquial way to express frustration and sarcasm],0,[the sentence is not offensive][because][it is a colloquial way to express frustration with people who are not competent in a particular area],"{'race': 'black', 'political': 'liberal'}",both
787,1,2219,68595278,1,[the sentence is offensive][because][it contains hate speech and promotes violence against a group of people],1,[the sentence is offensive][because][it contains hate speech and promotes violence against a group of people based on their race and ethnicity],"{'race': 'black', 'political': 'liberal'}",both
788,1,2219,32992109,1,[the sentence is offensive][because][it contains hate speech and promotes violence against a group of people],1,[the sentence is offensive][because][it contains hate speech and promotes violence against a group of people based on their race and ethnicity],"{'race': 'black', 'political': 'liberal'}",both
789,1,1818,67558416,1,[the sentence is offensive][because][it uses a racial slur and is also aggressive],1,[the sentence is offensive][because][it uses a racial slur and conveys a negative attitude towards a group of people based on their appearance],"{'race': 'black', 'political': 'liberal'}",both
790,1,3476,42267923,0,"[the sentence is not offensive][because][it is a colloquial way to address a group of people, although it may be perceived as informal or unprofessional]",0,"[the sentence is not offensive][because][it is a colloquial way to address a group of people, although it may be perceived as informal or unprofessional]","{'race': 'black', 'political': 'conservative'}",neither
791,0,4018,35379134,1,[the sentence is offensive][because][it contains a racial slur and a derogatory term for women],1,[the sentence is offensive][because][it contains a racial slur and a derogatory term for women],"{'race': 'black', 'political': 'liberal'}",neither
792,1,1894,42267923,1,[the sentence is offensive][because][it uses a racial slur],1,[the sentence is offensive][because][it uses a racial slur],"{'race': 'black', 'political': 'conservative'}",both
793,0,3443,35379134,0,[the sentence is not offensive][because][it is a comment about a song and a country's performance in a competition],0,[the sentence is not offensive][because][it is a comment about a song and a country's performance in a competition],"{'race': 'black', 'political': 'liberal'}",both
794,1,3443,42267923,0,[the sentence is not offensive][because][it is a comment about a song and a country's performance in a competition],0,[the sentence is not offensive][because][it is a comment about a song and a country's performance in a competition],"{'race': 'black', 'political': 'conservative'}",neither
795,0,2586,92024956,0,[the sentence is not offensive][because][it is a prayer for people who are homeless],0,[the sentence is not offensive][because][it is a prayer for people who are homeless],"{'race': 'black', 'political': 'liberal'}",both
796,0,717,32992109,1,[the sentence is offensive][because][it perpetuates a stereotype that black people are overrepresented in porn and uses a racial slur],1,[the sentence is offensive][because][it perpetuates a stereotype that black people are overrepresented in porn and uses a racial slur],"{'race': 'black', 'political': 'liberal'}",neither
797,1,717,42267923,1,[the sentence is offensive][because][it perpetuates a stereotype that black people are overrepresented in porn and uses a racial slur],1,[the sentence is offensive][because][it perpetuates a stereotype that black people are overrepresented in porn and uses a racial slur],"{'race': 'black', 'political': 'conservative'}",both
798,1,969,92024956,1,[the sentence is offensive][because][it contains a derogatory term for the lgbtq+ community],1,[the sentence is offensive][because][it contains a derogatory term for the lgbtq+ community],"{'race': 'black', 'political': 'liberal'}",both
799,1,969,42267923,1,[the sentence is offensive][because][it contains a derogatory term for the lgbtq+ community],1,[the sentence is offensive][because][it contains a derogatory term for the lgbtq+ community],"{'race': 'black', 'political': 'conservative'}",both
800,1,2164,92024956,1,[the sentence is offensive][because][it contains hate speech and a racial slur],1,[the sentence is offensive][because][it contains a racial slur and an insult],"{'race': 'black', 'political': 'liberal'}",both
801,1,2164,42267923,1,[the sentence is offensive][because][it contains hate speech and a racial slur],1,[the sentence is offensive][because][it contains a racial slur and an insult],"{'race': 'black', 'political': 'conservative'}",both
802,1,2187,42267923,1,[the sentence is offensive][because][it contains a racial slur and explicit language],1,[the sentence is offensive][because][it contains a racial slur and explicit language],"{'race': 'black', 'political': 'conservative'}",both
803,1,1880,92024956,1,[the sentence is offensive][because][it contains a racial slur and a derogatory term],1,[the sentence is offensive][because][it conveys a stereotypical message suggesting that being a 'nigga' is something negative and contains a racial slur],"{'race': 'black', 'political': 'liberal'}",both
804,1,1880,42267923,1,[the sentence is offensive][because][it contains a racial slur and a derogatory term],1,[the sentence is offensive][because][it conveys a stereotypical message suggesting that being a 'nigga' is something negative and contains a racial slur],"{'race': 'black', 'political': 'conservative'}",both
805,0,3973,49021087,1,[the sentence is offensive][because][it contains a racial slur and a threat],1,[the sentence is offensive][because][it contains a racial slur and a threat],"{'race': 'black', 'political': 'liberal'}",neither
806,1,3973,67558416,1,[the sentence is offensive][because][it contains a racial slur and a threat],1,[the sentence is offensive][because][it contains a racial slur and a threat],"{'race': 'black', 'political': 'liberal'}",both
807,1,1393,68595278,1,[the sentence is offensive][because][it contains derogatory language and stereotypes about women and their behavior],1,[the sentence is offensive][because][it contains derogatory language and stereotypes about women and their behavior],"{'race': 'black', 'political': 'liberal'}",both
808,1,1393,67558416,1,[the sentence is offensive][because][it contains derogatory language and stereotypes about women and their behavior],1,[the sentence is offensive][because][it contains derogatory language and stereotypes about women and their behavior],"{'race': 'black', 'political': 'liberal'}",both
809,1,2142,42267923,1,[the sentence is offensive][because][it contains hate language and a racial slur],1,[the sentence is offensive][because][it contains hate language and a racial slur],"{'race': 'black', 'political': 'conservative'}",both
810,0,4069,67558416,1,[the sentence is offensive][because][it contains multiple instances of the racial slur 'nigga' and explicit language],1,[the sentence is offensive][because][it contains a racial slur and promotes a misogynistic attitude],"{'race': 'black', 'political': 'liberal'}",neither
811,1,1954,67558416,1,[the sentence is offensive][because][it contains hate speech and racial slur],1,[the sentence is offensive][because][it contains a racial slur and a derogatory comparison of a political figure's policies],"{'race': 'black', 'political': 'liberal'}",both
812,1,1954,32992109,1,[the sentence is offensive][because][it contains hate speech and racial slur],1,[the sentence is offensive][because][it contains a racial slur and a derogatory comparison of a political figure's policies],"{'race': 'black', 'political': 'liberal'}",both
813,1,3623,35379134,1,[the sentence is offensive][because][it contains hate speech and explicit language],1,[the sentence is offensive][because][it contains hate speech and explicit language],"{'race': 'black', 'political': 'liberal'}",both
814,1,1884,68595278,1,[the sentence is offensive][because][it uses a racial slur and a derogatory term to describe a person's appearance and behavior],1,[the sentence is offensive][because][it uses a racial slur and makes a derogatory comparison between two racial groups],"{'race': 'black', 'political': 'liberal'}",both
815,0,239,67558416,0,[the sentence is not offensive][because][it is a call to action for women's empowerment],0,[the sentence is not offensive][because][it is a call to action for women's rights],"{'race': 'black', 'political': 'liberal'}",both
816,1,239,42267923,0,[the sentence is not offensive][because][it is a call to action for women's empowerment],0,[the sentence is not offensive][because][it is a colloquial way to express solidarity with women],"{'race': 'black', 'political': 'conservative'}",neither
817,1,2222,67558416,1,[the sentence is offensive][because][it contains a racial slur and derogatory language],1,[the sentence is offensive][because][it contains a racial slur and derogatory language],"{'race': 'black', 'political': 'liberal'}",both
818,1,2180,42267923,1,[the sentence is offensive][because][it contains a racial slur and a derogatory term],1,[the sentence is offensive][because][it contains a racial slur and a derogatory term],"{'race': 'black', 'political': 'conservative'}",both
819,1,78,49021087,1,[the sentence is offensive][because][it contains a derogatory term for a sexual orientation],1,[the sentence is offensive][because][it contains a derogatory term for a sexual orientation],"{'race': 'black', 'political': 'liberal'}",both
820,1,78,67558416,1,[the sentence is offensive][because][it contains a derogatory term for a sexual orientation],1,[the sentence is offensive][because][it contains a derogatory term for a sexual orientation],"{'race': 'black', 'political': 'liberal'}",both
821,1,4145,67558416,1,[the sentence is offensive][because][it contains a racial slur and explicit language],0,[the sentence is not offensive][because][it is a colloquial expression of frustration and anger],"{'race': 'black', 'political': 'liberal'}",baseline
822,1,4145,42267923,1,[the sentence is offensive][because][it contains a racial slur and explicit language],0,[the sentence is not offensive][because][it is a colloquial expression and the use of the racial slur 'nigga' is not derogatory in this context],"{'race': 'black', 'political': 'conservative'}",baseline
823,1,2132,92024956,1,[the sentence is offensive][because][it contains a racial slur and a derogatory term],1,[the sentence is offensive][because][it contains a racial slur and uses profanity],"{'race': 'black', 'political': 'liberal'}",both
824,1,698,92024956,1,[the sentence is offensive][because][it contains derogatory language and a personal attack on a woman],1,[the sentence is offensive][because][it contains derogatory language and a sexist tone],"{'race': 'black', 'political': 'liberal'}",both
825,1,2159,67558416,1,[the sentence is offensive][because][it contains multiple racial slurs and derogatory language],1,[the sentence is offensive][because][it contains a racial slur and uses derogatory language to describe a group of people],"{'race': 'black', 'political': 'liberal'}",both
826,0,344,49021087,1,[the sentence is offensive][because][it contains hate speech and derogatory language],1,[the sentence is offensive][because][it contains hate speech and derogatory language],"{'race': 'black', 'political': 'liberal'}",neither
827,0,344,92024956,1,[the sentence is offensive][because][it contains hate speech and derogatory language],1,[the sentence is offensive][because][it contains hate speech and derogatory language],"{'race': 'black', 'political': 'liberal'}",neither
828,1,2152,35379134,1,[the sentence is offensive][because][it contains a racial slur and a derogatory term],1,[the sentence is offensive][because][it contains a racial slur and a derogatory term],"{'race': 'black', 'political': 'liberal'}",both
829,1,1927,92024956,1,[the sentence is offensive][because][it promotes the use of a racial slur and contains a hate message],1,[the sentence is offensive][because][it promotes the use of a racial slur and contains a xenophobic message],"{'race': 'black', 'political': 'liberal'}",both
830,1,1927,42267923,1,[the sentence is offensive][because][it promotes the use of a racial slur and contains a hate message],1,[the sentence is offensive][because][it promotes the use of a racial slur and contains a xenophobic message],"{'race': 'black', 'political': 'conservative'}",both
831,1,2205,92024956,1,[the sentence is offensive][because][it contains a racial slur and uses derogatory language to describe people from a specific neighborhood],1,[the sentence is offensive][because][it contains a racial slur and conveys a stereotypical message about people in the hood],"{'race': 'black', 'political': 'liberal'}",both
832,0,218,42267923,1,[the sentence is offensive][because][it uses derogatory language to address women],1,[the sentence is offensive][because][it uses a derogatory term to address women],"{'race': 'black', 'political': 'conservative'}",neither
833,0,3341,35379134,0,[the sentence is not offensive][because][it is a casual conversation about buying shoes],0,[the sentence is not offensive][because][it is a casual conversation about buying shoes],"{'race': 'black', 'political': 'liberal'}",both
834,0,3341,32992109,0,[the sentence is not offensive][because][it is a casual conversation about buying shoes],0,[the sentence is not offensive][because][it is a casual conversation about buying shoes],"{'race': 'black', 'political': 'liberal'}",both
835,0,636,35379134,1,[the sentence is offensive][because][it contains a racial slur and uses explicit language],0,[the sentence is not offensive][because][it is a metaphorical expression of the speaker's feelings and does not contain explicit language],"{'race': 'black', 'political': 'liberal'}",race_political
836,1,630,92024956,1,[the sentence is offensive][because][it contains hate speech and explicit language],1,[the sentence is offensive][because][it contains hate speech and explicit language],"{'race': 'black', 'political': 'liberal'}",both
837,1,630,42267923,1,[the sentence is offensive][because][it contains hate speech and explicit language],1,[the sentence is offensive][because][it contains hate speech and explicit language],"{'race': 'black', 'political': 'conservative'}",both
838,0,3831,67558416,1,[the sentence is offensive][because][it contains explicit language and objectifies women],1,[the sentence is offensive][because][it contains a derogatory term for women and promotes objectification],"{'race': 'black', 'political': 'liberal'}",neither
839,1,3831,42267923,1,[the sentence is offensive][because][it contains explicit language and objectifies women],1,[the sentence is offensive][because][it contains a derogatory term for women and promotes objectification],"{'race': 'black', 'political': 'conservative'}",both
840,0,3480,35379134,0,[the sentence is not offensive][because][it is a colloquial expression of solidarity and support],0,[the sentence is not offensive][because][it is a colloquial expression of solidarity and friendship],"{'race': 'black', 'political': 'liberal'}",both
841,0,3480,42267923,0,[the sentence is not offensive][because][it is a colloquial expression of solidarity and support],0,[the sentence is not offensive][because][it is a colloquial expression of solidarity and friendship],"{'race': 'black', 'political': 'conservative'}",both
842,0,3442,67558416,1,[the sentence is offensive][because][it contains a derogatory comment about a deceased person's physical appearance],0,[the sentence is not offensive][because][it is a joke about the appearance of a deceased celebrity],"{'race': 'black', 'political': 'liberal'}",race_political
843,1,3442,42267923,1,[the sentence is offensive][because][it contains a derogatory comment about a deceased person's physical appearance],0,[the sentence is not offensive][because][it is a joke about the appearance of a deceased celebrity],"{'race': 'black', 'political': 'conservative'}",baseline
844,1,1886,92024956,1,[the sentence is offensive][because][it contains a racial slur and is a call to action that could be perceived as mocking or belittling],1,[the sentence is offensive][because][it uses a racial slur and implies that the person is being overly dramatic or attention-seeking],"{'race': 'black', 'political': 'liberal'}",both
845,1,1886,67558416,1,[the sentence is offensive][because][it contains a racial slur and is a call to action that could be perceived as mocking or belittling],1,[the sentence is offensive][because][it uses a racial slur and implies that the person is being overly dramatic or attention-seeking],"{'race': 'black', 'political': 'liberal'}",both
846,1,313,92024956,0,[the sentence is not offensive][because][it is a question about a sensitive topic and does not contain hate language],0,[the sentence is not offensive][because][it is a question about a sensitive topic and the person is trying to address a problem],"{'race': 'black', 'political': 'liberal'}",neither
847,0,313,67558416,0,[the sentence is not offensive][because][it is a question about a sensitive topic and does not contain hate language],0,[the sentence is not offensive][because][it is a question about a sensitive topic and the person is trying to address a problem],"{'race': 'black', 'political': 'liberal'}",both
848,1,1787,49021087,1,[the sentence is offensive][because][it contains a racial slur and promotes the use of derogatory language],1,[the sentence is offensive][because][it contains a racial slur and promotes the use of another racial slur],"{'race': 'black', 'political': 'liberal'}",both
849,1,1787,42267923,1,[the sentence is offensive][because][it contains a racial slur and promotes the use of derogatory language],1,[the sentence is offensive][because][it contains a racial slur and promotes the use of another racial slur],"{'race': 'black', 'political': 'conservative'}",both
850,0,1763,92024956,1,[the sentence is offensive][because][it uses a racial slur and promotes a negative stereotype about black people],1,[the sentence is offensive][because][it uses a racial slur and implies that black people are less civilized than others],"{'race': 'black', 'political': 'liberal'}",neither
851,1,1739,67558416,1,[the sentence is offensive][because][it contains a racial slur and promotes hate speech],1,[the sentence is offensive][because][it contains a racial slur and promotes racial segregation],"{'race': 'black', 'political': 'liberal'}",both
852,1,1739,42267923,1,[the sentence is offensive][because][it contains a racial slur and promotes hate speech],1,[the sentence is offensive][because][it contains a racial slur and promotes racial segregation],"{'race': 'black', 'political': 'conservative'}",both
853,0,2145,67558416,0,[the sentence is not offensive][because][it is a narrative about a personal experience and does not contain hate speech],0,[the sentence is not offensive][because][it is a narrative about a personal experience and does not contain hate speech],"{'race': 'black', 'political': 'liberal'}",both
854,0,2145,32992109,0,[the sentence is not offensive][because][it is a narrative about a personal experience and does not contain hate speech],0,[the sentence is not offensive][because][it is a narrative about a personal experience and does not contain hate speech],"{'race': 'black', 'political': 'liberal'}",both
855,1,2185,49021087,1,[the sentence is offensive][because][it contains a racial slur and a derogatory term for a person from africa],1,[the sentence is offensive][because][it contains a racial slur and a derogatory comment about a person's country of origin],"{'race': 'black', 'political': 'liberal'}",both
856,1,2185,42267923,1,[the sentence is offensive][because][it contains a racial slur and a derogatory term for a person from africa],1,[the sentence is offensive][because][it contains a racial slur and a derogatory comment about a person's country of origin],"{'race': 'black', 'political': 'conservative'}",both
857,1,1854,35379134,1,[the sentence is offensive][because][it contains a racial slur and promotes a stereotype],1,[the sentence is offensive][because][it contains a racial slur and promotes a stereotype of a black person as subservient],"{'race': 'black', 'political': 'liberal'}",both
858,1,1854,42267923,1,[the sentence is offensive][because][it contains a racial slur and promotes a stereotype],1,[the sentence is offensive][because][it contains a racial slur and promotes a stereotype],"{'race': 'black', 'political': 'conservative'}",both
859,0,3437,35379134,1,[the sentence is offensive][because][it contains a derogatory term and a stereotype about parents using umbrella strollers for their babies],1,[the sentence is offensive][because][it contains a derogatory term and a stereotype about parents with young children],"{'race': 'black', 'political': 'liberal'}",neither
860,1,3437,42267923,1,[the sentence is offensive][because][it contains a derogatory term and a stereotype about parents using umbrella strollers for their babies],0,[the sentence is not offensive][because][it is a colloquial way to express frustration about a particular practice],"{'race': 'black', 'political': 'conservative'}",baseline
861,0,3062,49021087,0,[the sentence is not offensive][because][it is a quote from a song and the language used is a part of the song's style],0,[the sentence is not offensive][because][it is a quote from a song and the use of the racial slur 'nigga' is part of the lyrics],"{'race': 'black', 'political': 'liberal'}",both
862,1,3062,67558416,0,[the sentence is not offensive][because][it is a quote from a song and the language used is a part of the song's style],0,[the sentence is not offensive][because][it is a quote from a song and the use of the racial slur 'nigga' is part of the lyrics],"{'race': 'black', 'political': 'liberal'}",neither
863,1,2212,92024956,1,[the sentence is offensive][because][it contains hate speech and racial slurs],1,[the sentence is offensive][because][it contains a racial slur and promotes a sexual act with a racial slur],"{'race': 'black', 'political': 'liberal'}",both
864,1,2212,42267923,1,[the sentence is offensive][because][it contains hate speech and racial slurs],1,[the sentence is offensive][because][it contains a racial slur and promotes a sexual act with a racial slur],"{'race': 'black', 'political': 'conservative'}",both
865,1,4133,42267923,1,[the sentence is offensive][because][it contains a racial slur and a derogatory term],1,[the sentence is offensive][because][it uses a racial slur and contains a derogatory message],"{'race': 'black', 'political': 'conservative'}",both
866,1,2207,67558416,1,[the sentence is offensive][because][it uses a racial slur and perpetuates a stereotype],1,[the sentence is offensive][because][it uses a racial slur and conveys a negative stereotype],"{'race': 'black', 'political': 'liberal'}",both
867,1,2207,42267923,1,[the sentence is offensive][because][it uses a racial slur and perpetuates a stereotype],1,[the sentence is offensive][because][it uses a racial slur and conveys a negative stereotype],"{'race': 'black', 'political': 'conservative'}",both
868,1,415,92024956,1,[the sentence is offensive][because][it contains hate speech and derogatory language towards a specific group of people and their behavior],0,[the sentence is not offensive][because][it is a personal account of a situation and does not contain hate speech or explicit language],"{'race': 'black', 'political': 'liberal'}",baseline
869,0,3409,35379134,0,[the sentence is not offensive][because][it is a casual conversation between two people about a game],0,[the sentence is not offensive][because][it is a casual conversation about a video game],"{'race': 'black', 'political': 'liberal'}",both
870,0,3457,32992109,0,[the sentence is not offensive][because][it is a statement about the preference of some people to be known and broke rather than unknown and poor],0,[the sentence is not offensive][because][it is a colloquial expression that is not derogatory],"{'race': 'black', 'political': 'liberal'}",both
871,1,1788,67558416,1,[the sentence is offensive][because][it conveys a racist message and contains a racial slur],1,[the sentence is offensive][because][it conveys a racist message and uses a racial slur],"{'race': 'black', 'political': 'liberal'}",both
872,1,1788,42267923,1,[the sentence is offensive][because][it conveys a racist message and contains a racial slur],1,[the sentence is offensive][because][it conveys a racial slur and a stereotype about black people being dirty],"{'race': 'black', 'political': 'conservative'}",both
873,0,3893,35379134,1,[the sentence is offensive][because][it uses a racial slur and implies that people who are different will be hated],1,[the sentence is offensive][because][it uses a racial slur and implies that people who are different will be hated],"{'race': 'black', 'political': 'liberal'}",neither
874,0,304,49021087,0,[the sentence is not offensive][because][it is a personal story about a person's experience with racism],0,[the sentence is not offensive][because][it is a personal story about a family conflict],"{'race': 'black', 'political': 'liberal'}",both
875,0,304,35379134,0,[the sentence is not offensive][because][it is a personal story about a person's experience with racism],0,[the sentence is not offensive][because][it is a personal story about a family conflict],"{'race': 'black', 'political': 'liberal'}",both
876,1,2213,92024956,1,[the sentence is offensive][because][it contains explicit language and a racial slur],1,[the sentence is offensive][because][it contains a racial slur and explicit language],"{'race': 'black', 'political': 'liberal'}",both
877,1,2213,35379134,1,[the sentence is offensive][because][it contains explicit language and a racial slur],1,[the sentence is offensive][because][it contains a racial slur and explicit language],"{'race': 'black', 'political': 'liberal'}",both
878,1,1396,42267923,1,[the sentence is offensive][because][it contains a derogatory term for women and makes a generalization about a group of people based on their birth year],1,[the sentence is offensive][because][it contains derogatory language towards women and makes a generalization about a group of people based on their birth year],"{'race': 'black', 'political': 'conservative'}",both
879,1,2220,42267923,1,[the sentence is offensive][because][it contains a racial slur and uses derogatory language],1,[the sentence is offensive][because][it contains a racial slur and a derogatory term],"{'race': 'black', 'political': 'conservative'}",both
880,1,1757,42267923,1,[the sentence is offensive][because][it promotes the use of a racial slur and contains a message of hate towards a specific group of people],1,[the sentence is offensive][because][it conveys a message of hatred and racism towards a specific group of people],"{'race': 'black', 'political': 'conservative'}",both
881,0,324,92024956,1,[the sentence is offensive][because][it contains a racial slur and a derogatory term],1,[the sentence is offensive][because][it contains a racial slur and a stereotypical message],"{'race': 'black', 'political': 'liberal'}",neither
882,1,324,42267923,1,[the sentence is offensive][because][it contains a racial slur and a derogatory term],1,[the sentence is offensive][because][it contains a racial slur and a stereotypical message],"{'race': 'black', 'political': 'conservative'}",both
883,1,729,42267923,1,[the sentence is offensive][because][it contains explicit language and a racial slur],1,[the sentence is offensive][because][it contains explicit language and a racial slur],"{'race': 'black', 'political': 'conservative'}",both
884,1,4077,42267923,1,[the sentence is offensive][because][it contains explicit language and a racial slur],1,[the sentence is offensive][because][it contains a racial slur and a sexual innuendo],"{'race': 'black', 'political': 'conservative'}",both
885,1,655,92024956,1,[the sentence is offensive][because][it contains explicit language and derogatory terms],1,[the sentence is offensive][because][it contains explicit language and a derogatory term],"{'race': 'black', 'political': 'liberal'}",both
886,1,3505,43606178,0,[the sentence is not offensive][because][it is a casual conversation between friends],0,[the sentence is not offensive][because][it is a casual conversation between friends],"{'race': 'black', 'political': 'liberal'}",neither
887,0,3522,24252197,0,[the sentence is not offensive][because][it is a nonsensical sentence],0,[the sentence is not offensive][because][it is a nonsensical sentence with no clear meaning],"{'race': 'black', 'political': 'liberal'}",both
888,0,3522,34083197,0,[the sentence is not offensive][because][it is a nonsensical sentence],0,[the sentence is not offensive][because][it is a nonsensical sentence],"{'race': 'white', 'political': 'liberal'}",both
889,1,3396,43606178,0,"[the sentence is not offensive][because][it is a personal attack on a person, but it does not contain hate speech or explicit language]",0,"[the sentence is not offensive][because][it is a personal attack on a person, but it does not contain hate speech or explicit language]","{'race': 'black', 'political': 'liberal'}",neither
890,0,3396,24252197,0,"[the sentence is not offensive][because][it is a personal attack on a person, but it does not contain hate speech or explicit language]",0,"[the sentence is not offensive][because][it is a personal attack on a person, but it does not contain hate speech or explicit language]","{'race': 'black', 'political': 'liberal'}",both
891,0,3395,24252197,0,[the sentence is not offensive][because][it is a personal reflection and does not contain any hate speech or explicit language],0,[the sentence is not offensive][because][it is a colloquial way to express a personal experience],"{'race': 'black', 'political': 'liberal'}",both
892,0,3395,34083197,0,[the sentence is not offensive][because][it is a personal reflection and does not contain any hate speech or explicit language],0,[the sentence is not offensive][because][it is a personal reflection and does not contain any hate speech or explicit language],"{'race': 'white', 'political': 'liberal'}",both
893,0,3276,34083197,0,[the sentence is not offensive][because][it is a colloquial way to comment on the social media],0,[the sentence is not offensive][because][it is a colloquial way to comment on the social media],"{'race': 'white', 'political': 'liberal'}",both
894,0,3276,5701760,0,[the sentence is not offensive][because][it is a colloquial way to comment on the social media],0,[the sentence is not offensive][because][it is a colloquial way to express excitement about seeing posts about benefits on facebook],"{'race': 'black', 'political': 'neutral'}",both
895,0,3380,24252197,0,[the sentence is not offensive][because][it is a fictional dialogue and does not contain any explicit language or hate speech],0,[the sentence is not offensive][because][it is a fictional dialogue and does not contain any hate speech or explicit language],"{'race': 'black', 'political': 'liberal'}",both
896,0,3380,34083197,0,[the sentence is not offensive][because][it is a fictional dialogue and does not contain any explicit language or hate speech],0,[the sentence is not offensive][because][it is a fictional dialogue and does not contain any hate speech or explicit language],"{'race': 'white', 'political': 'liberal'}",both
897,0,3295,24252197,0,[the sentence is not offensive][because][it is a joke about masculinity and the use of a hashtag does not make the sentence offensive],0,[the sentence is not offensive][because][it is a joke about masculinity and the use of a hashtag does not make it offensive],"{'race': 'black', 'political': 'liberal'}",both
898,0,3295,34083197,0,[the sentence is not offensive][because][it is a joke about masculinity and the use of a hashtag does not make the sentence offensive],0,[the sentence is not offensive][because][it is a joke about masculinity and the author is using a playful tone],"{'race': 'white', 'political': 'liberal'}",both
899,0,3517,24252197,0,[the sentence is not offensive][because][it is a playful use of language and contains a typo],0,[the sentence is not offensive][because][it is a playful use of language and contains a typo],"{'race': 'black', 'political': 'liberal'}",both
900,0,3517,34083197,0,[the sentence is not offensive][because][it is a playful use of language and contains a typo],0,[the sentence is not offensive][because][it is a playful use of language and does not contain hate speech],"{'race': 'white', 'political': 'liberal'}",both
901,0,3649,24252197,0,[the sentence is not offensive][because][it is a colloquial way to describe a situation and does not contain hate language],0,[the sentence is not offensive][because][it is a colloquial way to describe a situation and does not contain hate language],"{'race': 'black', 'political': 'liberal'}",both
902,0,3649,34083197,0,[the sentence is not offensive][because][it is a colloquial way to describe a situation and does not contain hate language],0,[the sentence is not offensive][because][it is a colloquial way to describe a situation and does not contain hate language],"{'race': 'white', 'political': 'liberal'}",both
903,1,3430,43606178,0,[the sentence is not offensive][because][it is a statement about personal boundaries and consequences of hurtful behavior],0,"[the sentence is not offensive][because][it is a hypothetical scenario about a personal boundary and a threat of physical violence, but the context is not aggressive or discriminatory]","{'race': 'black', 'political': 'liberal'}",neither
904,0,3430,24252197,0,[the sentence is not offensive][because][it is a statement about personal boundaries and consequences of hurtful behavior],0,"[the sentence is not offensive][because][it is a hypothetical scenario about a personal boundary and a threat of physical violence, but the context is not aggressive or discriminatory]","{'race': 'black', 'political': 'liberal'}",both
905,0,3534,24252197,1,[the sentence is offensive][because][it conveys a stereotypical message suggesting that black communities are not benefiting from the ben & jerry's money and contains a racial slur],1,[the sentence is offensive][because][it conveys a stereotypical message that black communities are not benefiting from the ben & jerry money and contains a racial slur],"{'race': 'black', 'political': 'liberal'}",neither
906,1,3534,24273617,1,[the sentence is offensive][because][it conveys a stereotypical message suggesting that black communities are not benefiting from the ben & jerry's money and contains a racial slur],1,[the sentence is offensive][because][it conveys a stereotypical message that black communities are not benefiting from the ben & jerry money and contains a racial slur],"{'race': 'black', 'political': 'liberal'}",both
907,0,3540,24252197,0,[the sentence is not offensive][because][it is a colloquial way to express frustration in a relationship],0,[the sentence is not offensive][because][it is a colloquial way to express frustration in a relationship],"{'race': 'black', 'political': 'liberal'}",both
908,1,3359,43606178,0,[the sentence is not offensive][because][it is a statement about a hypothetical situation],0,[the sentence is not offensive][because][it is a statement about a hypothetical situation and does not contain any hate speech or explicit language],"{'race': 'black', 'political': 'liberal'}",neither
909,0,3300,43606178,0,[the sentence is not offensive][because][it is a poetic phrase with no explicit language or hate speech],0,[the sentence is not offensive][because][it is a poetic phrase with no apparent intent to offend],"{'race': 'black', 'political': 'liberal'}",both
910,0,3300,24252197,0,[the sentence is not offensive][because][it is a poetic phrase with no explicit language or hate speech],0,[the sentence is not offensive][because][it is a poetic phrase with no apparent intent to offend],"{'race': 'black', 'political': 'liberal'}",both
911,0,3693,24252197,1,[the sentence is offensive][because][it contains explicit language and a threat],1,[the sentence is offensive][because][it contains explicit language and a threat],"{'race': 'black', 'political': 'liberal'}",neither
912,1,3693,34083197,1,[the sentence is offensive][because][it contains explicit language and a threat],1,[the sentence is offensive][because][it contains explicit language and a threat],"{'race': 'white', 'political': 'liberal'}",both
913,0,3254,24252197,0,[the sentence is not offensive][because][it is a neutral statement about cutting people off],0,[the sentence is not offensive][because][it is a neutral statement about cutting people off and saving space for others],"{'race': 'black', 'political': 'liberal'}",both
914,0,3254,34083197,0,[the sentence is not offensive][because][it is a neutral statement about cutting people off],0,[the sentence is not offensive][because][it is a neutral statement about cutting people off],"{'race': 'white', 'political': 'liberal'}",both
915,0,3284,43606178,0,[the sentence is not offensive][because][it is a poetic way to express a feeling],0,[the sentence is not offensive][because][it is a poetic way to express a feeling],"{'race': 'black', 'political': 'liberal'}",both
916,0,3284,24252197,0,[the sentence is not offensive][because][it is a poetic way to express a feeling],0,[the sentence is not offensive][because][it is a poetic way to express a feeling],"{'race': 'black', 'political': 'liberal'}",both
917,1,3536,24252197,1,[the sentence is offensive][because][it contains hate speech and derogatory language towards the lgbtq+ community],1,[the sentence is offensive][because][it contains hate speech and derogatory language towards the lgbtq+ community],"{'race': 'black', 'political': 'liberal'}",both
918,1,3536,34083197,1,[the sentence is offensive][because][it contains hate speech and derogatory language towards the lgbtq+ community],1,[the sentence is offensive][because][it contains hate speech and derogatory language towards the lgbtq+ community],"{'race': 'white', 'political': 'liberal'}",both
919,1,3521,43606178,1,[the sentence is offensive][because][it contains explicit language and is directed at a public figure],1,[the sentence is offensive][because][it contains explicit language and is directed at a public figure],"{'race': 'black', 'political': 'liberal'}",both
920,0,3521,24252197,1,[the sentence is offensive][because][it contains explicit language and is directed at a public figure],1,[the sentence is offensive][because][it contains explicit language and is directed at a public figure],"{'race': 'black', 'political': 'liberal'}",neither
921,0,3385,43606178,0,[the sentence is not offensive][because][it is a colloquial way to express excitement and anticipation about a situation],0,[the sentence is not offensive][because][it is a colloquial way to express a personal opinion about a friend's situation],"{'race': 'black', 'political': 'liberal'}",both
922,0,3385,24252197,0,[the sentence is not offensive][because][it is a colloquial way to express excitement and anticipation about a situation],0,[the sentence is not offensive][because][it is a colloquial way to express a personal opinion about a friend's situation],"{'race': 'black', 'political': 'liberal'}",both
923,1,3481,43606178,1,[the sentence is offensive][because][it contains vulgar language and a derogatory term for women],1,[the sentence is offensive][because][it contains vulgar language and a derogatory term for women],"{'race': 'black', 'political': 'liberal'}",both
924,0,3481,34083197,1,[the sentence is offensive][because][it contains vulgar language and a derogatory term for women],1,[the sentence is offensive][because][it contains hate language and a derogatory term for women],"{'race': 'white', 'political': 'liberal'}",neither
925,0,3294,43606178,0,[the sentence is not offensive][because][it is a poetic expression of frustration and dissatisfaction],0,[the sentence is not offensive][because][it is a poetic expression of frustration and hardship],"{'race': 'black', 'political': 'liberal'}",both
926,0,3294,34083197,0,[the sentence is not offensive][because][it is a poetic expression of frustration and dissatisfaction],0,[the sentence is not offensive][because][it is a poetic expression of frustration and does not contain any hate speech or explicit language],"{'race': 'white', 'political': 'liberal'}",both
927,0,3665,43606178,1,[the sentence is offensive][because][it contains explicit language and implies a romantic relationship with a character who is a serial killer],1,[the sentence is offensive][because][it conveys a stereotypical message suggesting that women are overly emotional and contains vulgar language],"{'race': 'black', 'political': 'liberal'}",neither
928,0,3665,24252197,1,[the sentence is offensive][because][it contains explicit language and implies a romantic relationship with a character who is a serial killer],1,[the sentence is offensive][because][it conveys a stereotypical message suggesting that women are overly emotional and contains vulgar language],"{'race': 'black', 'political': 'liberal'}",neither
929,0,3676,43606178,0,[the sentence is not offensive][because][it is a compliment to the artist and does not contain any hate speech],0,[the sentence is not offensive][because][it is a compliment to the artist and does not contain any hate speech],"{'race': 'black', 'political': 'liberal'}",both
930,0,3676,34083197,0,[the sentence is not offensive][because][it is a compliment to the artist and does not contain any hate speech],0,[the sentence is not offensive][because][it is a compliment to the artist and does not contain any hate speech],"{'race': 'white', 'political': 'liberal'}",both
931,0,3239,43606178,0,[the sentence is not offensive][because][it is a quote from a song and a comment about a news article],0,[the sentence is not offensive][because][it is a political statement with a colloquialism],"{'race': 'black', 'political': 'liberal'}",both
932,0,3239,24252197,0,[the sentence is not offensive][because][it is a quote from a song and a comment about a news article],0,[the sentence is not offensive][because][it is a political statement with a colloquialism],"{'race': 'black', 'political': 'liberal'}",both
933,0,3765,24252197,1,[the sentence is offensive][because][it contains explicit language and objectifies women],1,[the sentence is offensive][because][it conveys a stereotypical message suggesting that women are only interested in men who can provide financial support and sex],"{'race': 'black', 'political': 'liberal'}",neither
934,0,3765,34083197,1,[the sentence is offensive][because][it contains explicit language and objectifies women],1,[the sentence is offensive][because][it conveys a stereotypical message suggesting that women are primarily interested in sex and contains explicit language],"{'race': 'white', 'political': 'liberal'}",neither
935,0,3545,43606178,0,[the sentence is not offensive][because][it is a subjective opinion about a movie],0,[the sentence is not offensive][because][it is a subjective opinion about a movie],"{'race': 'black', 'political': 'liberal'}",both
936,0,3545,24252197,0,[the sentence is not offensive][because][it is a subjective opinion about a movie],0,[the sentence is not offensive][because][it is a subjective opinion about a movie],"{'race': 'black', 'political': 'liberal'}",both
937,1,3562,43606178,1,[the sentence is offensive][because][it contains a slang term for a derogatory word and uses profanity],0,[the sentence is not offensive][because][it is a colloquial way to express frustration with someone's behavior],"{'race': 'black', 'political': 'liberal'}",baseline
938,0,3562,41088410,1,[the sentence is offensive][because][it contains a slang term for a derogatory word and uses profanity],0,[the sentence is not offensive][because][it is a colloquial way to express frustration with someone's behavior],"{'race': 'black', 'political': 'liberal'}",race_political
939,0,3560,24252197,0,[the sentence is not offensive][because][it is a frustrated comment about a celebrity not responding to a question],0,[the sentence is not offensive][because][it is a frustrated comment about a celebrity not responding to a fan's question],"{'race': 'black', 'political': 'liberal'}",both
940,0,3560,34083197,0,[the sentence is not offensive][because][it is a frustrated comment about a celebrity not responding to a question],0,[the sentence is not offensive][because][it is a frustrated comment about a celebrity not responding to a fan's question],"{'race': 'white', 'political': 'liberal'}",both
941,0,3389,24252197,0,[the sentence is not offensive][because][it is a colloquial way to express frustration and contains informal language],0,[the sentence is not offensive][because][it is a colloquial way to express frustration and contains informal language],"{'race': 'black', 'political': 'liberal'}",both
942,0,3570,24252197,1,[the sentence is offensive][because][it conveys a message that suggests that someone who shares intimate content with you has lost their right to privacy and contains explicit language],1,[the sentence is offensive][because][it conveys a message that it is wrong to share intimate images without consent and contains explicit language],"{'race': 'black', 'political': 'liberal'}",neither
943,1,3550,43606178,0,[the sentence is not offensive][because][it is a metaphorical expression of a person's frustration and does not contain hate speech or explicit language],0,[the sentence is not offensive][because][it is a metaphorical expression of not wanting to engage in a conflict],"{'race': 'black', 'political': 'liberal'}",neither
944,1,3550,24252197,0,[the sentence is not offensive][because][it is a metaphorical expression of a person's frustration and does not contain hate speech or explicit language],0,[the sentence is not offensive][because][it is a metaphorical expression of not wanting to engage in a conflict],"{'race': 'black', 'political': 'liberal'}",neither
945,0,3531,24252197,0,[the sentence is not offensive][because][it is a subjective statement that expresses a personal opinion],0,[the sentence is not offensive][because][it is a colloquial way to express a thought],"{'race': 'black', 'political': 'liberal'}",both
946,0,3531,21709804,0,[the sentence is not offensive][because][it is a subjective statement that expresses a personal opinion],0,[the sentence is not offensive][because][it is a subjective statement that expresses a personal opinion],"{'race': 'black', 'political': 'conservative'}",both
947,0,3533,43606178,0,"[the sentence is not offensive][because][it is a frustrated statement about a job, but it does not contain hate speech or explicit language]",0,[the sentence is not offensive][because][it is a frustrated statement about a job and contains colloquial language],"{'race': 'black', 'political': 'liberal'}",both
948,0,3533,24252197,0,"[the sentence is not offensive][because][it is a frustrated statement about a job, but it does not contain hate speech or explicit language]",0,[the sentence is not offensive][because][it is a frustrated statement about a job and contains colloquial language],"{'race': 'black', 'political': 'liberal'}",both
949,0,3399,24252197,0,"[the sentence is not offensive][because][it is a joke about a person named cree and her actions, and the tone is playful and affectionate]",0,[the sentence is not offensive][because][it is a colloquial way to express annoyance and affection towards someone],"{'race': 'black', 'political': 'liberal'}",both
950,0,3399,34083197,0,"[the sentence is not offensive][because][it is a joke about a person named cree and her actions, and the tone is playful and affectionate]",0,[the sentence is not offensive][because][it is a joke about a person named cree and the use of the word 'gas' in a non-explicit context],"{'race': 'white', 'political': 'liberal'}",both
951,0,3508,43606178,0,[the sentence is not offensive][because][it is an expression of anger and frustration],0,[the sentence is not offensive][because][it is an expression of anger and frustration],"{'race': 'black', 'political': 'liberal'}",both
952,0,3508,24252197,0,[the sentence is not offensive][because][it is an expression of anger and frustration],0,[the sentence is not offensive][because][it is an expression of anger and frustration],"{'race': 'black', 'political': 'liberal'}",both
953,0,3240,24252197,0,[the sentence is not offensive][because][it is a personal expression of vulnerability and frustration],0,[the sentence is not offensive][because][it is a personal expression of vulnerability and frustration],"{'race': 'black', 'political': 'liberal'}",both
954,0,3240,34083197,0,[the sentence is not offensive][because][it is a personal expression of vulnerability and frustration],0,[the sentence is not offensive][because][it is a personal expression of vulnerability and frustration],"{'race': 'white', 'political': 'liberal'}",both
955,0,3233,24252197,0,[the sentence is not offensive][because][it is a metaphorical expression of sadness and frustration],0,[the sentence is not offensive][because][it is a metaphorical expression of sadness and frustration],"{'race': 'black', 'political': 'liberal'}",both
956,0,3233,34083197,0,[the sentence is not offensive][because][it is a metaphorical expression of sadness and frustration],0,[the sentence is not offensive][because][it is a metaphorical expression of sadness and frustration],"{'race': 'white', 'political': 'liberal'}",both
957,0,3420,43606178,0,[the sentence is not offensive][because][it is a message of self-empowerment and self-love],0,[the sentence is not offensive][because][it is a message of self-empowerment and self-love],"{'race': 'black', 'political': 'liberal'}",both
958,0,3420,24252197,0,[the sentence is not offensive][because][it is a message of self-empowerment and self-love],0,[the sentence is not offensive][because][it is a message of self-empowerment and self-love],"{'race': 'black', 'political': 'liberal'}",both
959,1,3468,24252197,1,[the sentence is offensive][because][it contains derogatory language and a misogynistic message],1,[the sentence is offensive][because][it conveys a stereotypical message suggesting that women are jealous and contain derogatory language],"{'race': 'black', 'political': 'liberal'}",both
960,0,3468,34083197,1,[the sentence is offensive][because][it contains derogatory language and a misogynistic message],1,[the sentence is offensive][because][it conveys a stereotypical message suggesting that women are jealous and contain derogatory language],"{'race': 'white', 'political': 'liberal'}",neither
961,0,3390,24252197,0,[the sentence is not offensive][because][it is a list of people to follow on social media],0,[the sentence is not offensive][because][it is a list of people to follow on social media],"{'race': 'black', 'political': 'liberal'}",both
962,0,3390,34083197,0,[the sentence is not offensive][because][it is a list of people to follow on social media],0,[the sentence is not offensive][because][it is a list of people to follow on social media],"{'race': 'white', 'political': 'liberal'}",both
963,0,3502,43606178,1,[the sentence is offensive][because][it contains explicit language and a sexual reference],1,[the sentence is offensive][because][it contains a sexual innuendo and a colloquialism that can be perceived as derogatory towards women],"{'race': 'black', 'political': 'liberal'}",neither
964,0,3502,34083197,1,[the sentence is offensive][because][it contains explicit language and a sexual reference],1,[the sentence is offensive][because][it contains a sexual innuendo and a colloquialism that can be perceived as derogatory towards women],"{'race': 'white', 'political': 'liberal'}",neither
965,0,3345,24252197,0,[the sentence is not offensive][because][it is a casual conversation about a personal matter],0,[the sentence is not offensive][because][it is a casual conversation about phone settings and personal life],"{'race': 'black', 'political': 'liberal'}",both
966,0,3345,34083197,0,[the sentence is not offensive][because][it is a casual conversation about a personal matter],0,[the sentence is not offensive][because][it is a casual conversation about phone settings and personal life],"{'race': 'white', 'political': 'liberal'}",both
967,1,3473,43606178,1,[the sentence is offensive][because][it contains derogatory language towards women and uses a colloquial expression that is often associated with hate speech],1,[the sentence is offensive][because][it contains derogatory language towards women and uses a racial slur],"{'race': 'black', 'political': 'liberal'}",both
968,0,3473,24252197,1,[the sentence is offensive][because][it contains derogatory language towards women and uses a colloquial expression that is often associated with hate speech],1,[the sentence is offensive][because][it contains derogatory language towards women and uses a racial slur],"{'race': 'black', 'political': 'liberal'}",neither
969,1,4066,24252197,1,[the sentence is offensive][because][it contains explicit language and a derogatory term],0,[the sentence is not offensive][because][it is a colloquial way to express excitement about a trip],"{'race': 'black', 'political': 'liberal'}",baseline
970,0,4066,34083197,1,[the sentence is offensive][because][it contains explicit language and a derogatory term],0,[the sentence is not offensive][because][it is a colloquial way to express excitement],"{'race': 'white', 'political': 'liberal'}",race_political
971,1,3625,43606178,0,[the sentence is not offensive][because][it is a colloquial way to express a personal sentiment],0,[the sentence is not offensive][because][it is a colloquial way to express a personal sentiment],"{'race': 'black', 'political': 'liberal'}",neither
972,0,3625,24252197,0,[the sentence is not offensive][because][it is a colloquial way to express a personal sentiment],0,[the sentence is not offensive][because][it is a colloquial way to express a personal sentiment],"{'race': 'black', 'political': 'liberal'}",both
973,1,4127,43606178,1,[the sentence is offensive][because][it contains explicit language and a derogatory term for a woman],1,[the sentence is offensive][because][it contains explicit language and a derogatory term for a woman],"{'race': 'black', 'political': 'liberal'}",both
974,1,4127,24252197,1,[the sentence is offensive][because][it contains explicit language and a derogatory term for a woman],1,[the sentence is offensive][because][it contains explicit language and a derogatory term for a woman],"{'race': 'black', 'political': 'liberal'}",both
975,0,3657,43606178,0,[the sentence is not offensive][because][it is a statement about a personal experience],0,[the sentence is not offensive][because][it is a complaint about a physical activity],"{'race': 'black', 'political': 'liberal'}",both
976,0,3657,34083197,0,[the sentence is not offensive][because][it is a statement about a personal experience],0,[the sentence is not offensive][because][it is a personal statement about the impact of cheerleading on the speaker's joints],"{'race': 'white', 'political': 'liberal'}",both
977,0,3243,24252197,0,[the sentence is not offensive][because][it is a statement about the physical resemblance of the jackson family members],0,[the sentence is not offensive][because][it is a statement about the physical appearance of the jackson family and does not contain any hate speech or explicit language],"{'race': 'black', 'political': 'liberal'}",both
978,0,3243,34083197,0,[the sentence is not offensive][because][it is a statement about the physical resemblance of the jackson family members],0,[the sentence is not offensive][because][it is a statement about the physical appearance of the jackson family and does not contain any hate speech or explicit language],"{'race': 'white', 'political': 'liberal'}",both
979,0,3559,24252197,0,[the sentence is not offensive][because][it is a common expression of frustration],0,[the sentence is not offensive][because][it is a common expression of frustration],"{'race': 'black', 'political': 'liberal'}",both
980,0,3559,34083197,0,[the sentence is not offensive][because][it is a common expression of frustration],0,[the sentence is not offensive][because][it is a common expression of frustration],"{'race': 'white', 'political': 'liberal'}",both
981,0,3225,24252197,0,[the sentence is not offensive][because][it is a positive comment about a performance],0,[the sentence is not offensive][because][it is a positive comment about a performance],"{'race': 'black', 'political': 'liberal'}",both
982,0,3225,34083197,0,[the sentence is not offensive][because][it is a positive comment about a performance],0,[the sentence is not offensive][because][it is a positive comment about a performance],"{'race': 'white', 'political': 'liberal'}",both
983,0,3603,43606178,0,[the sentence is not offensive][because][it is an enthusiastic expression of a personal experience],0,[the sentence is not offensive][because][it is just an enthusiastic expression of a personal experience],"{'race': 'black', 'political': 'liberal'}",both
984,0,3603,34083197,0,[the sentence is not offensive][because][it is an enthusiastic expression of a personal experience],0,[the sentence is not offensive][because][it is an enthusiastic expression of a personal experience],"{'race': 'white', 'political': 'liberal'}",both
985,0,3205,24252197,0,[the sentence is not offensive][because][it is a neutral comment about the silence of a group of people],0,[the sentence is not offensive][because][it is a neutral comment about the silence of a group of people],"{'race': 'black', 'political': 'liberal'}",both
986,0,3205,34083197,0,[the sentence is not offensive][because][it is a neutral comment about the silence of a group of people],0,[the sentence is not offensive][because][it is a neutral comment about the silence of a group of people],"{'race': 'white', 'political': 'liberal'}",both
987,0,3563,24252197,0,[the sentence is not offensive][because][it is a factual statement about a chant],0,[the sentence is not offensive][because][it is a factual statement about a chant],"{'race': 'black', 'political': 'liberal'}",both
988,0,3541,43606178,1,[the sentence is offensive][because][it contains hate speech towards a group of people based on their sexual orientation],1,[the sentence is offensive][because][it contains a generalization that all straight people are oppressed and implies that they are hateful towards others],"{'race': 'black', 'political': 'liberal'}",neither
989,0,3541,24252197,1,[the sentence is offensive][because][it contains hate speech towards a group of people based on their sexual orientation],1,[the sentence is offensive][because][it contains a generalization that all straight people are oppressed and implies that they are hateful towards others],"{'race': 'black', 'political': 'liberal'}",neither
990,0,3321,24252197,0,[the sentence is not offensive][because][it is a sports-related phrase],0,[the sentence is not offensive][because][it is a sports-related phrase],"{'race': 'black', 'political': 'liberal'}",both
991,0,3321,34083197,0,[the sentence is not offensive][because][it is a sports-related phrase],0,[the sentence is not offensive][because][it is a sports-related phrase],"{'race': 'white', 'political': 'liberal'}",both
992,1,3567,43606178,0,[the sentence is not offensive][because][it is a playful conversation between friends using colloquial language],0,[the sentence is not offensive][because][it is a colloquial expression used in a playful context],"{'race': 'black', 'political': 'liberal'}",neither
993,0,3567,24252197,0,[the sentence is not offensive][because][it is a playful conversation between friends using colloquial language],0,[the sentence is not offensive][because][it is a colloquial expression used in a playful context],"{'race': 'black', 'political': 'liberal'}",both
994,0,3305,43606178,0,[the sentence is not offensive][because][it is a neutral comment about a celebrity's music],0,[the sentence is not offensive][because][it is a neutral comment about a celebrity's music],"{'race': 'black', 'political': 'liberal'}",both
995,0,3305,24252197,0,[the sentence is not offensive][because][it is a neutral comment about a celebrity's music],0,[the sentence is not offensive][because][it is a neutral comment about a celebrity's music],"{'race': 'black', 'political': 'liberal'}",both
996,0,3735,24252197,0,[the sentence is not offensive][because][it is a colloquial expression of frustration and a statement of faith],0,[the sentence is not offensive][because][it is a colloquial expression of frustration and a statement of faith],"{'race': 'black', 'political': 'liberal'}",both
997,0,3735,34083197,0,[the sentence is not offensive][because][it is a colloquial expression of frustration and a statement of faith],0,[the sentence is not offensive][because][it is a colloquial expression of frustration and a personal affirmation of faith],"{'race': 'white', 'political': 'liberal'}",both
998,1,3492,43606178,0,[the sentence is not offensive][because][it is a statement about a person's emotional state and contains a mild expletive],0,[the sentence is not offensive][because][it is a colloquial way to express shock and disappointment],"{'race': 'black', 'political': 'liberal'}",neither
999,0,3492,24252197,0,[the sentence is not offensive][because][it is a statement about a person's emotional state and contains a mild expletive],0,[the sentence is not offensive][because][it is a colloquial way to express shock and disappointment],"{'race': 'black', 'political': 'liberal'}",both
1000,0,3261,43606178,0,[the sentence is not offensive][because][it is a list of user handles],0,[the sentence is not offensive][because][it is a list of user handles],"{'race': 'black', 'political': 'liberal'}",both
1001,0,3261,24252197,0,[the sentence is not offensive][because][it is a list of user handles],0,[the sentence is not offensive][because][it is a list of user handles],"{'race': 'black', 'political': 'liberal'}",both
1002,1,3255,43606178,1,[the sentence is offensive][because][it contains hate language and a threat against a public figure],1,[the sentence is offensive][because][it contains hate language and is threatening],"{'race': 'black', 'political': 'liberal'}",both
1003,1,3255,24252197,1,[the sentence is offensive][because][it contains hate language and a threat against a public figure],1,[the sentence is offensive][because][it contains hate language and is threatening],"{'race': 'black', 'political': 'liberal'}",both
1004,0,3296,10402287,0,[the sentence is not offensive][because][it is a positive message with a hashtag and mentions of friends],0,[the sentence is not offensive][because][it is a friendly message to friends],"{'race': 'white', 'political': 'liberal'}",both
1005,0,3296,43606178,0,[the sentence is not offensive][because][it is a positive message with a hashtag and mentions of friends],0,[the sentence is not offensive][because][it is a friendly message to friends],"{'race': 'black', 'political': 'liberal'}",both
1006,1,4005,43606178,1,[the sentence is offensive][because][it contains multiple instances of hate speech and explicit language],1,[the sentence is offensive][because][it contains multiple instances of hate speech and explicit language],"{'race': 'black', 'political': 'liberal'}",both
1007,1,4005,24252197,1,[the sentence is offensive][because][it contains multiple instances of hate speech and explicit language],1,[the sentence is offensive][because][it contains multiple instances of hate speech and explicit language],"{'race': 'black', 'political': 'liberal'}",both
1008,1,3574,43606178,1,[the sentence is offensive][because][it contains explicit language and hate speech],1,[the sentence is offensive][because][it contains explicit language and hate speech],"{'race': 'black', 'political': 'liberal'}",both
1009,1,3574,34083197,1,[the sentence is offensive][because][it contains explicit language and hate speech],1,[the sentence is offensive][because][it contains explicit language and hate speech],"{'race': 'white', 'political': 'liberal'}",both
1010,0,3645,24252197,1,[the sentence is offensive][because][it contains explicit language and a reference to a song with a misogynistic tone],1,[the sentence is offensive][because][it contains explicit language and a reference to a song with a misogynistic tone],"{'race': 'black', 'political': 'liberal'}",neither
1011,0,3645,34083197,1,[the sentence is offensive][because][it contains explicit language and a reference to a song with a misogynistic tone],1,[the sentence is offensive][because][it contains explicit language and a reference to a sex act],"{'race': 'white', 'political': 'liberal'}",neither
1012,0,3514,24252197,0,[the sentence is not offensive][because][it is a casual conversation between family members],0,[the sentence is not offensive][because][it is a casual conversation between family members],"{'race': 'black', 'political': 'liberal'}",both
1013,0,3514,34083197,0,[the sentence is not offensive][because][it is a casual conversation between family members],0,[the sentence is not offensive][because][it is a casual conversation between family members],"{'race': 'white', 'political': 'liberal'}",both
1014,0,3757,24252197,1,[the sentence is offensive][because][it contains explicit language and excessive use of emojis],0,[the sentence is not offensive][because][it is a celebratory message with colloquial language],"{'race': 'black', 'political': 'liberal'}",race_political
1015,0,3757,34083197,1,[the sentence is offensive][because][it contains explicit language and excessive use of emojis],1,[the sentence is offensive][because][it contains explicit language and excessive use of emojis],"{'race': 'white', 'political': 'liberal'}",neither
1016,1,1938,24252197,1,[the sentence is offensive][because][it contains hate speech and a racial slur],1,[the sentence is offensive][because][it contains a racial slur and promotes violence],"{'race': 'black', 'political': 'liberal'}",both
1017,1,1938,34083197,1,[the sentence is offensive][because][it contains hate speech and a racial slur],1,[the sentence is offensive][because][it contains a racial slur and promotes violence],"{'race': 'white', 'political': 'liberal'}",both
1018,1,2094,43606178,1,[the sentence is offensive][because][it contains a racial slur and makes a generalization about a group of people],1,"[the sentence is offensive][because][it implies that black people are only concerned with their own issues and not with the economy, which is a stereotype and a form of racism]","{'race': 'black', 'political': 'liberal'}",both
1019,1,2094,24252197,1,[the sentence is offensive][because][it contains a racial slur and makes a generalization about a group of people],1,"[the sentence is offensive][because][it implies that black people are only concerned with their own issues and not with the economy, which is a stereotype and a form of racism]","{'race': 'black', 'political': 'liberal'}",both
1020,1,1435,43606178,1,[the sentence is offensive][because][it contains hate speech and stereotypes about different ethnic groups],1,[the sentence is offensive][because][it contains hate speech and stereotypes against people of different races and ethnicities],"{'race': 'black', 'political': 'liberal'}",both
1021,0,1435,24252197,1,[the sentence is offensive][because][it contains hate speech and stereotypes about different ethnic groups],1,[the sentence is offensive][because][it contains hate speech and stereotypes against people of different races and ethnicities],"{'race': 'black', 'political': 'liberal'}",neither
1022,1,1266,43606178,1,[the sentence is offensive][because][it contains a sexist message suggesting that women are inferior and will become obsolete with the rise of sex bots],1,[the sentence is offensive][because][it conveys a stereotypical message suggesting that women are nagging and that they will be replaced by sex robots],"{'race': 'black', 'political': 'liberal'}",both
1023,1,1266,24252197,1,[the sentence is offensive][because][it contains a sexist message suggesting that women are inferior and will become obsolete with the rise of sex bots],1,[the sentence is offensive][because][it conveys a stereotypical message suggesting that women are nagging and that they will be replaced by sex robots],"{'race': 'black', 'political': 'liberal'}",both
1024,0,152,24252197,1,[the sentence is offensive][because][it contains a derogatory term for a male genitalia],1,[the sentence is offensive][because][it contains derogatory language towards a group of insects],"{'race': 'black', 'political': 'liberal'}",neither
1025,0,152,34083197,1,[the sentence is offensive][because][it contains a derogatory term for a male genitalia],1,[the sentence is offensive][because][it contains derogatory language towards a group of insects],"{'race': 'white', 'political': 'liberal'}",neither
1026,1,2022,43606178,1,[the sentence is offensive][because][it contains a racial slur and promotes violence],1,[the sentence is offensive][because][it contains a racial slur and promotes violence],"{'race': 'black', 'political': 'liberal'}",both
1027,0,2022,24252197,1,[the sentence is offensive][because][it contains a racial slur and promotes violence],1,[the sentence is offensive][because][it contains a racial slur and promotes violence],"{'race': 'black', 'political': 'liberal'}",neither
1028,1,701,43606178,1,[the sentence is offensive][because][it contains hate speech and derogatory language towards women],1,[the sentence is offensive][because][it contains hate speech and derogatory language towards women],"{'race': 'black', 'political': 'liberal'}",both
1029,1,701,41088410,1,[the sentence is offensive][because][it contains hate speech and derogatory language towards women],1,[the sentence is offensive][because][it contains hate speech and derogatory language towards women],"{'race': 'black', 'political': 'liberal'}",both
1030,0,1555,43606178,0,[the sentence is not offensive][because][it is a neutral statement about a person's heritage and their relationship with their neighbor],0,[the sentence is not offensive][because][it is a neutral statement about a person's heritage and does not contain any derogatory language],"{'race': 'black', 'political': 'liberal'}",both
1031,1,1555,34083197,0,[the sentence is not offensive][because][it is a neutral statement about a person's heritage and their relationship with their neighbor],0,[the sentence is not offensive][because][it is a neutral statement about a person's heritage and does not contain any derogatory language],"{'race': 'white', 'political': 'liberal'}",neither
1032,1,1612,43606178,1,[the sentence is offensive][because][it contains a racist statement suggesting that black people are inferior and cannot survive without white people's help],1,[the sentence is offensive][because][it contains a racist statement suggesting that black people are inferior and need white people's help to survive],"{'race': 'black', 'political': 'liberal'}",both
1033,1,1612,24252197,1,[the sentence is offensive][because][it contains a racist statement suggesting that black people are inferior and cannot survive without white people's help],1,[the sentence is offensive][because][it contains a racist statement suggesting that black people are inferior and need white people's help to survive],"{'race': 'black', 'political': 'liberal'}",both
1034,1,756,43606178,1,[the sentence is offensive][because][it contains hate speech and dehumanizing language],1,[the sentence is offensive][because][it uses derogatory language to describe a group of people],"{'race': 'black', 'political': 'liberal'}",both
1035,1,756,24252197,1,[the sentence is offensive][because][it contains hate speech and dehumanizing language],1,[the sentence is offensive][because][it uses derogatory language to describe a group of people],"{'race': 'black', 'political': 'liberal'}",both
1036,1,1657,34083197,0,"[the sentence is not offensive][because][it is a rant about the media, but it does not contain hate speech or explicit language]",0,"[the sentence is not offensive][because][it is a rant about the media, but it does not contain hate speech or explicit language]","{'race': 'white', 'political': 'liberal'}",neither
1037,1,1748,43606178,1,[the sentence is offensive][because][it contains a racial slur and promotes violence],1,[the sentence is offensive][because][it contains a racial slur and promotes violence],"{'race': 'black', 'political': 'liberal'}",both
1038,1,1748,24252197,1,[the sentence is offensive][because][it contains a racial slur and promotes violence],1,[the sentence is offensive][because][it contains a racial slur and promotes violence],"{'race': 'black', 'political': 'liberal'}",both
1039,1,1001,24252197,1,[the sentence is offensive][because][it uses derogatory language to describe a person with a disability],1,[the sentence is offensive][because][it uses derogatory language to describe a person with a disability],"{'race': 'black', 'political': 'liberal'}",both
1040,1,1001,34083197,1,[the sentence is offensive][because][it uses derogatory language to describe a person with a disability],1,[the sentence is offensive][because][it uses derogatory language to describe a person with a disability],"{'race': 'white', 'political': 'liberal'}",both
1041,1,1195,24252197,1,[the sentence is offensive][because][it contains hate speech and derogatory language towards a racial group],1,[the sentence is offensive][because][it contains a racial slur and a derogatory term],"{'race': 'black', 'political': 'liberal'}",both
1042,1,1195,34083197,1,[the sentence is offensive][because][it contains hate speech and derogatory language towards a racial group],1,[the sentence is offensive][because][it contains a racial slur and a derogatory term],"{'race': 'white', 'political': 'liberal'}",both
1043,1,665,43606178,1,[the sentence is offensive][because][it contains hate speech and racial slurs],1,[the sentence is offensive][because][it contains hate speech and racial slurs],"{'race': 'black', 'political': 'liberal'}",both
1044,0,665,24252197,1,[the sentence is offensive][because][it contains hate speech and racial slurs],1,[the sentence is offensive][because][it contains hate speech and racial slurs],"{'race': 'black', 'political': 'liberal'}",neither
1045,1,1636,24252197,1,[the sentence is offensive][because][it contains a racial stereotype and a reference to illegal drug use],1,[the sentence is offensive][because][it contains a racial stereotype and a reference to illegal drug use],"{'race': 'black', 'political': 'liberal'}",both
1046,1,1636,34083197,1,[the sentence is offensive][because][it contains a racial stereotype and a reference to illegal drug use],1,[the sentence is offensive][because][it perpetuates a stereotype about the black community and contains a reference to a drug],"{'race': 'white', 'political': 'liberal'}",both
1047,1,1727,43606178,1,[the sentence is offensive][because][it implies that race is a factor in the evaluation of a person's abilities],1,[the sentence is offensive][because][it implies that race is a factor in the evaluation of a person's abilities],"{'race': 'black', 'political': 'liberal'}",both
1048,1,1727,34083197,1,[the sentence is offensive][because][it implies that race is a factor in the evaluation of a person's abilities],1,[the sentence is offensive][because][it implies that race is a factor in the evaluation of a person's abilities],"{'race': 'white', 'political': 'liberal'}",both
1049,1,733,43606178,1,[the sentence is offensive][because][it contains a derogatory term for jewish people],1,[the sentence is offensive][because][it contains an anti-semitic slur],"{'race': 'black', 'political': 'liberal'}",both
1050,1,733,24252197,1,[the sentence is offensive][because][it contains a derogatory term for jewish people],1,[the sentence is offensive][because][it contains an anti-semitic slur],"{'race': 'black', 'political': 'liberal'}",both
1051,1,172,24252197,0,[the sentence is not offensive][because][it is a statement about the financial dynamics of marriage and the speaker's personal experience],0,[the sentence is not offensive][because][it is a statement about the societal expectations of marriage and financial responsibilities],"{'race': 'black', 'political': 'liberal'}",neither
1052,0,172,34083197,0,[the sentence is not offensive][because][it is a statement about the financial dynamics of marriage and the speaker's personal experience],0,[the sentence is not offensive][because][it is a statement about the societal expectations of marriage and financial responsibilities],"{'race': 'white', 'political': 'liberal'}",both
1053,0,1711,24252197,1,[the sentence is offensive][because][it perpetuates a negative stereotype about black people],1,[the sentence is offensive][because][it perpetuates a negative stereotype about black people],"{'race': 'black', 'political': 'liberal'}",neither
1054,0,1711,34083197,1,[the sentence is offensive][because][it perpetuates a negative stereotype about black people],1,[the sentence is offensive][because][it perpetuates a negative stereotype about black people],"{'race': 'white', 'political': 'liberal'}",neither
1055,1,806,24252197,1,[the sentence is offensive][because][it conveys a stereotypical message suggesting that women are untrustworthy],1,[the sentence is offensive][because][it conveys a stereotypical message suggesting that women are untrustworthy],"{'race': 'black', 'political': 'liberal'}",both
1056,1,806,34083197,1,[the sentence is offensive][because][it conveys a stereotypical message suggesting that women are untrustworthy],1,[the sentence is offensive][because][it conveys a stereotypical message suggesting that women are untrustworthy],"{'race': 'white', 'political': 'liberal'}",both
1057,1,479,43606178,1,[the sentence is offensive][because][it contains derogatory language and insults towards a person],0,[the sentence is not offensive][because][it is a rant about a person's annoying behavior and contains strong language but is not directed at a specific group or individual],"{'race': 'black', 'political': 'liberal'}",baseline
1058,1,479,24252197,1,[the sentence is offensive][because][it contains derogatory language and insults towards a person],0,[the sentence is not offensive][because][it is a rant about a person's annoying behavior and contains strong language but is not directed at a specific group or individual],"{'race': 'black', 'political': 'liberal'}",baseline
1059,1,2034,43606178,1,[the sentence is offensive][because][it conveys a racial bias and contains vulgar language],1,[the sentence is offensive][because][it conveys a racial bias and contains vulgar language],"{'race': 'black', 'political': 'liberal'}",both
1060,0,2034,24252197,1,[the sentence is offensive][because][it conveys a racial bias and contains vulgar language],1,[the sentence is offensive][because][it conveys a racial bias and contains vulgar language],"{'race': 'black', 'political': 'liberal'}",neither
1061,1,1697,43606178,0,[the sentence is not offensive][because][it is a scientific discussion about the evolution of humans and does not contain any hate speech or explicit language],0,[the sentence is not offensive][because][it is a scientific discussion about the evolutionary history of humans and does not contain any hate speech or explicit language],"{'race': 'black', 'political': 'liberal'}",neither
1062,1,1697,24252197,0,[the sentence is not offensive][because][it is a scientific discussion about the evolution of humans and does not contain any hate speech or explicit language],0,[the sentence is not offensive][because][it is a scientific discussion about the evolutionary history of humans and does not contain any hate speech or explicit language],"{'race': 'black', 'political': 'liberal'}",neither
1063,1,2107,24252197,1,[the sentence is offensive][because][it downplays the severity of the transatlantic slave trade and implies that the enslavement of africans was not as bad as the enslavement of other people],1,[the sentence is offensive][because][it downplays the severity of the transatlantic slave trade and implies that the enslavement of black people was not as bad as the enslavement of white people],"{'race': 'black', 'political': 'liberal'}",both
1064,1,780,24252197,1,[the sentence is offensive][because][it contains a racial slur and a stereotype],1,[the sentence is offensive][because][it conveys a stereotypical message about a group of people based on their ethnicity],"{'race': 'black', 'political': 'liberal'}",both
1065,1,780,34083197,1,[the sentence is offensive][because][it contains a racial slur and a stereotype],1,[the sentence is offensive][because][it conveys a stereotypical message about a group of people based on their ethnicity],"{'race': 'white', 'political': 'liberal'}",both
1066,1,1104,43606178,1,[the sentence is offensive][because][it contains hate speech and a racial slur],1,[the sentence is offensive][because][it contains hate language and a racial slur],"{'race': 'black', 'political': 'liberal'}",both
1067,1,1104,34083197,1,[the sentence is offensive][because][it contains hate speech and a racial slur],1,[the sentence is offensive][because][it contains hate speech and a racial slur],"{'race': 'white', 'political': 'liberal'}",both
1068,1,1726,34083197,0,"[the sentence is not offensive][because][it is a statement about a group and its members, but it does not contain hate speech or explicit language]",1,[the sentence is offensive][because][it contains a racial slur and a derogatory term],"{'race': 'white', 'political': 'liberal'}",race_political
1069,1,751,24252197,1,[the sentence is offensive][because][it contains a derogatory term for the polish language and implies that it is vile],1,[the sentence is offensive][because][it conveys a negative stereotype about the polish language and culture],"{'race': 'black', 'political': 'liberal'}",both
1070,1,751,34083197,1,[the sentence is offensive][because][it contains a derogatory term for the polish language and implies that it is vile],1,[the sentence is offensive][because][it contains a derogatory term for the polish language and implies that it is vile],"{'race': 'white', 'political': 'liberal'}",both
1071,1,305,43606178,0,[the sentence is not offensive][because][it is a neutral statement about a slang term],0,[the sentence is not offensive][because][it is a colloquial expression and does not contain hate language],"{'race': 'black', 'political': 'liberal'}",neither
1072,0,305,74938710,0,[the sentence is not offensive][because][it is a neutral statement about a slang term],0,[the sentence is not offensive][because][it is a neutral conversation about a slang term],"{'race': 'black', 'political': 'neutral'}",both
1073,1,545,61283819,0,[the sentence is not offensive][because][it is a statement of equality between genders],0,[the sentence is not offensive][because][it is a statement of equality between genders],"{'race': 'white', 'political': 'conservative'}",neither
1074,0,545,66593239,0,[the sentence is not offensive][because][it is a statement of equality between genders],0,[the sentence is not offensive][because][it is a statement of equality between genders],"{'race': 'white', 'political': 'liberal'}",both
1075,0,3368,40321857,0,[the sentence is not offensive][because][it is a colloquial way to describe a social media action],0,[the sentence is not offensive][because][it is a colloquial way to describe a social media action],"{'race': 'white', 'political': 'neutral'}",both
1076,0,3368,66593239,0,[the sentence is not offensive][because][it is a colloquial way to describe a social media action],0,[the sentence is not offensive][because][it is a colloquial way to describe a social media action],"{'race': 'white', 'political': 'liberal'}",both
1077,1,1043,61283819,1,[the sentence is offensive][because][it contains hate speech and a threat towards a specific group of people],1,[the sentence is offensive][because][it conveys a message of hate and revenge towards a specific group of people],"{'race': 'white', 'political': 'conservative'}",both
1078,1,1043,66593239,1,[the sentence is offensive][because][it contains hate speech and a threat towards a specific group of people],1,[the sentence is offensive][because][it contains a threat and a stereotype about muslims],"{'race': 'white', 'political': 'liberal'}",both
1079,0,334,61283819,0,[the sentence is not offensive][because][it is a colloquial way to describe a frustrating situation],0,[the sentence is not offensive][because][it is a colloquial way to describe a frustrating situation],"{'race': 'white', 'political': 'conservative'}",both
1080,0,334,45870433,0,[the sentence is not offensive][because][it is a colloquial way to describe a frustrating situation],0,[the sentence is not offensive][because][it is a colloquial way to describe a frustrating situation],"{'race': 'white', 'political': 'conservative'}",both
1081,0,3446,61283819,0,"[the sentence is not offensive][because][it is a response to a statement that is perceived as derogatory, but the context of the response is to show personal achievements and resilience]",0,[the sentence is not offensive][because][it is a personal statement of self-empowerment and does not contain hate speech or explicit language],"{'race': 'white', 'political': 'conservative'}",both
1082,0,3446,44250250,0,"[the sentence is not offensive][because][it is a response to a statement that is perceived as derogatory, but the context of the response is to show personal achievements and resilience]",0,[the sentence is not offensive][because][it is a personal statement of self-empowerment and does not contain hate speech or explicit language],"{'race': 'white', 'political': 'conservative'}",both
1083,0,3510,17414298,1,[the sentence is offensive][because][it conveys a message of self-hatred and shame towards the lgbtq+ community],0,[the sentence is not offensive][because][it is a personal statement and does not contain hate speech or explicit language],"{'race': 'white', 'political': 'neutral'}",race_political
1084,1,644,61283819,1,[the sentence is offensive][because][it contains hate speech and explicit language],1,[the sentence is offensive][because][it contains hate speech and explicit language],"{'race': 'white', 'political': 'conservative'}",both
1085,0,644,45870433,1,[the sentence is offensive][because][it contains hate speech and explicit language],1,[the sentence is offensive][because][it contains hate speech and explicit language],"{'race': 'white', 'political': 'conservative'}",neither
1086,1,1850,61283819,1,[the sentence is offensive][because][it contains a racial slur and promotes a negative stereotype about a racial group],1,[the sentence is offensive][because][it contains a racial slur and promotes a negative stereotype about a racial group],"{'race': 'white', 'political': 'conservative'}",both
1087,1,1850,66593239,1,[the sentence is offensive][because][it contains a racial slur and promotes a negative stereotype about a racial group],1,[the sentence is offensive][because][it contains a racial slur and promotes a negative stereotype about a racial group],"{'race': 'white', 'political': 'liberal'}",both
1088,0,668,94108971,1,[the sentence is offensive][because][it contains a racial slur and a derogatory term for people of low socioeconomic status],1,[the sentence is offensive][because][it contains a racial slur and a derogatory term for people from a certain region],"{'race': 'white', 'political': 'conservative'}",neither
1089,0,2815,17414298,0,[the sentence is not offensive][because][it is a conversation between kids and one of them is expressing a personal opinion about a song],0,[the sentence is not offensive][because][it is a neutral conversation between kids],"{'race': 'white', 'political': 'neutral'}",both
1090,0,2815,45870433,0,[the sentence is not offensive][because][it is a conversation between kids and one of them is expressing a personal opinion about a song],0,[the sentence is not offensive][because][it is a quote from a conversation between kids and does not contain any hate speech or explicit language],"{'race': 'white', 'political': 'conservative'}",both
1091,0,3317,66593239,0,[the sentence is not offensive][because][it is a quote from a famous person and the language used is informal but not derogatory],0,[the sentence is not offensive][because][it is a quote from a famous person and the language used is a quote from a famous person],"{'race': 'white', 'political': 'liberal'}",both
1092,0,3317,44250250,0,[the sentence is not offensive][because][it is a quote from a famous person and the language used is informal but not derogatory],0,[the sentence is not offensive][because][it is a quote from a famous person and the language used is informal but not derogatory],"{'race': 'white', 'political': 'conservative'}",both
1093,1,1721,98987708,1,[the sentence is offensive][because][it contains a racial slur and makes a derogatory comment about the history of slavery],1,[the sentence is offensive][because][it contains a racial slur and downplays the historical oppression of black people],"{'race': 'white', 'political': 'conservative'}",both
1094,1,1721,45870433,1,[the sentence is offensive][because][it contains a racial slur and makes a derogatory comment about the history of slavery],1,[the sentence is offensive][because][it contains a racial slur and downplays the historical oppression of black people],"{'race': 'white', 'political': 'conservative'}",both
1095,0,3410,98987708,1,[the sentence is offensive][because][it contains explicit language and the use of the word 'fuckin' is considered profane],1,[the sentence is offensive][because][it contains explicit language and a derogatory term],"{'race': 'white', 'political': 'conservative'}",neither
1096,0,3410,94108971,1,[the sentence is offensive][because][it contains explicit language and the use of the word 'fuckin' is considered profane],1,[the sentence is offensive][because][it contains explicit language and a derogatory term],"{'race': 'white', 'political': 'conservative'}",neither
1097,1,1710,44250250,1,[the sentence is offensive][because][it contains hate speech and makes a threat against a political group],1,[the sentence is offensive][because][it contains hate speech and makes a derogatory comparison between political groups],"{'race': 'white', 'political': 'conservative'}",both
1098,0,1710,17414298,1,[the sentence is offensive][because][it contains hate speech and makes a threat against a political group],1,[the sentence is offensive][because][it contains hate speech and makes a derogatory comparison between political groups],"{'race': 'white', 'political': 'neutral'}",neither
1099,0,2317,98987708,0,[the sentence is not offensive][because][it is a criticism of the actors in a tv show],0,[the sentence is not offensive][because][it is a criticism of a tv show and does not contain hate speech or explicit language],"{'race': 'white', 'political': 'conservative'}",both
1100,0,2317,44250250,0,[the sentence is not offensive][because][it is a criticism of the actors in a tv show],0,[the sentence is not offensive][because][it is a criticism of a tv show and does not contain hate speech or explicit language],"{'race': 'white', 'political': 'conservative'}",both
1101,1,949,7288661,1,[the sentence is offensive][because][it contains a derogatory term for people with intellectual disabilities],1,[the sentence is offensive][because][it contains a derogatory term for people with intellectual disabilities],"{'race': 'white', 'political': 'conservative'}",both
1102,1,949,45870433,1,[the sentence is offensive][because][it contains a derogatory term for people with intellectual disabilities],1,[the sentence is offensive][because][it contains a derogatory term for people with intellectual disabilities],"{'race': 'white', 'political': 'conservative'}",both
1103,1,876,40321857,1,[the sentence is offensive][because][it promotes racial discrimination],1,[the sentence is offensive][because][it promotes racial discrimination],"{'race': 'white', 'political': 'neutral'}",both
1104,1,876,66593239,1,[the sentence is offensive][because][it promotes racial discrimination],1,[the sentence is offensive][because][it promotes racial discrimination],"{'race': 'white', 'political': 'liberal'}",both
1105,0,1761,98987708,0,[the sentence is not offensive][because][it is a statement that argues against racism],0,[the sentence is not offensive][because][it is a statement that uses a racial slur in a context that is not derogatory],"{'race': 'white', 'political': 'conservative'}",both
1106,1,1761,45870433,0,[the sentence is not offensive][because][it is a statement that argues against racism],0,[the sentence is not offensive][because][it is a statement that uses a racial slur in a context that is not derogatory],"{'race': 'white', 'political': 'conservative'}",neither
1107,1,1833,98987708,1,[the sentence is offensive][because][it contains a racial slur and derogatory language],1,[the sentence is offensive][because][it contains a racial slur and a derogatory term for a group of people],"{'race': 'white', 'political': 'conservative'}",both
1108,1,1833,44250250,1,[the sentence is offensive][because][it contains a racial slur and derogatory language],1,[the sentence is offensive][because][it contains a racial slur and a derogatory term for a group of people],"{'race': 'white', 'political': 'conservative'}",both
1109,0,2282,98987708,0,[the sentence is not offensive][because][it is a normal sentence about schoolwork],0,[the sentence is not offensive][because][it is a normal sentence about schoolwork],"{'race': 'white', 'political': 'conservative'}",both
1110,0,2282,44250250,0,[the sentence is not offensive][because][it is a normal sentence about schoolwork],0,[the sentence is not offensive][because][it is a normal sentence about schoolwork],"{'race': 'white', 'political': 'conservative'}",both
1111,0,3486,45870433,1,[the sentence is offensive][because][it contains derogatory language and a racial slur],1,[the sentence is offensive][because][it contains derogatory language and a racial slur],"{'race': 'white', 'political': 'conservative'}",neither
1112,1,722,94108971,1,[the sentence is offensive][because][it contains a racial slur],1,[the sentence is offensive][because][it contains a racial slur],"{'race': 'white', 'political': 'conservative'}",both
1113,0,3668,66593239,0,[the sentence is not offensive][because][it is a colloquial way to express frustration and disappointment],0,[the sentence is not offensive][because][it is a colloquial way to express frustration and disappointment],"{'race': 'white', 'political': 'liberal'}",both
1114,0,3668,44250250,0,[the sentence is not offensive][because][it is a colloquial way to express frustration and disappointment],0,[the sentence is not offensive][because][it is a colloquial way to express frustration and disappointment],"{'race': 'white', 'political': 'conservative'}",both
1115,0,155,44250250,0,[the sentence is not offensive][because][it is a neutral statement about a political issue],0,[the sentence is not offensive][because][it is a neutral statement about a political issue],"{'race': 'white', 'political': 'conservative'}",both
1116,0,155,45870433,0,[the sentence is not offensive][because][it is a neutral statement about a political issue],0,[the sentence is not offensive][because][it is a neutral statement about a political issue],"{'race': 'white', 'political': 'conservative'}",both
1117,1,2162,40321857,1,[the sentence is offensive][because][it contains a racial slur and explicit language],1,[the sentence is offensive][because][it contains a racial slur and explicit language],"{'race': 'white', 'political': 'neutral'}",both
1118,1,2162,44250250,1,[the sentence is offensive][because][it contains a racial slur and explicit language],1,[the sentence is offensive][because][it contains a racial slur and explicit language],"{'race': 'white', 'political': 'conservative'}",both
1119,1,2153,40321857,1,[the sentence is offensive][because][it contains hate speech and racial slurs],1,[the sentence is offensive][because][it contains hate speech and racial slurs],"{'race': 'white', 'political': 'neutral'}",both
1120,1,2153,66593239,1,[the sentence is offensive][because][it contains hate speech and racial slurs],1,[the sentence is offensive][because][it contains hate speech and racial slurs],"{'race': 'white', 'political': 'liberal'}",both
1121,1,4121,44250250,1,[the sentence is offensive][because][it contains hate language and derogatory terms towards women and racial slurs],1,[the sentence is offensive][because][it contains hate language and derogatory terms towards women and racial slur],"{'race': 'white', 'political': 'conservative'}",both
1122,1,1641,98987708,1,[the sentence is offensive][because][it conveys a stereotypical message suggesting that black people are unintelligent and cannot understand certain conversations],1,[the sentence is offensive][because][it conveys a stereotypical message suggesting that black people are unintelligent and unengaging],"{'race': 'white', 'political': 'conservative'}",both
1123,1,1641,66593239,1,[the sentence is offensive][because][it conveys a stereotypical message suggesting that black people are unintelligent and cannot understand certain conversations],1,[the sentence is offensive][because][it conveys a stereotypical message suggesting that black people are unintelligent and unengaging],"{'race': 'white', 'political': 'liberal'}",both
1124,1,2155,40321857,1,[the sentence is offensive][because][it contains hate speech and uses derogatory language to describe a racial group],1,[the sentence is offensive][because][it contains hate speech and uses derogatory language to describe a racial group],"{'race': 'white', 'political': 'neutral'}",both
1125,1,2155,44250250,1,[the sentence is offensive][because][it contains hate speech and uses derogatory language to describe a racial group],1,[the sentence is offensive][because][it contains hate speech and uses derogatory language to describe a racial group],"{'race': 'white', 'political': 'conservative'}",both
1126,1,3455,98987708,1,[the sentence is offensive][because][it contains a derogatory term for a woman and implies that the woman is promiscuous],1,[the sentence is offensive][because][it contains a derogatory term for a woman and implies that she was promiscuous],"{'race': 'white', 'political': 'conservative'}",both
1127,0,3455,44250250,1,[the sentence is offensive][because][it contains a derogatory term for a woman and implies that the woman is promiscuous],1,[the sentence is offensive][because][it contains a derogatory term for a woman and implies that she was promiscuous],"{'race': 'white', 'political': 'conservative'}",neither
1128,0,100,40321857,0,[the sentence is not offensive][because][it is a strong criticism but does not contain hate speech or explicit language],0,[the sentence is not offensive][because][it is a general statement about people's behavior],"{'race': 'white', 'political': 'neutral'}",both
1129,0,100,45870433,0,[the sentence is not offensive][because][it is a strong criticism but does not contain hate speech or explicit language],0,[the sentence is not offensive][because][it is a general statement about people's behavior],"{'race': 'white', 'political': 'conservative'}",both
1130,0,3122,44250250,1,[the sentence is offensive][because][it contains hate speech and derogatory language towards a woman],1,[the sentence is offensive][because][it contains hate speech and derogatory language towards a woman],"{'race': 'white', 'political': 'conservative'}",neither
1131,0,3122,45870433,1,[the sentence is offensive][because][it contains hate speech and derogatory language towards a woman],1,[the sentence is offensive][because][it contains hate speech and derogatory language towards a woman],"{'race': 'white', 'political': 'conservative'}",neither
1132,0,3251,61283819,0,[the sentence is not offensive][because][it is a news report],0,[the sentence is not offensive][because][it is a news report],"{'race': 'white', 'political': 'conservative'}",both
1133,0,3251,94108971,0,[the sentence is not offensive][because][it is a news report],0,[the sentence is not offensive][because][it is a news report],"{'race': 'white', 'political': 'conservative'}",both
1134,0,15,98987708,0,[the sentence is not offensive][because][it is a neutral statement],0,[the sentence is not offensive][because][it is a neutral statement about a person's profession],"{'race': 'white', 'political': 'conservative'}",both
1135,0,15,45870433,0,[the sentence is not offensive][because][it is a neutral statement],0,[the sentence is not offensive][because][it is a neutral statement about a person's profession],"{'race': 'white', 'political': 'conservative'}",both
1136,0,3498,17414298,1,[the sentence is offensive][because][it contains explicit language and a derogatory term for a woman's genitalia],1,[the sentence is offensive][because][it contains explicit language and a derogatory term for a woman's genitalia],"{'race': 'white', 'political': 'neutral'}",neither
1137,1,847,61283819,1,[the sentence is offensive][because][it contains hate speech and promotes violence against a racial group],1,[the sentence is offensive][because][it contains hate speech and promotes violence against a racial group],"{'race': 'white', 'political': 'conservative'}",both
1138,1,847,66593239,1,[the sentence is offensive][because][it contains hate speech and promotes violence against a racial group],1,[the sentence is offensive][because][it contains hate speech and promotes violence against a racial group],"{'race': 'white', 'political': 'liberal'}",both
1139,1,1546,40321857,1,[the sentence is offensive][because][it contains a racial slur and promotes a negative stereotype about black people],1,[the sentence is offensive][because][it contains a racial slur and promotes a negative stereotype about black people],"{'race': 'white', 'political': 'neutral'}",both
1140,1,1546,98987708,1,[the sentence is offensive][because][it contains a racial slur and promotes a negative stereotype about black people],1,[the sentence is offensive][because][it contains a racial slur and promotes a negative stereotype about black people],"{'race': 'white', 'political': 'conservative'}",both
1141,1,2722,44250250,0,[the sentence is not offensive][because][it is a political statement that uses strong language but does not contain hate speech],0,[the sentence is not offensive][because][it is a political statement that uses a racial slur in a context that is not derogatory],"{'race': 'white', 'political': 'conservative'}",neither
1142,0,2240,61283819,0,[the sentence is not offensive][because][it is a sports schedule],0,[the sentence is not offensive][because][it is a sports schedule],"{'race': 'white', 'political': 'conservative'}",both
1143,0,2240,66593239,0,[the sentence is not offensive][because][it is a sports schedule],0,[the sentence is not offensive][because][it is a sports schedule],"{'race': 'white', 'political': 'liberal'}",both
1144,1,1632,98987708,1,[the sentence is offensive][because][it promotes hate speech against a particular race],1,[the sentence is offensive][because][it promotes hate speech against a particular race],"{'race': 'white', 'political': 'conservative'}",both
1145,0,1632,94108971,1,[the sentence is offensive][because][it promotes hate speech against a particular race],1,[the sentence is offensive][because][it promotes hate speech against a particular race],"{'race': 'white', 'political': 'conservative'}",neither
1146,0,2349,98987708,0,[the sentence is not offensive][because][it is a neutral statement about public discourse],0,[the sentence is not offensive][because][it is a neutral statement about public discourse],"{'race': 'white', 'political': 'conservative'}",both
1147,0,2349,17414298,0,[the sentence is not offensive][because][it is a neutral statement about public discourse],0,[the sentence is not offensive][because][it is a neutral statement about public speaking and the right to reply],"{'race': 'white', 'political': 'neutral'}",both
1148,0,2992,40321857,0,[the sentence is not offensive][because][it is an expression of frustration],0,[the sentence is not offensive][because][it is an expression of frustration and contains strong language but does not convey hate or discrimination],"{'race': 'white', 'political': 'neutral'}",both
1149,0,2992,44250250,0,[the sentence is not offensive][because][it is an expression of frustration],0,[the sentence is not offensive][because][it is an expression of frustration and contains strong language but is not directed at a particular group or individual],"{'race': 'white', 'political': 'conservative'}",both
1150,1,1663,98987708,1,[the sentence is offensive][because][it contains a racial slur and a stereotype],1,[the sentence is offensive][because][it contains a racial slur and a stereotype about a racial group],"{'race': 'white', 'political': 'conservative'}",both
1151,1,1663,44250250,1,[the sentence is offensive][because][it contains a racial slur and a stereotype],1,[the sentence is offensive][because][it contains a racial slur and a stereotype about a racial group],"{'race': 'white', 'political': 'conservative'}",both
1152,1,613,61283819,1,[the sentence is offensive][because][it contains a list of hate speech and derogatory terms for various groups of people],1,[the sentence is offensive][because][it contains a list of hate speech and derogatory terms for various racial and ethnic groups and sexual orientations],"{'race': 'white', 'political': 'conservative'}",both
1153,1,613,94108971,1,[the sentence is offensive][because][it contains a list of hate speech and derogatory terms for various groups of people],1,[the sentence is offensive][because][it contains a list of hate speech and derogatory terms for various racial and ethnic groups and sexual orientations],"{'race': 'white', 'political': 'conservative'}",both
1154,0,2320,66593239,0,[the sentence is not offensive][because][it is a motivational quote],0,[the sentence is not offensive][because][it is a quote with a positive message],"{'race': 'white', 'political': 'liberal'}",both
1155,0,2320,44250250,0,[the sentence is not offensive][because][it is a motivational quote],0,[the sentence is not offensive][because][it is a motivational quote],"{'race': 'white', 'political': 'conservative'}",both
1156,0,3558,66593239,1,[the sentence is offensive][because][it contains hate speech and abusive language],1,[the sentence is offensive][because][it contains hate language and a racial slur],"{'race': 'white', 'political': 'liberal'}",neither
1157,0,3558,44250250,1,[the sentence is offensive][because][it contains hate speech and abusive language],1,[the sentence is offensive][because][it contains hate language and a racial slur],"{'race': 'white', 'political': 'conservative'}",neither
1158,0,500,61283819,0,[the sentence is not offensive][because][it is a metaphorical expression],0,[the sentence is not offensive][because][it is a subjective opinion about plums],"{'race': 'white', 'political': 'conservative'}",both
1159,0,500,40321857,0,[the sentence is not offensive][because][it is a metaphorical expression],0,[the sentence is not offensive][because][it is a subjective opinion about plums],"{'race': 'white', 'political': 'neutral'}",both
1160,0,3237,66593239,0,[the sentence is not offensive][because][it is a lighthearted and playful conversation between two people],0,[the sentence is not offensive][because][it is a lighthearted and playful conversation between two people],"{'race': 'white', 'political': 'liberal'}",both
1161,0,3237,45870433,0,[the sentence is not offensive][because][it is a lighthearted and playful conversation between two people],0,[the sentence is not offensive][because][it is a lighthearted and playful conversation between two people],"{'race': 'white', 'political': 'conservative'}",both
1162,0,2656,44250250,1,[the sentence is offensive][because][it contains hate speech and derogatory language towards politicians and a religious group],1,[the sentence is offensive][because][it contains hate speech and derogatory language towards politicians and a religious group],"{'race': 'white', 'political': 'conservative'}",neither
1163,0,2656,17414298,1,[the sentence is offensive][because][it contains hate speech and derogatory language towards politicians and a religious group],1,[the sentence is offensive][because][it contains hate speech and derogatory language towards politicians and a religious group],"{'race': 'white', 'political': 'neutral'}",neither
1164,0,3431,94108971,0,[the sentence is not offensive][because][it is a positive comment about a song],0,[the sentence is not offensive][because][it is a neutral statement about music],"{'race': 'white', 'political': 'conservative'}",both
1165,0,3431,17414298,0,[the sentence is not offensive][because][it is a positive comment about a song],0,[the sentence is not offensive][because][it is a neutral statement about a song],"{'race': 'white', 'political': 'neutral'}",both
1166,0,3348,40321857,0,[the sentence is not offensive][because][it is a casual conversation about a personal experience],0,[the sentence is not offensive][because][it is a casual conversation about a personal experience],"{'race': 'white', 'political': 'neutral'}",both
1167,0,3348,17414298,0,[the sentence is not offensive][because][it is a casual conversation about a personal experience],0,[the sentence is not offensive][because][it is a casual conversation about a personal experience],"{'race': 'white', 'political': 'neutral'}",both
1168,1,2104,98987708,1,[the sentence is offensive][because][it conveys a racist message and contains derogatory language],1,[the sentence is offensive][because][it conveys a racist message and contains derogatory language],"{'race': 'white', 'political': 'conservative'}",both
1169,1,2104,66593239,1,[the sentence is offensive][because][it conveys a racist message and contains derogatory language],1,[the sentence is offensive][because][it conveys a racist message and contains derogatory language],"{'race': 'white', 'political': 'liberal'}",both
1170,1,810,44250250,1,[the sentence is offensive][because][it contains a reference to the holocaust and promotes anti-semitic views],1,[the sentence is offensive][because][it contains a reference to the holocaust and promotes anti-semitic views],"{'race': 'white', 'political': 'conservative'}",both
1171,1,810,45870433,1,[the sentence is offensive][because][it contains a reference to the holocaust and promotes anti-semitic views],1,[the sentence is offensive][because][it contains a reference to the holocaust and promotes anti-semitic views],"{'race': 'white', 'political': 'conservative'}",both
1172,0,3699,40321857,1,[the sentence is offensive][because][it contains explicit language and a derogatory term for women],1,[the sentence is offensive][because][it contains explicit language and a derogatory term for women],"{'race': 'white', 'political': 'neutral'}",neither
1173,1,3699,98987708,1,[the sentence is offensive][because][it contains explicit language and a derogatory term for women],1,[the sentence is offensive][because][it contains explicit language and a derogatory term for women],"{'race': 'white', 'political': 'conservative'}",both
1174,1,1381,61283819,1,[the sentence is offensive][because][it contains a racial slur and makes a derogatory comparison between cats and a racial group],1,[the sentence is offensive][because][it contains a racial slur and makes a derogatory comparison between cats and black people],"{'race': 'white', 'political': 'conservative'}",both
1175,1,1381,94108971,1,[the sentence is offensive][because][it contains a racial slur and makes a derogatory comparison between cats and a racial group],1,[the sentence is offensive][because][it contains a racial slur and makes a derogatory comparison between cats and black people],"{'race': 'white', 'political': 'conservative'}",both
1176,1,1725,40321857,1,"[the sentence is offensive][because][it contains racial slurs and stereotypes, including the use of the term 'whiteaho' to describe a predominantly white area, and derogatory terms for black and mexican people]",1,"[the sentence is offensive][because][it contains racial slurs and stereotypes, including the use of the term 'whiteaho' to describe a predominantly white area, and derogatory terms for black and mexican people]","{'race': 'white', 'political': 'neutral'}",both
1177,1,1725,98987708,1,"[the sentence is offensive][because][it contains racial slurs and stereotypes, including the use of the term 'whiteaho' to describe a predominantly white area, and derogatory terms for black and mexican people]",1,"[the sentence is offensive][because][it contains racial slurs and stereotypes, including the use of the term 'whiteaho' to describe a predominantly white area, and derogatory terms for black and mexican people]","{'race': 'white', 'political': 'conservative'}",both
1178,1,1574,94108971,1,[the sentence is offensive][because][it contains a racial stereotype and a negative generalization about a group of people],1,[the sentence is offensive][because][it contains a racial stereotype and a negative generalization about a racial group],"{'race': 'white', 'political': 'conservative'}",both
1179,0,3319,44250250,0,[the sentence is not offensive][because][it is a lighthearted and playful conversation between two people],0,[the sentence is not offensive][because][it is a lighthearted and playful conversation between two people],"{'race': 'white', 'political': 'conservative'}",both
1180,0,3319,17414298,0,[the sentence is not offensive][because][it is a lighthearted and playful conversation between two people],0,[the sentence is not offensive][because][it is a lighthearted and playful conversation between two people],"{'race': 'white', 'political': 'neutral'}",both
1181,1,1736,98987708,1,[the sentence is offensive][because][it contains hate speech and racial slurs],1,[the sentence is offensive][because][it contains hate speech and racial slurs],"{'race': 'white', 'political': 'conservative'}",both
1182,1,1736,94108971,1,[the sentence is offensive][because][it contains hate speech and racial slurs],1,[the sentence is offensive][because][it contains hate speech and racial slurs],"{'race': 'white', 'political': 'conservative'}",both
1183,1,1138,94108971,1,[the sentence is offensive][because][it contains hate speech and a racial slur],1,[the sentence is offensive][because][it contains hate speech and a racial slur],"{'race': 'white', 'political': 'conservative'}",both
1184,1,1138,44250250,1,[the sentence is offensive][because][it contains hate speech and a racial slur],1,[the sentence is offensive][because][it contains hate speech and a racial slur],"{'race': 'white', 'political': 'conservative'}",both
1185,0,2931,61283819,0,[the sentence is not offensive][because][it is a comment about a song and contains mild profanity],0,[the sentence is not offensive][because][it is a comment about a song and contains mild profanity],"{'race': 'white', 'political': 'conservative'}",both
1186,0,2931,40321857,0,[the sentence is not offensive][because][it is a comment about a song and contains mild profanity],0,[the sentence is not offensive][because][it is a comment about a song and contains mild profanity],"{'race': 'white', 'political': 'neutral'}",both
1187,0,3365,61283819,0,[the sentence is not offensive][because][it is a quote from the bible],0,[the sentence is not offensive][because][it is a quote from the bible],"{'race': 'white', 'political': 'conservative'}",both
1188,0,3365,40321857,0,[the sentence is not offensive][because][it is a quote from the bible],0,[the sentence is not offensive][because][it is a quote from the bible],"{'race': 'white', 'political': 'neutral'}",both
1189,0,3518,61283819,0,[the sentence is not offensive][because][it is a colloquial way to express frustration],0,[the sentence is not offensive][because][it is a colloquial way to express frustration and contains mild profanity],"{'race': 'white', 'political': 'conservative'}",both
1190,0,3518,98987708,0,[the sentence is not offensive][because][it is a colloquial way to express frustration],0,[the sentence is not offensive][because][it is a colloquial way to express frustration and contains mild profanity],"{'race': 'white', 'political': 'conservative'}",both
1191,0,3483,40321857,1,[the sentence is offensive][because][it uses a racial slur],1,[the sentence is offensive][because][it uses a racial slur 'nigga' in a derogatory manner],"{'race': 'white', 'political': 'neutral'}",neither
1192,0,3483,66593239,1,[the sentence is offensive][because][it uses a racial slur],1,[the sentence is offensive][because][it uses a racial slur 'nigga' in a derogatory manner],"{'race': 'white', 'political': 'liberal'}",neither
1193,1,1656,44250250,1,[the sentence is offensive][because][it contains hate speech and racial slurs],1,[the sentence is offensive][because][it contains a racial slur and promotes stereotypes about black people and liberals],"{'race': 'white', 'political': 'conservative'}",both
1194,1,1522,98987708,1,[the sentence is offensive][because][it contains hate language and makes a threat of violence],1,[the sentence is offensive][because][it contains hate language and makes a threat of violence],"{'race': 'white', 'political': 'conservative'}",both
1195,1,1522,44250250,1,[the sentence is offensive][because][it contains hate language and makes a threat of violence],1,[the sentence is offensive][because][it contains hate language and makes a threat of violence],"{'race': 'white', 'political': 'conservative'}",both
1196,0,1705,17414298,1,[the sentence is offensive][because][it contains a racial slur and promotes a discriminatory message],1,[the sentence is offensive][because][it contains a racial slur and promotes a discriminatory message],"{'race': 'white', 'political': 'neutral'}",neither
1197,0,3620,61283819,1,[the sentence is offensive][because][it contains explicit language and implies substance abuse],1,[the sentence is offensive][because][it contains explicit language and implies substance abuse],"{'race': 'white', 'political': 'conservative'}",neither
1198,0,3620,45870433,1,[the sentence is offensive][because][it contains explicit language and implies substance abuse],1,[the sentence is offensive][because][it contains explicit language and implies substance abuse],"{'race': 'white', 'political': 'conservative'}",neither
1199,0,2685,40321857,0,[the sentence is not offensive][because][it is a song lyric],0,[the sentence is not offensive][because][it is a song lyric],"{'race': 'white', 'political': 'neutral'}",both
1200,0,2685,66593239,0,[the sentence is not offensive][because][it is a song lyric],0,[the sentence is not offensive][because][it is a song lyric],"{'race': 'white', 'political': 'liberal'}",both
1201,1,673,66593239,1,[the sentence is offensive][because][it contains hate speech and a racial slur],1,[the sentence is offensive][because][it contains hate speech and a racial slur],"{'race': 'white', 'political': 'liberal'}",both
1202,1,673,44250250,1,[the sentence is offensive][because][it contains hate speech and a racial slur],1,[the sentence is offensive][because][it contains hate speech and a racial slur],"{'race': 'white', 'political': 'conservative'}",both
1203,1,2175,40321857,1,[the sentence is offensive][because][it contains a racial slur and a threat],1,[the sentence is offensive][because][it contains a racial slur and a threat],"{'race': 'white', 'political': 'neutral'}",both
1204,1,2175,44250250,1,[the sentence is offensive][because][it contains a racial slur and a threat],1,[the sentence is offensive][because][it contains a racial slur and a threat],"{'race': 'white', 'political': 'conservative'}",both
1205,0,49,94108971,1,[the sentence is offensive][because][it contains a message that is harmful to the lgbtq+ community and marginalizes the idea of women loving women],1,[the sentence is offensive][because][it contains a derogatory term'male gaze' and marginalizes the idea of women loving women],"{'race': 'white', 'political': 'conservative'}",neither
1206,0,49,66593239,1,[the sentence is offensive][because][it contains a message that is harmful to the lgbtq+ community and marginalizes the idea of women loving women],1,[the sentence is offensive][because][it contains a derogatory term'male gaze' and marginalizes the idea of women loving women],"{'race': 'white', 'political': 'liberal'}",neither
1207,0,3245,61283819,0,[the sentence is not offensive][because][it is a polite and professional message],0,[the sentence is not offensive][because][it is a polite and professional message],"{'race': 'white', 'political': 'conservative'}",both
1208,0,3245,98987708,0,[the sentence is not offensive][because][it is a polite and professional message],0,[the sentence is not offensive][because][it is a polite and professional message],"{'race': 'white', 'political': 'conservative'}",both
1209,0,3379,40321857,0,[the sentence is not offensive][because][it is a colloquial way to describe a situation and does not contain hate language],0,[the sentence is not offensive][because][it is a colloquial way to describe a situation and does not contain hate language],"{'race': 'white', 'political': 'neutral'}",both
1210,0,3379,66593239,0,[the sentence is not offensive][because][it is a colloquial way to describe a situation and does not contain hate language],0,[the sentence is not offensive][because][it is a colloquial way to describe a situation and does not contain hate language],"{'race': 'white', 'political': 'liberal'}",both
1211,1,322,98987708,1,[the sentence is offensive][because][it contains a racial slur and a derogatory term for a police officer],1,[the sentence is offensive][because][it contains a racial slur and a derogatory term for a police officer],"{'race': 'white', 'political': 'conservative'}",both
1212,1,773,45870433,1,[the sentence is offensive][because][it contains a derogatory term for a person with dwarfism],1,[the sentence is offensive][because][it contains a derogatory term for a person with dwarfism],"{'race': 'white', 'political': 'conservative'}",both
1213,1,609,61283819,0,[the sentence is not offensive][because][it is a personal opinion about a person's behavior and contains strong language but is not directed at a protected group],0,[the sentence is not offensive][because][it is a personal opinion about someone's behavior and contains strong language but is not directed at a protected group],"{'race': 'white', 'political': 'conservative'}",neither
1214,1,609,44250250,0,[the sentence is not offensive][because][it is a personal opinion about a person's behavior and contains strong language but is not directed at a protected group],0,[the sentence is not offensive][because][it is a personal opinion about someone's behavior and contains strong language but is not directed at a protected group],"{'race': 'white', 'political': 'conservative'}",neither
1215,1,2016,61283819,1,[the sentence is offensive][because][it conveys a message of racism and contains explicit language],1,[the sentence is offensive][because][it conveys a message of racism and contains explicit language],"{'race': 'white', 'political': 'conservative'}",both
1216,1,2016,45870433,1,[the sentence is offensive][because][it conveys a message of racism and contains explicit language],1,[the sentence is offensive][because][it conveys a message of racism and contains explicit language],"{'race': 'white', 'political': 'conservative'}",both
1217,0,2799,98987708,0,[the sentence is not offensive][because][it is a fictional context and the language used is not derogatory],0,[the sentence is not offensive][because][it is a fictional context and the language used is not derogatory],"{'race': 'white', 'political': 'conservative'}",both
1218,0,2799,44250250,0,[the sentence is not offensive][because][it is a fictional context and the language used is not derogatory],0,[the sentence is not offensive][because][it is a fictional context and the language used is not derogatory],"{'race': 'white', 'political': 'conservative'}",both
1219,0,4056,66593239,1,[the sentence is offensive][because][it contains multiple instances of explicit language and derogatory terms],1,[the sentence is offensive][because][it contains multiple instances of explicit language and derogatory terms],"{'race': 'white', 'political': 'liberal'}",neither
1220,1,1401,44250250,1,"[the sentence is offensive][because][it contains hate speech, racial slurs, and threats]",1,"[the sentence is offensive][because][it contains hate speech, racial slurs, and threats]","{'race': 'white', 'political': 'conservative'}",both
1221,1,1401,45870433,1,"[the sentence is offensive][because][it contains hate speech, racial slurs, and threats]",1,"[the sentence is offensive][because][it contains hate speech, racial slurs, and threats]","{'race': 'white', 'political': 'conservative'}",both
1222,1,3474,61283819,1,[the sentence is offensive][because][it contains a racial slur and a derogatory term for a woman],1,[the sentence is offensive][because][it uses a racial slur and a derogatory term for a woman],"{'race': 'white', 'political': 'conservative'}",both
1223,1,3474,66593239,1,[the sentence is offensive][because][it contains a racial slur and a derogatory term for a woman],0,[the sentence is not offensive][because][it is a colloquial expression and the context is not aggressive],"{'race': 'white', 'political': 'liberal'}",baseline
1224,0,3989,66593239,1,[the sentence is offensive][because][it contains explicit language and a derogatory term for a woman],1,[the sentence is offensive][because][it contains explicit language and a derogatory term for a woman],"{'race': 'white', 'political': 'liberal'}",neither
1225,0,3290,61283819,0,[the sentence is not offensive][because][it is a positive comment with colloquial language],0,[the sentence is not offensive][because][it is a positive and enthusiastic message],"{'race': 'white', 'political': 'conservative'}",both
1226,0,404,61283819,1,[the sentence is offensive][because][it contains explicit language],0,[the sentence is not offensive][because][it is a common idiomatic expression],"{'race': 'white', 'political': 'conservative'}",race_political
1227,1,1816,45870433,1,[the sentence is offensive][because][it promotes the use of a racial slur],1,[the sentence is offensive][because][it promotes the use of a racial slur],"{'race': 'white', 'political': 'conservative'}",both
1228,0,913,98987708,0,[the sentence is not offensive][because][it is a discussion about a religious topic and does not contain hate speech or explicit language],0,[the sentence is not offensive][because][it is a discussion about a religious topic and does not contain hate speech or explicit language],"{'race': 'white', 'political': 'conservative'}",both
1229,0,913,44250250,0,[the sentence is not offensive][because][it is a discussion about a religious topic and does not contain hate speech or explicit language],0,[the sentence is not offensive][because][it is a discussion about a religious topic and does not contain hate speech or explicit language],"{'race': 'white', 'political': 'conservative'}",both
1230,1,1682,44250250,1,[the sentence is offensive][because][it contains hate speech and stereotypes],1,[the sentence is offensive][because][it contains hate speech and stereotypes],"{'race': 'white', 'political': 'conservative'}",both
1231,1,1592,45870433,1,"[the sentence is offensive][because][it conveys a stereotypical message suggesting that black people are associated with ""gangsta"" talk and behavior]",1,[the sentence is offensive][because][it conveys a stereotypical message about black people and uses a derogatory term],"{'race': 'white', 'political': 'conservative'}",both
1232,0,3471,98987708,1,[the sentence is offensive][because][it contains derogatory language and a threat],1,[the sentence is offensive][because][it contains derogatory language and a threat],"{'race': 'white', 'political': 'conservative'}",neither
1233,0,2545,40321857,0,[the sentence is not offensive][because][it is a positive statement about the city's diversity and acceptance of alternative lifestyles],0,[the sentence is not offensive][because][it is a positive statement about the city's diversity and acceptance of alternative lifestyles],"{'race': 'white', 'political': 'neutral'}",both
1234,0,2545,45870433,0,[the sentence is not offensive][because][it is a positive statement about the city's diversity and acceptance of alternative lifestyles],0,[the sentence is not offensive][because][it is a positive statement about the diversity of the city],"{'race': 'white', 'political': 'conservative'}",both
1235,1,1823,40321857,1,[the sentence is offensive][because][it contains a racial slur and a derogatory description of people],1,[the sentence is offensive][because][it contains a racial slur and a stereotype about people with missing teeth],"{'race': 'white', 'political': 'neutral'}",both
1236,1,1823,94108971,1,[the sentence is offensive][because][it contains a racial slur and a derogatory description of people],1,[the sentence is offensive][because][it contains a racial slur and a derogatory description of people],"{'race': 'white', 'political': 'conservative'}",both
1237,0,3400,98987708,0,[the sentence is not offensive][because][it is a subjective opinion about two artists and contains colloquial language],0,[the sentence is not offensive][because][it is a subjective opinion about two artists],"{'race': 'white', 'political': 'conservative'}",both
1238,0,3400,94108971,0,[the sentence is not offensive][because][it is a subjective opinion about two artists and contains colloquial language],0,[the sentence is not offensive][because][it is a subjective opinion about two artists],"{'race': 'white', 'political': 'conservative'}",both
1239,1,1830,61283819,1,[the sentence is offensive][because][it contains a racial slur and promotes violence],1,[the sentence is offensive][because][it contains a racial slur and promotes violence],"{'race': 'white', 'political': 'conservative'}",both
1240,1,1830,66593239,1,[the sentence is offensive][because][it contains hate speech and a racial slur],1,[the sentence is offensive][because][it contains a racial slur and promotes violence],"{'race': 'white', 'political': 'liberal'}",both
1241,1,660,66593239,1,[the sentence is offensive][because][it contains hate speech and misogynistic language],1,[the sentence is offensive][because][it contains hate speech and misogynistic language],"{'race': 'white', 'political': 'liberal'}",both
1242,0,2486,66593239,0,[the sentence is not offensive][because][it is a joke and the use of the word 'nude' is used in a non-explicit way],0,[the sentence is not offensive][because][it is a joke and contains a meme],"{'race': 'white', 'political': 'liberal'}",both
1243,0,1576,61283819,1,[the sentence is offensive][because][it contains hate speech and makes a comparison between blm and the nazis],1,"[the sentence is offensive][because][it contains a racial slur and makes a comparison between blm and the nazis, which is a form of hate speech]","{'race': 'white', 'political': 'conservative'}",neither
1244,1,1576,40321857,1,[the sentence is offensive][because][it contains hate speech and makes a comparison between blm and the nazis],1,"[the sentence is offensive][because][it contains a racial slur and makes a comparison between blm and the nazis, which is a form of hate speech]","{'race': 'white', 'political': 'neutral'}",both
1245,0,2394,40321857,0,[the sentence is not offensive][because][it is a political statement with a strong opinion],0,[the sentence is not offensive][because][it is a political statement with a neutral tone],"{'race': 'white', 'political': 'neutral'}",both
1246,0,2394,44250250,0,[the sentence is not offensive][because][it is a political statement with a strong opinion],0,[the sentence is not offensive][because][it is a political statement with a negative opinion about a public figure],"{'race': 'white', 'political': 'conservative'}",both
1247,0,3303,40321857,0,[the sentence is not offensive][because][it is a joke and does not contain any hate or explicit language],0,[the sentence is not offensive][because][it is a joke and does not contain any hate speech or explicit language],"{'race': 'white', 'political': 'neutral'}",both
1248,0,3303,66593239,0,[the sentence is not offensive][because][it is a joke and does not contain any hate or explicit language],0,[the sentence is not offensive][because][it is a joke and does not contain any hate or explicit language],"{'race': 'white', 'political': 'liberal'}",both
1249,0,67,40321857,1,[the sentence is offensive][because][it contains a word that is often used to describe a violent or aggressive act and is used in a derogatory manner towards a specific group of people],1,[the sentence is offensive][because][it contains a derogatory term for people with mental health issues],"{'race': 'white', 'political': 'neutral'}",neither
1250,1,67,44250250,1,[the sentence is offensive][because][it contains a word that is often used to describe a violent or aggressive act and is used in a derogatory manner towards a specific group of people],1,[the sentence is offensive][because][it conveys a message that is derogatory towards people with mental health conditions and uses a term that is often associated with triggering],"{'race': 'white', 'political': 'conservative'}",both
1251,1,1878,86257299,1,[the sentence is offensive][because][it contains a racial slur and a derogatory term for people from niger],1,[the sentence is offensive][because][it contains a racial slur and a derogatory term for people from niger],"{'race': 'white', 'political': 'conservative'}",both
1252,0,3302,63428654,0,[the sentence is not offensive][because][it is a neutral statement about a person's appearance],0,[the sentence is not offensive][because][it is a neutral statement about a celebrity],"{'race': 'white', 'political': 'neutral'}",both
1253,0,3302,86257299,0,[the sentence is not offensive][because][it is a neutral statement about a person's appearance],0,[the sentence is not offensive][because][it is a neutral statement about a celebrity],"{'race': 'white', 'political': 'conservative'}",both
1254,0,3594,86257299,0,[the sentence is not offensive][because][it is a colloquial way to express frustration and contains mild profanity],0,[the sentence is not offensive][because][it is a colloquial way to express frustration about hair styling],"{'race': 'white', 'political': 'conservative'}",both
1255,0,3412,63428654,0,[the sentence is not offensive][because][it is a sarcastic comment about promposals and contains colloquial language],0,[the sentence is not offensive][because][it is a personal opinion about promposals and contains colloquial language],"{'race': 'white', 'political': 'neutral'}",both
1256,0,3412,69198055,0,[the sentence is not offensive][because][it is a sarcastic comment about promposals and contains colloquial language],0,[the sentence is not offensive][because][it is a personal opinion about promposals and contains colloquial language],"{'race': 'white', 'political': 'conservative'}",both
1257,0,3554,5428237,1,[the sentence is offensive][because][it contains a racial slur and a derogatory term for a political figure],1,[the sentence is offensive][because][it contains a racial slur and a derogatory reference to a political figure],"{'race': 'white', 'political': 'conservative'}",neither
1258,0,4,86257299,0,[the sentence is not offensive][because][it is a neutral statement about personal taste],0,[the sentence is not offensive][because][it is a neutral statement about personal taste],"{'race': 'white', 'political': 'conservative'}",both
1259,0,4,69198055,0,[the sentence is not offensive][because][it is a neutral statement about personal taste],0,[the sentence is not offensive][because][it is a neutral statement about personal taste],"{'race': 'white', 'political': 'conservative'}",both
1260,0,3349,5428237,0,[the sentence is not offensive][because][it is a promotional message],0,[the sentence is not offensive][because][it is a promotional message],"{'race': 'white', 'political': 'conservative'}",both
1261,0,3349,86257299,0,[the sentence is not offensive][because][it is a promotional message],0,[the sentence is not offensive][because][it is a promotional message],"{'race': 'white', 'political': 'conservative'}",both
1262,1,3436,83062091,1,[the sentence is offensive][because][it contains explicit language and conveys a negative sentiment towards a group of people],1,[the sentence is offensive][because][it contains explicit language and conveys a negative sentiment towards a group of people],"{'race': 'white', 'political': 'neutral'}",both
1263,0,2356,86257299,0,[the sentence is not offensive][because][it is a positive message of appreciation and encouragement],0,[the sentence is not offensive][because][it is a positive message to the governors],"{'race': 'white', 'political': 'conservative'}",both
1264,0,2356,93788928,0,[the sentence is not offensive][because][it is a positive message of appreciation and encouragement],0,[the sentence is not offensive][because][it is a positive message to the governors],"{'race': 'white', 'political': 'conservative'}",both
1265,1,1799,83062091,1,[the sentence is offensive][because][it contains a racial slur],1,[the sentence is offensive][because][it contains a racial slur],"{'race': 'white', 'political': 'neutral'}",both
1266,0,1799,86257299,1,[the sentence is offensive][because][it contains a racial slur],1,[the sentence is offensive][because][it contains a racial slur],"{'race': 'white', 'political': 'conservative'}",neither
1267,0,377,93788928,1,[the sentence is offensive][because][it uses a racial slur],0,[the sentence is not offensive][because][it is a colloquial way to refer to friends],"{'race': 'white', 'political': 'conservative'}",race_political
1268,1,2128,7288661,1,[the sentence is offensive][because][it contains a racial slur and a derogatory comparison of a person to an animal],1,[the sentence is offensive][because][it contains a racial slur and a derogatory comparison of a person to an animal],"{'race': 'white', 'political': 'conservative'}",both
1269,0,3519,5428237,0,[the sentence is not offensive][because][it is a negative comment about a game character],0,[the sentence is not offensive][because][it is a negative comment about a game character],"{'race': 'white', 'political': 'conservative'}",both
1270,0,3519,86257299,0,[the sentence is not offensive][because][it is a negative comment about a game character],0,[the sentence is not offensive][because][it is a negative comment about a game character],"{'race': 'white', 'political': 'conservative'}",both
1271,1,1837,7815980,1,[the sentence is offensive][because][it contains a threat of violence and a racial slur],1,[the sentence is offensive][because][it contains a threat of violence and a racial slur],"{'race': 'white', 'political': 'conservative'}",both
1272,1,1837,86257299,1,[the sentence is offensive][because][it contains a threat of violence and a racial slur],1,[the sentence is offensive][because][it contains a threat of violence and a racial slur],"{'race': 'white', 'political': 'conservative'}",both
1273,0,1719,63428654,0,[the sentence is not offensive][because][it is a statement of support for a particular group of people],0,[the sentence is not offensive][because][it is a positive statement about a group of people],"{'race': 'white', 'political': 'neutral'}",both
1274,1,1719,86257299,0,[the sentence is not offensive][because][it is a statement of support for a particular group of people],0,[the sentence is not offensive][because][it is a statement of support for a particular group of people],"{'race': 'white', 'political': 'conservative'}",neither
1275,0,2718,86257299,0,[the sentence is not offensive][because][it is a neutral comment about a football manager],0,[the sentence is not offensive][because][it is a neutral comment about a football manager],"{'race': 'white', 'political': 'conservative'}",both
1276,0,2718,93788928,0,[the sentence is not offensive][because][it is a neutral comment about a football manager],0,[the sentence is not offensive][because][it is a neutral comment about a football manager],"{'race': 'white', 'political': 'conservative'}",both
1277,0,3415,86257299,0,[the sentence is not offensive][because][it is a casual conversation about wanting to eat donuts at 1 am],0,[the sentence is not offensive][because][it is a casual conversation about wanting to eat donuts at 1 am],"{'race': 'white', 'political': 'conservative'}",both
1278,0,3415,93788928,0,[the sentence is not offensive][because][it is a casual conversation about wanting to eat donuts at 1 am],0,[the sentence is not offensive][because][it is a casual conversation about wanting to eat donuts at 1 am],"{'race': 'white', 'political': 'conservative'}",both
1279,1,2170,83062091,1,[the sentence is offensive][because][it contains hate speech and racial slurs],1,[the sentence is offensive][because][it contains hate speech and racial slurs],"{'race': 'white', 'political': 'neutral'}",both
1280,1,2170,86257299,1,[the sentence is offensive][because][it contains hate speech and racial slurs],1,[the sentence is offensive][because][it contains hate speech and racial slurs],"{'race': 'white', 'political': 'conservative'}",both
1281,0,3289,7288661,0,[the sentence is not offensive][because][it is a quote from a song and a post about a person's daily life],0,[the sentence is not offensive][because][it is a quote from a song and a post about a person's happiness],"{'race': 'white', 'political': 'conservative'}",both
1282,0,3289,86257299,0,[the sentence is not offensive][because][it is a quote from a song and a post about a person's daily life],0,[the sentence is not offensive][because][it is a quote from a song and a post about a person's happiness],"{'race': 'white', 'political': 'conservative'}",both
1283,0,132,86257299,0,[the sentence is not offensive][because][it is a quote from a person discussing their own thoughts and opinions],0,[the sentence is not offensive][because][it is a neutral statement about a personal experience],"{'race': 'white', 'political': 'conservative'}",both
1284,0,132,93788928,0,[the sentence is not offensive][because][it is a quote from a person discussing their own thoughts and opinions],0,[the sentence is not offensive][because][it is a neutral statement about a personal experience],"{'race': 'white', 'political': 'conservative'}",both
1285,1,2096,5428237,1,[the sentence is offensive][because][it contains hate speech and stereotypes about racial groups],1,[the sentence is offensive][because][it contains hate speech and stereotypes about racial groups],"{'race': 'white', 'political': 'conservative'}",both
1286,1,2096,69198055,1,[the sentence is offensive][because][it contains hate speech and stereotypes about racial groups],1,[the sentence is offensive][because][it contains hate speech and stereotypes about racial groups],"{'race': 'white', 'political': 'conservative'}",both
1287,0,535,86257299,0,[the sentence is not offensive][because][it is an expression of frustration and does not contain hate speech or explicit language],0,[the sentence is not offensive][because][it is an expression of frustration and does not contain hate speech or explicit language],"{'race': 'white', 'political': 'conservative'}",both
1288,0,535,93788928,0,[the sentence is not offensive][because][it is an expression of frustration and does not contain hate speech or explicit language],0,[the sentence is not offensive][because][it is an expression of frustration and does not contain hate speech or explicit language],"{'race': 'white', 'political': 'conservative'}",both
1289,0,1545,93788928,0,[the sentence is not offensive][because][it is a metaphorical expression of a medical treatment],0,[the sentence is not offensive][because][it is a metaphorical expression and does not contain hate speech or explicit language],"{'race': 'white', 'political': 'conservative'}",both
1290,0,2683,5428237,1,[the sentence is offensive][because][it contains explicit language and expresses a strong negative emotion towards a group of people],1,[the sentence is offensive][because][it contains explicit language],"{'race': 'white', 'political': 'conservative'}",neither
1291,0,2683,93788928,1,[the sentence is offensive][because][it contains explicit language and expresses a strong negative emotion towards a group of people],1,[the sentence is offensive][because][it contains explicit language],"{'race': 'white', 'political': 'conservative'}",neither
1292,0,2341,63428654,0,[the sentence is not offensive][because][it is a neutral comment about the price of hockey sticks],0,[the sentence is not offensive][because][it is a neutral comment about the price of hockey sticks],"{'race': 'white', 'political': 'neutral'}",both
1293,0,2341,86257299,0,[the sentence is not offensive][because][it is a neutral comment about the price of hockey sticks],0,[the sentence is not offensive][because][it is a neutral comment about the price of hockey sticks],"{'race': 'white', 'political': 'conservative'}",both
1294,1,724,86257299,1,[the sentence is offensive][because][it contains hate speech and derogatory language towards a person's physical appearance and personality],1,[the sentence is offensive][because][it contains hate speech and derogatory language towards a person's physical appearance and personality],"{'race': 'white', 'political': 'conservative'}",both
1295,0,724,93788928,1,[the sentence is offensive][because][it contains hate speech and derogatory language towards a person's physical appearance and personality],1,[the sentence is offensive][because][it contains hate speech and derogatory language towards a person's physical appearance and personality],"{'race': 'white', 'political': 'conservative'}",neither
1296,1,2214,69198055,1,[the sentence is offensive][because][it contains a racial slur and uses derogatory language],1,[the sentence is offensive][because][it contains a racial slur and uses derogatory language],"{'race': 'white', 'political': 'conservative'}",both
1297,1,1742,5428237,1,[the sentence is offensive][because][it promotes slavery and uses a racial slur],1,[the sentence is offensive][because][it promotes slavery and uses a racial slur],"{'race': 'white', 'political': 'conservative'}",both
1298,1,1742,86257299,1,[the sentence is offensive][because][it promotes slavery and uses a racial slur],1,[the sentence is offensive][because][it promotes slavery and uses a racial slur],"{'race': 'white', 'political': 'conservative'}",both
1299,1,3530,5428237,1,[the sentence is offensive][because][it contains a threat of violence and uses colloquial language that may be perceived as aggressive],1,[the sentence is offensive][because][it contains a threat of violence and uses colloquial language that may be perceived as aggressive],"{'race': 'white', 'political': 'conservative'}",both
1300,1,3530,69198055,1,[the sentence is offensive][because][it contains a threat of violence and uses colloquial language that may be perceived as aggressive],1,[the sentence is offensive][because][it contains a threat of violence and uses colloquial language that may be perceived as aggressive],"{'race': 'white', 'political': 'conservative'}",both
1301,1,476,63428654,0,[the sentence is not offensive][because][it is a colloquial way to express frustration],0,[the sentence is not offensive][because][it is a colloquial way to express frustration],"{'race': 'white', 'political': 'neutral'}",neither
1302,0,476,69198055,0,[the sentence is not offensive][because][it is a colloquial way to express frustration],0,[the sentence is not offensive][because][it is a colloquial way to express frustration],"{'race': 'white', 'political': 'conservative'}",both
1303,0,3333,86257299,0,[the sentence is not offensive][because][it is a colloquial way to encourage someone to keep shooting],0,"[the sentence is not offensive][because][it is a colloquial way to encourage someone to keep shooting, even if their shot is not good]","{'race': 'white', 'political': 'conservative'}",both
1304,0,3333,93788928,0,[the sentence is not offensive][because][it is a colloquial way to encourage someone to keep shooting],0,"[the sentence is not offensive][because][it is a colloquial way to encourage someone to keep shooting, even if their shot is not good]","{'race': 'white', 'political': 'conservative'}",both
1305,0,3037,86257299,0,[the sentence is not offensive][because][it is a complaint about a phone issue],0,[the sentence is not offensive][because][it is a complaint about a phone issue],"{'race': 'white', 'political': 'conservative'}",both
1306,0,3037,93788928,0,[the sentence is not offensive][because][it is a complaint about a phone issue],0,[the sentence is not offensive][because][it is a complaint about a phone issue],"{'race': 'white', 'political': 'conservative'}",both
1307,1,1347,5428237,1,[the sentence is offensive][because][it contains hate language and stereotypes about people with disabilities],1,[the sentence is offensive][because][it contains hate language and conveys a derogatory message towards people with disabilities],"{'race': 'white', 'political': 'conservative'}",both
1308,1,1347,93788928,1,[the sentence is offensive][because][it contains hate language and stereotypes about people with disabilities],1,[the sentence is offensive][because][it contains hate language and conveys a derogatory message towards people with disabilities],"{'race': 'white', 'political': 'conservative'}",both
1309,1,1624,86257299,1,[the sentence is offensive][because][it uses a racial slur and a derogatory term to describe a group of people],1,[the sentence is offensive][because][it uses a racial slur and a derogatory term to describe a group of people],"{'race': 'white', 'political': 'conservative'}",both
1310,0,3513,91797745,1,[the sentence is offensive][because][it contains hate speech and derogatory language towards a person],1,[the sentence is offensive][because][it contains hate speech and derogatory language towards a person],"{'race': 'white', 'political': 'conservative'}",neither
1311,0,3513,86257299,1,[the sentence is offensive][because][it contains hate speech and derogatory language towards a person],1,[the sentence is offensive][because][it contains hate speech and derogatory language towards a person],"{'race': 'white', 'political': 'conservative'}",neither
1312,1,3557,7288661,1,[the sentence is offensive][because][it contains a derogatory message and a threat],1,[the sentence is offensive][because][it contains a derogatory message and a threat],"{'race': 'white', 'political': 'conservative'}",both
1313,0,2256,5428237,0,[the sentence is not offensive][because][it is a social media post that is not derogatory or explicit],0,[the sentence is not offensive][because][it is a social media post that is not derogatory or discriminatory],"{'race': 'white', 'political': 'conservative'}",both
1314,0,2256,93788928,0,[the sentence is not offensive][because][it is a social media post that is not derogatory or explicit],0,[the sentence is not offensive][because][it is a social media post that is not derogatory or discriminatory],"{'race': 'white', 'political': 'conservative'}",both
1315,1,760,5428237,1,[the sentence is offensive][because][it promotes a conspiracy theory that is widely considered to be antisemitic],1,[the sentence is offensive][because][it promotes a conspiracy theory that is widely considered to be antisemitic],"{'race': 'white', 'political': 'conservative'}",both
1316,1,760,86257299,1,[the sentence is offensive][because][it promotes a conspiracy theory that is widely considered to be antisemitic],1,[the sentence is offensive][because][it promotes a conspiracy theory that is widely considered to be antisemitic],"{'race': 'white', 'political': 'conservative'}",both
1317,1,1724,3793818,1,[the sentence is offensive][because][it perpetuates a racial stereotype],1,[the sentence is offensive][because][it perpetuates a racial stereotype],"{'race': 'white', 'political': 'conservative'}",both
1318,1,1724,83062091,1,[the sentence is offensive][because][it perpetuates a racial stereotype],1,[the sentence is offensive][because][it perpetuates a racial stereotype],"{'race': 'white', 'political': 'neutral'}",both
1319,1,1824,86257299,1,[the sentence is offensive][because][it contains hate speech and racial slurs],1,[the sentence is offensive][because][it contains a racial slur and promotes violence],"{'race': 'white', 'political': 'conservative'}",both
1320,1,1824,93788928,1,[the sentence is offensive][because][it contains hate speech and racial slurs],1,[the sentence is offensive][because][it contains a racial slur and promotes violence],"{'race': 'white', 'political': 'conservative'}",both
1321,0,679,5428237,1,[the sentence is offensive][because][it contains a racial slur and is a derogatory term],1,[the sentence is offensive][because][it contains a racial slur and is a derogatory term],"{'race': 'white', 'political': 'conservative'}",neither
1322,1,679,83062091,1,[the sentence is offensive][because][it contains a racial slur and is a derogatory term],1,[the sentence is offensive][because][it contains a racial slur and is a derogatory term],"{'race': 'white', 'political': 'neutral'}",both
1323,1,1530,86257299,1,[the sentence is offensive][because][it contains derogatory language towards the lgbtq+ community and promotes the spread of misinformation about a specific group],1,[the sentence is offensive][because][it contains derogatory language towards the lgbtq+ community and promotes the spread of misinformation about hiv/aids],"{'race': 'white', 'political': 'conservative'}",both
1324,1,2327,63428654,0,[the sentence is not offensive][because][it is a neutral comment about a polygamous relationship],0,[the sentence is not offensive][because][it is a neutral comment about a polygamous relationship],"{'race': 'white', 'political': 'neutral'}",neither
1325,0,2327,86257299,0,[the sentence is not offensive][because][it is a neutral comment about a polygamous relationship],0,[the sentence is not offensive][because][it is a neutral comment about a polygamous relationship],"{'race': 'white', 'political': 'conservative'}",both
1326,0,1345,5428237,1,[the sentence is offensive][because][it contains vulgar language and derogatory term],1,[the sentence is offensive][because][it contains vulgar language and derogatory term],"{'race': 'white', 'political': 'conservative'}",neither
1327,0,1345,86257299,1,[the sentence is offensive][because][it contains vulgar language and derogatory term],1,[the sentence is offensive][because][it contains vulgar language and derogatory term],"{'race': 'white', 'political': 'conservative'}",neither
1328,1,2912,86257299,1,[the sentence is offensive][because][it contains a racial slur and a stereotype about black men and their relationships with women of other races],1,[the sentence is offensive][because][it contains a racial slur and a stereotype about black men and their relationships with women of other races],"{'race': 'white', 'political': 'conservative'}",both
1329,1,2912,93788928,1,[the sentence is offensive][because][it contains a racial slur and a stereotype about black men and their relationships with women of other races],1,[the sentence is offensive][because][it contains a racial slur and a stereotype about black men and their relationships with women of other races],"{'race': 'white', 'political': 'conservative'}",both
1330,0,1683,93788928,0,[the sentence is not offensive][because][it is a statement of fact and does not contain hate speech or explicit language],0,[the sentence is not offensive][because][it is a statement of fact and does not contain hate speech or explicit language],"{'race': 'white', 'political': 'conservative'}",both
1331,1,1683,69198055,0,[the sentence is not offensive][because][it is a statement of fact and does not contain hate speech or explicit language],0,[the sentence is not offensive][because][it is a statement of fact and does not contain hate speech or explicit language],"{'race': 'white', 'political': 'conservative'}",neither
1332,0,3356,5428237,0,[the sentence is not offensive][because][it is a sports-related conversation with a tone of excitement and frustration],0,[the sentence is not offensive][because][it is a sports-related conversation with a tone of excitement and frustration],"{'race': 'white', 'political': 'conservative'}",both
1333,0,3356,86257299,0,[the sentence is not offensive][because][it is a sports-related conversation with a tone of excitement and frustration],0,[the sentence is not offensive][because][it is a sports-related conversation with a tone of excitement and frustration],"{'race': 'white', 'political': 'conservative'}",both
1334,0,646,5428237,0,[the sentence is not offensive][because][it is a statement of sadness and affection for a brother],0,[the sentence is not offensive][because][it is a colloquial expression of sympathy and affection],"{'race': 'white', 'political': 'conservative'}",both
1335,0,646,69198055,0,[the sentence is not offensive][because][it is a statement of sadness and affection for a brother],0,[the sentence is not offensive][because][it is a colloquial expression of sympathy and affection],"{'race': 'white', 'political': 'conservative'}",both
1336,0,2314,93788928,0,[the sentence is not offensive][because][it is a playful and lighthearted joke],0,[the sentence is not offensive][because][it is a playful and lighthearted joke],"{'race': 'white', 'political': 'conservative'}",both
1337,1,2314,64847403,0,[the sentence is not offensive][because][it is a playful and lighthearted joke],0,[the sentence is not offensive][because][it is a playful and lighthearted joke],"{'race': 'white', 'political': 'conservative'}",neither
1338,0,3561,83062091,0,[the sentence is not offensive][because][it is a political statement and does not contain any hate speech or explicit language],0,[the sentence is not offensive][because][it is a political statement and does not contain hate speech or explicit language],"{'race': 'white', 'political': 'neutral'}",both
1339,0,3561,86257299,0,[the sentence is not offensive][because][it is a political statement and does not contain any hate speech or explicit language],0,[the sentence is not offensive][because][it is a political statement that uses a derogatory term for muslim women],"{'race': 'white', 'political': 'conservative'}",both
1340,1,142,5428237,0,[the sentence is not offensive][because][it is a subjective opinion about a public figure],0,[the sentence is not offensive][because][it is a subjective opinion about a public figure],"{'race': 'white', 'political': 'conservative'}",neither
1341,0,142,86257299,0,[the sentence is not offensive][because][it is a subjective opinion about a public figure],0,[the sentence is not offensive][because][it is a subjective opinion about a public figure],"{'race': 'white', 'political': 'conservative'}",both
1342,0,3639,63428654,0,[the sentence is not offensive][because][it is a colloquial way to express frustration and admiration],0,[the sentence is not offensive][because][it is a colloquial way to express frustration and admiration],"{'race': 'white', 'political': 'neutral'}",both
1343,0,3639,86257299,0,[the sentence is not offensive][because][it is a colloquial way to express frustration and admiration],0,[the sentence is not offensive][because][it is a colloquial way to express frustration and admiration],"{'race': 'white', 'political': 'conservative'}",both
1344,1,2217,86257299,1,[the sentence is offensive][because][it contains a racial slur and promotes a negative stereotype about a group of people],1,[the sentence is offensive][because][it contains a racial slur and a derogatory term],"{'race': 'white', 'political': 'conservative'}",both
1345,0,3523,63428654,0,[the sentence is not offensive][because][it is a conversation between two people about a misunderstanding and contains emojis],0,[the sentence is not offensive][because][it is a casual conversation between friends],"{'race': 'white', 'political': 'neutral'}",both
1346,0,3523,69198055,0,[the sentence is not offensive][because][it is a conversation between two people about a misunderstanding and contains emojis],0,[the sentence is not offensive][because][it is a casual conversation between friends],"{'race': 'white', 'political': 'conservative'}",both
1347,1,3515,5428237,0,[the sentence is not offensive][because][it is a statement of opinion about a public figure],0,[the sentence is not offensive][because][it is a subjective opinion about a public figure],"{'race': 'white', 'political': 'conservative'}",neither
1348,0,3515,83062091,0,[the sentence is not offensive][because][it is a statement of opinion about a public figure],0,[the sentence is not offensive][because][it is a subjective opinion about a public figure],"{'race': 'white', 'political': 'neutral'}",both
1349,0,3525,40102629,1,[the sentence is offensive][because][it contains a racial slur and promotes substance abuse],1,[the sentence is offensive][because][it contains a racial slur and promotes substance abuse],"{'race': 'white', 'political': 'conservative'}",neither
1350,0,3525,69198055,1,[the sentence is offensive][because][it contains a racial slur and promotes substance abuse],1,[the sentence is offensive][because][it contains a racial slur and promotes substance abuse],"{'race': 'white', 'political': 'conservative'}",neither
1351,0,2668,5428237,0,[the sentence is not offensive][because][it is a casual comment about a personal experience],0,[the sentence is not offensive][because][it is a casual comment about a personal experience],"{'race': 'white', 'political': 'conservative'}",both
1352,0,2668,93788928,0,[the sentence is not offensive][because][it is a casual comment about a personal experience],0,[the sentence is not offensive][because][it is a casual comment about a personal experience],"{'race': 'white', 'political': 'conservative'}",both
1353,0,3507,86257299,0,[the sentence is not offensive][because][it is a personal expression of self-doubt],0,[the sentence is not offensive][because][it is a personal statement of self-doubt],"{'race': 'white', 'political': 'conservative'}",both
1354,0,3507,93788928,0,[the sentence is not offensive][because][it is a personal expression of self-doubt],0,[the sentence is not offensive][because][it is a personal statement of self-doubt],"{'race': 'white', 'political': 'conservative'}",both
1355,0,3367,86257299,0,[the sentence is not offensive][because][it is a lighthearted and playful comment about family dynamics],0,[the sentence is not offensive][because][it is a lighthearted and playful comment about family dynamics],"{'race': 'white', 'political': 'conservative'}",both
1356,0,3367,69198055,0,[the sentence is not offensive][because][it is a lighthearted and playful comment about family dynamics],0,[the sentence is not offensive][because][it is a lighthearted and playful comment about family dynamics],"{'race': 'white', 'political': 'conservative'}",both
1357,1,618,69198055,1,[the sentence is offensive][because][it contains hate language and targets a specific group of people],1,[the sentence is offensive][because][it contains hate language and targets a specific group of people],"{'race': 'white', 'political': 'conservative'}",both
1358,1,618,58008422,1,[the sentence is offensive][because][it contains hate language and targets a specific group of people],1,[the sentence is offensive][because][it contains hate language and targets a specific group of people],"{'race': 'white', 'political': 'conservative'}",both
1359,1,83,5428237,0,[the sentence is not offensive][because][it is a statement of opinion about a political ideology],0,[the sentence is not offensive][because][it is a political statement that does not contain hate speech or explicit language],"{'race': 'white', 'political': 'conservative'}",neither
1360,0,83,93788928,0,[the sentence is not offensive][because][it is a statement of opinion about a political ideology],0,[the sentence is not offensive][because][it is a political statement that does not contain hate speech or explicit language],"{'race': 'white', 'political': 'conservative'}",both
1361,0,3771,93788928,1,[the sentence is offensive][because][it contains a racial slur and a derogatory term],0,[the sentence is not offensive][because][the person is using the term 'nigga' as a term of endearment],"{'race': 'white', 'political': 'conservative'}",race_political
1362,1,1583,5428237,1,[the sentence is offensive][because][it promotes a racist message and contains a threat],1,[the sentence is offensive][because][it promotes a racist message and contains a threat],"{'race': 'white', 'political': 'conservative'}",both
1363,1,1583,86257299,1,[the sentence is offensive][because][it promotes a racist message and contains a threat],1,[the sentence is offensive][because][it promotes a racist message and contains a threat],"{'race': 'white', 'political': 'conservative'}",both
1364,1,2093,7288661,1,[the sentence is offensive][because][it conveys a stereotypical message suggesting that women are attracted to black men and contains a derogatory term],1,[the sentence is offensive][because][it conveys a stereotypical message suggesting that black men are promiscuous and women are passive],"{'race': 'white', 'political': 'conservative'}",both
1365,1,2093,86257299,1,[the sentence is offensive][because][it conveys a stereotypical message suggesting that women are attracted to black men and contains a derogatory term],1,[the sentence is offensive][because][it conveys a stereotypical message suggesting that black men are promiscuous and women are passive],"{'race': 'white', 'political': 'conservative'}",both
1366,1,1867,83062091,1,[the sentence is offensive][because][it contains a racial slur and conveys a negative stereotype about a person's race],1,[the sentence is offensive][because][it contains a racial slur and conveys a negative stereotype about people of color],"{'race': 'white', 'political': 'neutral'}",both
1367,1,1867,69198055,1,[the sentence is offensive][because][it contains a racial slur and conveys a negative stereotype about a person's race],1,[the sentence is offensive][because][it contains a racial slur and conveys a negative sentiment towards a person of color],"{'race': 'white', 'political': 'conservative'}",both
1368,0,3855,5428237,1,[the sentence is offensive][because][it contains a racial slur and a derogatory term for a woman],1,[the sentence is offensive][because][it contains a racial slur and a threat of violence],"{'race': 'white', 'political': 'conservative'}",neither
1369,0,3855,69198055,1,[the sentence is offensive][because][it contains a racial slur and a derogatory term for a woman],1,[the sentence is offensive][because][it contains a racial slur and a threat of violence],"{'race': 'white', 'political': 'conservative'}",neither
1370,0,3220,5428237,0,[the sentence is not offensive][because][it is a statement about a personal experience and does not contain any hate speech or explicit language],1,[the sentence is offensive][because][it conveys a stereotypical message suggesting that men are not capable of cutting their own chicken and contains a subtle implication of sexism],"{'race': 'white', 'political': 'conservative'}",baseline
1371,0,3220,93788928,0,[the sentence is not offensive][because][it is a statement about a personal experience and does not contain any hate speech or explicit language],1,[the sentence is offensive][because][it conveys a stereotypical message suggesting that men are not capable of cutting their own chicken and contains a subtle implication of sexism],"{'race': 'white', 'political': 'conservative'}",baseline
1372,1,367,83062091,0,[the sentence is not offensive][because][it is a discussion about a song and its lyrics],0,[the sentence is not offensive][because][it is a discussion about a song and its lyrics],"{'race': 'white', 'political': 'neutral'}",neither
1373,1,367,86257299,0,[the sentence is not offensive][because][it is a discussion about a song and its lyrics],0,[the sentence is not offensive][because][it is a discussion about a song and its lyrics],"{'race': 'white', 'political': 'conservative'}",neither
1374,0,3450,38894167,0,[the sentence is not offensive][because][it is a question about hair braiding and the use of strong language is used in a non-threatening way],0,[the sentence is not offensive][because][it is a question about hair braiding and the use of strong language is hyperbolic and not meant to be taken literally],"{'race': 'white', 'political': 'conservative'}",both
1375,0,3450,86257299,0,[the sentence is not offensive][because][it is a question about hair braiding and the use of strong language is used in a non-threatening way],0,[the sentence is not offensive][because][it is a question about hair braiding and the use of strong language is hyperbolic and not meant to be taken literally],"{'race': 'white', 'political': 'conservative'}",both
1376,1,3539,63428654,0,[the sentence is not offensive][because][it is a sports-related comment with a strong opinion],0,[the sentence is not offensive][because][it is a sports-related comment with a strong opinion],"{'race': 'white', 'political': 'neutral'}",neither
1377,0,3539,86257299,0,[the sentence is not offensive][because][it is a sports-related comment with a strong opinion],0,[the sentence is not offensive][because][it is a sports-related comment with a strong opinion],"{'race': 'white', 'political': 'conservative'}",both
1378,1,769,63428654,1,[the sentence is offensive][because][it contains hate speech],1,[the sentence is offensive][because][it contains a derogatory term for a group of people],"{'race': 'white', 'political': 'neutral'}",both
1379,0,769,93788928,1,[the sentence is offensive][because][it contains hate speech],1,[the sentence is offensive][because][it contains a derogatory term for a group of people],"{'race': 'white', 'political': 'conservative'}",neither
1380,0,1760,5428237,1,[the sentence is offensive][because][it contains a racial slur and a colloquialism that is often used in a derogatory manner],1,[the sentence is offensive][because][it contains a racial slur and a derogatory term for women],"{'race': 'white', 'political': 'conservative'}",neither
1381,1,1760,86257299,1,[the sentence is offensive][because][it contains a racial slur and a colloquialism that is often used in a derogatory manner],1,[the sentence is offensive][because][it contains a racial slur and a derogatory term for women],"{'race': 'white', 'political': 'conservative'}",both
1382,1,1672,64847403,0,[the sentence is not offensive][because][it is a personal story about the author's experiences with racism],0,[the sentence is not offensive][because][it is a personal story about the author's family and does not contain hate speech],"{'race': 'white', 'political': 'conservative'}",neither
1383,1,1901,5428237,1,[the sentence is offensive][because][it contains a racial slur and promotes the idea of racial superiority],1,[the sentence is offensive][because][it contains a racial slur and promotes the idea of racial superiority],"{'race': 'white', 'political': 'conservative'}",both
1384,0,2958,93788928,0,[the sentence is not offensive][because][it is a personal expression of sadness and frustration],0,[the sentence is not offensive][because][it is a personal expression of sadness and frustration],"{'race': 'white', 'political': 'conservative'}",both
1385,0,2958,69198055,0,[the sentence is not offensive][because][it is a personal expression of sadness and frustration],0,[the sentence is not offensive][because][it is a personal expression of sadness and frustration],"{'race': 'white', 'political': 'conservative'}",both
1386,1,1400,5428237,1,[the sentence is offensive][because][it contains hate speech and promotes a harmful stereotype about transgender people],1,[the sentence is offensive][because][it contains hate speech and promotes a harmful stereotype about transgender people],"{'race': 'white', 'political': 'conservative'}",both
1387,1,1400,86257299,1,[the sentence is offensive][because][it contains hate speech and promotes a harmful stereotype about transgender people],1,[the sentence is offensive][because][it contains hate speech and promotes a harmful stereotype about transgender people],"{'race': 'white', 'political': 'conservative'}",both
1388,0,2398,7288661,0,[the sentence is not offensive][because][it is a call to action for a social movement],0,[the sentence is not offensive][because][it is a call to action for retweeting a pinned tweet],"{'race': 'white', 'political': 'conservative'}",both
1389,0,2398,86257299,0,[the sentence is not offensive][because][it is a call to action for a social movement],0,[the sentence is not offensive][because][it is a call to action for retweeting a pinned tweet],"{'race': 'white', 'political': 'conservative'}",both
1390,0,2206,93788928,1,[the sentence is offensive][because][it contains a racial slur and explicit language],1,[the sentence is offensive][because][it contains a racial slur and explicit language],"{'race': 'white', 'political': 'conservative'}",neither
1391,1,3527,59678733,1,[the sentence is offensive][because][it contains hate language and derogatory terms],1,[the sentence is offensive][because][it contains hate speech and derogatory language],"{'race': 'white', 'political': 'conservative'}",both
1392,1,3527,69198055,1,[the sentence is offensive][because][it contains hate language and derogatory terms],1,[the sentence is offensive][because][it contains hate speech and derogatory language],"{'race': 'white', 'political': 'conservative'}",both
1393,0,3335,5428237,0,[the sentence is not offensive][because][it is a funny and playful comment on a picture],0,[the sentence is not offensive][because][it is a lighthearted and playful comment],"{'race': 'white', 'political': 'conservative'}",both
1394,0,3335,93788928,0,[the sentence is not offensive][because][it is a funny and playful comment on a picture],0,[the sentence is not offensive][because][it is a lighthearted and playful comment],"{'race': 'white', 'political': 'conservative'}",both
1395,0,3585,86257299,0,[the sentence is not offensive][because][it is a boastful statement about the person's fashion sense and financial success],0,[the sentence is not offensive][because][it is a boastful statement about the person's fashion sense and wealth],"{'race': 'white', 'political': 'conservative'}",both
1396,1,1634,5428237,1,[the sentence is offensive][because][it contains a racist stereotype],1,[the sentence is offensive][because][it contains a racist stereotype],"{'race': 'white', 'political': 'conservative'}",both
1397,1,1634,93788928,1,[the sentence is offensive][because][it contains a racist stereotype],1,[the sentence is offensive][because][it contains a racist stereotype],"{'race': 'white', 'political': 'conservative'}",both
1398,1,2171,83062091,1,[the sentence is offensive][because][it contains hate speech and a racial slur],1,[the sentence is offensive][because][it contains hate speech and a racial slur],"{'race': 'white', 'political': 'neutral'}",both
1399,1,2171,86257299,1,[the sentence is offensive][because][it contains hate speech and a racial slur],1,[the sentence is offensive][because][it contains hate speech and a racial slur],"{'race': 'white', 'political': 'conservative'}",both
1400,0,3528,5428237,0,[the sentence is not offensive][because][it is a compliment to a rapper],0,[the sentence is not offensive][because][it is a compliment to a rapper and does not contain any hate speech or explicit language],"{'race': 'white', 'political': 'conservative'}",both
1401,0,3528,69198055,0,[the sentence is not offensive][because][it is a compliment to a rapper],0,[the sentence is not offensive][because][it is a compliment to a rapper and does not contain any hate speech or explicit language],"{'race': 'white', 'political': 'conservative'}",both
1402,1,688,93788928,1,[the sentence is offensive][because][it contains hate speech and derogatory language towards the lgbtq community],1,[the sentence is offensive][because][it contains hate speech and derogatory language towards the lgbtq community],"{'race': 'white', 'political': 'conservative'}",both
1403,0,3499,93788928,0,[the sentence is not offensive][because][it is a frustrated expression of a personal opinion],0,[the sentence is not offensive][because][it is a colloquial way to express frustration],"{'race': 'white', 'political': 'conservative'}",both
1404,1,1093,5428237,1,[the sentence is offensive][because][it contains a derogatory term for a transgender person],1,[the sentence is offensive][because][it contains a derogatory term for a transgender person],"{'race': 'white', 'political': 'conservative'}",both
1405,0,171,86257299,1,[the sentence is offensive][because][it contains explicit language and a derogatory term towards a specific ethnic group],1,[the sentence is offensive][because][it contains a derogatory term for a jewish person and uses explicit language],"{'race': 'white', 'political': 'conservative'}",neither
1406,1,171,93788928,1,[the sentence is offensive][because][it contains explicit language and a derogatory term towards a specific ethnic group],1,[the sentence is offensive][because][it contains a derogatory term for a jewish person and uses explicit language],"{'race': 'white', 'political': 'conservative'}",both
1407,1,1690,83062091,1,[the sentence is offensive][because][it contains a racial slur and promotes discrimination],1,[the sentence is offensive][because][it contains a racial slur and promotes racial intolerance],"{'race': 'white', 'political': 'neutral'}",both
1408,1,872,86257299,1,[the sentence is offensive][because][it contains a threat of violence against a religious group],1,[the sentence is offensive][because][it contains hate speech and a threat of violence against a religious group],"{'race': 'white', 'political': 'conservative'}",both
1409,0,872,93788928,1,[the sentence is offensive][because][it contains a threat of violence against a religious group],1,[the sentence is offensive][because][it contains hate speech and a threat of violence against a religious group],"{'race': 'white', 'political': 'conservative'}",neither
1410,1,1585,83062091,1,[the sentence is offensive][because][it contains racial slurs and stereotypes],1,[the sentence is offensive][because][it contains racial slurs and stereotypes],"{'race': 'white', 'political': 'neutral'}",both
1411,1,1585,58008422,1,[the sentence is offensive][because][it contains racial slurs and stereotypes],1,[the sentence is offensive][because][it contains racial slurs and stereotypes],"{'race': 'white', 'political': 'conservative'}",both
1412,0,3509,86257299,0,[the sentence is not offensive][because][it is a colloquial way to describe a person who is not emotionally invested in relationships],0,[the sentence is not offensive][because][it is a colloquial way to describe a person who is not emotionally invested in relationships],"{'race': 'white', 'political': 'conservative'}",both
1413,0,3509,93788928,0,[the sentence is not offensive][because][it is a colloquial way to describe a person who is not emotionally invested in relationships],0,[the sentence is not offensive][because][it is a colloquial way to describe a person who is not emotionally invested in relationships],"{'race': 'white', 'political': 'conservative'}",both
1414,1,1822,5428237,1,[the sentence is offensive][because][it contains a racial slur and promotes violence],1,[the sentence is offensive][because][it contains a racial slur and promotes violence against a particular racial group],"{'race': 'white', 'political': 'conservative'}",both
1415,1,1822,86257299,1,[the sentence is offensive][because][it contains a racial slur and promotes violence],1,[the sentence is offensive][because][it contains a racial slur and promotes violence against a particular racial group],"{'race': 'white', 'political': 'conservative'}",both
1416,0,797,86257299,0,[the sentence is not offensive][because][it is a nonsensical sentence with a playful tone],0,[the sentence is not offensive][because][it is a nonsensical sentence with no clear meaning or intent to offend],"{'race': 'white', 'political': 'conservative'}",both
1417,0,797,93788928,0,[the sentence is not offensive][because][it is a nonsensical sentence with a playful tone],0,[the sentence is not offensive][because][it is a nonsensical sentence with no clear meaning or intent to offend],"{'race': 'white', 'political': 'conservative'}",both
1418,1,1375,63428654,1,[the sentence is offensive][because][it contains multiple instances of derogatory language and insults],1,[the sentence is offensive][because][it contains derogatory language and insults towards a person's appearance],"{'race': 'white', 'political': 'neutral'}",both
1419,1,1375,86257299,1,[the sentence is offensive][because][it contains multiple instances of derogatory language and insults],1,[the sentence is offensive][because][it contains derogatory language and insults towards a person's appearance],"{'race': 'white', 'political': 'conservative'}",both
1420,0,3204,5428237,1,[the sentence is offensive][because][it contains a racial slur and a derogatory term for women],1,[the sentence is offensive][because][it conveys a stereotypical message suggesting that women are possessions of men and contains colloquial language],"{'race': 'white', 'political': 'conservative'}",neither
1421,0,3204,86257299,1,[the sentence is offensive][because][it contains a racial slur and a derogatory term for women],1,[the sentence is offensive][because][it conveys a stereotypical message suggesting that women are possessions of men and contains colloquial language],"{'race': 'white', 'political': 'conservative'}",neither
1422,0,3543,5428237,0,[the sentence is not offensive][because][it is a quote from a song and the word 'nigga' is used in a non-offensive context],0,[the sentence is not offensive][because][it is a quote from a song and the word 'nigga' is used in a non-offensive context],"{'race': 'white', 'political': 'conservative'}",both
1423,0,3543,86257299,0,[the sentence is not offensive][because][it is a quote from a song and the word 'nigga' is used in a non-offensive context],0,[the sentence is not offensive][because][it is a quote from a song and the word 'nigga' is used in a non-offensive context],"{'race': 'white', 'political': 'conservative'}",both
1424,1,1501,5428237,0,[the sentence is not offensive][because][it is a statement of fact and a comparison of historical views],0,[the sentence is not offensive][because][it is a statement of fact and a comparison of historical views],"{'race': 'white', 'political': 'conservative'}",neither
1425,0,1501,86257299,0,[the sentence is not offensive][because][it is a statement of fact and a comparison of historical views],0,[the sentence is not offensive][because][it is a statement of fact and a comparison of historical views],"{'race': 'white', 'political': 'conservative'}",both
1426,1,2141,83062091,1,[the sentence is offensive][because][it contains a racial slur and a derogatory term],1,[the sentence is offensive][because][it contains a racial slur and a derogatory term],"{'race': 'white', 'political': 'neutral'}",both
1427,1,2141,86257299,1,[the sentence is offensive][because][it contains a racial slur and a derogatory term],1,[the sentence is offensive][because][it contains a racial slur and a derogatory term],"{'race': 'white', 'political': 'conservative'}",both
1428,1,3511,93788928,1,[the sentence is offensive][because][it conveys a stereotypical message suggesting that biracial people are preferred over black people and contains a racial slur],1,[the sentence is offensive][because][it conveys a stereotypical message suggesting that biracial people are preferred over black people and contains derogatory language towards black people],"{'race': 'white', 'political': 'conservative'}",both
1429,1,711,5428237,1,[the sentence is offensive][because][it contains explicit language and derogatory terms],1,[the sentence is offensive][because][it contains explicit language and derogatory terms],"{'race': 'white', 'political': 'conservative'}",both
1430,1,711,86257299,1,[the sentence is offensive][because][it contains explicit language and derogatory terms],1,[the sentence is offensive][because][it contains explicit language and derogatory terms],"{'race': 'white', 'political': 'conservative'}",both
1431,0,2315,5428237,1,[the sentence is offensive][because][it contains a derogatory term for people who did not vote for a particular outcome],1,[the sentence is offensive][because][it contains a derogatory term for people who did not vote for a particular outcome],"{'race': 'white', 'political': 'conservative'}",neither
1432,0,139,15918959,0,[the sentence is not offensive][because][it is a neutral statement about a thread],0,[the sentence is not offensive][because][it is a neutral statement about a thread],"{'race': 'white', 'political': 'conservative'}",both
1433,0,139,9175691,0,[the sentence is not offensive][because][it is a neutral statement about a thread],0,[the sentence is not offensive][because][it is a neutral statement about a thread],"{'race': 'white', 'political': 'conservative'}",both
1434,1,211,14105244,1,[the sentence is offensive][because][it contains a racial slur and promotes a racist ideology],1,[the sentence is offensive][because][it contains a racial slur and promotes a racist ideology],"{'race': 'white', 'political': 'conservative'}",both
1435,0,580,14105244,0,[the sentence is not offensive][because][it is a comment about a channel name and contains a mild expletive],0,[the sentence is not offensive][because][it is a colloquial way to express enthusiasm for a channel],"{'race': 'white', 'political': 'conservative'}",both
1436,0,3681,14105244,0,"[the sentence is not offensive][because][it is a strong opinion about a celebrity, but it does not contain hate speech or explicit language]",0,[the sentence is not offensive][because][it is a subjective opinion about a celebrity and the use of the word'salty' is a colloquialism],"{'race': 'white', 'political': 'conservative'}",both
1437,1,1686,15918959,1,[the sentence is offensive][because][it conveys a stereotypical message suggesting that white people are inherently smarter and more educated than black people],1,[the sentence is offensive][because][it conveys a stereotypical message suggesting that white people are inherently smarter and more educated than black people],"{'race': 'white', 'political': 'conservative'}",both
1438,1,1686,14105244,1,[the sentence is offensive][because][it conveys a stereotypical message suggesting that white people are inherently smarter and more educated than black people],1,[the sentence is offensive][because][it conveys a stereotypical message suggesting that white people are inherently smarter and more educated than black people],"{'race': 'white', 'political': 'conservative'}",both
1439,1,4151,35508468,1,[the sentence is offensive][because][it contains derogatory language and a stereotype about women],1,[the sentence is offensive][because][it contains derogatory language and a stereotype about women],"{'race': 'white', 'political': 'conservative'}",both
1440,1,4151,14105244,1,[the sentence is offensive][because][it contains derogatory language and a stereotype about women],1,[the sentence is offensive][because][it contains derogatory language and a stereotype about women],"{'race': 'white', 'political': 'conservative'}",both
1441,0,437,45678981,0,[the sentence is not offensive][because][it promotes a message of equality and acceptance],0,[the sentence is not offensive][because][it promotes a message of equality and acceptance],"{'race': 'white', 'political': 'conservative'}",both
1442,0,437,14105244,0,[the sentence is not offensive][because][it promotes a message of equality and acceptance],0,[the sentence is not offensive][because][it promotes a message of equality and acceptance],"{'race': 'white', 'political': 'conservative'}",both
1443,0,3229,35508468,0,[the sentence is not offensive][because][it is a passionate statement about the wwe and its fans],0,[the sentence is not offensive][because][it is a passionate statement about wwe and its fans],"{'race': 'white', 'political': 'conservative'}",both
1444,0,3229,14105244,0,[the sentence is not offensive][because][it is a passionate statement about the wwe and its fans],0,[the sentence is not offensive][because][it is a passionate statement about wwe and its fans],"{'race': 'white', 'political': 'conservative'}",both
1445,1,3469,15918959,1,[the sentence is offensive][because][it contains a derogatory term for women],1,[the sentence is offensive][because][it contains a derogatory term for women],"{'race': 'white', 'political': 'conservative'}",both
1446,0,3469,35508468,1,[the sentence is offensive][because][it contains a derogatory term for women],1,[the sentence is offensive][because][it contains a derogatory term for women],"{'race': 'white', 'political': 'conservative'}",neither
1447,1,1984,14105244,1,[the sentence is offensive][because][it contains hate speech and stereotypes about a racial group],1,[the sentence is offensive][because][it contains hate speech and stereotypes about black people],"{'race': 'white', 'political': 'conservative'}",both
1448,1,196,15918959,1,[the sentence is offensive][because][it contains anti-semitic language and stereotypes],1,[the sentence is offensive][because][it contains anti-semitic language and stereotypes],"{'race': 'white', 'political': 'conservative'}",both
1449,0,196,35508468,1,[the sentence is offensive][because][it contains anti-semitic language and stereotypes],1,[the sentence is offensive][because][it contains anti-semitic language and stereotypes],"{'race': 'white', 'political': 'conservative'}",neither
1450,1,1869,45678981,1,[the sentence is offensive][because][it promotes the use of a racial slur and contains derogatory language],1,[the sentence is offensive][because][it promotes the use of a racial slur and contains derogatory language],"{'race': 'white', 'political': 'conservative'}",both
1451,0,1869,14105244,1,[the sentence is offensive][because][it promotes the use of a racial slur and contains derogatory language],1,[the sentence is offensive][because][it promotes the use of a racial slur and contains derogatory language],"{'race': 'white', 'political': 'conservative'}",neither
1452,1,670,15918959,1,[the sentence is offensive][because][it contains hate language and a derogatory term for a woman],1,[the sentence is offensive][because][it contains hate language and a derogatory term for a woman],"{'race': 'white', 'political': 'conservative'}",both
1453,0,2896,15918959,0,[the sentence is not offensive][because][it is a positive and enthusiastic message],0,[the sentence is not offensive][because][it is a personal expression of gratitude and excitement],"{'race': 'white', 'political': 'conservative'}",both
1454,0,2896,14105244,0,[the sentence is not offensive][because][it is a positive and enthusiastic message],0,[the sentence is not offensive][because][it is a personal expression of gratitude and excitement],"{'race': 'white', 'political': 'conservative'}",both
1455,1,1599,15918959,1,[the sentence is offensive][because][it perpetuates a negative stereotype about black people],1,[the sentence is offensive][because][it perpetuates a negative stereotype about black people and uses a racial slur],"{'race': 'white', 'political': 'conservative'}",both
1456,0,1599,42458224,1,[the sentence is offensive][because][it perpetuates a negative stereotype about black people],1,[the sentence is offensive][because][it perpetuates a negative stereotype about black people and uses a racial slur],"{'race': 'white', 'political': 'conservative'}",neither
1457,0,3462,15918959,1,[the sentence is offensive][because][it contains derogatory language towards women],1,[the sentence is offensive][because][it contains derogatory language towards women],"{'race': 'white', 'political': 'conservative'}",neither
1458,0,3462,35508468,1,[the sentence is offensive][because][it contains derogatory language towards women],1,[the sentence is offensive][because][it contains derogatory language towards women],"{'race': 'white', 'political': 'conservative'}",neither
1459,0,3209,15918959,0,[the sentence is not offensive][because][it is a quote from a religious figure and does not contain any hate speech or explicit language],0,[the sentence is not offensive][because][it is a quote from a religious figure and does not contain any hate speech or explicit language],"{'race': 'white', 'political': 'conservative'}",both
1460,0,3209,14105244,0,[the sentence is not offensive][because][it is a quote from a religious figure and does not contain any hate speech or explicit language],0,[the sentence is not offensive][because][it is a quote from a religious figure and does not contain any hate speech or explicit language],"{'race': 'white', 'political': 'conservative'}",both
1461,0,3813,14105244,0,[the sentence is not offensive][because][it is a colloquial way to express a reaction to a situation],0,[the sentence is not offensive][because][it is a colloquial way to express a reaction to a situation],"{'race': 'white', 'political': 'conservative'}",both
1462,0,3328,35508468,0,[the sentence is not offensive][because][it is a colloquial way to comment on the weather],0,[the sentence is not offensive][because][it is a colloquial way to comment on the weather],"{'race': 'white', 'political': 'conservative'}",both
1463,0,3328,14105244,0,[the sentence is not offensive][because][it is a colloquial way to comment on the weather],0,[the sentence is not offensive][because][it is a colloquial way to comment on the weather],"{'race': 'white', 'political': 'conservative'}",both
1464,0,2694,45678981,0,[the sentence is not offensive][because][it is a grammatically incorrect sentence with unclear meaning],0,[the sentence is not offensive][because][it is a grammatically incorrect sentence with unclear meaning],"{'race': 'white', 'political': 'conservative'}",both
1465,0,2694,42458224,0,[the sentence is not offensive][because][it is a grammatically incorrect sentence with unclear meaning],0,[the sentence is not offensive][because][it is a grammatically incorrect sentence with unclear meaning],"{'race': 'white', 'political': 'conservative'}",both
1466,1,1754,35508468,1,[the sentence is offensive][because][it contains a racial slur and makes a negative comparison between the two groups],1,[the sentence is offensive][because][it contains a racial slur and makes a negative comparison between the two groups],"{'race': 'white', 'political': 'conservative'}",both
1467,0,3391,14105244,0,[the sentence is not offensive][because][it is a question about the future of international students and their job prospects in the us after new h1 guidelines],0,[the sentence is not offensive][because][it is a neutral question about the future of international students],"{'race': 'white', 'political': 'conservative'}",both
1468,0,3342,15918959,0,[the sentence is not offensive][because][it is a personal statement about the speaker's sexual orientation and does not contain any explicit language or hate speech],0,[the sentence is not offensive][because][it is a personal statement about the speaker's sexual orientation and does not contain any explicit language or hate speech],"{'race': 'white', 'political': 'conservative'}",both
1469,0,3342,14105244,0,[the sentence is not offensive][because][it is a personal statement about the speaker's sexual orientation and does not contain any explicit language or hate speech],0,[the sentence is not offensive][because][it is a personal statement about the speaker's sexual orientation and does not contain any explicit language or hate speech],"{'race': 'white', 'political': 'conservative'}",both
1470,1,1144,14105244,0,[the sentence is not offensive][because][it is a quote from a movie and the language is used in a non-offensive way],0,[the sentence is not offensive][because][it is a quote from a movie and the language is used in a non-offensive context],"{'race': 'white', 'political': 'conservative'}",neither
1471,1,1144,42458224,0,[the sentence is not offensive][because][it is a quote from a movie and the language is used in a non-offensive way],0,[the sentence is not offensive][because][it is a quote from a movie and the language is used in a non-offensive context],"{'race': 'white', 'political': 'conservative'}",neither
1472,0,3234,45678981,0,[the sentence is not offensive][because][it is a colloquial way to express annoyance at someone who is not making an effort to communicate],0,[the sentence is not offensive][because][it is a colloquial way to express annoyance at someone who is not making an effort to communicate],"{'race': 'white', 'political': 'conservative'}",both
1473,0,3234,15918959,0,[the sentence is not offensive][because][it is a colloquial way to express annoyance at someone who is not making an effort to communicate],0,[the sentence is not offensive][because][it is a colloquial way to express annoyance at someone who is not making an effort to communicate],"{'race': 'white', 'political': 'conservative'}",both
1474,1,1863,15918959,1,[the sentence is offensive][because][it contains a racial slur and promotes violence against a racial group],1,[the sentence is offensive][because][it contains a racial slur and promotes violence against a racial group],"{'race': 'white', 'political': 'conservative'}",both
1475,1,1863,35508468,1,[the sentence is offensive][because][it contains a racial slur and promotes violence against a racial group],1,[the sentence is offensive][because][it contains a racial slur and promotes violence against a racial group],"{'race': 'white', 'political': 'conservative'}",both
1476,1,1355,15918959,1,"[the sentence is offensive][because][it contains hate speech, explicit language, and derogatory terms for a gender identity]",1,"[the sentence is offensive][because][it contains hate speech, explicit language, and derogatory terms for sexual orientation and gender identity]","{'race': 'white', 'political': 'conservative'}",both
1477,1,1355,14105244,1,"[the sentence is offensive][because][it contains hate speech, explicit language, and derogatory terms for a gender identity]",1,"[the sentence is offensive][because][it contains hate speech, explicit language, and derogatory terms for sexual orientation and gender identity]","{'race': 'white', 'political': 'conservative'}",both
1478,1,3378,15918959,0,[the sentence is not offensive][because][it is a casual conversation about music and personal life],0,[the sentence is not offensive][because][it is a casual conversation about music and personal life],"{'race': 'white', 'political': 'conservative'}",neither
1479,0,3378,35508468,0,[the sentence is not offensive][because][it is a casual conversation about music and personal life],0,[the sentence is not offensive][because][it is a casual conversation about music and personal life],"{'race': 'white', 'political': 'conservative'}",both
1480,0,1531,15918959,1,[the sentence is offensive][because][it conveys a stereotypical message suggesting that black people are inherently inferior and less intelligent],1,[the sentence is offensive][because][it conveys a stereotypical message suggesting that black people are inherently inferior and less intelligent],"{'race': 'white', 'political': 'conservative'}",neither
1481,0,1531,14105244,1,[the sentence is offensive][because][it conveys a stereotypical message suggesting that black people are inherently inferior and less intelligent],1,[the sentence is offensive][because][it conveys a stereotypical message suggesting that black people are inherently inferior and less intelligent],"{'race': 'white', 'political': 'conservative'}",neither
1482,1,1702,45678981,1,[the sentence is offensive][because][it contains a racial stereotype and a derogatory tone],1,[the sentence is offensive][because][it contains a racial stereotype and a derogatory tone],"{'race': 'white', 'political': 'conservative'}",both
1483,1,1702,15918959,1,[the sentence is offensive][because][it contains a racial stereotype and a derogatory tone],1,[the sentence is offensive][because][it contains a racial stereotype and a derogatory tone],"{'race': 'white', 'political': 'conservative'}",both
1484,1,3444,15918959,0,[the sentence is not offensive][because][it is a colloquial way to describe a person's behavior],0,[the sentence is not offensive][because][it is a colloquial way to describe a person's behavior],"{'race': 'white', 'political': 'conservative'}",neither
1485,1,1911,35508468,1,[the sentence is offensive][because][it contains a racial slur and promotes hate speech],1,[the sentence is offensive][because][it contains a racial slur and promotes hate speech],"{'race': 'white', 'political': 'conservative'}",both
1486,1,1911,14105244,1,[the sentence is offensive][because][it contains a racial slur and promotes hate speech],1,[the sentence is offensive][because][it contains a racial slur and promotes hate speech],"{'race': 'white', 'political': 'conservative'}",both
1487,0,445,35508468,0,[the sentence is not offensive][because][it is a colloquial way to express frustration],0,[the sentence is not offensive][because][it is a colloquial way to express frustration],"{'race': 'white', 'political': 'conservative'}",both
1488,0,445,42458224,0,[the sentence is not offensive][because][it is a colloquial way to express frustration],0,[the sentence is not offensive][because][it is a colloquial way to express frustration],"{'race': 'white', 'political': 'conservative'}",both
1489,0,1832,15918959,1,[the sentence is offensive][because][it contains a racial stereotype and a derogatory depiction of a black person],1,[the sentence is offensive][because][it contains a racial stereotype and a derogatory depiction of a black person],"{'race': 'white', 'political': 'conservative'}",neither
1490,1,1832,35508468,1,[the sentence is offensive][because][it contains a racial stereotype and a derogatory depiction of a black person],1,[the sentence is offensive][because][it contains a racial stereotype and a derogatory depiction of a black person],"{'race': 'white', 'political': 'conservative'}",both
1491,0,2279,35508468,0,[the sentence is not offensive][because][it is a neutral comment about a news anchor],0,[the sentence is not offensive][because][it is a political opinion],"{'race': 'white', 'political': 'conservative'}",both
1492,0,3218,15918959,0,[the sentence is not offensive][because][it is a philosophical statement with a colloquial tone],0,[the sentence is not offensive][because][it is a philosophical statement with a colloquial tone],"{'race': 'white', 'political': 'conservative'}",both
1493,0,3218,14105244,0,[the sentence is not offensive][because][it is a philosophical statement with a colloquial tone],0,[the sentence is not offensive][because][it is a philosophical statement with a colloquial tone],"{'race': 'white', 'political': 'conservative'}",both
1494,1,982,15918959,1,[the sentence is offensive][because][it contains a derogatory term for a muslim and a pejorative term for a person who betrays their country],1,[the sentence is offensive][because][it uses a derogatory term for a muslim and implies that the colleague is a traitor],"{'race': 'white', 'political': 'conservative'}",both
1495,1,982,14105244,1,[the sentence is offensive][because][it contains a derogatory term for a muslim and a pejorative term for a person who betrays their country],1,[the sentence is offensive][because][it uses a derogatory term for a muslim and implies that the colleague is a traitor],"{'race': 'white', 'political': 'conservative'}",both
1496,0,3301,15918959,0,[the sentence is not offensive][because][it is a casual conversation about a social media user and their content],0,[the sentence is not offensive][because][it is a casual conversation about a social media user and their content],"{'race': 'white', 'political': 'conservative'}",both
1497,0,3301,14105244,0,[the sentence is not offensive][because][it is a casual conversation about a social media user and their content],0,[the sentence is not offensive][because][it is a casual conversation about a social media user and their content],"{'race': 'white', 'political': 'conservative'}",both
1498,0,3544,35508468,0,[the sentence is not offensive][because][it is a story about a personal experience and does not contain any hate speech or explicit language],0,[the sentence is not offensive][because][it is a personal anecdote about a childhood experience],"{'race': 'white', 'political': 'conservative'}",both
1499,1,772,7288661,1,[the sentence is offensive][because][it conveys a xenophobic message],1,[the sentence is offensive][because][it conveys a xenophobic message],"{'race': 'white', 'political': 'conservative'}",both
1500,1,772,45678981,1,[the sentence is offensive][because][it conveys a xenophobic message],1,[the sentence is offensive][because][it conveys a xenophobic message],"{'race': 'white', 'political': 'conservative'}",both
1501,0,2338,15918959,0,[the sentence is not offensive][because][it is a harmless statement about the weather and the author's preferences],0,[the sentence is not offensive][because][it is a harmless statement about the weather and the author's personal preference],"{'race': 'white', 'political': 'conservative'}",both
1502,0,2338,14105244,0,[the sentence is not offensive][because][it is a harmless statement about the weather and the author's preferences],0,[the sentence is not offensive][because][it is a harmless statement about the weather and the author's personal preference],"{'race': 'white', 'political': 'conservative'}",both
1503,1,1586,45678981,1,[the sentence is offensive][because][it downplays the severity of the situation and uses a derogatory term to describe a person who died as a result of police brutality],1,[the sentence is offensive][because][it downplays the severity of the situation and uses a derogatory term to describe the victim],"{'race': 'white', 'political': 'conservative'}",both
1504,1,1586,14105244,1,[the sentence is offensive][because][it downplays the severity of the situation and uses a derogatory term to describe a person who died as a result of police brutality],1,[the sentence is offensive][because][it downplays the severity of the situation and uses a derogatory term to describe the victim],"{'race': 'white', 'political': 'conservative'}",both
1505,1,1853,15918959,1,[the sentence is offensive][because][it contains a racial slur],1,[the sentence is offensive][because][it contains a racial slur],"{'race': 'white', 'political': 'conservative'}",both
1506,1,1853,42458224,1,[the sentence is offensive][because][it contains a racial slur],1,[the sentence is offensive][because][it contains a racial slur],"{'race': 'white', 'political': 'conservative'}",both
1507,1,31,15918959,0,[the sentence is not offensive][because][it is a statement of opinion and does not contain any hate speech or explicit language],0,[the sentence is not offensive][because][it is a political statement that uses irony to criticize hypocrisy],"{'race': 'white', 'political': 'conservative'}",neither
1508,0,31,35508468,0,[the sentence is not offensive][because][it is a statement of opinion and does not contain any hate speech or explicit language],0,[the sentence is not offensive][because][it is a political statement that uses irony to criticize hypocrisy],"{'race': 'white', 'political': 'conservative'}",both
1509,0,3914,35508468,1,[the sentence is offensive][because][it contains a derogatory term for women],1,[the sentence is offensive][because][it contains a derogatory term for women],"{'race': 'white', 'political': 'conservative'}",neither
1510,0,3914,14105244,1,[the sentence is offensive][because][it contains a derogatory term for women],1,[the sentence is offensive][because][it contains a derogatory term for women],"{'race': 'white', 'political': 'conservative'}",neither
1511,0,823,14105244,0,[the sentence is not offensive][because][it is a neutral statement about a political topic],0,[the sentence is not offensive][because][it is a neutral statement about immigration],"{'race': 'white', 'political': 'conservative'}",both
1512,0,3677,35508468,1,[the sentence is offensive][because][it contains hate speech and uses derogatory language],1,[the sentence is offensive][because][it contains hate speech and derogatory language],"{'race': 'white', 'political': 'conservative'}",neither
1513,0,3677,14105244,1,[the sentence is offensive][because][it contains hate speech and uses derogatory language],1,[the sentence is offensive][because][it contains hate speech and derogatory language],"{'race': 'white', 'political': 'conservative'}",neither
1514,1,1687,35508468,1,[the sentence is offensive][because][it contains a racial slur and promotes racial discrimination],1,[the sentence is offensive][because][it contains a racial slur and promotes racial stereotypes and discrimination],"{'race': 'white', 'political': 'conservative'}",both
1515,1,1687,14105244,1,[the sentence is offensive][because][it contains a racial slur and promotes racial discrimination],1,[the sentence is offensive][because][it contains a racial slur and promotes racial stereotypes and discrimination],"{'race': 'white', 'political': 'conservative'}",both
1516,0,301,35508468,0,[the sentence is not offensive][because][it is a statement of fact and a personal opinion],0,[the sentence is not offensive][because][it is a statement of fact and does not contain hate speech],"{'race': 'white', 'political': 'conservative'}",both
1517,0,301,14105244,0,[the sentence is not offensive][because][it is a statement of fact and a personal opinion],0,[the sentence is not offensive][because][it is a statement of fact and does not contain hate speech],"{'race': 'white', 'political': 'conservative'}",both
1518,1,1714,15918959,0,[the sentence is not offensive][because][it is a statement about a hypothetical situation and does not contain any hate speech or explicit language],0,[the sentence is not offensive][because][it is a neutral statement about a hypothetical situation],"{'race': 'white', 'political': 'conservative'}",neither
1519,1,1714,42458224,0,[the sentence is not offensive][because][it is a statement about a hypothetical situation and does not contain any hate speech or explicit language],0,[the sentence is not offensive][because][it is a neutral statement about a hypothetical situation],"{'race': 'white', 'political': 'conservative'}",neither
1520,1,3491,15918959,1,[the sentence is offensive][because][it contains derogatory language towards women and uses a racial slur],0,[the sentence is not offensive][because][it is a statement of disagreement with a particular group and contains colloquial language],"{'race': 'white', 'political': 'conservative'}",baseline
1521,1,2188,14105244,1,[the sentence is offensive][because][it contains a racial slur and a threat],1,[the sentence is offensive][because][it contains a racial slur and a threat],"{'race': 'white', 'political': 'conservative'}",both
1522,1,2188,9175691,1,[the sentence is offensive][because][it contains a racial slur and a threat],1,[the sentence is offensive][because][it contains a racial slur and a threat],"{'race': 'white', 'political': 'conservative'}",both
1523,0,1098,35508468,1,[the sentence is offensive][because][it contains derogatory language and a threat],1,[the sentence is offensive][because][it contains derogatory language and a threat],"{'race': 'white', 'political': 'conservative'}",neither
1524,0,1098,14105244,1,[the sentence is offensive][because][it contains derogatory language and a threat],1,[the sentence is offensive][because][it contains derogatory language and a threat],"{'race': 'white', 'political': 'conservative'}",neither
1525,1,3279,45678981,1,[the sentence is offensive][because][it contains a racial slur and a derogatory statement about a woman's reproductive abilities],1,[the sentence is offensive][because][it contains a racial slur and a stereotype about a racial group],"{'race': 'white', 'political': 'conservative'}",both
1526,1,3279,35508468,1,[the sentence is offensive][because][it contains a racial slur and a derogatory stereotype about a particular ethnic group],1,[the sentence is offensive][because][it contains a racial slur and a stereotype about a racial group],"{'race': 'white', 'political': 'conservative'}",both
1527,1,3535,14105244,1,[the sentence is offensive][because][it contains derogatory language towards the lgbtq+ community and makes a personal attack],1,[the sentence is offensive][because][it contains derogatory language towards the lgbtq+ community and uses a derogatory term for a gay man],"{'race': 'white', 'political': 'conservative'}",both
1528,1,1476,15918959,1,"[the sentence is offensive][because][it contains hate speech and stereotypes against afro, spic, and jew communities]",1,"[the sentence is offensive][because][it contains hate speech and stereotypes against afro, spic, and jew communities]","{'race': 'white', 'political': 'conservative'}",both
1529,1,4088,45678981,1,[the sentence is offensive][because][it contains hate language and promotes the use of a racial slur],1,[the sentence is offensive][because][it contains hate language and promotes the use of a racial slur],"{'race': 'white', 'political': 'conservative'}",both
1530,1,4088,35508468,1,[the sentence is offensive][because][it contains hate language and promotes the use of a racial slur],1,[the sentence is offensive][because][it contains hate language and promotes the use of a racial slur],"{'race': 'white', 'political': 'conservative'}",both
1531,1,3873,15918959,1,[the sentence is offensive][because][it contains a racial slur and promotes hate],0,[the sentence is not offensive][because][it is a phrase used to express frustration and does not contain hate speech],"{'race': 'white', 'political': 'conservative'}",baseline
1532,1,1588,15918959,0,[the sentence is not offensive][because][it is a neutral question about the impact of the civil rights movement],0,"[the sentence is not offensive][because][it is a neutral question about the impact of the civil rights movement, but it contains a subtle implication of racism being a problem only for some people]","{'race': 'white', 'political': 'conservative'}",neither
1533,1,1588,42458224,0,[the sentence is not offensive][because][it is a neutral question about the impact of the civil rights movement],0,"[the sentence is not offensive][because][it is a neutral question about the impact of the civil rights movement, but it contains a subtle implication of racism being a problem only for some people]","{'race': 'white', 'political': 'conservative'}",neither
1534,1,3963,14105244,0,[the sentence is not offensive][because][it is a personal anecdote and does not contain hate speech],0,[the sentence is not offensive][because][it is a personal anecdote and does not contain hate speech],"{'race': 'white', 'political': 'conservative'}",neither
1535,1,3963,42458224,0,[the sentence is not offensive][because][it is a personal anecdote and does not contain hate speech],0,[the sentence is not offensive][because][it is a personal anecdote and does not contain hate speech],"{'race': 'white', 'political': 'conservative'}",neither
1536,0,2829,35508468,0,"[the sentence is not offensive][because][it is a political statement with a strong opinion, but it does not contain hate speech or explicit language]",0,"[the sentence is not offensive][because][it is a political statement with a strong opinion, but it does not contain hate speech or explicit language]","{'race': 'white', 'political': 'conservative'}",both
1537,0,2829,14105244,0,"[the sentence is not offensive][because][it is a political statement with a strong opinion, but it does not contain hate speech or explicit language]",0,"[the sentence is not offensive][because][it is a political statement with a strong opinion, but it does not contain hate speech or explicit language]","{'race': 'white', 'political': 'conservative'}",both
1538,0,3313,7288661,0,"[the sentence is not offensive][because][it is a casual, self-deprecating comment about one's hairstyle]",0,"[the sentence is not offensive][because][it is a casual, self-deprecating comment about one's hairstyle]","{'race': 'white', 'political': 'conservative'}",both
1539,0,3313,14105244,0,"[the sentence is not offensive][because][it is a casual, self-deprecating comment about one's hairstyle]",0,"[the sentence is not offensive][because][it is a casual, self-deprecating comment about one's hairstyle]","{'race': 'white', 'political': 'conservative'}",both
1540,1,1811,15918959,1,[the sentence is offensive][because][it contains hate speech and uses derogatory language to describe a group of people],1,[the sentence is offensive][because][it contains hate speech and uses derogatory language towards people with disabilities and jewish people],"{'race': 'white', 'political': 'conservative'}",both
1541,1,1811,14105244,1,[the sentence is offensive][because][it contains hate speech and uses derogatory language to describe a group of people],1,[the sentence is offensive][because][it contains hate speech and uses derogatory language towards people with disabilities and jewish people],"{'race': 'white', 'political': 'conservative'}",both
1542,1,2126,15918959,1,[the sentence is offensive][because][it contains a racial slur and a derogatory term],1,[the sentence is offensive][because][it contains a racial slur and a derogatory term],"{'race': 'white', 'political': 'conservative'}",both
1543,1,1809,35508468,1,[the sentence is offensive][because][it contains hate speech and derogatory language],1,[the sentence is offensive][because][it contains hate speech and racial slurs],"{'race': 'white', 'political': 'conservative'}",both
1544,1,1809,14105244,1,[the sentence is offensive][because][it contains hate speech and derogatory language],1,[the sentence is offensive][because][it contains hate speech and racial slurs],"{'race': 'white', 'political': 'conservative'}",both
1545,0,3212,35508468,0,[the sentence is not offensive][because][it is a comment about a reality tv show and does not contain any hate speech or explicit language],0,[the sentence is not offensive][because][it is a comment about a reality tv show and does not contain any hate speech or explicit language],"{'race': 'white', 'political': 'conservative'}",both
1546,0,3212,14105244,0,[the sentence is not offensive][because][it is a comment about a reality tv show and does not contain any hate speech or explicit language],0,[the sentence is not offensive][because][it is a comment about a reality tv show and does not contain any hate speech or explicit language],"{'race': 'white', 'political': 'conservative'}",both
1547,1,1597,14105244,0,[the sentence is not offensive][because][it is a political statement that expresses skepticism about the democratic process],1,[the sentence is offensive][because][it contains a racial slur and implies that black people are angry and violent],"{'race': 'white', 'political': 'conservative'}",race_political
1548,1,770,35508468,1,[the sentence is offensive][because][it is a derogatory term for a group of people],1,[the sentence is offensive][because][it is a derogatory term for a romani person],"{'race': 'white', 'political': 'conservative'}",both
1549,0,3307,35508468,1,[the sentence is offensive][because][it contains hate language and a threat],0,[the sentence is not offensive][because][it is a colloquial way to express frustration and anger],"{'race': 'white', 'political': 'conservative'}",race_political
1550,0,3307,14105244,1,[the sentence is offensive][because][it contains hate language and a threat],0,[the sentence is not offensive][because][it is a colloquial way to express frustration and anger],"{'race': 'white', 'political': 'conservative'}",race_political
1551,0,3538,35508468,0,[the sentence is not offensive][because][it is a personal preference expressed in a non-threatening way],0,[the sentence is not offensive][because][it is a personal preference expressed in a non-threatening manner],"{'race': 'white', 'political': 'conservative'}",both
1552,0,3538,14105244,0,[the sentence is not offensive][because][it is a personal preference expressed in a non-threatening way],0,[the sentence is not offensive][because][it is a personal preference expressed in a non-threatening manner],"{'race': 'white', 'political': 'conservative'}",both
1553,0,3493,35508468,0,[the sentence is not offensive][because][it is a boastful statement but does not contain hate speech or explicit language],0,[the sentence is not offensive][because][it is a boastful statement with a competitive tone],"{'race': 'white', 'political': 'conservative'}",both
1554,0,3493,14105244,0,[the sentence is not offensive][because][it is a boastful statement but does not contain hate speech or explicit language],0,[the sentence is not offensive][because][it is a boastful statement with a competitive tone],"{'race': 'white', 'political': 'conservative'}",both
1555,1,3751,9175691,1,[the sentence is offensive][because][it trivializes rape and contains a question that implies that rape is a sexual experience],1,[the sentence is offensive][because][it trivializes rape and contains a question that implies the victim is responsible for their own pleasure],"{'race': 'white', 'political': 'conservative'}",both
1556,1,3441,15918959,0,[the sentence is not offensive][because][it is a playful and flirtatious message],0,[the sentence is not offensive][because][it is a playful and flirtatious message],"{'race': 'white', 'political': 'conservative'}",neither
1557,0,3441,35508468,0,[the sentence is not offensive][because][it is a playful and flirtatious message],0,[the sentence is not offensive][because][it is a playful and flirtatious message],"{'race': 'white', 'political': 'conservative'}",both
1558,1,690,35508468,1,[the sentence is offensive][because][it contains hate speech and derogatory language towards racial and sexual minorities],1,[the sentence is offensive][because][it contains hate speech and derogatory language towards racial and sexual minorities],"{'race': 'white', 'political': 'conservative'}",both
1559,0,690,14105244,1,[the sentence is offensive][because][it contains hate speech and derogatory language towards racial and sexual minorities],1,[the sentence is offensive][because][it contains hate speech and derogatory language towards racial and sexual minorities],"{'race': 'white', 'political': 'conservative'}",neither
1560,1,924,15918959,1,[the sentence is offensive][because][it conveys a stereotypical message suggesting that women use their bodies to trap men into having babies],1,[the sentence is offensive][because][it conveys a stereotypical message suggesting that women use their bodies to trap men into having babies],"{'race': 'white', 'political': 'conservative'}",both
1561,0,924,14105244,1,[the sentence is offensive][because][it conveys a stereotypical message suggesting that women use their bodies to trap men into having babies],1,[the sentence is offensive][because][it conveys a stereotypical message suggesting that women use their bodies to trap men into having babies],"{'race': 'white', 'political': 'conservative'}",neither
1562,1,1564,15918959,1,[the sentence is offensive][because][it promotes the use of a racial slur],1,[the sentence is offensive][because][it promotes the use of a racial slur],"{'race': 'white', 'political': 'conservative'}",both
1563,1,1564,14105244,1,[the sentence is offensive][because][it promotes the use of a racial slur],1,[the sentence is offensive][because][it promotes the use of a racial slur],"{'race': 'white', 'political': 'conservative'}",both
1564,0,3568,35508468,0,[the sentence is not offensive][because][it is a reaction to a tv show],0,[the sentence is not offensive][because][it is a reaction to a tv show],"{'race': 'white', 'political': 'conservative'}",both
1565,0,3568,14105244,0,[the sentence is not offensive][because][it is a reaction to a tv show],0,[the sentence is not offensive][because][it is a reaction to a tv show],"{'race': 'white', 'political': 'conservative'}",both
1566,1,651,45678981,1,[the sentence is offensive][because][it contains a derogatory term for the lgbtq+ community and a threat of violence],1,[the sentence is offensive][because][it contains hate speech and derogatory language],"{'race': 'white', 'political': 'conservative'}",both
1567,1,651,14105244,1,[the sentence is offensive][because][it contains a derogatory term for the lgbtq+ community and a threat of violence],1,[the sentence is offensive][because][it contains hate speech and derogatory language],"{'race': 'white', 'political': 'conservative'}",both
1568,1,883,15918959,1,[the sentence is offensive][because][it contains a threat and a racial slur],1,[the sentence is offensive][because][it contains a threat and a reference to a specific ethnic group],"{'race': 'white', 'political': 'conservative'}",both
1569,1,883,71284064,1,[the sentence is offensive][because][it contains a threat and a racial slur],1,[the sentence is offensive][because][it contains a threat and a reference to a specific ethnic group],"{'race': 'white', 'political': 'conservative'}",both
1570,1,4106,15918959,1,[the sentence is offensive][because][it contains a racial slur and a derogatory term for a woman],1,[the sentence is offensive][because][it contains a racial slur and a derogatory term for a woman],"{'race': 'white', 'political': 'conservative'}",both
1571,1,4106,14105244,1,[the sentence is offensive][because][it contains a racial slur and a derogatory term for a woman],1,[the sentence is offensive][because][it contains a racial slur and a derogatory term for a woman],"{'race': 'white', 'political': 'conservative'}",both
1572,1,3009,15918959,1,[the sentence is offensive][because][it contains explicit language and makes a personal attack on a character],0,[the sentence is not offensive][because][it is a strong opinion about a character in a tv show],"{'race': 'white', 'political': 'conservative'}",baseline
1573,1,3009,35508468,1,[the sentence is offensive][because][it contains explicit language and makes a personal attack on a character],0,[the sentence is not offensive][because][it is a strong opinion about a character in a tv show],"{'race': 'white', 'political': 'conservative'}",baseline
1574,0,2417,35508468,0,[the sentence is not offensive][because][it is a joke and does not contain any hate speech or explicit language],0,[the sentence is not offensive][because][it is a joke about #aprilfools],"{'race': 'white', 'political': 'conservative'}",both
1575,0,2417,14105244,0,[the sentence is not offensive][because][it is a joke and does not contain any hate speech or explicit language],0,[the sentence is not offensive][because][it is a joke about #aprilfools],"{'race': 'white', 'political': 'conservative'}",both
1576,1,840,35508468,1,[the sentence is offensive][because][it generalizes a group of people based on their religion and contains a negative stereotype],1,[the sentence is offensive][because][it makes a generalization about a group of people based on their religion],"{'race': 'white', 'political': 'conservative'}",both
1577,1,840,14105244,1,[the sentence is offensive][because][it generalizes a group of people based on their religion and contains a negative stereotype],1,[the sentence is offensive][because][it makes a generalization about a group of people based on their religion],"{'race': 'white', 'political': 'conservative'}",both
1578,1,1717,15918959,1,[the sentence is offensive][because][it contains a racial slur and conveys a derogatory message],1,[the sentence is offensive][because][it contains a racial slur and a derogatory term],"{'race': 'white', 'political': 'conservative'}",both
1579,1,1717,35508468,1,[the sentence is offensive][because][it contains a racial slur and conveys a derogatory message],1,[the sentence is offensive][because][it contains a racial slur and a derogatory term],"{'race': 'white', 'political': 'conservative'}",both
1580,0,766,15918959,0,[the sentence is not offensive][because][it is a neutral statement about moving to a foreign country],0,[the sentence is not offensive][because][it is a neutral statement about cultural differences and personal preferences],"{'race': 'white', 'political': 'conservative'}",both
1581,0,766,14105244,0,[the sentence is not offensive][because][it is a neutral statement about moving to a foreign country],0,[the sentence is not offensive][because][it is a neutral statement about cultural differences and personal preferences],"{'race': 'white', 'political': 'conservative'}",both
1582,1,3796,45678981,0,[the sentence is not offensive][because][it is a colloquial expression used to describe a close friend],0,[the sentence is not offensive][because][it is a colloquial expression used to describe a close friend],"{'race': 'white', 'political': 'conservative'}",neither
1583,0,3796,14105244,0,[the sentence is not offensive][because][it is a colloquial expression used to describe a close friend],0,[the sentence is not offensive][because][it is a colloquial expression used to describe a close friend],"{'race': 'white', 'political': 'conservative'}",both
1584,1,1611,45678981,1,[the sentence is offensive][because][it contains a sexual assault scenario and objectifies a woman],1,[the sentence is offensive][because][it contains a sexual assault scenario and uses derogatory language towards women],"{'race': 'white', 'political': 'conservative'}",both
1585,1,1611,15918959,1,[the sentence is offensive][because][it contains a sexual assault scenario and objectifies a woman],1,[the sentence is offensive][because][it contains a sexual assault scenario and uses derogatory language towards women],"{'race': 'white', 'political': 'conservative'}",both
1586,1,1652,15918959,1,[the sentence is offensive][because][it contains a racial slur and implies that black people are treated unfairly by the police],1,[the sentence is offensive][because][it implies that black people are more likely to be treated poorly by the police],"{'race': 'white', 'political': 'conservative'}",both
1587,0,1652,14105244,1,[the sentence is offensive][because][it contains a racial slur and implies that black people are treated unfairly by the police],1,[the sentence is offensive][because][it implies that black people are more likely to be treated poorly by the police],"{'race': 'white', 'political': 'conservative'}",neither
1588,0,60,7288661,0,[the sentence is not offensive][because][it is a neutral statement about population statistics],0,[the sentence is not offensive][because][it is a neutral comment about a political topic],"{'race': 'white', 'political': 'conservative'}",both
1589,0,60,14105244,0,[the sentence is not offensive][because][it is a neutral statement about population statistics],0,[the sentence is not offensive][because][it is a neutral comment about a political topic],"{'race': 'white', 'political': 'conservative'}",both
1590,1,2157,15918959,1,[the sentence is offensive][because][it contains hate speech and a racial slur],1,[the sentence is offensive][because][it contains hate speech and a racial slur],"{'race': 'white', 'political': 'conservative'}",both
1591,1,2157,14105244,1,[the sentence is offensive][because][it contains hate speech and a racial slur],1,[the sentence is offensive][because][it contains hate speech and a racial slur],"{'race': 'white', 'political': 'conservative'}",both
1592,1,804,15918959,1,[the sentence is offensive][because][it contains a derogatory term and promotes a discriminatory and inhumane idea],1,[the sentence is offensive][because][it contains a derogatory term and promotes a discriminatory and inhumane idea],"{'race': 'white', 'political': 'conservative'}",both
1593,1,804,35508468,1,[the sentence is offensive][because][it contains a derogatory term and promotes a discriminatory and inhumane idea],1,[the sentence is offensive][because][it contains a derogatory term and promotes a discriminatory and inhumane idea],"{'race': 'white', 'political': 'conservative'}",both
1594,1,1681,14105244,1,[the sentence is offensive][because][it contains a racial stereotype and a derogatory tone],1,[the sentence is offensive][because][it conveys a stereotypical message suggesting that black people are less intelligent],"{'race': 'white', 'political': 'conservative'}",both
1595,1,1681,9175691,1,[the sentence is offensive][because][it contains a racial stereotype and a derogatory tone],1,[the sentence is offensive][because][it conveys a stereotypical message suggesting that black people are less intelligent],"{'race': 'white', 'political': 'conservative'}",both
1596,1,2047,15918959,0,[the sentence is not offensive][because][it is a personal anecdote about a mother's advice and does not contain hate speech or explicit language],0,[the sentence is not offensive][because][it is a personal anecdote about a mother's advice to her children],"{'race': 'white', 'political': 'conservative'}",neither
1597,1,2047,14105244,0,[the sentence is not offensive][because][it is a personal anecdote about a mother's advice and does not contain hate speech or explicit language],0,[the sentence is not offensive][because][it is a personal anecdote about a mother's advice to her children],"{'race': 'white', 'political': 'conservative'}",neither
1598,1,365,14105244,1,[the sentence is offensive][because][it contains hate speech and derogatory language],1,[the sentence is offensive][because][it contains hate speech and derogatory language],"{'race': 'white', 'political': 'conservative'}",both
1599,1,365,9175691,1,[the sentence is offensive][because][it contains hate speech and derogatory language],1,[the sentence is offensive][because][it contains hate speech and derogatory language],"{'race': 'white', 'political': 'conservative'}",both
1600,1,1547,15918959,1,[the sentence is offensive][because][it promotes violence and hate speech against a racial group],1,[the sentence is offensive][because][it promotes violence and racism against the black community],"{'race': 'white', 'political': 'conservative'}",both
1601,1,1547,14105244,1,[the sentence is offensive][because][it promotes violence and hate speech against a racial group],1,[the sentence is offensive][because][it promotes violence and racism against the black community],"{'race': 'white', 'political': 'conservative'}",both
1602,1,2147,15918959,1,"[the sentence is offensive][because][it contains multiple instances of hate speech, including a racial slur and derogatory language towards a religion]",1,"[the sentence is offensive][because][it contains multiple instances of hate speech, including a racial slur and derogatory language towards a religion]","{'race': 'white', 'political': 'conservative'}",both
1603,1,2147,35508468,1,"[the sentence is offensive][because][it contains multiple instances of hate speech, including a racial slur and derogatory language towards a religion]",1,"[the sentence is offensive][because][it contains multiple instances of hate speech, including a racial slur and derogatory language towards a religion]","{'race': 'white', 'political': 'conservative'}",both
1604,1,2173,14105244,1,[the sentence is offensive][because][it promotes the use of a racial slur],1,[the sentence is offensive][because][it promotes the use of a racial slur],"{'race': 'white', 'political': 'conservative'}",both
1605,1,1685,35508468,1,[the sentence is offensive][because][it contains derogatory language and a racial slur],1,[the sentence is offensive][because][it contains derogatory language and a racial slur],"{'race': 'white', 'political': 'conservative'}",both
1606,1,1685,14105244,1,[the sentence is offensive][because][it contains derogatory language and a racial slur],1,[the sentence is offensive][because][it contains derogatory language and a racial slur],"{'race': 'white', 'political': 'conservative'}",both
1607,0,2454,40321857,1,[the sentence is offensive][because][it contains explicit language],1,[the sentence is offensive][because][it contains explicit language],"{'race': 'white', 'political': 'neutral'}",neither
1608,0,2454,66593239,1,[the sentence is offensive][because][it contains explicit language],1,[the sentence is offensive][because][it contains explicit language],"{'race': 'white', 'political': 'liberal'}",neither
1609,1,264,40321857,0,[the sentence is not offensive][because][the person is using the word to refer to its original meaning and not as a racial slur],0,"[the sentence is not offensive][because][it is a statement about the word 'n-word' and its relation to the word 'nigger', and the sentence does not contain any hate speech or explicit language]","{'race': 'white', 'political': 'neutral'}",neither
1610,1,1790,45870433,1,[the sentence is offensive][because][it promotes a racial slur and a message of hate],1,[the sentence is offensive][because][it is a hate speech],"{'race': 'white', 'political': 'conservative'}",both
1611,0,3286,44250250,1,[the sentence is offensive][because][it contains a derogatory term for an older woman],1,[the sentence is offensive][because][it contains a derogatory term for an older woman],"{'race': 'white', 'political': 'conservative'}",neither
1612,0,3286,45870433,1,[the sentence is offensive][because][it contains a derogatory term for an older woman],1,[the sentence is offensive][because][it contains a derogatory term for an older woman],"{'race': 'white', 'political': 'conservative'}",neither
1613,1,3157,40321857,1,[the sentence is offensive][because][it contains derogatory language towards people with disabilities and explicit language],1,[the sentence is offensive][because][it contains derogatory language towards people with disabilities and explicit language],"{'race': 'white', 'political': 'neutral'}",both
1614,0,3338,40321857,0,[the sentence is not offensive][because][it is a nonsensical and confusing text],0,[the sentence is not offensive][because][it is a nonsensical and confusing text that does not contain any hate speech or explicit language],"{'race': 'white', 'political': 'neutral'}",both
1615,1,1642,40321857,1,[the sentence is offensive][because][it contains hate speech and derogatory language towards a specific group of people],1,[the sentence is offensive][because][it contains hate speech and derogatory language towards a specific group of people],"{'race': 'white', 'political': 'neutral'}",both
1616,0,77,40321857,0,[the sentence is not offensive][because][it promotes awareness and understanding of the issue of abuse],0,[the sentence is not offensive][because][it promotes awareness and understanding of the issue of abuse],"{'race': 'white', 'political': 'neutral'}",both
1617,0,3340,40321857,0,[the sentence is not offensive][because][it is a casual conversation between two people],0,[the sentence is not offensive][because][it is a casual conversation between two people],"{'race': 'white', 'political': 'neutral'}",both
1618,1,2807,61283819,1,[the sentence is offensive][because][it contains hate speech and derogatory language towards a public figure and his wife],1,[the sentence is offensive][because][it contains hate speech and derogatory language towards a political figure and his family],"{'race': 'white', 'political': 'conservative'}",both
1619,0,2807,17414298,1,[the sentence is offensive][because][it contains hate speech and derogatory language towards a public figure and his wife],0,"[the sentence is not offensive][because][it is a political statement with a strong opinion, but it does not contain hate speech or explicit language]","{'race': 'white', 'political': 'neutral'}",race_political
1620,0,459,40321857,0,[the sentence is not offensive][because][it is an expression of frustration],0,[the sentence is not offensive][because][it is an expression of frustration],"{'race': 'white', 'political': 'neutral'}",both
1621,0,459,45870433,0,[the sentence is not offensive][because][it is an expression of frustration],0,[the sentence is not offensive][because][it is an expression of frustration and contains strong language but is not directed at a particular group or individual],"{'race': 'white', 'political': 'conservative'}",both
1622,1,2186,45678981,1,"[the sentence is offensive][because][it contains hate speech and racial slurs, and dehumanizes a group of people]",1,"[the sentence is offensive][because][it contains hate speech and racial slurs, and dehumanizes a group of people]","{'race': 'white', 'political': 'conservative'}",both
1623,1,2186,40321857,1,"[the sentence is offensive][because][it contains hate speech and racial slurs, and dehumanizes a group of people]",1,"[the sentence is offensive][because][it contains hate speech and racial slurs, and dehumanizes a group of people]","{'race': 'white', 'political': 'neutral'}",both
1624,0,3552,40321857,1,[the sentence is offensive][because][it contains explicit language],1,[the sentence is offensive][because][it contains explicit language and hate speech],"{'race': 'white', 'political': 'neutral'}",neither
1625,1,3552,58008422,1,[the sentence is offensive][because][it contains explicit language],1,[the sentence is offensive][because][it contains explicit language and hate speech],"{'race': 'white', 'political': 'conservative'}",both
1626,0,85,17414298,0,[the sentence is not offensive][because][it is a peaceful message from a religious group],0,[the sentence is not offensive][because][it is a peaceful message from a religious group],"{'race': 'white', 'political': 'neutral'}",both
1627,0,85,45870433,0,[the sentence is not offensive][because][it is a peaceful message from a religious group],0,[the sentence is not offensive][because][it is a message of peace and coexistence],"{'race': 'white', 'political': 'conservative'}",both
1628,0,2853,40321857,0,[the sentence is not offensive][because][it is a strong expression of disappointment but does not contain hate speech or explicit language],0,[the sentence is not offensive][because][it is a sports-related comment with a strong expression of disappointment],"{'race': 'white', 'political': 'neutral'}",both
1629,0,2853,45870433,0,[the sentence is not offensive][because][it is a strong expression of disappointment but does not contain hate speech or explicit language],0,[the sentence is not offensive][because][it is a sports-related comment with a strong expression of disappointment],"{'race': 'white', 'political': 'conservative'}",both
1630,0,853,38151098,1,[the sentence is offensive][because][it implies that a child's desire to express their gender identity is unacceptable and may be met with punishment],1,[the sentence is offensive][because][it implies that a child's gender identity is not to be respected and contains a threat],"{'race': 'white', 'political': 'conservative'}",neither
1631,0,1631,61283819,1,[the sentence is offensive][because][it contains a racial slur and makes a derogatory comment about a physical characteristic],1,[the sentence is offensive][because][it contains a racial slur and a derogatory statement about physical appearance],"{'race': 'white', 'political': 'conservative'}",neither
1632,1,1631,40321857,1,[the sentence is offensive][because][it contains a racial slur and makes a derogatory comment about a physical characteristic],1,[the sentence is offensive][because][it contains a racial slur and makes a derogatory comment about a physical characteristic],"{'race': 'white', 'political': 'neutral'}",both
1633,0,2260,66593239,0,[the sentence is not offensive][because][it is a neutral description of a situation],0,[the sentence is not offensive][because][it is a neutral description of a situation],"{'race': 'white', 'political': 'liberal'}",both
1634,1,1424,61283819,1,[the sentence is offensive][because][it contains hate speech and anti-semitic language],1,[the sentence is offensive][because][it contains hate speech and anti-semitic language],"{'race': 'white', 'political': 'conservative'}",both
1635,1,2146,17414298,1,[the sentence is offensive][because][it contains hate speech and explicit language],1,[the sentence is offensive][because][it contains hate speech and multiple instances of explicit language and racial slur],"{'race': 'white', 'political': 'neutral'}",both
1636,1,2146,45870433,1,[the sentence is offensive][because][it contains hate speech and explicit language],1,[the sentence is offensive][because][it contains hate speech and multiple instances of explicit language and racial slur],"{'race': 'white', 'political': 'conservative'}",both
1637,0,3807,66593239,1,[the sentence is offensive][because][it contains derogatory language and stereotypes about women and people from the hood],1,[the sentence is offensive][because][it contains derogatory language and stereotypes about women and people from the hood],"{'race': 'white', 'political': 'liberal'}",neither
1638,1,3807,45870433,1,[the sentence is offensive][because][it contains derogatory language and stereotypes about women and people from the hood],1,[the sentence is offensive][because][it contains derogatory language and stereotypes about women and people from the hood],"{'race': 'white', 'political': 'conservative'}",both
1639,1,1536,40321857,0,[the sentence is not offensive][because][it is a neutral statement about sneakers],0,[the sentence is not offensive][because][it is a neutral statement about sneakers],"{'race': 'white', 'political': 'neutral'}",neither
1640,0,1536,45870433,0,[the sentence is not offensive][because][it is a neutral statement about sneakers],0,[the sentence is not offensive][because][it is a neutral statement about sneakers],"{'race': 'white', 'political': 'conservative'}",both
1641,1,1988,61283819,1,[the sentence is offensive][because][it contains racial slurs and stereotypes],1,[the sentence is offensive][because][it contains racial slurs and stereotypes],"{'race': 'white', 'political': 'conservative'}",both
1642,1,1988,17414298,1,[the sentence is offensive][because][it contains racial slurs and stereotypes],1,[the sentence is offensive][because][it contains racial slurs and stereotypes],"{'race': 'white', 'political': 'neutral'}",both
1643,0,3406,40321857,0,[the sentence is not offensive][because][it is a colloquial way to express frustration with a family member],0,[the sentence is not offensive][because][it is a colloquial way to express frustration with a family member],"{'race': 'white', 'political': 'neutral'}",both
1644,0,3406,45870433,0,[the sentence is not offensive][because][it is a colloquial way to express frustration with a family member],0,[the sentence is not offensive][because][it is a colloquial way to express frustration with a family member],"{'race': 'white', 'political': 'conservative'}",both
1645,1,1808,45870433,1,[the sentence is offensive][because][it contains a racial slur and promotes a stereotype about black people],1,[the sentence is offensive][because][it contains a racial slur and promotes a stereotype of black people being subservient to white people],"{'race': 'white', 'political': 'conservative'}",both
1646,1,3586,92593328,1,[the sentence is offensive][because][it contains a threat of violence and uses aggressive language],1,[the sentence is offensive][because][it contains a threat of violence and uses aggressive language],"{'race': 'white', 'political': 'conservative'}",both
1647,0,3586,40321857,1,[the sentence is offensive][because][it contains a threat of violence and uses aggressive language],1,[the sentence is offensive][because][it contains a threat of violence and uses aggressive language],"{'race': 'white', 'political': 'neutral'}",neither
1648,0,1030,61283819,1,[the sentence is offensive][because][it contains a derogatory term for the lgbtq+ community and promotes discrimination],1,[the sentence is offensive][because][it contains a derogatory term for lgbtq+ individuals and promotes discrimination],"{'race': 'white', 'political': 'conservative'}",neither
1649,1,1030,17414298,1,[the sentence is offensive][because][it contains a derogatory term for the lgbtq+ community and promotes discrimination],1,[the sentence is offensive][because][it contains a derogatory term for the lgbtq+ community and promotes discrimination],"{'race': 'white', 'political': 'neutral'}",both
1650,0,2568,61283819,0,[the sentence is not offensive][because][it is a comment on the impact of a celebrity's speech on the entertainment industry],0,[the sentence is not offensive][because][it is a sarcastic comment about the award shows],"{'race': 'white', 'political': 'conservative'}",both
1651,0,2568,45870433,0,[the sentence is not offensive][because][it is a comment on the impact of a celebrity's speech on the entertainment industry],0,[the sentence is not offensive][because][it is a sarcastic comment about the award shows],"{'race': 'white', 'political': 'conservative'}",both
1652,0,45,61283819,0,[the sentence is not offensive][because][it is a common idiomatic expression],0,[the sentence is not offensive][because][it is a common idiomatic expression],"{'race': 'white', 'political': 'conservative'}",both
1653,0,45,40321857,0,[the sentence is not offensive][because][it is a common idiomatic expression],0,[the sentence is not offensive][because][it is a common idiomatic expression],"{'race': 'white', 'political': 'neutral'}",both
1654,1,1032,40321857,1,[the sentence is offensive][because][it contains a derogatory term for the lgbtq+ community],1,[the sentence is offensive][because][it contains a derogatory term for the lgbtq+ community],"{'race': 'white', 'political': 'neutral'}",both
1655,0,3346,61283819,0,[the sentence is not offensive][because][it is a casual expression of frustration and annoyance],0,[the sentence is not offensive][because][it is a casual expression of frustration and annoyance],"{'race': 'white', 'political': 'conservative'}",both
1656,0,3346,66593239,0,[the sentence is not offensive][because][it is a casual expression of frustration and annoyance],0,[the sentence is not offensive][because][it is a casual expression of frustration and annoyance],"{'race': 'white', 'political': 'liberal'}",both
1657,1,1552,40321857,1,[the sentence is offensive][because][it contains a statement that implies that black people deserved to be oppressed],1,[the sentence is offensive][because][it contains a statement that implies black people deserved to be oppressed],"{'race': 'white', 'political': 'neutral'}",both
1658,0,3291,40321857,0,"[the sentence is not offensive][because][it is a story about a man exposing his cheating girlfriend and her side dude, but it is not explicit or hateful]",0,"[the sentence is not offensive][because][it is a story about a man exposing his cheating girlfriend and her side dude, but it does not contain hate speech or explicit language]","{'race': 'white', 'political': 'neutral'}",both
1659,0,3291,45870433,0,"[the sentence is not offensive][because][it is a story about a man exposing his cheating girlfriend and her side dude, but it is not explicit or hateful]",0,"[the sentence is not offensive][because][it is a story about a man exposing his cheating girlfriend and her side dude, but it does not contain hate speech or explicit language]","{'race': 'white', 'political': 'conservative'}",both
1660,0,664,17414298,1,[the sentence is offensive][because][it contains hate speech and derogatory language towards people with disabilities],1,[the sentence is offensive][because][it contains hate speech and derogatory language towards people with disabilities],"{'race': 'white', 'political': 'neutral'}",neither
1661,1,932,40321857,1,[the sentence is offensive][because][it uses derogatory language to describe a group of people],1,[the sentence is offensive][because][it uses derogatory language to describe a group of people],"{'race': 'white', 'political': 'neutral'}",both
1662,1,932,45870433,1,[the sentence is offensive][because][it uses derogatory language to describe a group of people],1,[the sentence is offensive][because][it uses derogatory language to describe a group of people],"{'race': 'white', 'political': 'conservative'}",both
1663,0,95,40321857,0,[the sentence is not offensive][because][it is a statement about personal preference],0,[the sentence is not offensive][because][it is a statement about personal preference],"{'race': 'white', 'political': 'neutral'}",both
1664,0,95,45870433,0,[the sentence is not offensive][because][it is a statement about personal preference],0,[the sentence is not offensive][because][it is a statement about personal preference],"{'race': 'white', 'political': 'conservative'}",both
1665,0,311,40321857,1,[the sentence is offensive][because][it promotes the use of a racial slur and implies that only black people should use it],1,[the sentence is offensive][because][it implies that the racial slur 'nigga' is exclusive to a particular race],"{'race': 'white', 'political': 'neutral'}",neither
1666,0,311,45870433,1,[the sentence is offensive][because][it promotes the use of a racial slur and implies that only black people should use it],1,[the sentence is offensive][because][it implies that the racial slur 'nigga' is exclusive to a particular race],"{'race': 'white', 'political': 'conservative'}",neither
1667,1,2074,40321857,1,[the sentence is offensive][because][it contains hate speech and derogatory language],1,[the sentence is offensive][because][it contains a racial slur and a derogatory term],"{'race': 'white', 'political': 'neutral'}",both
1668,0,2982,40321857,0,[the sentence is not offensive][because][it is a complaint about a game difficulty],0,[the sentence is not offensive][because][it is a complaint about a game difficulty],"{'race': 'white', 'political': 'neutral'}",both
1669,0,2982,44250250,0,[the sentence is not offensive][because][it is a complaint about a game difficulty],0,[the sentence is not offensive][because][it is a complaint about a game],"{'race': 'white', 'political': 'conservative'}",both
1670,0,3248,40321857,0,[the sentence is not offensive][because][it is a colloquial way to express a statement about people camping out before walmart],0,[the sentence is not offensive][because][it is a colloquial way to describe a situation and does not contain any hate speech or explicit language],"{'race': 'white', 'political': 'neutral'}",both
1671,0,3248,45870433,0,[the sentence is not offensive][because][it is a colloquial way to express a statement about people camping out before walmart],0,[the sentence is not offensive][because][it is a colloquial way to describe a situation and does not contain hate language],"{'race': 'white', 'political': 'conservative'}",both
1672,0,3215,40321857,0,[the sentence is not offensive][because][it is a colloquial way to express a desire for something and does not contain any hate speech or explicit language],1,[the sentence is offensive][because][it conveys a stereotypical message suggesting that people are materialistic and value material possessions over personal growth],"{'race': 'white', 'political': 'neutral'}",baseline
1673,0,3215,45870433,0,[the sentence is not offensive][because][it is a colloquial way to express a desire for something and does not contain any hate speech or explicit language],1,[the sentence is offensive][because][it conveys a stereotypical message suggesting that people are materialistic and value material possessions over personal growth],"{'race': 'white', 'political': 'conservative'}",baseline
1674,0,870,61283819,1,[the sentence is offensive][because][it conveys a stereotypical message suggesting that women should dress in a certain way to avoid being judged or harassed],1,[the sentence is offensive][because][it conveys a sexist message],"{'race': 'white', 'political': 'conservative'}",neither
1675,1,870,82218737,1,[the sentence is offensive][because][it conveys a stereotypical message suggesting that women should dress in a certain way to avoid being judged or harassed],1,[the sentence is offensive][because][it conveys a sexist message],"{'race': 'white', 'political': 'neutral'}",both
1676,0,3660,40321857,0,[the sentence is not offensive][because][it is a colloquial way to express pain and frustration],0,[the sentence is not offensive][because][it is a colloquial way to express pain and frustration],"{'race': 'white', 'political': 'neutral'}",both
1677,0,2280,40321857,0,[the sentence is not offensive][because][it is a philosophical question],0,[the sentence is not offensive][because][it is a philosophical question],"{'race': 'white', 'political': 'neutral'}",both
1678,0,2280,66593239,0,[the sentence is not offensive][because][it is a philosophical question],0,[the sentence is not offensive][because][it is a philosophical question],"{'race': 'white', 'political': 'liberal'}",both
1679,1,1777,40321857,1,[the sentence is offensive][because][it is a racial slur and it is used in a context that is likely to be hurtful to black people],1,[the sentence is offensive][because][it is a racial slur and the context is inappropriate],"{'race': 'white', 'political': 'neutral'}",both
1680,1,1777,45870433,1,[the sentence is offensive][because][it is a racial slur and it is used in a context that is likely to be hurtful to black people],1,[the sentence is offensive][because][it is a racial slur and it is used in a context that is likely to be hurtful to black people],"{'race': 'white', 'political': 'conservative'}",both
1681,0,700,45870433,1,[the sentence is offensive][because][it contains hate speech and a racial slur],1,[the sentence is offensive][because][it contains a racial slur and expresses a negative sentiment towards a group of people],"{'race': 'white', 'political': 'conservative'}",neither
1682,0,2461,40321857,1,[the sentence is offensive][because][it contains explicit language],0,[the sentence is not offensive][because][it is a frustrated expression of pain],"{'race': 'white', 'political': 'neutral'}",race_political
1683,0,2461,45870433,1,[the sentence is offensive][because][it contains explicit language],0,[the sentence is not offensive][because][it is a frustrated expression of pain],"{'race': 'white', 'political': 'conservative'}",race_political
1684,1,1706,3778440,1,[the sentence is offensive][because][it uses a racial slur],1,[the sentence is offensive][because][it uses a racial slur],"{'race': 'white', 'political': 'conservative'}",both
1685,0,693,45870433,1,[the sentence is offensive][because][it contains multiple racial slurs and derogatory terms],1,[the sentence is offensive][because][it contains multiple racial slurs and derogatory terms],"{'race': 'white', 'political': 'conservative'}",neither
1686,1,1817,31703706,1,[the sentence is offensive][because][it contains a racial slur and promotes violence],1,[the sentence is offensive][because][it contains a racial slur and promotes violence],"{'race': 'white', 'political': 'conservative'}",both
1687,1,1817,45870433,1,[the sentence is offensive][because][it contains a racial slur and promotes violence],1,[the sentence is offensive][because][it contains a racial slur and promotes violence],"{'race': 'white', 'political': 'conservative'}",both
1688,1,2118,61283819,1,[the sentence is offensive][because][it contains hate speech and explicit language],1,[the sentence is offensive][because][it contains hate speech and a threat of violence against a specific group of people],"{'race': 'white', 'political': 'conservative'}",both
1689,0,335,61283819,1,[the sentence is offensive][because][it uses a racial slur],1,[the sentence is offensive][because][it uses a racial slur],"{'race': 'white', 'political': 'conservative'}",neither
1690,1,335,45678981,1,[the sentence is offensive][because][it uses a racial slur],1,[the sentence is offensive][because][it uses a racial slur],"{'race': 'white', 'political': 'conservative'}",both
1691,1,3501,45870433,1,[the sentence is offensive][because][it contains a threat and a derogatory term],1,[the sentence is offensive][because][it contains a threat and a derogatory term],"{'race': 'white', 'political': 'conservative'}",both
1692,1,719,66593239,1,[the sentence is offensive][because][it contains a derogatory term for people with intellectual disabilities],1,[the sentence is offensive][because][it contains a derogatory term for people with intellectual disabilities],"{'race': 'white', 'political': 'liberal'}",both
1693,0,3424,40321857,0,[the sentence is not offensive][because][it is a story about a misunderstanding of a word],0,[the sentence is not offensive][because][it is a neutral statement about a survey and a misunderstanding about a word],"{'race': 'white', 'political': 'neutral'}",both
1694,0,3424,45870433,0,[the sentence is not offensive][because][it is a story about a misunderstanding of a word],0,[the sentence is not offensive][because][it is a story about a misunderstanding of a word],"{'race': 'white', 'political': 'conservative'}",both
1695,0,3408,45870433,0,[the sentence is not offensive][because][it is a colloquial way to express dissatisfaction with a product],0,[the sentence is not offensive][because][it is a colloquial way to express dissatisfaction with a product],"{'race': 'white', 'political': 'conservative'}",both
1696,1,279,66593239,1,[the sentence is offensive][because][it contains a racial slur],1,[the sentence is offensive][because][it contains a racial slur],"{'race': 'white', 'political': 'liberal'}",both
1697,1,279,45870433,1,[the sentence is offensive][because][it contains a racial slur],1,[the sentence is offensive][because][it contains a racial slur],"{'race': 'white', 'political': 'conservative'}",both
1698,0,3516,40321857,0,[the sentence is not offensive][because][it is a neutral statement about not being familiar with a slang term],0,[the sentence is not offensive][because][it is a neutral statement about not being familiar with a slang term],"{'race': 'white', 'political': 'neutral'}",both
1699,1,2075,45870433,1,[the sentence is offensive][because][it contains a racial slur and a derogatory term],1,[the sentence is offensive][because][it conveys a stereotypical message about black women and contains derogatory language],"{'race': 'white', 'political': 'conservative'}",both
1700,0,3707,61283819,1,[the sentence is offensive][because][it contains explicit language and implies academic dishonesty],1,[the sentence is offensive][because][it contains explicit language and implies academic dishonesty],"{'race': 'white', 'political': 'conservative'}",neither
1701,0,3707,40321857,1,[the sentence is offensive][because][it contains explicit language and implies academic dishonesty],1,[the sentence is offensive][because][it contains explicit language and implies academic dishonesty],"{'race': 'white', 'political': 'neutral'}",neither
1702,1,1332,61283819,1,[the sentence is offensive][because][it contains hate speech and derogatory language],1,[the sentence is offensive][because][it contains hate speech and derogatory language],"{'race': 'white', 'political': 'conservative'}",both
1703,1,1812,40321857,1,[the sentence is offensive][because][it contains a racial slur and promotes hate speech],1,[the sentence is offensive][because][it contains a racial slur and promotes hate speech],"{'race': 'white', 'political': 'neutral'}",both
1704,1,1812,17414298,1,[the sentence is offensive][because][it contains a racial slur and promotes hate speech],1,[the sentence is offensive][because][it contains a racial slur and promotes hate speech],"{'race': 'white', 'political': 'neutral'}",both
1705,0,2777,40321857,1,[the sentence is offensive][because][it contains a racial slur and makes a generalization about a group of people],1,[the sentence is offensive][because][it contains a racial slur and makes a generalization about a group of people],"{'race': 'white', 'political': 'neutral'}",neither
1706,0,63,61283819,0,[the sentence is not offensive][because][it is a well-reasoned argument about immigration and economic policies],0,[the sentence is not offensive][because][it is a political statement with a neutral tone],"{'race': 'white', 'political': 'conservative'}",both
1707,0,3520,61283819,0,[the sentence is not offensive][because][it is a lighthearted and humorous anecdote about a child farting in an airport],0,[the sentence is not offensive][because][it is a lighthearted and humorous anecdote about a child farting in an airport],"{'race': 'white', 'political': 'conservative'}",both
1708,0,3520,17414298,0,[the sentence is not offensive][because][it is a lighthearted and humorous anecdote about a child farting in an airport],0,[the sentence is not offensive][because][it is a lighthearted and humorous anecdote about a child farting in an airport],"{'race': 'white', 'political': 'neutral'}",both
1709,1,1538,66593239,1,[the sentence is offensive][because][it contains a racial slur and a derogatory term for a woman],1,[the sentence is offensive][because][it contains a racial slur and a derogatory term for a woman],"{'race': 'white', 'political': 'liberal'}",both
1710,0,3422,61283819,0,[the sentence is not offensive][because][it is a personal message about a medical condition and a personal goal],0,[the sentence is not offensive][because][it is a personal message about a medical condition and a personal issue],"{'race': 'white', 'political': 'conservative'}",both
1711,0,3422,40321857,0,[the sentence is not offensive][because][it is a personal message about a medical condition and a personal goal],0,[the sentence is not offensive][because][it is a personal message about a medical condition and a personal issue],"{'race': 'white', 'political': 'neutral'}",both
1712,1,1789,45870433,0,[the sentence is not offensive][because][the word 'nigga' is used in a non-racial context],0,[the sentence is not offensive][because][it is a common idiomatic expression],"{'race': 'white', 'political': 'conservative'}",neither
1713,0,3413,40321857,0,[the sentence is not offensive][because][it is a colloquial way to express a personal experience],0,[the sentence is not offensive][because][it is a colloquial way to express a personal experience],"{'race': 'white', 'political': 'neutral'}",both
1714,0,3413,45870433,0,[the sentence is not offensive][because][it is a colloquial way to express a personal experience],0,[the sentence is not offensive][because][it is a colloquial way to express a personal experience],"{'race': 'white', 'political': 'conservative'}",both
1715,1,1626,61283819,1,[the sentence is offensive][because][it contains a racial slur and promotes hate speech],1,[the sentence is offensive][because][it contains a racial slur and promotes hate speech],"{'race': 'white', 'political': 'conservative'}",both
1716,1,1626,66593239,1,[the sentence is offensive][because][it contains a racial slur and promotes hate speech],1,[the sentence is offensive][because][it contains a racial slur and promotes hate speech],"{'race': 'white', 'political': 'liberal'}",both
1717,0,3312,61283819,0,[the sentence is not offensive][because][it is a casual conversation about sneakers],0,[the sentence is not offensive][because][it is a casual conversation about sneakers],"{'race': 'white', 'political': 'conservative'}",both
1718,0,4051,66593239,1,[the sentence is offensive][because][it contains explicit language and a derogatory term],1,[the sentence is offensive][because][it contains explicit language and a derogatory term],"{'race': 'white', 'political': 'liberal'}",neither
1719,0,3526,61283819,1,[the sentence is offensive][because][it contains a racial slur and a derogatory term],1,[the sentence is offensive][because][it contains a racial slur and a derogatory term],"{'race': 'white', 'political': 'conservative'}",neither
1720,0,3526,66593239,1,[the sentence is offensive][because][it contains a racial slur and a derogatory term],1,[the sentence is offensive][because][it contains a racial slur and a derogatory term],"{'race': 'white', 'political': 'liberal'}",neither
1721,0,3244,66593239,0,[the sentence is not offensive][because][it is a colloquial way to comment on a situation],0,[the sentence is not offensive][because][it is a colloquial way to comment on a situation],"{'race': 'white', 'political': 'liberal'}",both
1722,0,3244,45870433,0,[the sentence is not offensive][because][it is a colloquial way to comment on a situation],0,[the sentence is not offensive][because][it is a colloquial way to comment on a situation],"{'race': 'white', 'political': 'conservative'}",both
1723,0,24,40321857,0,[the sentence is not offensive][because][it is a factual anecdote about a person's experience],0,[the sentence is not offensive][because][it is a factual account of a situation],"{'race': 'white', 'political': 'neutral'}",both
1724,0,525,66593239,0,[the sentence is not offensive][because][it is a colloquial way to express frustration],0,[the sentence is not offensive][because][it is a colloquial way to express frustration],"{'race': 'white', 'political': 'liberal'}",both
1725,0,3500,40321857,1,[the sentence is offensive][because][it contains a threat of violence and uses a colloquialism that is often associated with hate speech],1,[the sentence is offensive][because][it contains a threat of violence and a racial slur],"{'race': 'white', 'political': 'neutral'}",neither
1726,1,1874,40321857,1,[the sentence is offensive][because][it implies that a racial slur is acceptable based on the speaker's skin color],1,[the sentence is offensive][because][it implies that a racial slur is acceptable based on the speaker's skin color],"{'race': 'white', 'political': 'neutral'}",both
1727,1,1874,45870433,1,[the sentence is offensive][because][it implies that a racial slur is acceptable based on the speaker's skin color],1,[the sentence is offensive][because][it implies that a racial slur is acceptable based on the speaker's skin color],"{'race': 'white', 'political': 'conservative'}",both
1728,0,3799,40321857,1,[the sentence is offensive][because][it contains explicit language and a derogatory term],1,[the sentence is offensive][because][it contains explicit language and a derogatory term],"{'race': 'white', 'political': 'neutral'}",neither
1729,0,2776,40321857,0,[the sentence is not offensive][because][it is a neutral statement about a national day and a personal reflection],0,[the sentence is not offensive][because][it is a neutral statement about a national day and a personal reflection],"{'race': 'white', 'political': 'neutral'}",both
1730,0,296,61283819,1,[the sentence is offensive][because][it contains derogatory language towards the lgbtq+ community],1,[the sentence is offensive][because][it contains derogatory language towards the lgbtq+ community],"{'race': 'white', 'political': 'conservative'}",neither
1731,1,296,45678981,1,[the sentence is offensive][because][it contains derogatory language towards the lgbtq+ community],1,[the sentence is offensive][because][it contains derogatory language towards the lgbtq+ community],"{'race': 'white', 'political': 'conservative'}",both
1732,0,3900,61283819,1,[the sentence is offensive][because][it contains a racial slur and promotes violence],1,[the sentence is offensive][because][it contains a racial slur and promotes violence],"{'race': 'white', 'political': 'conservative'}",neither
1733,1,3900,17414298,1,[the sentence is offensive][because][it contains a racial slur and promotes violence],1,[the sentence is offensive][because][it contains a racial slur and promotes violence],"{'race': 'white', 'political': 'neutral'}",both
1734,0,189,40321857,0,[the sentence is not offensive][because][it is a statement of fact],0,[the sentence is not offensive][because][it is a metaphorical expression],"{'race': 'white', 'political': 'neutral'}",both
1735,0,189,45870433,0,[the sentence is not offensive][because][it is a statement of fact],0,[the sentence is not offensive][because][it is a statement of fact],"{'race': 'white', 'political': 'conservative'}",both
1736,1,1370,45870433,1,[the sentence is offensive][because][it contains hate speech and derogatory language towards people with autism and the lgbtq+ community],1,[the sentence is offensive][because][it contains hate speech and derogatory language towards people with autism and the lgbtq+ community],"{'race': 'white', 'political': 'conservative'}",both
1737,0,2984,40321857,0,[the sentence is not offensive][because][it is a sports commentary],0,[the sentence is not offensive][because][it is a sports commentary],"{'race': 'white', 'political': 'neutral'}",both
1738,0,2984,3778440,0,[the sentence is not offensive][because][it is a sports commentary],0,[the sentence is not offensive][because][it is a sports commentary],"{'race': 'white', 'political': 'conservative'}",both
1739,1,3463,45870433,1,[the sentence is offensive][because][it contains explicit language and derogatory terms],1,[the sentence is offensive][because][it contains explicit language and derogatory terms],"{'race': 'white', 'political': 'conservative'}",both
1740,1,682,45870433,1,[the sentence is offensive][because][it contains a racial slur and promotes a negative stereotype about black people],1,[the sentence is offensive][because][it contains a racial slur and conveys a message of racial superiority],"{'race': 'white', 'political': 'conservative'}",both
1741,0,1972,61283819,1,[the sentence is offensive][because][it contains hate speech and targets a specific culture],1,[the sentence is offensive][because][it contains hate speech and targets a specific racial group],"{'race': 'white', 'political': 'conservative'}",neither
1742,1,1972,40321857,1,[the sentence is offensive][because][it contains hate speech and targets a specific culture],1,[the sentence is offensive][because][it contains hate speech and targets a specific culture],"{'race': 'white', 'political': 'neutral'}",both
1743,1,2143,40321857,1,[the sentence is offensive][because][it promotes the use of a racial slur and encourages lawlessness],1,[the sentence is offensive][because][it promotes the use of a racial slur and encourages lawlessness],"{'race': 'white', 'political': 'neutral'}",both
1744,1,4043,45870433,1,[the sentence is offensive][because][it contains hate speech and explicit language],1,[the sentence is offensive][because][it contains hate speech and explicit language],"{'race': 'white', 'political': 'conservative'}",both
1745,0,3475,66593239,0,[the sentence is not offensive][because][it is a colloquial expression of affection and admiration],0,[the sentence is not offensive][because][it is a colloquial expression of affection and admiration],"{'race': 'white', 'political': 'liberal'}",both
1746,0,3808,40321857,1,[the sentence is offensive][because][it contains derogatory language and a stereotype about women],1,[the sentence is offensive][because][it contains derogatory language and a stereotype about women],"{'race': 'white', 'political': 'neutral'}",neither
1747,0,3808,45870433,1,[the sentence is offensive][because][it contains derogatory language and a stereotype about women],1,[the sentence is offensive][because][it contains derogatory language and a stereotype about women],"{'race': 'white', 'political': 'conservative'}",neither
1748,0,3411,82218737,1,[the sentence is offensive][because][it contains explicit language and a derogatory term],1,[the sentence is offensive][because][it contains explicit language and a derogatory term],"{'race': 'white', 'political': 'neutral'}",neither
1749,1,881,66593239,1,[the sentence is offensive][because][it conveys a xenophobic message],1,[the sentence is offensive][because][it conveys a xenophobic message],"{'race': 'white', 'political': 'liberal'}",both
1750,0,116,66593239,0,[the sentence is not offensive][because][it is a neutral statement about politicians],0,[the sentence is not offensive][because][it is a neutral statement about politicians],"{'race': 'white', 'political': 'liberal'}",both
1751,1,978,40321857,1,[the sentence is offensive][because][it contains a racial slur],1,[the sentence is offensive][because][it contains a racial slur and a stereotype],"{'race': 'white', 'political': 'neutral'}",both
1752,0,398,61283819,1,[the sentence is offensive][because][it contains a racial slur and promotes a stereotype about black people being horny],1,[the sentence is offensive][because][it uses a racial slur and contains explicit language],"{'race': 'white', 'political': 'conservative'}",neither
1753,0,398,40321857,1,[the sentence is offensive][because][it contains a racial slur and promotes a stereotype about black people being horny],1,[the sentence is offensive][because][it uses a racial slur and contains explicit language],"{'race': 'white', 'political': 'neutral'}",neither
1754,1,2176,61283819,1,[the sentence is offensive][because][it promotes violence against people who have been released from jail],1,[the sentence is offensive][because][it promotes violence against a group of people based on their criminal history],"{'race': 'white', 'political': 'conservative'}",both
1755,1,2176,45870433,1,[the sentence is offensive][because][it promotes violence against people who have been released from jail],1,[the sentence is offensive][because][it promotes violence against a group of people based on their criminal history],"{'race': 'white', 'political': 'conservative'}",both
1756,1,1810,36400600,1,[the sentence is offensive][because][it contains a racial slur and promotes a negative stereotype about the ghetto and the law],1,[the sentence is offensive][because][it contains a racial slur and promotes a negative stereotype about the african american community],"{'race': 'white', 'political': 'conservative'}",both
1757,1,1810,94108971,1,[the sentence is offensive][because][it contains a racial slur and promotes a negative stereotype about the ghetto and the law],1,[the sentence is offensive][because][it contains a racial slur and promotes a negative stereotype about the african american community],"{'race': 'white', 'political': 'conservative'}",both
1758,0,313,47505815,0,[the sentence is not offensive][because][it is a question about a sensitive topic and does not contain hate language],0,[the sentence is not offensive][because][it is a question about a sensitive topic and does not contain hate language],"{'race': 'white', 'political': 'neutral'}",both
1759,1,313,36344670,0,[the sentence is not offensive][because][it is a question about a sensitive topic and does not contain hate language],0,[the sentence is not offensive][because][it is a question about a sensitive topic and the person is trying to address a problem],"{'race': 'white', 'political': 'conservative'}",neither
1760,1,1917,47189637,1,[the sentence is offensive][because][it contains a racial slur and a derogatory term for a racial group],1,[the sentence is offensive][because][it contains a racial slur and a derogatory term for a racial group],"{'race': 'white', 'political': 'conservative'}",both
1761,1,1821,94108971,0,"[the sentence is not offensive][because][the person is expressing a willingness to engage in a physical activity with someone, without any intent to offend]",1,[the sentence is offensive][because][it contains a racial slur],"{'race': 'white', 'political': 'conservative'}",race_political
1762,1,1821,90385194,0,"[the sentence is not offensive][because][the person is expressing a willingness to engage in a physical activity with someone, without any intent to offend]",1,[the sentence is offensive][because][it contains a racial slur],"{'race': 'white', 'political': 'conservative'}",race_political
1763,1,2220,36400600,1,[the sentence is offensive][because][it contains a racial slur and uses derogatory language],1,[the sentence is offensive][because][it contains a racial slur and a derogatory term],"{'race': 'white', 'political': 'conservative'}",both
1764,1,2220,73745450,1,[the sentence is offensive][because][it contains a racial slur and uses derogatory language],1,[the sentence is offensive][because][it contains a racial slur and a derogatory term],"{'race': 'white', 'political': 'conservative'}",both
1765,0,230,94108971,0,[the sentence is not offensive][because][it is a statement that highlights the difference between a derogatory term and a neutral term],0,[the sentence is not offensive][because][it is a statement that highlights the difference between a derogatory term and a neutral term],"{'race': 'white', 'political': 'conservative'}",both
1766,0,230,90385194,0,[the sentence is not offensive][because][it is a statement that highlights the difference between a derogatory term and a neutral term],0,[the sentence is not offensive][because][it is a statement that highlights the difference between a derogatory term and a neutral term],"{'race': 'white', 'political': 'conservative'}",both
1767,1,304,36400600,0,[the sentence is not offensive][because][it is a personal story about a person's experience with racism],0,[the sentence is not offensive][because][it is a personal story about a family conflict],"{'race': 'white', 'political': 'conservative'}",neither
1768,1,304,36344670,0,[the sentence is not offensive][because][it is a personal story about a person's experience with racism],0,[the sentence is not offensive][because][it is a personal story about a family conflict],"{'race': 'white', 'political': 'conservative'}",neither
1769,0,2145,36344670,0,[the sentence is not offensive][because][it is a narrative about a personal experience and does not contain hate speech],0,[the sentence is not offensive][because][it is a narrative about a personal experience and does not contain hate speech],"{'race': 'white', 'political': 'conservative'}",both
1770,0,2145,42458224,0,[the sentence is not offensive][because][it is a narrative about a personal experience and does not contain hate speech],0,[the sentence is not offensive][because][it is a narrative about a personal experience and does not contain hate speech],"{'race': 'white', 'political': 'conservative'}",both
1771,0,3437,44471637,1,[the sentence is offensive][because][it contains a derogatory term and a stereotype about parents using umbrella strollers for their babies],1,[the sentence is offensive][because][it contains a derogatory term and a stereotype about parents with young children],"{'race': 'white', 'political': 'conservative'}",neither
1772,1,3437,36344670,1,[the sentence is offensive][because][it contains a derogatory term and a stereotype about parents using umbrella strollers for their babies],1,[the sentence is offensive][because][it contains a derogatory term and a stereotype about parents with young children],"{'race': 'white', 'political': 'conservative'}",both
1773,1,355,36400600,0,[the sentence is not offensive][because][it is a response to a racial slur and the person is correcting the other kid],0,[the sentence is not offensive][because][it is a response to a racial slur and the person is correcting the other kid],"{'race': 'white', 'political': 'conservative'}",neither
1774,0,355,2385721,0,[the sentence is not offensive][because][it is a response to a racial slur and the person is correcting the other kid],0,[the sentence is not offensive][because][it is a response to a racial slur and the person is correcting the other kid],"{'race': 'white', 'political': 'conservative'}",both
1775,1,2142,2385721,1,[the sentence is offensive][because][it contains hate language and a racial slur],1,[the sentence is offensive][because][it contains hate language and a racial slur],"{'race': 'white', 'political': 'conservative'}",both
1776,1,2142,90385194,1,[the sentence is offensive][because][it contains hate language and a racial slur],1,[the sentence is offensive][because][it contains hate language and a racial slur],"{'race': 'white', 'political': 'conservative'}",both
1777,1,2180,94108971,1,[the sentence is offensive][because][it contains a racial slur and a derogatory term],1,[the sentence is offensive][because][it contains a racial slur and a derogatory term],"{'race': 'white', 'political': 'conservative'}",both
1778,1,2180,62599138,1,[the sentence is offensive][because][it contains a racial slur and a derogatory term],1,[the sentence is offensive][because][it contains a racial slur and a derogatory term],"{'race': 'white', 'political': 'neutral'}",both
1779,1,1562,36400600,0,[the sentence is not offensive][because][it is a factual statement about the minks and does not contain any hate speech or explicit language],0,[the sentence is not offensive][because][it is a factual statement about the minks and does not contain any hate speech or explicit language],"{'race': 'white', 'political': 'conservative'}",neither
1780,0,1562,94108971,0,[the sentence is not offensive][because][it is a factual statement about the rising of minks from mass graves],0,[the sentence is not offensive][because][it is a factual statement about the rising of minks from mass graves],"{'race': 'white', 'political': 'conservative'}",both
1781,0,1125,90385194,0,[the sentence is not offensive][because][it is a play on words and does not contain hate speech],0,[the sentence is not offensive][because][it is a play on words and does not contain hate speech],"{'race': 'white', 'political': 'conservative'}",both
1782,1,1842,90385194,0,[the sentence is not offensive][because][the person is expressing an opinion about the misuse of the racial slur 'nigga'],1,[the sentence is offensive][because][it uses a racial slur],"{'race': 'white', 'political': 'conservative'}",race_political
1783,1,1842,9175691,0,[the sentence is not offensive][because][the person is expressing an opinion about the misuse of the racial slur 'nigga'],1,[the sentence is offensive][because][it uses a racial slur],"{'race': 'white', 'political': 'conservative'}",race_political
1784,1,1862,36344670,1,[the sentence is offensive][because][it uses a racial slur],1,[the sentence is offensive][because][it uses a racial slur],"{'race': 'white', 'political': 'conservative'}",both
1785,1,1862,97537766,1,[the sentence is offensive][because][it uses a racial slur],1,[the sentence is offensive][because][it uses a racial slur],"{'race': 'white', 'political': 'conservative'}",both
1786,1,4069,45678981,1,[the sentence is offensive][because][it contains a racial slur and explicit language],1,[the sentence is offensive][because][it contains a racial slur and promotes a misogynistic attitude],"{'race': 'white', 'political': 'conservative'}",both
1787,0,4069,94108971,1,[the sentence is offensive][because][it contains a racial slur and explicit language],1,[the sentence is offensive][because][it contains a racial slur and promotes a misogynistic attitude],"{'race': 'white', 'political': 'conservative'}",neither
1788,1,654,36400600,1,[the sentence is offensive][because][it contains hate speech and derogatory language towards women and a specific ethnic group],1,[the sentence is offensive][because][it contains hate speech and derogatory language towards women and a specific ethnic group],"{'race': 'white', 'political': 'conservative'}",both
1789,1,655,45678981,1,[the sentence is offensive][because][it contains explicit language and derogatory terms],1,[the sentence is offensive][because][it contains explicit language and a derogatory term],"{'race': 'white', 'political': 'conservative'}",both
1790,1,729,36400600,1,[the sentence is offensive][because][it contains explicit language and a racial slur],1,[the sentence is offensive][because][it contains explicit language and a racial slur],"{'race': 'white', 'political': 'conservative'}",both
1791,1,729,94108971,1,[the sentence is offensive][because][it contains explicit language and a racial slur],1,[the sentence is offensive][because][it contains explicit language and a racial slur],"{'race': 'white', 'political': 'conservative'}",both
1792,0,3443,45678981,0,[the sentence is not offensive][because][it is a comment about a song and a country's performance in a competition],0,[the sentence is not offensive][because][it is a neutral comment about a music competition],"{'race': 'white', 'political': 'conservative'}",both
1793,0,3443,36344670,0,[the sentence is not offensive][because][it is a comment about a song and a country's performance in a competition],0,[the sentence is not offensive][because][it is a neutral comment about a music competition],"{'race': 'white', 'political': 'conservative'}",both
1794,1,2185,36400600,1,[the sentence is offensive][because][it contains a racial slur and a derogatory term for a person from africa],1,[the sentence is offensive][because][it contains a racial slur and a derogatory term for a person from africa],"{'race': 'white', 'political': 'conservative'}",both
1795,1,2185,36344670,1,[the sentence is offensive][because][it contains a racial slur and a derogatory term for a person from africa],1,[the sentence is offensive][because][it contains a racial slur and a derogatory term for a person from africa],"{'race': 'white', 'political': 'conservative'}",both
1796,0,393,36344670,1,[the sentence is offensive][because][it contains derogatory language towards women],1,[the sentence is offensive][because][it contains derogatory language towards women],"{'race': 'white', 'political': 'conservative'}",neither
1797,0,3893,94108971,1,[the sentence is offensive][because][it uses a racial slur and implies that people who are different will be hated],1,[the sentence is offensive][because][it uses a racial slur and implies that people who are different will be hated],"{'race': 'white', 'political': 'conservative'}",neither
1798,0,3893,42458224,1,[the sentence is offensive][because][it uses a racial slur and implies that people who are different will be hated],1,[the sentence is offensive][because][it uses a racial slur and implies that people who are different will be hated],"{'race': 'white', 'political': 'conservative'}",neither
1799,0,366,2385721,1,[the sentence is offensive][because][it contains a derogatory term for women],1,[the sentence is offensive][because][it conveys a negative emotion towards a gendered slur],"{'race': 'white', 'political': 'conservative'}",neither
1800,0,366,94108971,1,[the sentence is offensive][because][it contains a derogatory term for women],1,[the sentence is offensive][because][it conveys a negative emotion towards a gendered slur],"{'race': 'white', 'political': 'conservative'}",neither
1801,1,78,36344670,1,[the sentence is offensive][because][it contains a derogatory term for lesbians],1,[the sentence is offensive][because][it contains a derogatory term for a sexual orientation and a pejorative term for a group of people],"{'race': 'white', 'political': 'conservative'}",both
1802,1,2222,2385721,1,[the sentence is offensive][because][it contains a racial slur and derogatory language],1,[the sentence is offensive][because][it contains a racial slur and derogatory language],"{'race': 'white', 'political': 'conservative'}",both
1803,1,2222,90385194,1,[the sentence is offensive][because][it contains a racial slur and derogatory language],1,[the sentence is offensive][because][it contains a racial slur and derogatory language],"{'race': 'white', 'political': 'conservative'}",both
1804,0,3402,36400600,0,[the sentence is not offensive][because][it is a colloquial way to express frustration about noise],0,[the sentence is not offensive][because][it is a colloquial way to express frustration about noise],"{'race': 'white', 'political': 'conservative'}",both
1805,0,3402,36344670,0,[the sentence is not offensive][because][it is a colloquial way to express frustration about noise],0,[the sentence is not offensive][because][it is a colloquial way to express frustration about noise],"{'race': 'white', 'political': 'conservative'}",both
1806,0,206,36344670,0,[the sentence is not offensive][because][the person is expressing a preference for not hearing certain words],0,[the sentence is not offensive][because][the person is expressing a preference for not hearing certain words due to their personal experience],"{'race': 'white', 'political': 'conservative'}",both
1807,0,206,94108971,0,[the sentence is not offensive][because][the person is expressing a preference for not hearing certain words],0,[the sentence is not offensive][because][the person is expressing a preference for not hearing certain words due to their personal experience],"{'race': 'white', 'political': 'conservative'}",both
1808,1,697,45678981,1,[the sentence is offensive][because][it contains derogatory language and insults the person's mental health],1,[the sentence is offensive][because][it contains derogatory language and insults the person's mental health],"{'race': 'white', 'political': 'conservative'}",both
1809,1,324,45678981,1,[the sentence is offensive][because][it contains a racial slur and a derogatory term],1,[the sentence is offensive][because][it contains a racial slur and a stereotypical message],"{'race': 'white', 'political': 'conservative'}",both
1810,1,324,36400600,1,[the sentence is offensive][because][it contains a racial slur and a derogatory term],1,[the sentence is offensive][because][it contains a racial slur and a stereotypical message],"{'race': 'white', 'political': 'conservative'}",both
1811,1,3457,36400600,0,[the sentence is not offensive][because][it is a statement about the preference of some people to be known and broke rather than low-key and poor],0,[the sentence is not offensive][because][it is a quote from a song and the use of the word 'nigga' is not derogatory in this context],"{'race': 'white', 'political': 'conservative'}",neither
1812,1,3457,36344670,0,[the sentence is not offensive][because][it is a statement about the preference of some people to be known and broke rather than unknown and poor],0,[the sentence is not offensive][because][it is a quote from a song and the word 'nigga' is used in a non-offensive context],"{'race': 'white', 'political': 'conservative'}",neither
1813,0,239,36400600,0,[the sentence is not offensive][because][it is a call to action for women's empowerment],0,[the sentence is not offensive][because][it is a call to action for women's rights],"{'race': 'white', 'political': 'conservative'}",both
1814,0,239,94108971,0,[the sentence is not offensive][because][it is a call to action for women's empowerment],0,[the sentence is not offensive][because][it is a call to action for women's rights],"{'race': 'white', 'political': 'conservative'}",both
1815,1,967,36400600,1,[the sentence is offensive][because][it contains racial slurs and stereotypes],1,"[the sentence is offensive][because][it contains racial slurs and stereotypes, and promotes racism]","{'race': 'white', 'political': 'conservative'}",both
1816,1,967,36344670,1,[the sentence is offensive][because][it contains racial slurs and stereotypes],1,"[the sentence is offensive][because][it contains racial slurs and stereotypes, and promotes racism]","{'race': 'white', 'political': 'conservative'}",both
1817,1,1295,94108971,1,[the sentence is offensive][because][it contains hate speech and explicit language],1,[the sentence is offensive][because][it contains hate speech and explicit language],"{'race': 'white', 'political': 'conservative'}",both
1818,1,625,2385721,1,[the sentence is offensive][because][it contains a racial slur and a derogatory term],1,[the sentence is offensive][because][it contains a racial slur and a derogatory term],"{'race': 'white', 'political': 'conservative'}",both
1819,1,1865,36400600,1,[the sentence is offensive][because][it contains a racial slur and a derogatory term],1,[the sentence is offensive][because][it contains a racial slur and a derogatory term],"{'race': 'white', 'political': 'conservative'}",both
1820,1,1757,36400600,1,[the sentence is offensive][because][it promotes the use of a racial slur and contains a message of hate towards a specific group of people],1,[the sentence is offensive][because][it promotes the use of a racial slur and contains a message of hate towards immigrants],"{'race': 'white', 'political': 'conservative'}",both
1821,1,1757,42458224,1,[the sentence is offensive][because][it promotes the use of a racial slur and contains a message of hate towards a specific group of people],1,[the sentence is offensive][because][it promotes the use of a racial slur and contains a message of hate towards immigrants],"{'race': 'white', 'political': 'conservative'}",both
1822,1,2212,36400600,1,[the sentence is offensive][because][it contains hate speech and racial slurs],1,[the sentence is offensive][because][it contains hate speech and racial slurs],"{'race': 'white', 'political': 'conservative'}",both
1823,1,2212,42458224,1,[the sentence is offensive][because][it contains hate speech and racial slurs],1,[the sentence is offensive][because][it contains hate speech and racial slurs],"{'race': 'white', 'political': 'conservative'}",both
1824,0,3409,45678981,0,[the sentence is not offensive][because][it is a casual conversation between two people about a game],0,[the sentence is not offensive][because][it is a casual conversation between two people about a game],"{'race': 'white', 'political': 'conservative'}",both
1825,0,3409,2385721,0,[the sentence is not offensive][because][it is a casual conversation between two people about a game],0,[the sentence is not offensive][because][it is a casual conversation between two people about a game],"{'race': 'white', 'political': 'conservative'}",both
1826,0,344,45678981,1,[the sentence is offensive][because][it contains hate speech and derogatory language],1,[the sentence is offensive][because][it contains hate speech and derogatory language],"{'race': 'white', 'political': 'conservative'}",neither
1827,0,344,36400600,1,[the sentence is offensive][because][it contains hate speech and derogatory language],1,[the sentence is offensive][because][it contains hate speech and derogatory language],"{'race': 'white', 'political': 'conservative'}",neither
1828,1,4079,45678981,1,"[the sentence is offensive][because][it contains hate speech, vulgar language, and a racial slur]",1,[the sentence is offensive][because][it contains hate speech and a racial slur],"{'race': 'white', 'political': 'conservative'}",both
1829,1,4079,36344670,1,"[the sentence is offensive][because][it contains hate speech, vulgar language, and a racial slur]",1,[the sentence is offensive][because][it contains hate speech and a racial slur],"{'race': 'white', 'political': 'conservative'}",both
1830,1,1818,36400600,1,[the sentence is offensive][because][it uses a racial slur and is also aggressive],1,[the sentence is offensive][because][it uses a racial slur and is derogatory towards a group of people based on their appearance],"{'race': 'white', 'political': 'conservative'}",both
1831,1,1818,9175691,1,[the sentence is offensive][because][it uses a racial slur and is also aggressive],1,[the sentence is offensive][because][it uses a racial slur and is derogatory towards a group of people based on their appearance],"{'race': 'white', 'political': 'conservative'}",both
1832,1,415,45678981,1,[the sentence is offensive][because][it contains hate speech and derogatory language towards a specific group of people and their behavior],0,"[the sentence is not offensive][because][it is a personal opinion about the area and the people living there, and the language used is strong but not hate speech]","{'race': 'white', 'political': 'conservative'}",baseline
1833,1,415,36400600,1,[the sentence is offensive][because][it contains hate speech and derogatory language towards a specific group of people and their behavior],0,"[the sentence is not offensive][because][it is a personal opinion about the area and the people living there, and the language used is strong but not hate speech]","{'race': 'white', 'political': 'conservative'}",baseline
1834,1,3472,45678981,1,[the sentence is offensive][because][it contains derogatory language and a threat],1,[the sentence is offensive][because][it contains derogatory language towards women],"{'race': 'white', 'political': 'conservative'}",both
1835,1,3472,90385194,1,[the sentence is offensive][because][it contains derogatory language and a threat],1,[the sentence is offensive][because][it contains derogatory language towards women],"{'race': 'white', 'political': 'conservative'}",both
1836,1,3633,36400600,1,[the sentence is offensive][because][it conveys a stereotypical message suggesting that women are childish and immature],1,[the sentence is offensive][because][it conveys a stereotypical message suggesting that women are childish and immature],"{'race': 'white', 'political': 'conservative'}",both
1837,1,3633,9175691,1,[the sentence is offensive][because][it conveys a stereotypical message suggesting that women are childish and immature],1,[the sentence is offensive][because][it conveys a stereotypical message suggesting that women are childish and immature],"{'race': 'white', 'political': 'conservative'}",both
1838,1,2207,36400600,1,[the sentence is offensive][because][it uses a racial slur and perpetuates a stereotype],1,[the sentence is offensive][because][it uses a racial slur and conveys a negative stereotype],"{'race': 'white', 'political': 'conservative'}",both
1839,1,2207,2385721,1,[the sentence is offensive][because][it uses a racial slur and perpetuates a stereotype],1,[the sentence is offensive][because][it uses a racial slur and conveys a negative stereotype],"{'race': 'white', 'political': 'conservative'}",both
1840,1,2159,90385194,1,[the sentence is offensive][because][it contains multiple racial slurs and derogatory language],1,[the sentence is offensive][because][it contains multiple racial slurs and derogatory language],"{'race': 'white', 'political': 'conservative'}",both
1841,1,2159,9175691,1,[the sentence is offensive][because][it contains multiple racial slurs and derogatory language],1,[the sentence is offensive][because][it contains multiple racial slurs and derogatory language],"{'race': 'white', 'political': 'conservative'}",both
1842,0,2187,2385721,1,[the sentence is offensive][because][it contains a racial slur and explicit language],1,[the sentence is offensive][because][it contains a racial slur and explicit language],"{'race': 'white', 'political': 'conservative'}",neither
1843,1,2187,36344670,1,[the sentence is offensive][because][it contains a racial slur and explicit language],1,[the sentence is offensive][because][it contains a racial slur and explicit language],"{'race': 'white', 'political': 'conservative'}",both
1844,1,969,36400600,1,[the sentence is offensive][because][it contains a derogatory term for the lgbtq+ community],1,[the sentence is offensive][because][it contains a derogatory term for the lgbtq+ community],"{'race': 'white', 'political': 'conservative'}",both
1845,1,969,36344670,1,[the sentence is offensive][because][it contains a derogatory term for the lgbtq+ community],1,[the sentence is offensive][because][it contains a derogatory term for the lgbtq+ community],"{'race': 'white', 'political': 'conservative'}",both
1846,0,3062,2385721,0,[the sentence is not offensive][because][it is a quote from a song and the language used is a part of the song's style],0,[the sentence is not offensive][because][it is a quote from a song and the language used is common in hip-hop culture],"{'race': 'white', 'political': 'conservative'}",both
1847,1,3062,9175691,0,[the sentence is not offensive][because][it is a quote from a song and the language used is a part of the song's style],0,[the sentence is not offensive][because][it is a quote from a song and the language used is common in hip-hop culture],"{'race': 'white', 'political': 'conservative'}",neither
1848,1,2151,36400600,1,[the sentence is offensive][because][it contains hate speech and racial slurs],1,[the sentence is offensive][because][it contains hate speech and racial slurs],"{'race': 'white', 'political': 'conservative'}",both
1849,1,2151,36344670,1,[the sentence is offensive][because][it contains hate speech and racial slurs],1,[the sentence is offensive][because][it contains hate speech and racial slurs],"{'race': 'white', 'political': 'conservative'}",both
1850,1,3747,9175691,1,[the sentence is offensive][because][it contains hate language and derogatory terms],1,[the sentence is offensive][because][it contains hate language and derogatory terms],"{'race': 'white', 'political': 'conservative'}",both
1851,0,3442,36344670,1,[the sentence is offensive][because][it contains a derogatory comment about a deceased person],0,[the sentence is not offensive][because][it is a joke about a celebrity's appearance],"{'race': 'white', 'political': 'conservative'}",race_political
1852,1,3836,45678981,1,[the sentence is offensive][because][it contains derogatory language and objectifies women],1,[the sentence is offensive][because][it contains derogatory language towards women and uses a racial slur],"{'race': 'white', 'political': 'conservative'}",both
1853,0,381,2385721,1,[the sentence is offensive][because][it promotes violence against women],1,[the sentence is offensive][because][it promotes violence against women],"{'race': 'white', 'political': 'conservative'}",neither
1854,0,381,94108971,1,[the sentence is offensive][because][it promotes violence against women],1,[the sentence is offensive][because][it promotes violence against women],"{'race': 'white', 'political': 'conservative'}",neither
1855,1,1899,2385721,1,[the sentence is offensive][because][it contains a racial slur and makes a generalization about a racial group],1,[the sentence is offensive][because][it contains a racial slur and perpetuates a stereotype about the population of a specific racial group],"{'race': 'white', 'political': 'conservative'}",both
1856,1,1899,94108971,1,[the sentence is offensive][because][it contains a racial slur and makes a generalization about a racial group],1,[the sentence is offensive][because][it contains a racial slur and perpetuates a stereotype about the population of a specific racial group],"{'race': 'white', 'political': 'conservative'}",both
1857,0,631,45678981,0,[the sentence is not offensive][because][it is a colloquial expression of concern for a friend],0,[the sentence is not offensive][because][it is a colloquial expression of concern for a friend],"{'race': 'white', 'political': 'conservative'}",both
1858,0,631,2385721,0,[the sentence is not offensive][because][it is a colloquial expression of concern for a friend],0,[the sentence is not offensive][because][it is a colloquial expression of concern for a friend],"{'race': 'white', 'political': 'conservative'}",both
1859,1,4145,45678981,1,[the sentence is offensive][because][it contains a racial slur and explicit language],1,[the sentence is offensive][because][it contains a racial slur and explicit language],"{'race': 'white', 'political': 'conservative'}",both
1860,1,2205,90385194,1,[the sentence is offensive][because][it contains a racial slur and uses derogatory language to describe people from a specific neighborhood],1,[the sentence is offensive][because][it contains a racial slur and conveys a stereotypical message about people in the hood],"{'race': 'white', 'political': 'conservative'}",both
1861,1,2152,45678981,1,[the sentence is offensive][because][it contains a racial slur and a derogatory term],1,[the sentence is offensive][because][it contains a racial slur and a derogatory term],"{'race': 'white', 'political': 'conservative'}",both
1862,1,2152,36344670,1,[the sentence is offensive][because][it contains a racial slur and a derogatory term],1,[the sentence is offensive][because][it contains a racial slur and a derogatory term],"{'race': 'white', 'political': 'conservative'}",both
1863,1,2132,90385194,1,[the sentence is offensive][because][it contains a racial slur and a derogatory term],1,[the sentence is offensive][because][it contains a racial slur and a derogatory term],"{'race': 'white', 'political': 'conservative'}",both
1864,1,1854,36344670,1,[the sentence is offensive][because][it contains a racial slur and promotes a stereotype],1,[the sentence is offensive][because][it contains a racial slur and promotes a stereotype],"{'race': 'white', 'political': 'conservative'}",both
1865,1,1854,90385194,1,[the sentence is offensive][because][it contains a racial slur and promotes a stereotype],1,[the sentence is offensive][because][it contains a racial slur and promotes a stereotype],"{'race': 'white', 'political': 'conservative'}",both
1866,0,310,94108971,0,[the sentence is not offensive][because][it is a common idiomatic expression],0,[the sentence is not offensive][because][it is a common idiomatic expression],"{'race': 'white', 'political': 'conservative'}",both
1867,0,371,90385194,0,[the sentence is not offensive][because][it is a colloquial expression of affection and does not contain hate language],0,[the sentence is not offensive][because][it is a colloquial expression of affection and does not contain hate speech],"{'race': 'white', 'political': 'conservative'}",both
1868,1,371,9175691,0,[the sentence is not offensive][because][it is a colloquial expression of affection and does not contain hate language],0,[the sentence is not offensive][because][it is a colloquial expression of affection and does not contain hate speech],"{'race': 'white', 'political': 'conservative'}",neither
1869,1,3453,36344670,1,[the sentence is offensive][because][it contains derogatory language towards women and uses a slang term to refer to them],1,[the sentence is offensive][because][it contains derogatory language towards women and uses a stereotype about their personal hygiene],"{'race': 'white', 'political': 'conservative'}",both
1870,1,3453,9175691,1,[the sentence is offensive][because][it contains derogatory language towards women and uses a slang term to refer to them],1,[the sentence is offensive][because][it contains derogatory language towards women and uses a stereotype about their personal hygiene],"{'race': 'white', 'political': 'conservative'}",both
1871,0,348,36400600,1,[the sentence is offensive][because][it uses a racial slur],1,[the sentence is offensive][because][it uses a racial slur],"{'race': 'white', 'political': 'conservative'}",neither
1872,0,348,94108971,1,[the sentence is offensive][because][it uses a racial slur],1,[the sentence is offensive][because][it uses a racial slur],"{'race': 'white', 'political': 'conservative'}",neither
1873,1,1788,45678981,1,[the sentence is offensive][because][it contains a racial slur and a derogatory term for a woman],1,[the sentence is offensive][because][it conveys a racist message and uses a racial slur],"{'race': 'white', 'political': 'conservative'}",both
1874,1,1788,42458224,1,[the sentence is offensive][because][it contains a racial slur and a derogatory term for a woman],1,[the sentence is offensive][because][it conveys a racist message and uses a racial slur],"{'race': 'white', 'political': 'conservative'}",both
1875,1,1739,90385194,1,[the sentence is offensive][because][it contains a racial slur and promotes hate speech],1,[the sentence is offensive][because][it contains a racial slur and promotes racial segregation],"{'race': 'white', 'political': 'conservative'}",both
1876,1,1739,9175691,1,[the sentence is offensive][because][it contains a racial slur and promotes hate speech],1,[the sentence is offensive][because][it contains a racial slur and promotes racial segregation],"{'race': 'white', 'political': 'conservative'}",both
1877,1,3623,36344670,1,[the sentence is offensive][because][it contains hate speech and explicit language],1,[the sentence is offensive][because][it contains hate speech and explicit language],"{'race': 'white', 'political': 'conservative'}",both
1878,1,3623,94108971,1,[the sentence is offensive][because][it contains hate speech and explicit language],1,[the sentence is offensive][because][it contains hate speech and explicit language],"{'race': 'white', 'political': 'conservative'}",both
1879,1,4018,36344670,1,[the sentence is offensive][because][it contains a racial slur and a derogatory term for women],1,[the sentence is offensive][because][it contains a racial slur and a derogatory term for women],"{'race': 'white', 'political': 'conservative'}",both
1880,0,4018,94108971,1,[the sentence is offensive][because][it contains a racial slur and a derogatory term for women],1,[the sentence is offensive][because][it contains a racial slur and a derogatory term for women],"{'race': 'white', 'political': 'conservative'}",neither
1881,1,325,36400600,0,[the sentence is not offensive][because][it is a colloquial expression and does not contain hate language],0,[the sentence is not offensive][because][it is a colloquial expression and does not contain hate speech],"{'race': 'white', 'political': 'conservative'}",neither
1882,1,325,9175691,0,[the sentence is not offensive][because][it is a colloquial expression and does not contain hate language],0,[the sentence is not offensive][because][it is a colloquial expression and does not contain hate speech],"{'race': 'white', 'political': 'conservative'}",neither
1883,1,3476,36344670,1,[the sentence is offensive][because][it uses a racial slur and derogatory language],0,"[the sentence is not offensive][because][it is a colloquial way to address a group of people, although it may be perceived as informal or unprofessional]","{'race': 'white', 'political': 'conservative'}",baseline
1884,0,3476,94108971,1,[the sentence is offensive][because][it uses a racial slur and derogatory language],0,"[the sentence is not offensive][because][it is a colloquial way to address a group of people, although it may be perceived as informal or unprofessional]","{'race': 'white', 'political': 'conservative'}",race_political
1885,1,2164,45678981,1,[the sentence is offensive][because][it contains hate speech and a racial slur],1,[the sentence is offensive][because][it contains a racial slur and an insult],"{'race': 'white', 'political': 'conservative'}",both
1886,1,2164,36400600,1,[the sentence is offensive][because][it contains hate speech and a racial slur],1,[the sentence is offensive][because][it contains a racial slur and an insult],"{'race': 'white', 'political': 'conservative'}",both
1887,0,3859,94108971,1,[the sentence is offensive][because][it contains a racial slur and a derogatory term],1,[the sentence is offensive][because][it contains a racial slur and a derogatory message],"{'race': 'white', 'political': 'conservative'}",neither
1888,1,3859,9175691,1,[the sentence is offensive][because][it contains a racial slur and a derogatory term],1,[the sentence is offensive][because][it contains a racial slur and a derogatory message],"{'race': 'white', 'political': 'conservative'}",both
1889,1,1880,94108971,1,[the sentence is offensive][because][it contains a racial slur and a derogatory term],1,[the sentence is offensive][because][it conveys a stereotypical message suggesting that being a 'nigga' is something negative and contains a racial slur],"{'race': 'white', 'political': 'conservative'}",both
1890,1,4143,44471637,1,[the sentence is offensive][because][it contains explicit language and threats of violence],1,[the sentence is offensive][because][it contains explicit language and a threat of violence],"{'race': 'white', 'political': 'conservative'}",both
1891,1,4143,94108971,1,[the sentence is offensive][because][it contains explicit language and threats of violence],1,[the sentence is offensive][because][it contains explicit language and a threat of violence],"{'race': 'white', 'political': 'conservative'}",both
1892,0,3341,94108971,0,[the sentence is not offensive][because][it is a casual conversation about buying shoes],0,[the sentence is not offensive][because][it is a casual conversation about buying shoes],"{'race': 'white', 'political': 'conservative'}",both
1893,0,3341,42458224,0,[the sentence is not offensive][because][it is a casual conversation about buying shoes],0,[the sentence is not offensive][because][it is a casual conversation about buying shoes],"{'race': 'white', 'political': 'conservative'}",both
1894,0,4013,42458224,1,[the sentence is offensive][because][it contains explicit language and a threat],1,[the sentence is offensive][because][it contains explicit language and a threat],"{'race': 'white', 'political': 'conservative'}",neither
1895,1,4013,9175691,1,[the sentence is offensive][because][it contains explicit language and a threat],1,[the sentence is offensive][because][it contains explicit language and a threat],"{'race': 'white', 'political': 'conservative'}",both
1896,1,1787,36400600,1,[the sentence is offensive][because][it contains a racial slur and promotes the use of derogatory language],1,[the sentence is offensive][because][it contains a racial slur and promotes the use of another racial slur],"{'race': 'white', 'political': 'conservative'}",both
1897,1,1787,36344670,1,[the sentence is offensive][because][it contains a racial slur and promotes the use of derogatory language],1,[the sentence is offensive][because][it contains a racial slur and promotes the use of another racial slur],"{'race': 'white', 'political': 'conservative'}",both
1898,1,3973,36400600,1,[the sentence is offensive][because][it contains a racial slur and a threat],1,[the sentence is offensive][because][it contains a racial slur and a threat],"{'race': 'white', 'political': 'conservative'}",both
1899,1,3973,9175691,1,[the sentence is offensive][because][it contains a racial slur and a threat],1,[the sentence is offensive][because][it contains a racial slur and a threat],"{'race': 'white', 'political': 'conservative'}",both
1900,0,3167,36400600,1,[the sentence is offensive][because][it contains a threat of violence and a derogatory term],0,[the sentence is not offensive][because][it is a metaphorical expression of anger and frustration],"{'race': 'white', 'political': 'conservative'}",race_political
1901,0,3167,42458224,1,[the sentence is offensive][because][it contains a threat of violence and a derogatory term],0,[the sentence is not offensive][because][it is a metaphorical expression of anger and frustration],"{'race': 'white', 'political': 'conservative'}",race_political
1902,1,1763,45678981,1,[the sentence is offensive][because][it uses a racial slur and promotes a negative stereotype about black people],1,[the sentence is offensive][because][it uses a racial slur and promotes a negative stereotype about black people],"{'race': 'white', 'political': 'conservative'}",both
1903,1,1763,36400600,1,[the sentence is offensive][because][it uses a racial slur and promotes a negative stereotype about black people],1,[the sentence is offensive][because][it uses a racial slur and promotes a negative stereotype about black people],"{'race': 'white', 'political': 'conservative'}",both
1904,1,3051,2385721,1,[the sentence is offensive][because][it contains derogatory language and a pejorative term],1,[the sentence is offensive][because][it contains derogatory language and a pejorative term],"{'race': 'white', 'political': 'conservative'}",both
1905,1,1886,2385721,1,[the sentence is offensive][because][it contains a racial slur and is a call to action that could be perceived as mocking or belittling the person],1,[the sentence is offensive][because][it uses a racial slur and contains a threat],"{'race': 'white', 'political': 'conservative'}",both
1906,1,1886,36344670,1,[the sentence is offensive][because][it contains a racial slur and is a call to action that could be perceived as mocking or belittling the person],1,[the sentence is offensive][because][it uses a racial slur and contains a threat],"{'race': 'white', 'political': 'conservative'}",both
1907,1,1954,94108971,1,[the sentence is offensive][because][it contains hate speech and racial slur],1,[the sentence is offensive][because][it contains a racial slur and a derogatory comparison of a political figure's wife],"{'race': 'white', 'political': 'conservative'}",both
1908,0,717,36400600,1,[the sentence is offensive][because][it perpetuates a stereotype that black people are overrepresented in porn and uses a racial slur],1,[the sentence is offensive][because][it perpetuates a stereotype that black people are overrepresented in porn and uses a racial slur],"{'race': 'white', 'political': 'conservative'}",neither
1909,0,717,2385721,1,[the sentence is offensive][because][it perpetuates a stereotype that black people are overrepresented in porn and uses a racial slur],1,[the sentence is offensive][because][it perpetuates a stereotype that black people are overrepresented in porn and uses a racial slur],"{'race': 'white', 'political': 'conservative'}",neither
1910,1,1927,36400600,1,[the sentence is offensive][because][it promotes the use of a racial slur and contains a hate message],1,[the sentence is offensive][because][it promotes the use of a racial slur and contains a xenophobic message],"{'race': 'white', 'political': 'conservative'}",both
1911,1,1927,36344670,1,[the sentence is offensive][because][it promotes the use of a racial slur and contains a hate message],1,[the sentence is offensive][because][it promotes the use of a racial slur and contains a xenophobic message],"{'race': 'white', 'political': 'conservative'}",both
1912,1,698,45678981,1,[the sentence is offensive][because][it contains derogatory language and a personal attack on a woman],1,[the sentence is offensive][because][it contains derogatory language and a personal attack on a woman],"{'race': 'white', 'political': 'conservative'}",both
1913,0,698,94108971,1,[the sentence is offensive][because][it contains derogatory language and a personal attack on a woman],1,[the sentence is offensive][because][it contains derogatory language and a personal attack on a woman],"{'race': 'white', 'political': 'conservative'}",neither
1914,0,1802,2385721,0,[the sentence is not offensive][because][it is a statement of fact and does not contain any hate speech],0,[the sentence is not offensive][because][it is a statement of fact and does not contain any hate speech],"{'race': 'white', 'political': 'conservative'}",both
1915,1,1802,36344670,0,[the sentence is not offensive][because][it is a statement of fact and does not contain any hate speech],0,[the sentence is not offensive][because][it is a statement of fact and does not contain any hate speech],"{'race': 'white', 'political': 'conservative'}",neither
1916,1,1894,36400600,1,[the sentence is offensive][because][it uses a racial slur],1,[the sentence is offensive][because][it uses a racial slur],"{'race': 'white', 'political': 'conservative'}",both
1917,1,1894,36344670,1,[the sentence is offensive][because][it uses a racial slur],1,[the sentence is offensive][because][it uses a racial slur],"{'race': 'white', 'political': 'conservative'}",both
1918,1,1884,36344670,1,[the sentence is offensive][because][it uses a racial slur and a derogatory term to describe a person's appearance and behavior],1,[the sentence is offensive][because][it uses a racial slur and makes a derogatory comparison between two racial groups],"{'race': 'white', 'political': 'conservative'}",both
1919,1,1890,36344670,1,[the sentence is offensive][because][it contains a racial slur and a threat],1,[the sentence is offensive][because][it contains a racial slur and a threat of violence],"{'race': 'white', 'political': 'conservative'}",both
1920,1,1890,90385194,1,[the sentence is offensive][because][it contains a racial slur and a threat],1,[the sentence is offensive][because][it contains a racial slur and a threat of violence],"{'race': 'white', 'political': 'conservative'}",both
1921,0,3831,36400600,1,[the sentence is offensive][because][it contains explicit language and objectifies women],1,[the sentence is offensive][because][it contains a derogatory term for women and promotes objectification],"{'race': 'white', 'political': 'conservative'}",neither
1922,0,3831,2385721,1,[the sentence is offensive][because][it contains explicit language and objectifies women],1,[the sentence is offensive][because][it contains a derogatory term for women and promotes objectification],"{'race': 'white', 'political': 'conservative'}",neither
1923,0,2624,36400600,1,[the sentence is offensive][because][it contains derogatory language towards a female and implies that she is promiscuous],1,[the sentence is offensive][because][it contains derogatory language towards a woman and implies that she is promiscuous],"{'race': 'white', 'political': 'conservative'}",neither
1924,0,2624,94108971,1,[the sentence is offensive][because][it contains derogatory language towards a female and implies that she is promiscuous],1,[the sentence is offensive][because][it contains derogatory language towards a woman and implies that she is promiscuous],"{'race': 'white', 'political': 'conservative'}",neither
1925,1,630,41271654,1,[the sentence is offensive][because][it contains hate speech and explicit language],1,[the sentence is offensive][because][it contains hate speech and explicit language],"{'race': 'white', 'political': 'conservative'}",both
1926,1,630,90385194,1,[the sentence is offensive][because][it contains hate speech and explicit language],1,[the sentence is offensive][because][it contains hate speech and explicit language],"{'race': 'white', 'political': 'conservative'}",both
1927,1,963,36344670,1,[the sentence is offensive][because][it conveys a stereotypical message suggesting that a person's ethnicity is defined by their last name and contains derogatory language],1,[the sentence is offensive][because][it conveys a stereotypical message suggesting that a person's ethnicity is defined by their last name and contains derogatory language],"{'race': 'white', 'political': 'conservative'}",both
1928,1,963,9175691,1,[the sentence is offensive][because][it conveys a stereotypical message suggesting that a person's ethnicity is defined by their last name and contains derogatory language],1,[the sentence is offensive][because][it conveys a stereotypical message suggesting that a person's ethnicity is defined by their last name and contains derogatory language],"{'race': 'white', 'political': 'conservative'}",both
1929,1,3843,2385721,1,[the sentence is offensive][because][it contains a derogatory term for a woman and a colloquialism that can be perceived as dismissive of her feelings],1,[the sentence is offensive][because][it contains a derogatory term for a woman and a colloquialism that may be perceived as dismissive or disrespectful],"{'race': 'white', 'political': 'conservative'}",both
1930,0,3843,94108971,1,[the sentence is offensive][because][it contains a derogatory term for a woman and a colloquialism that can be perceived as dismissive of her feelings],1,[the sentence is offensive][because][it contains a derogatory term for a woman and a colloquialism that may be perceived as dismissive or disrespectful],"{'race': 'white', 'political': 'conservative'}",neither
1931,1,2167,36400600,1,[the sentence is offensive][because][it contains hate speech and uses a racial slur],1,[the sentence is offensive][because][it contains hate speech and a racial slur],"{'race': 'white', 'political': 'conservative'}",both
1932,1,2167,36344670,1,[the sentence is offensive][because][it contains hate speech and uses a racial slur],1,[the sentence is offensive][because][it contains hate speech and a racial slur],"{'race': 'white', 'political': 'conservative'}",both
1933,1,1393,36400600,1,[the sentence is offensive][because][it contains derogatory language and stereotypes about women and their behavior],1,[the sentence is offensive][because][it contains derogatory language and stereotypes about women and their behavior],"{'race': 'white', 'political': 'conservative'}",both
1934,1,1393,2385721,1,[the sentence is offensive][because][it contains derogatory language and stereotypes about women and their behavior],1,[the sentence is offensive][because][it contains derogatory language and stereotypes about women and their behavior],"{'race': 'white', 'political': 'conservative'}",both
1935,0,218,45678981,1,[the sentence is offensive][because][it uses derogatory language to address women],1,[the sentence is offensive][because][it uses derogatory language to address women],"{'race': 'white', 'political': 'conservative'}",neither
1936,0,218,36400600,1,[the sentence is offensive][because][it uses derogatory language to address women],1,[the sentence is offensive][because][it uses derogatory language to address women],"{'race': 'white', 'political': 'conservative'}",neither
1937,1,2219,45678981,1,[the sentence is offensive][because][it contains hate speech and promotes violence against a group of people],1,[the sentence is offensive][because][it contains hate speech and promotes violence against a group of people based on their race and ethnicity],"{'race': 'white', 'political': 'conservative'}",both
1938,1,2219,36344670,1,[the sentence is offensive][because][it contains hate speech and promotes violence against a group of people],1,[the sentence is offensive][because][it contains hate speech and promotes violence against a group of people based on their race and ethnicity],"{'race': 'white', 'political': 'conservative'}",both
1939,0,3480,36344670,0,[the sentence is not offensive][because][it is a colloquial expression of solidarity and support],0,[the sentence is not offensive][because][it is a colloquial expression of solidarity and friendship],"{'race': 'white', 'political': 'conservative'}",both
1940,0,3480,94108971,0,[the sentence is not offensive][because][it is a colloquial expression of solidarity and support],0,[the sentence is not offensive][because][it is a colloquial expression of solidarity and friendship],"{'race': 'white', 'political': 'conservative'}",both
1941,0,2586,36400600,0,[the sentence is not offensive][because][it is a prayer for people in need],0,[the sentence is not offensive][because][it is a prayer for people who are homeless],"{'race': 'white', 'political': 'conservative'}",both
1942,0,2586,94108971,0,[the sentence is not offensive][because][it is a prayer for people in need],0,[the sentence is not offensive][because][it is a prayer for people who are homeless],"{'race': 'white', 'political': 'conservative'}",both
1943,1,4017,44471637,0,[the sentence is not offensive][because][it is a colloquial expression and the use of the racial slur 'nigga' is contextual and does not promote hate speech],0,[the sentence is not offensive][because][it is a colloquial expression and the racial slur 'nigga' is used in a non-offensive context],"{'race': 'white', 'political': 'conservative'}",neither
1944,0,4017,36344670,0,[the sentence is not offensive][because][it is a colloquial expression and the use of the racial slur 'nigga' is contextual and does not promote hate speech],0,[the sentence is not offensive][because][it is a colloquial expression and the racial slur 'nigga' is used in a non-offensive context],"{'race': 'white', 'political': 'conservative'}",both
1945,0,204,36400600,0,[the sentence is not offensive][because][it is a neutral question about the origin of a term],0,[the sentence is not offensive][because][it is a neutral question about the origin of a term],"{'race': 'white', 'political': 'conservative'}",both
1946,0,204,2385721,0,[the sentence is not offensive][because][it is a neutral question about the origin of a term],0,[the sentence is not offensive][because][it is a neutral question about the origin of a term],"{'race': 'white', 'political': 'conservative'}",both
1947,1,4082,36344670,1,[the sentence is offensive][because][it contains a racial slur and promotes hate speech],1,[the sentence is offensive][because][it uses a racial slur and promotes hate speech],"{'race': 'white', 'political': 'conservative'}",both
1948,1,1503,94108971,1,[the sentence is offensive][because][it contains explicit language and derogatory term for lgbtq+ individuals],1,[the sentence is offensive][because][it contains explicit language and derogatory term for lgbtq+ individuals],"{'race': 'white', 'political': 'conservative'}",both
1949,1,1503,9175691,1,[the sentence is offensive][because][it contains explicit language and derogatory term for lgbtq+ individuals],1,[the sentence is offensive][because][it contains explicit language and derogatory term for lgbtq+ individuals],"{'race': 'white', 'political': 'conservative'}",both
1950,1,2221,36400600,1,[the sentence is offensive][because][it contains explicit language and a racial slur],1,[the sentence is offensive][because][it contains explicit language and a racial slur],"{'race': 'white', 'political': 'conservative'}",both
1951,1,2221,36344670,1,[the sentence is offensive][because][it contains explicit language and a racial slur],1,[the sentence is offensive][because][it contains explicit language and a racial slur],"{'race': 'white', 'political': 'conservative'}",both
1952,1,4133,47189637,1,[the sentence is offensive][because][it contains a racial slur and a derogatory term],1,[the sentence is offensive][because][it contains a racial slur and a derogatory term],"{'race': 'white', 'political': 'conservative'}",both
1953,1,4133,36344670,1,[the sentence is offensive][because][it contains a racial slur and a derogatory term],1,[the sentence is offensive][because][it contains a racial slur and a derogatory term],"{'race': 'white', 'political': 'conservative'}",both
1954,1,636,45678981,1,[the sentence is offensive][because][it contains a racial slur and uses explicit language],0,[the sentence is not offensive][because][it is a metaphorical expression of a person's feelings and contains strong language but no hate speech],"{'race': 'white', 'political': 'conservative'}",baseline
1955,1,636,36400600,1,[the sentence is offensive][because][it contains a racial slur and uses explicit language],0,[the sentence is not offensive][because][it is a metaphorical expression of a person's feelings and contains strong language but no hate speech],"{'race': 'white', 'political': 'conservative'}",baseline
1956,1,2213,18351762,1,[the sentence is offensive][because][it contains explicit language and a racial slur],1,[the sentence is offensive][because][it contains explicit language and a racial slur],"{'race': 'white', 'political': 'conservative'}",both
1957,1,2213,90385194,1,[the sentence is offensive][because][it contains explicit language and a racial slur],1,[the sentence is offensive][because][it contains explicit language and a racial slur],"{'race': 'white', 'political': 'conservative'}",both
1958,1,1928,98452149,1,[the sentence is offensive][because][it contains hate speech and racial slurs],1,[the sentence is offensive][because][it contains hate speech and racial slurs],"{'race': 'white', 'political': 'neutral'}",both
1959,1,1928,36344670,1,[the sentence is offensive][because][it contains hate speech and racial slurs],1,[the sentence is offensive][because][it contains hate speech and racial slurs],"{'race': 'white', 'political': 'conservative'}",both
1960,1,1849,94108971,1,[the sentence is offensive][because][it uses a racial slur and perpetuates a negative stereotype],1,[the sentence is offensive][because][it uses a racial slur and perpetuates a negative stereotype],"{'race': 'white', 'political': 'conservative'}",both
1961,1,1849,90385194,1,[the sentence is offensive][because][it uses a racial slur and perpetuates a negative stereotype],1,[the sentence is offensive][because][it uses a racial slur and perpetuates a negative stereotype],"{'race': 'white', 'political': 'conservative'}",both
1962,0,3119,36400600,1,[the sentence is offensive][because][it contains a derogatory term for women and implies that the speaker is objectifying them],1,[the sentence is offensive][because][it conveys a stereotypical message suggesting that women are objects for men's sexual gratification and contains colloquial language that is derogatory towards women],"{'race': 'white', 'political': 'conservative'}",neither
1963,1,3119,9175691,1,[the sentence is offensive][because][it contains a derogatory term for women and implies that the speaker is objectifying them],1,[the sentence is offensive][because][it conveys a stereotypical message suggesting that women are objects for men's sexual gratification and contains colloquial language that is derogatory towards women],"{'race': 'white', 'political': 'conservative'}",both
1964,0,1396,36400600,1,[the sentence is offensive][because][it contains a derogatory term for women and makes a generalization about a group of people based on their birth year],1,[the sentence is offensive][because][it contains a derogatory term for women and makes a generalization about a group of people based on their birth year],"{'race': 'white', 'political': 'conservative'}",neither
1965,1,1396,36344670,1,[the sentence is offensive][because][it contains a derogatory term for women and makes a generalization about a group of people based on their birth year],1,[the sentence is offensive][because][it contains a derogatory term for women and makes a generalization about a group of people based on their birth year],"{'race': 'white', 'political': 'conservative'}",both
1966,0,3827,36400600,1,[the sentence is offensive][because][it contains derogatory language and a stereotype about women],1,[the sentence is offensive][because][it contains derogatory language towards women and uses a racial slur],"{'race': 'white', 'political': 'conservative'}",neither
1967,1,3827,9175691,1,[the sentence is offensive][because][it contains derogatory language and a stereotype about women],1,[the sentence is offensive][because][it contains derogatory language towards women and uses a racial slur],"{'race': 'white', 'political': 'conservative'}",both
1968,0,3735,62599138,0,[the sentence is not offensive][because][it is a colloquial expression of frustration and a statement of faith],0,[the sentence is not offensive][because][it is a colloquial expression of frustration and a personal affirmation of faith],"{'race': 'white', 'political': 'neutral'}",both
1969,0,3522,7288661,0,[the sentence is not offensive][because][it is a nonsensical sentence],0,[the sentence is not offensive][because][it is a nonsensical sentence with no clear meaning or context],"{'race': 'white', 'political': 'conservative'}",both
1970,0,3522,69198055,0,[the sentence is not offensive][because][it is a nonsensical sentence],0,[the sentence is not offensive][because][it is a nonsensical sentence with no clear meaning or context],"{'race': 'white', 'political': 'conservative'}",both
1971,0,3396,7288661,0,"[the sentence is not offensive][because][it is a personal attack on a person, but it does not contain hate speech or explicit language]",0,[the sentence is not offensive][because][it is a personal attack on a person and their relationship],"{'race': 'white', 'political': 'conservative'}",both
1972,0,3396,40102629,0,"[the sentence is not offensive][because][it is a personal attack on a person, but it does not contain hate speech or explicit language]",0,"[the sentence is not offensive][because][it is a personal attack on a person, but it does not contain hate speech or explicit language]","{'race': 'white', 'political': 'conservative'}",both
1973,1,3504,40102629,1,[the sentence is offensive][because][it contains a racial slur and a threat],1,[the sentence is offensive][because][it contains a racial slur and a derogatory message],"{'race': 'white', 'political': 'conservative'}",both
1974,0,3395,14271410,0,[the sentence is not offensive][because][it is a personal reflection and does not contain any hate speech or explicit language],0,[the sentence is not offensive][because][it is a personal reflection and does not contain any hate speech or explicit language],"{'race': 'white', 'political': 'conservative'}",both
1975,0,3395,63428654,0,[the sentence is not offensive][because][it is a personal reflection and does not contain any hate speech or explicit language],0,[the sentence is not offensive][because][it is a personal statement about the speaker's behavior and does not contain any hate speech or explicit language],"{'race': 'white', 'political': 'neutral'}",both
1976,0,3276,63428654,0,[the sentence is not offensive][because][it is a colloquial way to comment on the social media],0,[the sentence is not offensive][because][it is a colloquial way to comment on the social media],"{'race': 'white', 'political': 'neutral'}",both
1977,0,3276,69198055,0,[the sentence is not offensive][because][it is a colloquial way to comment on the social media],0,[the sentence is not offensive][because][it is a colloquial way to express excitement about seeing posts about perks on facebook],"{'race': 'white', 'political': 'conservative'}",both
1978,0,3380,7288661,0,[the sentence is not offensive][because][it is a fictional dialogue and does not contain any explicit language or hate speech],0,[the sentence is not offensive][because][it is a fictional dialogue and does not contain any hate speech or explicit language],"{'race': 'white', 'political': 'conservative'}",both
1979,0,3380,63428654,0,[the sentence is not offensive][because][it is a fictional dialogue and does not contain any explicit language or hate speech],0,[the sentence is not offensive][because][it is a fictional dialogue and does not contain any hate speech or explicit language],"{'race': 'white', 'political': 'neutral'}",both
1980,0,3295,7288661,0,[the sentence is not offensive][because][it is a joke about masculinity and the use of a hashtag does not make the sentence offensive],0,[the sentence is not offensive][because][it is a joke about masculinity and the use of a hashtag does not make it offensive],"{'race': 'white', 'political': 'conservative'}",both
1981,0,3295,69198055,0,[the sentence is not offensive][because][it is a joke about masculinity and the use of a hashtag does not make the sentence offensive],0,[the sentence is not offensive][because][it is a joke about masculinity and the use of a hashtag does not make it offensive],"{'race': 'white', 'political': 'conservative'}",both
1982,0,3517,7288661,0,[the sentence is not offensive][because][it is a playful use of language and contains a typo],0,[the sentence is not offensive][because][it is a playful use of language and contains a typo],"{'race': 'white', 'political': 'conservative'}",both
1983,0,3517,40102629,0,[the sentence is not offensive][because][it is a playful use of language and contains a typo],0,[the sentence is not offensive][because][it is a playful use of language and contains a typo],"{'race': 'white', 'political': 'conservative'}",both
1984,0,3649,14271410,0,[the sentence is not offensive][because][it is a colloquial way to describe a situation and does not contain hate language],0,[the sentence is not offensive][because][it is a colloquial way to describe a situation and does not contain hate language],"{'race': 'white', 'political': 'conservative'}",both
1985,0,3505,7288661,0,[the sentence is not offensive][because][it is a casual conversation between friends],0,[the sentence is not offensive][because][it is a casual conversation between friends],"{'race': 'white', 'political': 'conservative'}",both
1986,1,3505,63428654,0,[the sentence is not offensive][because][it is a casual conversation between friends],0,[the sentence is not offensive][because][it is a casual conversation between friends],"{'race': 'white', 'political': 'neutral'}",neither
1987,1,3430,44471637,0,[the sentence is not offensive][because][it is a statement about personal boundaries and consequences of hurtful behavior],0,[the sentence is not offensive][because][it is a hypothetical scenario and the language used is not explicit or derogatory],"{'race': 'white', 'political': 'conservative'}",neither
1988,0,3430,14271410,0,[the sentence is not offensive][because][it is a statement about personal boundaries and consequences of hurtful behavior],0,[the sentence is not offensive][because][it is a hypothetical scenario and the language used is not explicit or derogatory],"{'race': 'white', 'political': 'conservative'}",both
1989,1,3534,7288661,1,[the sentence is offensive][because][it conveys a stereotypical message suggesting that black communities are not benefiting from the ben & jerry's money and contains a racial slur],1,[the sentence is offensive][because][it conveys a stereotypical message suggesting that black communities are not worthy of receiving financial support from a white-owned company],"{'race': 'white', 'political': 'conservative'}",both
1990,1,3534,63428654,1,[the sentence is offensive][because][it conveys a stereotypical message suggesting that black communities are not benefiting from the ben & jerry's money and contains a racial slur],1,[the sentence is offensive][because][it conveys a stereotypical message suggesting that black communities are not benefiting from the ben & jerry money and contains a racial slur],"{'race': 'white', 'political': 'neutral'}",both
1991,1,3540,7288661,0,[the sentence is not offensive][because][it is a colloquial way to express frustration in a relationship],0,[the sentence is not offensive][because][it is a colloquial way to express frustration in a relationship],"{'race': 'white', 'political': 'conservative'}",neither
1992,1,3540,40102629,0,[the sentence is not offensive][because][it is a colloquial way to express frustration in a relationship],0,[the sentence is not offensive][because][it is a colloquial way to express frustration in a relationship],"{'race': 'white', 'political': 'conservative'}",neither
1993,0,3359,14271410,0,[the sentence is not offensive][because][it is a statement about a hypothetical situation],0,[the sentence is not offensive][because][it is a statement about a hypothetical situation],"{'race': 'white', 'political': 'conservative'}",both
1994,0,3300,7288661,0,[the sentence is not offensive][because][it is a poetic phrase with no explicit language or hate speech],0,[the sentence is not offensive][because][it is a poetic phrase with no apparent intent to offend],"{'race': 'white', 'political': 'conservative'}",both
1995,0,3300,69198055,0,[the sentence is not offensive][because][it is a poetic phrase with no explicit language or hate speech],0,[the sentence is not offensive][because][it is a poetic phrase with no apparent intent to offend],"{'race': 'white', 'political': 'conservative'}",both
1996,1,3693,7288661,1,[the sentence is offensive][because][it contains explicit language and a threat],1,[the sentence is offensive][because][it contains explicit language and a threat],"{'race': 'white', 'political': 'conservative'}",both
1997,0,3693,14271410,1,[the sentence is offensive][because][it contains explicit language and a threat],1,[the sentence is offensive][because][it contains explicit language and a threat],"{'race': 'white', 'political': 'conservative'}",neither
1998,0,3254,7288661,0,[the sentence is not offensive][because][it is a neutral statement about cutting people off],0,[the sentence is not offensive][because][it is a neutral statement about cutting people off and saving space for others],"{'race': 'white', 'political': 'conservative'}",both
1999,0,3254,63428654,0,[the sentence is not offensive][because][it is a neutral statement about cutting people off],0,[the sentence is not offensive][because][it is a neutral statement about cutting people off],"{'race': 'white', 'political': 'neutral'}",both
2000,0,3284,7288661,0,[the sentence is not offensive][because][it is a poetic way to express a feeling],0,[the sentence is not offensive][because][it is a poetic way to express a feeling of pain and frustration],"{'race': 'white', 'political': 'conservative'}",both
2001,0,3284,40102629,0,[the sentence is not offensive][because][it is a poetic way to express a feeling],0,[the sentence is not offensive][because][it is a poetic way to express a feeling of pain and frustration],"{'race': 'white', 'political': 'conservative'}",both
2002,1,3536,41313113,1,[the sentence is offensive][because][it contains hate speech and derogatory language towards the lgbtq+ community],1,[the sentence is offensive][because][it contains hate speech and derogatory language towards the lgbtq+ community],"{'race': 'white', 'political': 'conservative'}",both
2003,1,3536,69198055,1,[the sentence is offensive][because][it contains hate speech and derogatory language towards the lgbtq+ community],1,[the sentence is offensive][because][it contains hate speech and derogatory language towards the lgbtq+ community],"{'race': 'white', 'political': 'conservative'}",both
2004,0,3521,7288661,1,[the sentence is offensive][because][it contains explicit language and is directed at a public figure],1,[the sentence is offensive][because][it contains explicit language and is directed at a public figure],"{'race': 'white', 'political': 'conservative'}",neither
2005,1,3521,14271410,1,[the sentence is offensive][because][it contains explicit language and is directed at a public figure],1,[the sentence is offensive][because][it contains explicit language and is directed at a public figure],"{'race': 'white', 'political': 'conservative'}",both
2006,0,3385,7288661,0,[the sentence is not offensive][because][it is a colloquial way to express excitement and anticipation about a situation],0,[the sentence is not offensive][because][it is a colloquial way to express excitement and anticipation for a tv show],"{'race': 'white', 'political': 'conservative'}",both
2007,0,3385,63428654,0,[the sentence is not offensive][because][it is a colloquial way to express excitement and anticipation about a situation],0,[the sentence is not offensive][because][it is a colloquial way to express excitement and anticipation about a tv show],"{'race': 'white', 'political': 'neutral'}",both
2008,1,3481,14271410,1,[the sentence is offensive][because][it contains vulgar language and a derogatory term for women],1,[the sentence is offensive][because][it contains hate language and a derogatory term for women],"{'race': 'white', 'political': 'conservative'}",both
2009,0,3294,7288661,0,[the sentence is not offensive][because][it is a poetic expression of frustration and hardship],0,[the sentence is not offensive][because][it is a poetic expression of frustration and hardship],"{'race': 'white', 'political': 'conservative'}",both
2010,0,3294,40102629,0,[the sentence is not offensive][because][it is a poetic expression of frustration and hardship],0,[the sentence is not offensive][because][it is a poetic expression of frustration and hardship],"{'race': 'white', 'political': 'conservative'}",both
2011,0,3665,14271410,1,[the sentence is offensive][because][it contains explicit language and implies a romantic relationship with a character who is a mass murderer],1,[the sentence is offensive][because][it conveys a stereotypical message suggesting that women are overly emotional and contains vulgar language],"{'race': 'white', 'political': 'conservative'}",neither
2012,0,3676,7288661,0,[the sentence is not offensive][because][it is a compliment to the artist and does not contain any hate speech],0,[the sentence is not offensive][because][it is a compliment to the artist and does not contain any hate speech],"{'race': 'white', 'political': 'conservative'}",both
2013,0,3239,7288661,0,[the sentence is not offensive][because][it is a quote from a song and a comment about a news article],0,[the sentence is not offensive][because][it is a political statement with a colloquial expression],"{'race': 'white', 'political': 'conservative'}",both
2014,0,3239,63428654,0,[the sentence is not offensive][because][it is a quote from a song and a comment about a news article],0,[the sentence is not offensive][because][it is a quote from a song and a comment about a news article],"{'race': 'white', 'political': 'neutral'}",both
2015,0,3765,40102629,1,[the sentence is offensive][because][it contains explicit language and objectifies women],1,[the sentence is offensive][because][it conveys a stereotypical message suggesting that women are primarily interested in men who can provide financial support and sex],"{'race': 'white', 'political': 'conservative'}",neither
2016,0,3765,69198055,1,[the sentence is offensive][because][it contains explicit language and objectifies women],1,[the sentence is offensive][because][it conveys a stereotypical message suggesting that women are primarily interested in men who can provide financial support and sex],"{'race': 'white', 'political': 'conservative'}",neither
2017,0,3545,7288661,0,[the sentence is not offensive][because][it is a subjective opinion about a movie],0,[the sentence is not offensive][because][it is a subjective opinion about a movie],"{'race': 'white', 'political': 'conservative'}",both
2018,0,3545,14271410,0,[the sentence is not offensive][because][it is a subjective opinion about a movie],0,[the sentence is not offensive][because][it is a subjective opinion about a movie],"{'race': 'white', 'political': 'conservative'}",both
2019,1,3562,99358825,1,[the sentence is offensive][because][it contains a slang term for a derogatory word and uses profanity],1,[the sentence is offensive][because][it contains a slang term that can be used to describe a person of color and also contains vulgar language],"{'race': 'white', 'political': 'conservative'}",both
2020,1,3562,63428654,1,[the sentence is offensive][because][it contains a slang term for a derogatory word and uses profanity],0,[the sentence is not offensive][because][it is a colloquial way to express frustration with someone's behavior],"{'race': 'white', 'political': 'neutral'}",baseline
2021,0,3560,7288661,0,[the sentence is not offensive][because][it is a frustrated comment about a celebrity not responding to a question],0,[the sentence is not offensive][because][it is a frustrated comment about a celebrity not responding to a fan's question],"{'race': 'white', 'political': 'conservative'}",both
2022,1,3560,63428654,0,[the sentence is not offensive][because][it is a frustrated comment about a celebrity not responding to a question],0,[the sentence is not offensive][because][it is a frustrated comment about a celebrity not responding to a fan's question],"{'race': 'white', 'political': 'neutral'}",neither
2023,1,3389,7288661,0,[the sentence is not offensive][because][it is a colloquial way to express frustration and contains informal language],0,[the sentence is not offensive][because][it is a colloquial way to express frustration and contains informal language],"{'race': 'white', 'political': 'conservative'}",neither
2024,1,3389,63428654,0,[the sentence is not offensive][because][it is a colloquial way to express frustration and contains informal language],0,[the sentence is not offensive][because][it is a colloquial way to express frustration and contains informal language],"{'race': 'white', 'political': 'neutral'}",neither
2025,1,3570,14271410,1,[the sentence is offensive][because][it conveys a message that suggests that someone who shares intimate content with you has lost their right to privacy and contains explicit language],1,[the sentence is offensive][because][it conveys a message that it is wrong to share intimate images without consent and contains explicit language],"{'race': 'white', 'political': 'conservative'}",both
2026,0,3550,7288661,0,[the sentence is not offensive][because][it is a metaphorical expression of a person's frustration and does not contain hate or explicit language],0,[the sentence is not offensive][because][it is a metaphorical expression of a person's frustration and does not contain hate speech or explicit language],"{'race': 'white', 'political': 'conservative'}",both
2027,0,3550,14271410,0,[the sentence is not offensive][because][it is a metaphorical expression of a person's frustration and does not contain hate or explicit language],0,[the sentence is not offensive][because][it is a metaphorical expression of a person's frustration and does not contain hate speech or explicit language],"{'race': 'white', 'political': 'conservative'}",both
2028,0,3531,14271410,0,[the sentence is not offensive][because][it is a subjective statement that expresses a personal opinion],0,[the sentence is not offensive][because][it is a colloquial way to express a thought],"{'race': 'white', 'political': 'conservative'}",both
2029,0,3531,12629350,0,[the sentence is not offensive][because][it is a subjective statement that expresses a personal opinion],0,[the sentence is not offensive][because][it is a colloquial way to express a thought],"{'race': 'white', 'political': 'conservative'}",both
2030,0,3533,7288661,0,"[the sentence is not offensive][because][it is a frustrated statement about a job, but it does not contain hate speech or explicit language]",0,[the sentence is not offensive][because][it is a frustrated statement about a job and contains a colloquial expression],"{'race': 'white', 'political': 'conservative'}",both
2031,0,3533,69198055,0,"[the sentence is not offensive][because][it is a frustrated statement about a job, but it does not contain hate speech or explicit language]",0,[the sentence is not offensive][because][it is a frustrated statement about a job and contains a colloquial expression],"{'race': 'white', 'political': 'conservative'}",both
2032,0,3399,44471637,0,[the sentence is not offensive][because][it is a joke about a person named cree and the use of the word 'gas' is a colloquialism for 'gasoline'],0,[the sentence is not offensive][because][it is a joke about a person named cree and the use of the word 'gas' in a non-explicit context],"{'race': 'white', 'political': 'conservative'}",both
2033,0,3399,14271410,0,[the sentence is not offensive][because][it is a joke about a person named cree and the use of the word 'gas' is a colloquialism for 'gasoline'],0,[the sentence is not offensive][because][it is a joke about a person named cree and the use of the word 'gas' in a non-explicit context],"{'race': 'white', 'political': 'conservative'}",both
2034,0,3508,40102629,0,[the sentence is not offensive][because][it is an expression of anger and frustration],0,[the sentence is not offensive][because][it is an expression of anger and frustration],"{'race': 'white', 'political': 'conservative'}",both
2035,0,3508,14271410,0,[the sentence is not offensive][because][it is an expression of anger and frustration],0,[the sentence is not offensive][because][it is an expression of anger and frustration],"{'race': 'white', 'political': 'conservative'}",both
2036,0,3240,44471637,0,[the sentence is not offensive][because][it is a personal expression of vulnerability and frustration],0,[the sentence is not offensive][because][it is a personal expression of vulnerability and frustration],"{'race': 'white', 'political': 'conservative'}",both
2037,0,3240,63428654,0,[the sentence is not offensive][because][it is a personal expression of vulnerability and frustration],0,[the sentence is not offensive][because][it is a personal expression of vulnerability and frustration],"{'race': 'white', 'political': 'neutral'}",both
2038,0,3233,14271410,0,[the sentence is not offensive][because][it is a metaphorical expression of sadness and frustration],0,[the sentence is not offensive][because][it is a metaphorical expression of sadness and frustration],"{'race': 'white', 'political': 'conservative'}",both
2039,1,3233,5442867,0,[the sentence is not offensive][because][it is a metaphorical expression of sadness and frustration],0,[the sentence is not offensive][because][it is a metaphorical expression of sadness and frustration],"{'race': 'white', 'political': 'conservative'}",neither
2040,0,3420,40102629,0,[the sentence is not offensive][because][it is a message of self-empowerment and self-love],0,[the sentence is not offensive][because][it is a message of self-empowerment and self-control],"{'race': 'white', 'political': 'conservative'}",both
2041,1,3468,63428654,1,[the sentence is offensive][because][it contains derogatory language and a misogynistic message],1,[the sentence is offensive][because][it conveys a stereotypical message suggesting that women are jealous and contain derogatory language],"{'race': 'white', 'political': 'neutral'}",both
2042,1,3468,69198055,1,[the sentence is offensive][because][it contains derogatory language and a misogynistic message],1,[the sentence is offensive][because][it conveys a stereotypical message suggesting that women are jealous and use their anger to get attention],"{'race': 'white', 'political': 'conservative'}",both
2043,0,3390,44471637,0,[the sentence is not offensive][because][it is a list of people to follow on social media],0,[the sentence is not offensive][because][it is a list of people to follow on social media],"{'race': 'white', 'political': 'conservative'}",both
2044,0,3390,40102629,0,[the sentence is not offensive][because][it is a list of people to follow on social media],0,[the sentence is not offensive][because][it is a list of people to follow on social media],"{'race': 'white', 'political': 'conservative'}",both
2045,0,3502,44471637,1,[the sentence is offensive][because][it contains explicit language and a sexual reference],1,[the sentence is offensive][because][it contains a sexual innuendo and a colloquialism that can be perceived as derogatory towards women],"{'race': 'white', 'political': 'conservative'}",neither
2046,0,3502,69198055,1,[the sentence is offensive][because][it contains explicit language and a sexual reference],1,[the sentence is offensive][because][it contains a sexual innuendo and a colloquialism that can be perceived as derogatory towards women],"{'race': 'white', 'political': 'conservative'}",neither
2047,0,3345,7288661,0,[the sentence is not offensive][because][it is a casual conversation about a personal matter],0,[the sentence is not offensive][because][it is a casual conversation about phone settings and personal life],"{'race': 'white', 'political': 'conservative'}",both
2048,0,3345,9175691,0,[the sentence is not offensive][because][it is a casual conversation about a personal matter],0,[the sentence is not offensive][because][it is a casual conversation about phone settings and personal life],"{'race': 'white', 'political': 'conservative'}",both
2049,0,3473,7288661,1,[the sentence is offensive][because][it contains derogatory language towards women and uses a colloquial expression that is often associated with hate speech],1,[the sentence is offensive][because][it contains derogatory language towards women and uses a racial slur],"{'race': 'white', 'political': 'conservative'}",neither
2050,1,3473,63428654,1,[the sentence is offensive][because][it contains derogatory language towards women and uses a colloquial expression that is often associated with hate speech],1,[the sentence is offensive][because][it contains derogatory language towards women and uses a racial slur],"{'race': 'white', 'political': 'neutral'}",both
2051,0,4066,7288661,1,[the sentence is offensive][because][it contains explicit language and a derogatory term],0,[the sentence is not offensive][because][it is a colloquial way to express excitement about a trip],"{'race': 'white', 'political': 'conservative'}",race_political
2052,1,4066,40102629,1,[the sentence is offensive][because][it contains explicit language and a derogatory term],0,[the sentence is not offensive][because][it is a colloquial way to express excitement about a trip],"{'race': 'white', 'political': 'conservative'}",baseline
2053,1,3625,44471637,0,[the sentence is not offensive][because][it is a colloquial way to express a personal sentiment],0,[the sentence is not offensive][because][it is a colloquial way to express a personal sentiment],"{'race': 'white', 'political': 'conservative'}",neither
2054,0,3625,69198055,0,[the sentence is not offensive][because][it is a colloquial way to express a personal sentiment],0,[the sentence is not offensive][because][it is a colloquial way to express a personal sentiment],"{'race': 'white', 'political': 'conservative'}",both
2055,1,4127,7288661,1,[the sentence is offensive][because][it contains explicit language and a derogatory term for a woman],1,[the sentence is offensive][because][it contains explicit language and a derogatory term for a woman],"{'race': 'white', 'political': 'conservative'}",both
2056,1,4127,69198055,1,[the sentence is offensive][because][it contains explicit language and a derogatory term for a woman],1,[the sentence is offensive][because][it contains explicit language and a derogatory term for a woman],"{'race': 'white', 'political': 'conservative'}",both
2057,0,3657,44471637,0,[the sentence is not offensive][because][it is a statement about a personal experience],0,[the sentence is not offensive][because][it is a personal statement about the impact of cheerleading on the speaker's joints],"{'race': 'white', 'political': 'conservative'}",both
2058,0,3657,14271410,0,[the sentence is not offensive][because][it is a statement about a personal experience],0,[the sentence is not offensive][because][it is a personal statement about the impact of cheerleading on the speaker's joints],"{'race': 'white', 'political': 'conservative'}",both
2059,0,3243,7288661,0,[the sentence is not offensive][because][it is a statement about the physical resemblance of the jackson family members],0,[the sentence is not offensive][because][it is a statement about the physical resemblance of the jackson family members],"{'race': 'white', 'political': 'conservative'}",both
2060,0,3559,14271410,0,[the sentence is not offensive][because][it is a common expression of frustration],0,[the sentence is not offensive][because][it is a common expression of frustration],"{'race': 'white', 'political': 'conservative'}",both
2061,0,3559,69198055,0,[the sentence is not offensive][because][it is a common expression of frustration],0,[the sentence is not offensive][because][it is a common expression of frustration],"{'race': 'white', 'political': 'conservative'}",both
2062,0,3225,7288661,0,[the sentence is not offensive][because][it is a positive comment about a performance],0,[the sentence is not offensive][because][it is a positive comment about a performance],"{'race': 'white', 'political': 'conservative'}",both
2063,0,3225,40102629,0,[the sentence is not offensive][because][it is a positive comment about a performance],0,[the sentence is not offensive][because][it is a positive comment about a performance],"{'race': 'white', 'political': 'conservative'}",both
2064,0,3603,14271410,0,[the sentence is not offensive][because][it is an enthusiastic expression of a personal experience],0,[the sentence is not offensive][because][it is just an enthusiastic expression of a personal experience],"{'race': 'white', 'political': 'conservative'}",both
2065,0,3603,69198055,0,[the sentence is not offensive][because][it is an enthusiastic expression of a personal experience],0,[the sentence is not offensive][because][it is just an enthusiastic expression of a personal experience],"{'race': 'white', 'political': 'conservative'}",both
2066,0,3205,7288661,0,[the sentence is not offensive][because][it is a neutral comment about the silence of a group of people],0,[the sentence is not offensive][because][it is a neutral comment about the silence of a group of people],"{'race': 'white', 'political': 'conservative'}",both
2067,0,3205,69198055,0,[the sentence is not offensive][because][it is a neutral comment about the silence of a group of people],0,[the sentence is not offensive][because][it is a neutral comment about the silence of a group of people],"{'race': 'white', 'political': 'conservative'}",both
2068,0,3563,7288661,0,[the sentence is not offensive][because][it is a factual statement about a chant],0,[the sentence is not offensive][because][it is a factual statement about a chant learned from a group of black women],"{'race': 'white', 'political': 'conservative'}",both
2069,1,3563,40102629,0,[the sentence is not offensive][because][it is a factual statement about a chant],0,[the sentence is not offensive][because][it is a factual statement about a chant learned from a group of black women],"{'race': 'white', 'political': 'conservative'}",neither
2070,1,3541,63428654,1,[the sentence is offensive][because][it contains hate speech towards a group of people based on their sexual orientation],1,[the sentence is offensive][because][it contains a generalization that all straight people are oppressed and implies that they are hateful towards the lgbtq+ community],"{'race': 'white', 'political': 'neutral'}",both
2071,0,3541,69198055,1,[the sentence is offensive][because][it contains hate speech towards a group of people based on their sexual orientation],1,[the sentence is offensive][because][it contains a generalization that all straight people are oppressed and implies that they are hateful towards the lgbtq+ community],"{'race': 'white', 'political': 'conservative'}",neither
2072,0,3321,7288661,0,[the sentence is not offensive][because][it is a sports-related phrase],0,[the sentence is not offensive][because][it is a sports-related phrase],"{'race': 'white', 'political': 'conservative'}",both
2073,0,3321,63428654,0,[the sentence is not offensive][because][it is a sports-related phrase],0,[the sentence is not offensive][because][it is a sports-related phrase],"{'race': 'white', 'political': 'neutral'}",both
2074,0,3567,7288661,0,[the sentence is not offensive][because][it is a playful conversation between friends using colloquial language],0,[the sentence is not offensive][because][it is a colloquial expression used in a playful context],"{'race': 'white', 'political': 'conservative'}",both
2075,1,3567,44471637,0,[the sentence is not offensive][because][it is a playful conversation between friends using colloquial language],0,[the sentence is not offensive][because][it is a colloquial expression used in a playful context],"{'race': 'white', 'political': 'conservative'}",neither
2076,0,3305,7288661,0,[the sentence is not offensive][because][it is a neutral comment about a celebrity's music],0,[the sentence is not offensive][because][it is a neutral comment about a celebrity's music],"{'race': 'white', 'political': 'conservative'}",both
2077,0,3305,69198055,0,[the sentence is not offensive][because][it is a neutral comment about a celebrity's music],0,[the sentence is not offensive][because][it is a neutral comment about a celebrity's music],"{'race': 'white', 'political': 'conservative'}",both
2078,0,3492,7288661,0,[the sentence is not offensive][because][it is a statement about a person's emotional state and contains a mild expletive],0,[the sentence is not offensive][because][it is a colloquial way to express shock and frustration],"{'race': 'white', 'political': 'conservative'}",both
2079,1,3492,44471637,0,[the sentence is not offensive][because][it is a statement about a person's emotional state and contains a mild expletive],0,[the sentence is not offensive][because][it is a colloquial way to express shock and frustration],"{'race': 'white', 'political': 'conservative'}",neither
2080,0,3261,7288661,0,[the sentence is not offensive][because][it is a list of user handles],0,[the sentence is not offensive][because][it is a list of twitter handles],"{'race': 'white', 'political': 'conservative'}",both
2081,0,3261,63428654,0,[the sentence is not offensive][because][it is a list of user handles],0,[the sentence is not offensive][because][it is a list of user handles],"{'race': 'white', 'political': 'neutral'}",both
2082,1,3255,63428654,1,[the sentence is offensive][because][it contains hate language and a threat against a public figure],1,[the sentence is offensive][because][it contains hate language and a conspiracy theory],"{'race': 'white', 'political': 'neutral'}",both
2083,0,3296,7288661,0,[the sentence is not offensive][because][it is a positive message with a hashtag and mentions of friends],0,[the sentence is not offensive][because][it is a friendly message to friends],"{'race': 'white', 'political': 'conservative'}",both
2084,0,3296,14271410,0,[the sentence is not offensive][because][it is a positive message with a hashtag and mentions of friends],0,[the sentence is not offensive][because][it is a friendly message to friends],"{'race': 'white', 'political': 'conservative'}",both
2085,1,4005,7288661,1,[the sentence is offensive][because][it contains multiple instances of hate speech and explicit language],1,[the sentence is offensive][because][it contains multiple instances of hate speech and explicit language],"{'race': 'white', 'political': 'conservative'}",both
2086,1,4005,63428654,1,[the sentence is offensive][because][it contains multiple instances of hate speech and explicit language],1,[the sentence is offensive][because][it contains multiple instances of hate speech and explicit language],"{'race': 'white', 'political': 'neutral'}",both
2087,1,3574,44471637,1,[the sentence is offensive][because][it contains explicit language and hate speech],1,[the sentence is offensive][because][it contains explicit language and hate speech],"{'race': 'white', 'political': 'conservative'}",both
2088,1,3574,40102629,1,[the sentence is offensive][because][it contains explicit language and hate speech],1,[the sentence is offensive][because][it contains explicit language and hate speech],"{'race': 'white', 'political': 'conservative'}",both
2089,1,3645,7288661,1,[the sentence is offensive][because][it contains explicit language and a reference to a song with a misogynistic tone],1,[the sentence is offensive][because][it contains explicit language and a reference to a sex act],"{'race': 'white', 'political': 'conservative'}",both
2090,0,3645,40102629,1,[the sentence is offensive][because][it contains explicit language and a reference to a song with a misogynistic tone],1,[the sentence is offensive][because][it contains explicit language and a reference to a sex act],"{'race': 'white', 'political': 'conservative'}",neither
2091,0,3514,40102629,0,[the sentence is not offensive][because][it is a casual conversation between family members],0,[the sentence is not offensive][because][it is a casual conversation between family members],"{'race': 'white', 'political': 'conservative'}",both
2092,0,3514,63428654,0,[the sentence is not offensive][because][it is a casual conversation between family members],0,[the sentence is not offensive][because][it is a casual conversation between family members],"{'race': 'white', 'political': 'neutral'}",both
2093,0,3757,40102629,1,[the sentence is offensive][because][it contains explicit language and excessive use of emojis],1,[the sentence is offensive][because][it contains explicit language and excessive use of emojis],"{'race': 'white', 'political': 'conservative'}",neither
2094,0,3757,63428654,1,[the sentence is offensive][because][it contains explicit language and excessive use of emojis],1,[the sentence is offensive][because][it contains explicit language and excessive use of emojis],"{'race': 'white', 'political': 'neutral'}",neither
2095,1,1938,63428654,1,[the sentence is offensive][because][it contains hate speech and a racial slur],1,[the sentence is offensive][because][it contains a racial slur and promotes violence],"{'race': 'white', 'political': 'neutral'}",both
2096,1,1938,69198055,1,[the sentence is offensive][because][it contains hate speech and a racial slur],1,[the sentence is offensive][because][it contains a racial slur and promotes violence],"{'race': 'white', 'political': 'conservative'}",both
2097,1,2094,63428654,1,[the sentence is offensive][because][it contains a racial slur and makes a generalization about a group of people],1,[the sentence is offensive][because][it makes a generalization about a racial group and contains vulgar language],"{'race': 'white', 'political': 'neutral'}",both
2098,1,1435,7288661,1,[the sentence is offensive][because][it contains hate speech and stereotypes about different ethnic groups],1,[the sentence is offensive][because][it contains hate speech and stereotypes about different ethnic groups],"{'race': 'white', 'political': 'conservative'}",both
2099,1,1435,63428654,1,[the sentence is offensive][because][it contains hate speech and stereotypes about different ethnic groups],1,[the sentence is offensive][because][it contains hate speech and stereotypes about different ethnic groups],"{'race': 'white', 'political': 'neutral'}",both
2100,1,1266,7288661,1,[the sentence is offensive][because][it contains a sexist message suggesting that women are inferior and will become obsolete with the rise of sex bots],1,[the sentence is offensive][because][it contains a sexist message suggesting that women are inferior and will become obsolete with the rise of sex bots and contains a derogatory tone towards women],"{'race': 'white', 'political': 'conservative'}",both
2101,0,1266,44471637,1,[the sentence is offensive][because][it contains a sexist message suggesting that women are inferior and will become obsolete with the rise of sex bots],1,[the sentence is offensive][because][it contains a sexist message suggesting that women are inferior and will become obsolete with the rise of sex bots and contains a derogatory tone towards women],"{'race': 'white', 'political': 'conservative'}",neither
2102,0,152,7288661,1,[the sentence is offensive][because][it contains a derogatory term for a male genitalia],1,[the sentence is offensive][because][it contains derogatory language towards a group of insects],"{'race': 'white', 'political': 'conservative'}",neither
2103,0,152,44471637,1,[the sentence is offensive][because][it contains a derogatory term for a male genitalia],1,[the sentence is offensive][because][it contains derogatory language towards a group of insects],"{'race': 'white', 'political': 'conservative'}",neither
2104,1,2022,7288661,1,[the sentence is offensive][because][it contains a racial slur and promotes violence],1,[the sentence is offensive][because][it contains a racial slur and promotes violence],"{'race': 'white', 'political': 'conservative'}",both
2105,1,2022,63428654,1,[the sentence is offensive][because][it contains a racial slur and promotes violence],1,[the sentence is offensive][because][it contains a racial slur and promotes violence],"{'race': 'white', 'political': 'neutral'}",both
2106,1,701,63428654,1,[the sentence is offensive][because][it contains hate speech and derogatory language towards women],1,[the sentence is offensive][because][it contains hate speech and derogatory language towards women],"{'race': 'white', 'political': 'neutral'}",both
2107,1,701,69198055,1,[the sentence is offensive][because][it contains hate speech and derogatory language towards women],1,[the sentence is offensive][because][it contains hate speech and derogatory language towards women],"{'race': 'white', 'political': 'conservative'}",both
2108,0,1555,40102629,0,[the sentence is not offensive][because][it is a neutral statement about a person's heritage and their relationship with their neighbor],0,[the sentence is not offensive][because][it is a neutral statement about a person's heritage and does not contain any derogatory language],"{'race': 'white', 'political': 'conservative'}",both
2109,1,1612,44471637,1,[the sentence is offensive][because][it contains a racist statement suggesting that black people are inferior and cannot survive without white people's help],1,[the sentence is offensive][because][it contains a racist stereotype and implies that black people are inferior to white people],"{'race': 'white', 'political': 'conservative'}",both
2110,1,1612,63428654,1,[the sentence is offensive][because][it contains a racist statement suggesting that black people are inferior and cannot survive without white people's help],1,[the sentence is offensive][because][it contains a racist stereotype and implies that black people are inferior to white people],"{'race': 'white', 'political': 'neutral'}",both
2111,1,756,7288661,1,[the sentence is offensive][because][it contains hate speech and dehumanizing language],1,[the sentence is offensive][because][it uses derogatory language to describe a group of people],"{'race': 'white', 'political': 'conservative'}",both
2112,1,756,9175691,1,[the sentence is offensive][because][it contains hate speech and dehumanizing language],1,[the sentence is offensive][because][it uses derogatory language to describe a group of people],"{'race': 'white', 'political': 'conservative'}",both
2113,1,1657,7288661,0,"[the sentence is not offensive][because][it is a rant about the media, but it does not contain hate speech or explicit language]",0,"[the sentence is not offensive][because][it is a rant about the media, but it does not contain hate speech or explicit language]","{'race': 'white', 'political': 'conservative'}",neither
2114,0,1657,69198055,0,"[the sentence is not offensive][because][it is a rant about the media, but it does not contain hate speech or explicit language]",0,"[the sentence is not offensive][because][it is a rant about the media, but it does not contain hate speech or explicit language]","{'race': 'white', 'political': 'conservative'}",both
2115,1,1748,7288661,1,[the sentence is offensive][because][it contains a racial slur and promotes violence],1,[the sentence is offensive][because][it contains a racial slur and promotes violence against a racial group],"{'race': 'white', 'political': 'conservative'}",both
2116,1,1748,63428654,1,[the sentence is offensive][because][it contains a racial slur and promotes violence],1,[the sentence is offensive][because][it contains a racial slur and promotes violence],"{'race': 'white', 'political': 'neutral'}",both
2117,1,1001,40102629,1,[the sentence is offensive][because][it uses derogatory language to describe a person with a disability],1,[the sentence is offensive][because][it uses derogatory language to describe a person with a disability],"{'race': 'white', 'political': 'conservative'}",both
2118,1,1001,69198055,1,[the sentence is offensive][because][it uses derogatory language to describe a person with a disability],1,[the sentence is offensive][because][it uses derogatory language to describe a person with a disability],"{'race': 'white', 'political': 'conservative'}",both
2119,1,1195,7288661,1,[the sentence is offensive][because][it contains hate speech and derogatory language towards a racial group],1,[the sentence is offensive][because][it contains a racial slur and a derogatory term],"{'race': 'white', 'political': 'conservative'}",both
2120,0,665,7288661,1,[the sentence is offensive][because][it contains hate speech and racial slurs],1,[the sentence is offensive][because][it contains hate speech and racial slurs],"{'race': 'white', 'political': 'conservative'}",neither
2121,1,665,40102629,1,[the sentence is offensive][because][it contains hate speech and racial slurs],1,[the sentence is offensive][because][it contains hate speech and racial slurs],"{'race': 'white', 'political': 'conservative'}",both
2122,1,1636,40102629,1,[the sentence is offensive][because][it contains a racial stereotype and a reference to illegal drug use],1,[the sentence is offensive][because][it perpetuates a stereotype about the black community and contains a reference to a drug],"{'race': 'white', 'political': 'conservative'}",both
2123,1,1636,63428654,1,[the sentence is offensive][because][it contains a racial stereotype and a reference to illegal drug use],1,[the sentence is offensive][because][it perpetuates a stereotype about the black community and contains a reference to a drug],"{'race': 'white', 'political': 'neutral'}",both
2124,1,1727,14271410,1,[the sentence is offensive][because][it implies that race is a factor in the evaluation of a person's abilities],1,[the sentence is offensive][because][it implies that race is a factor in the evaluation of a person's abilities],"{'race': 'white', 'political': 'conservative'}",both
2125,1,1727,69198055,1,[the sentence is offensive][because][it implies that race is a factor in the evaluation of a person's abilities],1,[the sentence is offensive][because][it implies that race is a factor in the evaluation of a person's abilities],"{'race': 'white', 'political': 'conservative'}",both
2126,1,733,7288661,1,[the sentence is offensive][because][it contains a derogatory term for jewish people],1,[the sentence is offensive][because][it contains an anti-semitic slur],"{'race': 'white', 'political': 'conservative'}",both
2127,1,733,69198055,1,[the sentence is offensive][because][it contains a derogatory term for jewish people],1,[the sentence is offensive][because][it contains an anti-semitic slur],"{'race': 'white', 'political': 'conservative'}",both
2128,0,172,7288661,0,[the sentence is not offensive][because][it is a statement about the financial dynamics of marriage and the speaker's personal experience],0,[the sentence is not offensive][because][it is a statement about the financial dynamics of marriage and does not contain any hate speech or explicit language],"{'race': 'white', 'political': 'conservative'}",both
2129,1,1711,40102629,1,[the sentence is offensive][because][it perpetuates a negative stereotype about black people],1,[the sentence is offensive][because][it perpetuates a negative stereotype about black people],"{'race': 'white', 'political': 'conservative'}",both
2130,1,1711,69198055,1,[the sentence is offensive][because][it perpetuates a negative stereotype about black people],1,[the sentence is offensive][because][it perpetuates a negative stereotype about black people],"{'race': 'white', 'political': 'conservative'}",both
2131,1,806,77759476,1,[the sentence is offensive][because][it conveys a stereotypical message suggesting that women are untrustworthy],1,[the sentence is offensive][because][it conveys a stereotypical message suggesting that women are untrustworthy],"{'race': 'white', 'political': 'conservative'}",both
2132,1,806,69198055,1,[the sentence is offensive][because][it conveys a stereotypical message suggesting that women are untrustworthy],1,[the sentence is offensive][because][it conveys a stereotypical message suggesting that women are untrustworthy],"{'race': 'white', 'political': 'conservative'}",both
2133,1,479,40102629,1,[the sentence is offensive][because][it contains derogatory language and insults towards a person],1,[the sentence is offensive][because][it contains derogatory language and insults towards a person],"{'race': 'white', 'political': 'conservative'}",both
2134,1,479,14271410,1,[the sentence is offensive][because][it contains derogatory language and insults towards a person],1,[the sentence is offensive][because][it contains derogatory language and insults towards a person],"{'race': 'white', 'political': 'conservative'}",both
2135,1,2034,40102629,1,[the sentence is offensive][because][it conveys a racial bias and contains vulgar language],1,[the sentence is offensive][because][it conveys a racial bias and contains vulgar language],"{'race': 'white', 'political': 'conservative'}",both
2136,1,2034,69198055,1,[the sentence is offensive][because][it conveys a racial bias and contains vulgar language],1,[the sentence is offensive][because][it conveys a racial bias and contains vulgar language],"{'race': 'white', 'political': 'conservative'}",both
2137,1,1697,14271410,0,[the sentence is not offensive][because][it is a scientific discussion about the evolution of humans and does not contain any hate speech or explicit language],0,[the sentence is not offensive][because][it is a scientific discussion about human evolution and does not contain any hate speech or explicit language],"{'race': 'white', 'political': 'conservative'}",neither
2138,1,1697,63428654,0,[the sentence is not offensive][because][it is a scientific discussion about the evolution of humans and does not contain any hate speech or explicit language],0,[the sentence is not offensive][because][it is a scientific discussion about human evolution and does not contain any hate speech or explicit language],"{'race': 'white', 'political': 'neutral'}",neither
2139,1,2107,7288661,1,[the sentence is offensive][because][it downplays the severity of the transatlantic slave trade and implies that the enslavement of africans was not as bad as the enslavement of other people],1,[the sentence is offensive][because][it downplays the severity of the transatlantic slave trade and implies that the enslavement of black people was not as bad as the enslavement of white people],"{'race': 'white', 'political': 'conservative'}",both
2140,1,2107,63428654,1,[the sentence is offensive][because][it downplays the severity of the transatlantic slave trade and implies that the enslavement of africans was not as bad as the enslavement of other people],1,[the sentence is offensive][because][it downplays the severity of the transatlantic slave trade and implies that the enslavement of black people was not as bad as the enslavement of white people],"{'race': 'white', 'political': 'neutral'}",both
2141,1,780,7288661,1,[the sentence is offensive][because][it contains a racial slur and a stereotype],1,[the sentence is offensive][because][it conveys a stereotypical message about a group of people based on their ethnicity],"{'race': 'white', 'political': 'conservative'}",both
2142,1,780,14271410,1,[the sentence is offensive][because][it contains a racial slur and a stereotype],1,[the sentence is offensive][because][it conveys a stereotypical message about a group of people based on their ethnicity],"{'race': 'white', 'political': 'conservative'}",both
2143,1,1104,14271410,1,[the sentence is offensive][because][it contains hate speech and a racial slur],1,[the sentence is offensive][because][it contains hate speech and a racial slur],"{'race': 'white', 'political': 'conservative'}",both
2144,1,1726,14271410,0,"[the sentence is not offensive][because][it is a statement about a group and its members, but it does not contain hate speech or explicit language]",1,[the sentence is offensive][because][it contains a racial slur and a derogatory term],"{'race': 'white', 'political': 'conservative'}",race_political
2145,1,1726,69198055,0,"[the sentence is not offensive][because][it is a statement about a group and its members, but it does not contain hate speech or explicit language]",1,[the sentence is offensive][because][it contains a racial slur and a derogatory term],"{'race': 'white', 'political': 'conservative'}",race_political
2146,1,751,7288661,1,[the sentence is offensive][because][it contains a derogatory term for the polish language and implies that it is vile],1,[the sentence is offensive][because][it contains a derogatory term for the polish language and implies that it is vile],"{'race': 'white', 'political': 'conservative'}",both
2147,1,751,14271410,1,[the sentence is offensive][because][it contains a derogatory term for the polish language and implies that it is vile],1,[the sentence is offensive][because][it contains a derogatory term for the polish language and implies that it is vile],"{'race': 'white', 'political': 'conservative'}",both
2148,0,305,7288661,0,[the sentence is not offensive][because][it is a neutral statement about a slang term],0,[the sentence is not offensive][because][it is a neutral conversation about a slang term],"{'race': 'white', 'political': 'conservative'}",both
2149,1,305,40102629,0,[the sentence is not offensive][because][it is a neutral statement about a slang term],0,[the sentence is not offensive][because][it is a neutral conversation about a slang term],"{'race': 'white', 'political': 'conservative'}",neither
2150,0,2317,56533629,0,[the sentence is not offensive][because][it is a criticism of the actors in a tv show],0,[the sentence is not offensive][because][it is a criticism of a tv show and does not contain hate speech or explicit language],"{'race': 'white', 'political': 'liberal'}",both
2151,0,2317,13486996,0,[the sentence is not offensive][because][it is a criticism of the actors in a tv show],0,[the sentence is not offensive][because][it is a criticism of a tv show and does not contain hate speech or explicit language],"{'race': 'white', 'political': 'liberal'}",both
2152,1,876,13486996,1,[the sentence is offensive][because][it promotes racial discrimination],1,[the sentence is offensive][because][it promotes racial discrimination],"{'race': 'white', 'political': 'liberal'}",both
2153,1,876,85439177,1,[the sentence is offensive][because][it promotes racial discrimination],1,[the sentence is offensive][because][it promotes racial discrimination],"{'race': 'white', 'political': 'liberal'}",both
2154,0,3668,56533629,0,[the sentence is not offensive][because][it is a colloquial way to express frustration and disappointment],0,[the sentence is not offensive][because][it is a colloquial way to express frustration and disappointment],"{'race': 'white', 'political': 'liberal'}",both
2155,0,3668,93178090,0,[the sentence is not offensive][because][it is a colloquial way to express frustration and disappointment],0,[the sentence is not offensive][because][it is a colloquial way to express frustration and disappointment],"{'race': 'white', 'political': 'liberal'}",both
2156,1,2016,56533629,1,[the sentence is offensive][because][it conveys a message of racism and contains explicit language],1,[the sentence is offensive][because][it conveys a racist message and contains explicit language],"{'race': 'white', 'political': 'liberal'}",both
2157,1,2016,13486996,1,[the sentence is offensive][because][it conveys a message of racism and contains explicit language],1,[the sentence is offensive][because][it conveys a racist message and contains explicit language],"{'race': 'white', 'political': 'liberal'}",both
2158,1,722,55799101,1,[the sentence is offensive][because][it contains a racial slur],1,[the sentence is offensive][because][it contains a racial slur],"{'race': 'white', 'political': 'liberal'}",both
2159,0,722,85439177,1,[the sentence is offensive][because][it contains a racial slur],1,[the sentence is offensive][because][it contains a racial slur],"{'race': 'white', 'political': 'liberal'}",neither
2160,1,3989,56533629,1,[the sentence is offensive][because][it contains explicit language and a derogatory term for a woman],1,[the sentence is offensive][because][it contains explicit language and a derogatory term for a woman],"{'race': 'white', 'political': 'liberal'}",both
2161,1,3989,13486996,1,[the sentence is offensive][because][it contains explicit language and a derogatory term for a woman],1,[the sentence is offensive][because][it contains explicit language and a derogatory term for a woman],"{'race': 'white', 'political': 'liberal'}",both
2162,0,2992,35280071,0,[the sentence is not offensive][because][it is an expression of frustration],0,[the sentence is not offensive][because][it is an expression of frustration and contains strong language but does not convey hate or discrimination],"{'race': 'white', 'political': 'neutral'}",both
2163,0,2992,93178090,0,[the sentence is not offensive][because][it is an expression of frustration],0,[the sentence is not offensive][because][it is a common expression of frustration],"{'race': 'white', 'political': 'liberal'}",both
2164,0,668,48349576,1,[the sentence is offensive][because][it contains a racial slur and a derogatory term for people of low socioeconomic status],1,[the sentence is offensive][because][it contains a racial slur and perpetuates a negative stereotype about the lack of opportunities for young black people],"{'race': 'white', 'political': 'liberal'}",neither
2165,0,2349,56533629,0,[the sentence is not offensive][because][it is a neutral statement about public discourse],0,[the sentence is not offensive][because][it is a neutral statement about public speaking and the right to reply],"{'race': 'white', 'political': 'liberal'}",both
2166,0,2349,13486996,0,[the sentence is not offensive][because][it is a neutral statement about public discourse],0,[the sentence is not offensive][because][it is a neutral statement about public speaking and the right to reply],"{'race': 'white', 'political': 'liberal'}",both
2167,1,1138,56533629,1,[the sentence is offensive][because][it contains hate speech and a racial slur],1,[the sentence is offensive][because][it contains hate speech and a racial slur],"{'race': 'white', 'political': 'liberal'}",both
2168,1,1138,71913780,1,[the sentence is offensive][because][it contains hate speech and a racial slur],1,[the sentence is offensive][because][it contains hate speech and a racial slur],"{'race': 'white', 'political': 'liberal'}",both
2169,1,4056,13486996,1,[the sentence is offensive][because][it contains multiple instances of explicit language and derogatory terms],1,[the sentence is offensive][because][it contains multiple instances of explicit language and derogatory terms],"{'race': 'white', 'political': 'liberal'}",both
2170,1,1592,27218488,1,"[the sentence is offensive][because][it conveys a stereotypical message suggesting that black people are associated with ""gangsta"" talk and behavior]",1,[the sentence is offensive][because][it conveys a stereotypical message about black people and uses a derogatory term],"{'race': 'white', 'political': 'neutral'}",both
2171,1,1592,85439177,1,"[the sentence is offensive][because][it conveys a stereotypical message suggesting that black people are associated with ""gangsta"" talk and behavior]",1,"[the sentence is offensive][because][it conveys a stereotypical message suggesting that black people are associated with ""gangsta"" talk and behavior and implies that they are a threat]","{'race': 'white', 'political': 'liberal'}",both
2172,0,500,48349576,0,[the sentence is not offensive][because][it is a metaphorical expression],0,[the sentence is not offensive][because][it is a subjective statement about the world],"{'race': 'white', 'political': 'liberal'}",both
2173,0,500,85439177,0,[the sentence is not offensive][because][it is a metaphorical expression],0,[the sentence is not offensive][because][it is a subjective statement about the world],"{'race': 'white', 'political': 'liberal'}",both
2174,1,1823,35280071,1,[the sentence is offensive][because][it contains a racial slur and a derogatory description of people],1,[the sentence is offensive][because][it contains a racial slur and a derogatory description of people],"{'race': 'white', 'political': 'neutral'}",both
2175,1,1823,48349576,1,[the sentence is offensive][because][it contains a racial slur and a derogatory description of people],1,[the sentence is offensive][because][it contains a racial slur and a stereotype about people with missing teeth],"{'race': 'white', 'political': 'liberal'}",both
2176,0,2722,35280071,0,[the sentence is not offensive][because][it is a political statement that uses strong language but does not contain hate speech or explicit language],0,[the sentence is not offensive][because][it is a political statement that uses a racial slur in a context that is not derogatory],"{'race': 'white', 'political': 'neutral'}",both
2177,0,2722,48349576,0,[the sentence is not offensive][because][it is a political statement that uses strong language but does not contain hate speech or explicit language],0,[the sentence is not offensive][because][it is a political statement that uses a racial slur in a context that is not derogatory],"{'race': 'white', 'political': 'liberal'}",both
2178,1,660,13486996,1,[the sentence is offensive][because][it contains hate speech and misogynistic language],1,[the sentence is offensive][because][it contains hate speech and misogynistic language],"{'race': 'white', 'political': 'liberal'}",both
2179,1,949,93178090,1,[the sentence is offensive][because][it contains a derogatory term for people with intellectual disabilities],1,[the sentence is offensive][because][it contains a derogatory term for people with intellectual disabilities],"{'race': 'white', 'political': 'liberal'}",both
2180,1,949,85439177,1,[the sentence is offensive][because][it contains a derogatory term for people with intellectual disabilities],1,[the sentence is offensive][because][it contains a derogatory term for people with intellectual disabilities],"{'race': 'white', 'political': 'liberal'}",both
2181,1,2175,93178090,1,[the sentence is offensive][because][it contains a racial slur and a threat],1,[the sentence is offensive][because][it contains a racial slur and a threat],"{'race': 'white', 'political': 'liberal'}",both
2182,1,2175,11496683,1,[the sentence is offensive][because][it contains a racial slur and a threat],1,[the sentence is offensive][because][it contains a racial slur and a threat],"{'race': 'white', 'political': 'liberal'}",both
2183,0,2240,55799101,0,[the sentence is not offensive][because][it is a sports schedule],0,[the sentence is not offensive][because][it is a sports schedule],"{'race': 'white', 'political': 'liberal'}",both
2184,0,2240,35280071,0,[the sentence is not offensive][because][it is a sports schedule],0,[the sentence is not offensive][because][it is a sports schedule],"{'race': 'white', 'political': 'neutral'}",both
2185,0,3245,13486996,0,[the sentence is not offensive][because][it is a polite and professional message],0,[the sentence is not offensive][because][it is a polite and professional message],"{'race': 'white', 'political': 'liberal'}",both
2186,0,3245,93178090,0,[the sentence is not offensive][because][it is a polite and professional message],0,[the sentence is not offensive][because][it is a polite and professional message],"{'race': 'white', 'political': 'liberal'}",both
2187,0,3620,13486996,1,[the sentence is offensive][because][it contains explicit language and implies substance abuse],1,[the sentence is offensive][because][it contains explicit language and implies substance abuse],"{'race': 'white', 'political': 'liberal'}",neither
2188,0,3620,11496683,1,[the sentence is offensive][because][it contains explicit language and implies substance abuse],1,[the sentence is offensive][because][it contains explicit language and implies substance abuse],"{'race': 'white', 'political': 'liberal'}",neither
2189,0,2685,65294455,0,[the sentence is not offensive][because][it is a song lyric],0,[the sentence is not offensive][because][it is a song lyric],"{'race': 'white', 'political': 'liberal'}",both
2190,0,2685,93178090,0,[the sentence is not offensive][because][it is a song lyric],0,[the sentence is not offensive][because][it is a song lyric],"{'race': 'white', 'political': 'liberal'}",both
2191,0,3483,56533629,1,[the sentence is offensive][because][it uses a racial slur],1,[the sentence is offensive][because][it uses a racial slur 'nigga' in a derogatory manner],"{'race': 'white', 'political': 'liberal'}",neither
2192,0,3483,85439177,1,[the sentence is offensive][because][it uses a racial slur],1,[the sentence is offensive][because][it uses a racial slur 'nigga' in a derogatory manner],"{'race': 'white', 'political': 'liberal'}",neither
2193,0,2320,71913780,0,[the sentence is not offensive][because][it is a motivational quote],0,[the sentence is not offensive][because][it is a motivational quote],"{'race': 'white', 'political': 'liberal'}",both
2194,0,2320,85439177,0,[the sentence is not offensive][because][it is a motivational quote],0,[the sentence is not offensive][because][it is a motivational quote],"{'race': 'white', 'political': 'liberal'}",both
2195,1,1710,56533629,1,[the sentence is offensive][because][it contains hate speech and makes a threat against a political group],1,[the sentence is offensive][because][it contains hate speech and makes a derogatory comparison between political groups],"{'race': 'white', 'political': 'liberal'}",both
2196,1,1710,71913780,1,[the sentence is offensive][because][it contains hate speech and makes a threat against a political group],1,[the sentence is offensive][because][it contains hate speech and makes a derogatory comparison between political groups],"{'race': 'white', 'political': 'liberal'}",both
2197,1,1546,56533629,1,[the sentence is offensive][because][it contains a racial slur and promotes a negative stereotype about black people],1,[the sentence is offensive][because][it contains a racial slur and promotes a negative stereotype about black people],"{'race': 'white', 'political': 'liberal'}",both
2198,0,1546,48349576,1,[the sentence is offensive][because][it contains a racial slur and promotes a negative stereotype about black people],1,[the sentence is offensive][because][it contains a racial slur and promotes a negative stereotype about black people],"{'race': 'white', 'political': 'liberal'}",neither
2199,0,3410,56533629,1,[the sentence is offensive][because][it contains explicit language and the use of the word 'fuckin' is considered profane],1,[the sentence is offensive][because][it contains explicit language and implies a desire to engage in a physical altercation],"{'race': 'white', 'political': 'liberal'}",neither
2200,0,3410,67368224,1,[the sentence is offensive][because][it contains explicit language and the use of the word 'fuckin' is considered profane],1,[the sentence is offensive][because][it contains explicit language and implies a desire to engage in a physical altercation],"{'race': 'white', 'political': 'liberal'}",neither
2201,1,3122,13486996,1,[the sentence is offensive][because][it contains hate speech and derogatory language towards a woman],1,[the sentence is offensive][because][it contains hate language and derogatory terms],"{'race': 'white', 'political': 'liberal'}",both
2202,1,3122,93178090,1,[the sentence is offensive][because][it contains hate speech and derogatory language towards a woman],1,[the sentence is offensive][because][it contains hate language and derogatory terms],"{'race': 'white', 'political': 'liberal'}",both
2203,0,2815,56533629,0,[the sentence is not offensive][because][it is a conversation between kids and one of them is expressing a personal opinion about a song],0,[the sentence is not offensive][because][it is a quote from a conversation between kids and does not contain any hate speech or explicit language],"{'race': 'white', 'political': 'liberal'}",both
2204,0,2815,85439177,0,[the sentence is not offensive][because][it is a conversation between kids and one of them is expressing a personal opinion about a song],0,[the sentence is not offensive][because][it is a quote from a conversation between kids and does not contain any hate speech or explicit language],"{'race': 'white', 'political': 'liberal'}",both
2205,1,3455,13486996,1,[the sentence is offensive][because][it contains a derogatory term for a woman and implies that the woman is promiscuous],1,[the sentence is offensive][because][it contains a derogatory term for a woman and implies that she is promiscuous],"{'race': 'white', 'political': 'liberal'}",both
2206,1,773,35280071,1,[the sentence is offensive][because][it contains a derogatory term for a person with dwarfism],1,[the sentence is offensive][because][it contains a derogatory term for a person with dwarfism],"{'race': 'white', 'political': 'neutral'}",both
2207,1,773,85439177,1,[the sentence is offensive][because][it contains a derogatory term for a person with dwarfism],1,[the sentence is offensive][because][it contains a derogatory term for a person with dwarfism],"{'race': 'white', 'political': 'liberal'}",both
2208,0,2931,6690712,0,[the sentence is not offensive][because][it is a comment about a song and contains mild profanity],0,[the sentence is not offensive][because][it is a comment about a song and contains mild profanity],"{'race': 'white', 'political': 'liberal'}",both
2209,0,2931,35280071,0,[the sentence is not offensive][because][it is a comment about a song and contains mild profanity],0,[the sentence is not offensive][because][it is a comment about a song and contains mild profanity],"{'race': 'white', 'political': 'neutral'}",both
2210,0,49,56533629,1,[the sentence is offensive][because][it contains a message that is harmful to the lgbtq+ community and marginalizes women loving women],1,[the sentence is offensive][because][it contains a derogatory term'male gaze' and marginalizes the idea of women loving women],"{'race': 'white', 'political': 'liberal'}",neither
2211,0,49,93178090,1,[the sentence is offensive][because][it contains a message that is harmful to the lgbtq+ community and marginalizes women loving women],1,[the sentence is offensive][because][it contains a derogatory term'male gaze' and marginalizes the idea of women loving women],"{'race': 'white', 'political': 'liberal'}",neither
2212,0,3699,35280071,1,[the sentence is offensive][because][it contains explicit language and a derogatory term for women],1,[the sentence is offensive][because][it contains explicit language and a derogatory term for women],"{'race': 'white', 'political': 'neutral'}",neither
2213,1,3699,85439177,1,[the sentence is offensive][because][it contains explicit language and a derogatory term for women],1,[the sentence is offensive][because][it contains explicit language and a derogatory term for women],"{'race': 'white', 'political': 'liberal'}",both
2214,1,673,73479014,1,[the sentence is offensive][because][it contains hate speech and a racial slur],1,[the sentence is offensive][because][it contains hate speech and a racial slur],"{'race': 'white', 'political': 'neutral'}",both
2215,1,673,13486996,1,[the sentence is offensive][because][it contains hate speech and a racial slur],1,[the sentence is offensive][because][it contains hate speech and a racial slur],"{'race': 'white', 'political': 'liberal'}",both
2216,1,3474,13486996,1,[the sentence is offensive][because][it contains a racial slur and a derogatory term for a woman],1,[the sentence is offensive][because][it uses a racial slur and a derogatory term for a woman],"{'race': 'white', 'political': 'liberal'}",both
2217,0,3319,55799101,0,[the sentence is not offensive][because][it is a lighthearted and playful conversation between two people],0,[the sentence is not offensive][because][it is a lighthearted and playful conversation between two people],"{'race': 'white', 'political': 'liberal'}",both
2218,0,3319,85439177,0,[the sentence is not offensive][because][it is a lighthearted and playful conversation between two people],0,[the sentence is not offensive][because][it is a lighthearted and playful conversation between two people],"{'race': 'white', 'political': 'liberal'}",both
2219,1,913,6690712,0,[the sentence is not offensive][because][it is a discussion about a religious topic and does not contain hate speech or explicit language],0,[the sentence is not offensive][because][it is a discussion about a religious topic and does not contain hate speech or explicit language],"{'race': 'white', 'political': 'liberal'}",neither
2220,0,2799,56533629,0,[the sentence is not offensive][because][it is a fictional context and the language used is not derogatory],0,[the sentence is not offensive][because][it is a fictional context and the language used is not derogatory],"{'race': 'white', 'political': 'liberal'}",both
2221,0,2799,85439177,0,[the sentence is not offensive][because][it is a fictional context and the language used is not derogatory],0,[the sentence is not offensive][because][it is a fictional context and the language used is not derogatory],"{'race': 'white', 'political': 'liberal'}",both
2222,0,3290,13486996,0,[the sentence is not offensive][because][it is a positive and enthusiastic message],0,[the sentence is not offensive][because][it is a positive and enthusiastic message],"{'race': 'white', 'political': 'liberal'}",both
2223,0,3290,35280071,0,[the sentence is not offensive][because][it is a positive and enthusiastic message],0,[the sentence is not offensive][because][it is a positive and enthusiastic message],"{'race': 'white', 'political': 'neutral'}",both
2224,1,4121,13486996,1,[the sentence is offensive][because][it contains hate language and derogatory terms towards women and racial slurs],1,[the sentence is offensive][because][it contains hate language and derogatory terms towards women and racial slur],"{'race': 'white', 'political': 'liberal'}",both
2225,1,4121,11496683,1,[the sentence is offensive][because][it contains hate language and derogatory terms towards women and racial slurs],1,[the sentence is offensive][because][it contains hate language and derogatory terms towards women and racial slur],"{'race': 'white', 'political': 'liberal'}",both
2226,0,155,35280071,0,[the sentence is not offensive][because][it is a neutral statement about a political issue],0,[the sentence is not offensive][because][it is a neutral statement about a political topic],"{'race': 'white', 'political': 'neutral'}",both
2227,0,155,48349576,0,[the sentence is not offensive][because][it is a neutral statement about a political issue],0,[the sentence is not offensive][because][it is a neutral statement about a political issue],"{'race': 'white', 'political': 'liberal'}",both
2228,0,3365,56533629,0,[the sentence is not offensive][because][it is a quote from the bible],0,[the sentence is not offensive][because][it is a quote from the bible],"{'race': 'white', 'political': 'liberal'}",both
2229,0,3365,71913780,0,[the sentence is not offensive][because][it is a quote from the bible],0,[the sentence is not offensive][because][it is a quote from the bible],"{'race': 'white', 'political': 'liberal'}",both
2230,1,1574,71913780,1,[the sentence is offensive][because][it contains a racial stereotype and a negative generalization about a group of people],1,[the sentence is offensive][because][it contains a racial stereotype and a negative generalization about a racial group],"{'race': 'white', 'political': 'liberal'}",both
2231,1,1574,85439177,1,[the sentence is offensive][because][it contains a racial stereotype and a negative generalization about a group of people],1,[the sentence is offensive][because][it contains a racial stereotype and a negative generalization about a racial group],"{'race': 'white', 'political': 'liberal'}",both
2232,0,3303,56533629,0,[the sentence is not offensive][because][it is a joke and does not contain any hate or explicit language],0,[the sentence is not offensive][because][it is a joke and does not contain any hate or explicit language],"{'race': 'white', 'political': 'liberal'}",both
2233,0,3303,71913780,0,[the sentence is not offensive][because][it is a joke and does not contain any hate or explicit language],0,[the sentence is not offensive][because][it is a joke and does not contain any hate or explicit language],"{'race': 'white', 'political': 'liberal'}",both
2234,0,3379,56533629,0,[the sentence is not offensive][because][it is a colloquial way to describe a situation and does not contain hate language],0,[the sentence is not offensive][because][it is a colloquial way to describe a situation and does not contain hate language],"{'race': 'white', 'political': 'liberal'}",both
2235,0,3379,13486996,0,[the sentence is not offensive][because][it is a colloquial way to describe a situation and does not contain hate language],0,[the sentence is not offensive][because][it is a colloquial way to describe a situation and does not contain hate language],"{'race': 'white', 'political': 'liberal'}",both
2236,0,3348,35280071,0,[the sentence is not offensive][because][it is a casual conversation about a personal experience and does not contain any explicit language or hate speech],0,[the sentence is not offensive][because][it is a casual conversation about a personal experience],"{'race': 'white', 'political': 'neutral'}",both
2237,0,3348,48349576,0,[the sentence is not offensive][because][it is a casual conversation about a personal experience and does not contain any explicit language or hate speech],0,[the sentence is not offensive][because][it is a casual conversation about a personal experience],"{'race': 'white', 'political': 'liberal'}",both
2238,1,1850,56533629,1,[the sentence is offensive][because][it contains a racial slur and promotes a negative stereotype about a racial group],1,[the sentence is offensive][because][it contains a racial slur and promotes a negative stereotype about a racial group],"{'race': 'white', 'political': 'liberal'}",both
2239,1,1850,71913780,1,[the sentence is offensive][because][it contains a racial slur and promotes a negative stereotype about a racial group],1,[the sentence is offensive][because][it contains a racial slur and promotes a negative stereotype about a racial group],"{'race': 'white', 'political': 'liberal'}",both
2240,1,644,71913780,1,[the sentence is offensive][because][it contains hate speech and explicit language],1,[the sentence is offensive][because][it contains hate language and a threat],"{'race': 'white', 'political': 'liberal'}",both
2241,0,644,48349576,1,[the sentence is offensive][because][it contains hate speech and explicit language],1,[the sentence is offensive][because][it contains hate language and a threat],"{'race': 'white', 'political': 'liberal'}",neither
2242,1,1833,13486996,1,[the sentence is offensive][because][it contains a racial slur and derogatory language],1,[the sentence is offensive][because][it contains a racial slur and a derogatory term for a group of people],"{'race': 'white', 'political': 'liberal'}",both
2243,1,1833,48349576,1,[the sentence is offensive][because][it contains a racial slur and derogatory language],1,[the sentence is offensive][because][it contains a racial slur and a derogatory term for a group of people],"{'race': 'white', 'political': 'liberal'}",both
2244,1,1381,56533629,1,[the sentence is offensive][because][it contains a racial slur and makes a derogatory comparison between cats and a racial group],1,[the sentence is offensive][because][it contains a racial slur and makes a derogatory comparison between cats and black people],"{'race': 'white', 'political': 'liberal'}",both
2245,1,1381,96368768,1,[the sentence is offensive][because][it contains a racial slur and makes a derogatory comparison between cats and a racial group],1,[the sentence is offensive][because][it contains a racial slur and makes a derogatory comparison between cats and black people],"{'race': 'white', 'political': 'liberal'}",both
2246,1,15,11150592,0,[the sentence is not offensive][because][it is a neutral statement],0,[the sentence is not offensive][because][it is a neutral statement about a person's profession],"{'race': 'white', 'political': 'liberal'}",neither
2247,1,15,71913780,0,[the sentence is not offensive][because][it is a neutral statement],0,[the sentence is not offensive][because][it is a neutral statement about a person's profession],"{'race': 'white', 'political': 'liberal'}",neither
2248,0,3317,71913780,0,[the sentence is not offensive][because][it is a quote from a famous person and the language used is strong but not explicit],0,[the sentence is not offensive][because][it is a quote from a famous person and the language used is a quote from a famous person],"{'race': 'white', 'political': 'liberal'}",both
2249,0,3317,35280071,0,[the sentence is not offensive][because][it is a quote from a famous person and the language used is strong but not explicit],0,[the sentence is not offensive][because][it is a quote from a famous person and the language used is a quote from a famous person],"{'race': 'white', 'political': 'neutral'}",both
2250,1,1736,56533629,1,[the sentence is offensive][because][it contains hate speech and racial slurs],1,[the sentence is offensive][because][it contains hate speech and racial slurs],"{'race': 'white', 'political': 'liberal'}",both
2251,1,1736,72430962,1,[the sentence is offensive][because][it contains hate speech and racial slurs],1,[the sentence is offensive][because][it contains hate speech and racial slurs],"{'race': 'white', 'political': 'liberal'}",both
2252,0,3498,72430962,1,[the sentence is offensive][because][it contains explicit language and a derogatory term for a woman's genitalia],1,[the sentence is offensive][because][it contains explicit language and a derogatory term for a woman's genitalia],"{'race': 'white', 'political': 'liberal'}",neither
2253,1,609,11496683,0,[the sentence is not offensive][because][it is a personal opinion about someone's behavior and contains strong language but is not directed at a protected group],0,[the sentence is not offensive][because][it is a personal opinion about someone's behavior and contains strong language but is not directed at a protected group],"{'race': 'white', 'political': 'liberal'}",neither
2254,0,609,48349576,0,[the sentence is not offensive][because][it is a personal opinion about someone's behavior and contains strong language but is not directed at a protected group],0,[the sentence is not offensive][because][it is a personal opinion about someone's behavior and contains strong language but is not directed at a protected group],"{'race': 'white', 'political': 'liberal'}",both
2255,1,2162,55799101,1,[the sentence is offensive][because][it contains a racial slur and explicit language],1,[the sentence is offensive][because][it contains a racial slur and explicit language],"{'race': 'white', 'political': 'liberal'}",both
2256,1,2162,13486996,1,[the sentence is offensive][because][it contains a racial slur and explicit language],1,[the sentence is offensive][because][it contains a racial slur and explicit language],"{'race': 'white', 'political': 'liberal'}",both
2257,1,2486,35280071,0,[the sentence is not offensive][because][it is a joke and the use of the word 'nude' is used in a non-explicit way],0,[the sentence is not offensive][because][it is a joke and contains a meme],"{'race': 'white', 'political': 'neutral'}",neither
2258,0,2486,48349576,0,[the sentence is not offensive][because][it is a joke and the use of the word 'nude' is used in a non-explicit way],0,[the sentence is not offensive][because][it is a joke and the use of the word 'nude' is used in a non-explicit way],"{'race': 'white', 'political': 'liberal'}",both
2259,0,3518,47606001,0,[the sentence is not offensive][because][it is a colloquial way to express frustration],0,[the sentence is not offensive][because][it is a colloquial way to express frustration and contains a mild profanity],"{'race': 'white', 'political': 'liberal'}",both
2260,0,3518,71913780,0,[the sentence is not offensive][because][it is a colloquial way to express frustration],0,[the sentence is not offensive][because][it is a colloquial way to express frustration and contains a mild profanity],"{'race': 'white', 'political': 'liberal'}",both
2261,1,1043,93178090,1,[the sentence is offensive][because][it contains hate speech and a threat towards a specific group of people],1,[the sentence is offensive][because][it conveys a message of hate and revenge towards a specific group of people],"{'race': 'white', 'political': 'liberal'}",both
2262,1,1043,48349576,1,[the sentence is offensive][because][it contains hate speech and a threat towards a specific group of people],1,[the sentence is offensive][because][it conveys a message of hate and revenge towards a specific group of people],"{'race': 'white', 'political': 'liberal'}",both
2263,1,1632,13486996,1,[the sentence is offensive][because][it promotes hate speech against a particular race],1,[the sentence is offensive][because][it promotes hate speech against a particular race],"{'race': 'white', 'political': 'liberal'}",both
2264,1,1830,13486996,1,[the sentence is offensive][because][it contains a racial slur and promotes violence],1,[the sentence is offensive][because][it contains a racial slur and promotes violence],"{'race': 'white', 'political': 'liberal'}",both
2265,1,1830,11496683,1,[the sentence is offensive][because][it contains a racial slur and promotes violence],1,[the sentence is offensive][because][it contains a racial slur and promotes violence],"{'race': 'white', 'political': 'liberal'}",both
2266,1,334,71913780,0,[the sentence is not offensive][because][it is a colloquial way to describe a frustrating situation],0,[the sentence is not offensive][because][it is a colloquial way to describe a frustrating situation],"{'race': 'white', 'political': 'liberal'}",neither
2267,0,334,35280071,0,[the sentence is not offensive][because][it is a colloquial way to describe a frustrating situation],0,[the sentence is not offensive][because][it is a colloquial way to describe a frustrating situation],"{'race': 'white', 'political': 'neutral'}",both
2268,1,613,37747169,1,[the sentence is offensive][because][it contains a list of hate speech and derogatory terms for various groups of people],1,[the sentence is offensive][because][it contains a list of hate speech and derogatory terms for various racial and ethnic groups and sexual orientations],"{'race': 'white', 'political': 'liberal'}",both
2269,1,613,44239972,1,[the sentence is offensive][because][it contains a list of hate speech and derogatory terms for various groups of people],1,[the sentence is offensive][because][it contains a list of hate speech and derogatory terms for various racial and ethnic groups and sexual orientations],"{'race': 'white', 'political': 'liberal'}",both
2270,1,1401,93178090,1,"[the sentence is offensive][because][it contains hate speech, racial slurs, and threats]",1,"[the sentence is offensive][because][it contains hate speech, racial slurs, and threats]","{'race': 'white', 'political': 'liberal'}",both
2271,1,1401,48349576,1,"[the sentence is offensive][because][it contains hate speech, racial slurs, and threats]",1,"[the sentence is offensive][because][it contains hate speech, racial slurs, and threats]","{'race': 'white', 'political': 'liberal'}",both
2272,1,1522,56533629,1,[the sentence is offensive][because][it contains hate language and makes a threat of violence],1,[the sentence is offensive][because][it contains hate language and makes a threat of violence],"{'race': 'white', 'political': 'liberal'}",both
2273,1,1522,13486996,1,[the sentence is offensive][because][it contains hate language and makes a threat of violence],1,[the sentence is offensive][because][it contains hate language and makes a threat of violence],"{'race': 'white', 'political': 'liberal'}",both
2274,1,1725,13486996,1,"[the sentence is offensive][because][it contains racial slurs and stereotypes, including the use of the term 'whiteaho' to describe a predominantly white area, and derogatory terms for black and mexican people]",1,"[the sentence is offensive][because][it contains racial slurs and stereotypes, including the use of the term 'whiteaho' which is derogatory, and the mention of 'wetbacks' which is a pejorative term for undocumented immigrants]","{'race': 'white', 'political': 'liberal'}",both
2275,1,1725,85439177,1,"[the sentence is offensive][because][it contains racial slurs and stereotypes, including the use of the term 'whiteaho' to describe a predominantly white area, and derogatory terms for black and mexican people]",1,"[the sentence is offensive][because][it contains racial slurs and stereotypes, including the use of the term 'whiteaho' which is derogatory, and the mention of 'wetbacks' which is a pejorative term for undocumented immigrants]","{'race': 'white', 'political': 'liberal'}",both
2276,0,1682,72430962,1,[the sentence is offensive][because][it contains hate speech and stereotypes],1,[the sentence is offensive][because][it contains hate speech and stereotypes],"{'race': 'white', 'political': 'liberal'}",neither
2277,1,1682,35280071,1,[the sentence is offensive][because][it contains hate speech and stereotypes],1,[the sentence is offensive][because][it contains hate speech and stereotypes],"{'race': 'white', 'political': 'neutral'}",both
2278,0,2394,13486996,0,[the sentence is not offensive][because][it is a political statement with a strong opinion],0,"[the sentence is not offensive][because][it is a political statement with a strong opinion, but it does not contain hate speech or explicit language]","{'race': 'white', 'political': 'liberal'}",both
2279,0,2394,48349576,0,[the sentence is not offensive][because][it is a political statement with a strong opinion],0,"[the sentence is not offensive][because][it is a political statement with a strong opinion, but it does not contain hate speech or explicit language]","{'race': 'white', 'political': 'liberal'}",both
2280,1,2153,11496683,1,[the sentence is offensive][because][it contains hate speech and racial slurs],1,[the sentence is offensive][because][it contains hate speech and racial slurs],"{'race': 'white', 'political': 'liberal'}",both
2281,1,2153,48349576,1,[the sentence is offensive][because][it contains hate speech and racial slurs],1,[the sentence is offensive][because][it contains hate speech and racial slurs],"{'race': 'white', 'political': 'liberal'}",both
2282,1,1761,13486996,0,[the sentence is not offensive][because][it is a statement that argues against racism],0,[the sentence is not offensive][because][it is a statement that uses a racial slur in a context that is not derogatory],"{'race': 'white', 'political': 'liberal'}",neither
2283,1,1761,85439177,0,[the sentence is not offensive][because][it is a statement that argues against racism],0,[the sentence is not offensive][because][it is a statement that uses a racial slur in a context that is not derogatory],"{'race': 'white', 'political': 'liberal'}",neither
2284,1,1705,55799101,1,[the sentence is offensive][because][it contains a racial slur and promotes a discriminatory message],1,[the sentence is offensive][because][it contains a racial slur and promotes a discriminatory attitude],"{'race': 'white', 'political': 'liberal'}",both
2285,1,1705,48349576,1,[the sentence is offensive][because][it contains a racial slur and promotes a discriminatory message],1,[the sentence is offensive][because][it contains a racial slur and promotes a discriminatory attitude],"{'race': 'white', 'political': 'liberal'}",both
2286,1,2155,11496683,1,[the sentence is offensive][because][it contains hate speech and uses derogatory language to describe a racial group],1,[the sentence is offensive][because][it contains hate speech and uses derogatory language to describe a racial group],"{'race': 'white', 'political': 'liberal'}",both
2287,1,2155,48349576,1,[the sentence is offensive][because][it contains hate speech and uses derogatory language to describe a racial group],1,[the sentence is offensive][because][it contains hate speech and uses derogatory language to describe a racial group],"{'race': 'white', 'political': 'liberal'}",both
2288,0,2282,13486996,0,[the sentence is not offensive][because][it is a normal sentence about schoolwork],0,[the sentence is not offensive][because][it is a normal sentence about schoolwork],"{'race': 'white', 'political': 'liberal'}",both
2289,0,2282,11496683,0,[the sentence is not offensive][because][it is a normal sentence about schoolwork],0,[the sentence is not offensive][because][it is a normal sentence about schoolwork],"{'race': 'white', 'political': 'liberal'}",both
2290,0,1641,55799101,1,[the sentence is offensive][because][it conveys a stereotypical message suggesting that black people are unintelligent and cannot understand certain conversations],1,[the sentence is offensive][because][it conveys a stereotypical message suggesting that black people are unintelligent and unengaging],"{'race': 'white', 'political': 'liberal'}",neither
2291,1,1641,56533629,1,[the sentence is offensive][because][it conveys a stereotypical message suggesting that black people are unintelligent and cannot understand certain conversations],1,[the sentence is offensive][because][it conveys a stereotypical message suggesting that black people are unintelligent and unengaging],"{'race': 'white', 'political': 'liberal'}",both
2292,0,3431,55799101,0,[the sentence is not offensive][because][it is a positive comment about a song],0,[the sentence is not offensive][because][it is a harmless comment about a song],"{'race': 'white', 'political': 'liberal'}",both
2293,0,3431,72430962,0,[the sentence is not offensive][because][it is a positive comment about a song],0,[the sentence is not offensive][because][it is a harmless comment about a song],"{'race': 'white', 'political': 'liberal'}",both
2294,0,2779,11496683,1,[the sentence is offensive][because][it contains a threat of violence and a sexual innuendo],1,[the sentence is offensive][because][it contains a threat of violence and a sexual innuendo],"{'race': 'white', 'political': 'liberal'}",neither
2295,0,3558,55799101,1,[the sentence is offensive][because][it contains hate language and a racial slur],1,[the sentence is offensive][because][it contains hate language and a racial slur],"{'race': 'white', 'political': 'liberal'}",neither
2296,1,3558,35280071,1,[the sentence is offensive][because][it contains hate language and a racial slur],1,[the sentence is offensive][because][it contains hate speech and abusive language],"{'race': 'white', 'political': 'neutral'}",both
2297,1,322,56533629,1,[the sentence is offensive][because][it contains a racial slur and a derogatory term for a police officer],1,[the sentence is offensive][because][it contains a racial slur and a derogatory term for a police officer],"{'race': 'white', 'political': 'liberal'}",both
2298,1,322,93178090,1,[the sentence is offensive][because][it contains a racial slur and a derogatory term for a police officer],1,[the sentence is offensive][because][it contains a racial slur and a derogatory term for a police officer],"{'race': 'white', 'political': 'liberal'}",both
2299,0,3446,35280071,0,[the sentence is not offensive][because][it is a statement of self-assertion and personal achievement],0,[the sentence is not offensive][because][it is a personal statement with a strong tone but no hate speech or explicit language],"{'race': 'white', 'political': 'neutral'}",both
2300,0,3446,11496683,0,[the sentence is not offensive][because][it is a statement of self-assertion and personal achievement],0,[the sentence is not offensive][because][it is a personal statement with a strong tone but does not contain hate speech or explicit language],"{'race': 'white', 'political': 'liberal'}",both
2301,0,3510,13486996,1,[the sentence is offensive][because][it conveys a message of self-hatred and shame towards the lgbtq+ community],0,[the sentence is not offensive][because][it is a personal statement and does not contain hate speech or explicit language],"{'race': 'white', 'political': 'liberal'}",race_political
2302,1,1656,56533629,1,[the sentence is offensive][because][it contains hate speech and racial slurs],1,[the sentence is offensive][because][it contains a racial slur and promotes stereotypes about black people and liberals],"{'race': 'white', 'political': 'liberal'}",both
2303,1,1656,72430962,1,[the sentence is offensive][because][it contains hate speech and racial slurs],1,[the sentence is offensive][because][it contains a racial slur and promotes stereotypes about black people and liberals],"{'race': 'white', 'political': 'liberal'}",both
2304,0,2545,35280071,0,[the sentence is not offensive][because][it is a positive statement about the city's diversity and acceptance of alternative lifestyles],0,[the sentence is not offensive][because][it is a positive statement about the city's diversity and acceptance of alternative lifestyles],"{'race': 'white', 'political': 'neutral'}",both
2305,0,2545,48349576,0,[the sentence is not offensive][because][it is a positive statement about the city's diversity and acceptance of alternative lifestyles],0,[the sentence is not offensive][because][it is a positive statement about the city's diversity and acceptance of alternative lifestyles],"{'race': 'white', 'political': 'liberal'}",both
2306,1,1576,11496683,1,[the sentence is offensive][because][it contains hate speech and makes a comparison between blm and the nazis],1,"[the sentence is offensive][because][it contains a racial slur and makes a comparison between blm and the nazis, which is a form of hate speech]","{'race': 'white', 'political': 'liberal'}",both
2307,1,1576,85439177,1,[the sentence is offensive][because][it contains hate speech and makes a comparison between blm and the nazis],1,"[the sentence is offensive][because][it contains a racial slur and makes a comparison between blm and the nazis, which is a form of hate speech]","{'race': 'white', 'political': 'liberal'}",both
2308,1,847,56533629,1,[the sentence is offensive][because][it contains hate speech and promotes violence against a racial group],1,[the sentence is offensive][because][it contains hate speech and promotes violence against a racial group],"{'race': 'white', 'political': 'liberal'}",both
2309,1,847,48349576,1,[the sentence is offensive][because][it contains hate speech and promotes violence against a racial group],1,[the sentence is offensive][because][it contains hate speech and promotes violence against a racial group],"{'race': 'white', 'political': 'liberal'}",both
2310,0,3471,55799101,1,[the sentence is offensive][because][it contains derogatory language and a threat],1,[the sentence is offensive][because][it contains derogatory language and a threat],"{'race': 'white', 'political': 'liberal'}",neither
2311,1,3471,11496683,1,[the sentence is offensive][because][it contains derogatory language and a threat],1,[the sentence is offensive][because][it contains derogatory language and a threat],"{'race': 'white', 'political': 'liberal'}",both
2312,0,3368,55799101,0,[the sentence is not offensive][because][it is a colloquial way to describe a social media action],0,[the sentence is not offensive][because][it is a colloquial way to describe a social media action],"{'race': 'white', 'political': 'liberal'}",both
2313,0,3368,35280071,0,[the sentence is not offensive][because][it is a colloquial way to describe a social media action],0,[the sentence is not offensive][because][it is a colloquial expression of a social media practice],"{'race': 'white', 'political': 'neutral'}",both
2314,1,1721,13041518,1,[the sentence is offensive][because][it contains a racial slur and makes a derogatory comment about the history of slavery],1,[the sentence is offensive][because][it contains a racial slur and downplays the historical oppression of black people],"{'race': 'white', 'political': 'liberal'}",both
2315,1,1721,35280071,1,[the sentence is offensive][because][it contains a racial slur and makes a derogatory comment about the history of slavery],1,[the sentence is offensive][because][it contains a racial slur and downplays the historical oppression of black people],"{'race': 'white', 'political': 'neutral'}",both
2316,0,3486,35280071,1,[the sentence is offensive][because][it contains derogatory language and a racial slur],1,[the sentence is offensive][because][it contains derogatory language and a racial slur],"{'race': 'white', 'political': 'neutral'}",neither
2317,0,3486,48349576,1,[the sentence is offensive][because][it contains derogatory language and a racial slur],1,[the sentence is offensive][because][it contains derogatory language and a racial slur],"{'race': 'white', 'political': 'liberal'}",neither
2318,0,67,35280071,1,[the sentence is offensive][because][it contains a word that is often used to describe a violent or aggressive act and is used in a derogatory manner towards a specific group of people],1,[the sentence is offensive][because][it contains a derogatory term for people with mental health issues],"{'race': 'white', 'political': 'neutral'}",neither
2319,1,67,85439177,1,[the sentence is offensive][because][it contains a word that is often used to describe a violent or aggressive act and is used in a derogatory manner towards a specific group of people],1,[the sentence is offensive][because][it conveys a stereotypical message suggesting that women are easily upset and contains a derogatory term],"{'race': 'white', 'political': 'liberal'}",both
2320,0,3400,11496683,0,[the sentence is not offensive][because][it is a subjective opinion about two artists and contains colloquial language],0,[the sentence is not offensive][because][it is a subjective opinion about two artists],"{'race': 'white', 'political': 'liberal'}",both
2321,0,3400,85439177,0,[the sentence is not offensive][because][it is a subjective opinion about two artists and contains colloquial language],0,[the sentence is not offensive][because][it is a subjective opinion about two artists],"{'race': 'white', 'political': 'liberal'}",both
2322,0,404,55799101,1,[the sentence is offensive][because][it contains explicit language],0,[the sentence is not offensive][because][it is a common idiomatic expression],"{'race': 'white', 'political': 'liberal'}",race_political
2323,0,404,85439177,1,[the sentence is offensive][because][it contains explicit language],0,[the sentence is not offensive][because][it is a common idiomatic expression],"{'race': 'white', 'political': 'liberal'}",race_political
2324,1,2104,71913780,1,[the sentence is offensive][because][it conveys a racist message and contains derogatory language],1,[the sentence is offensive][because][it conveys a racist message and contains derogatory language],"{'race': 'white', 'political': 'liberal'}",both
2325,1,2104,48349576,1,[the sentence is offensive][because][it conveys a racist message and contains derogatory language],1,[the sentence is offensive][because][it conveys a racist message and contains derogatory language],"{'race': 'white', 'political': 'liberal'}",both
2326,1,810,56533629,1,[the sentence is offensive][because][it contains a reference to the holocaust and promotes anti-semitic views],1,[the sentence is offensive][because][it contains a reference to the holocaust and promotes anti-semitic views],"{'race': 'white', 'political': 'liberal'}",both
2327,1,810,71913780,1,[the sentence is offensive][because][it contains a reference to the holocaust and promotes anti-semitic views],1,[the sentence is offensive][because][it contains a reference to the holocaust and promotes anti-semitic views],"{'race': 'white', 'political': 'liberal'}",both
2328,0,545,11496683,0,[the sentence is not offensive][because][it is a statement of equality between genders],0,[the sentence is not offensive][because][it is a statement of equality between genders],"{'race': 'white', 'political': 'liberal'}",both
2329,0,545,48349576,0,[the sentence is not offensive][because][it is a statement of equality between genders],0,[the sentence is not offensive][because][it is a statement of equality between genders],"{'race': 'white', 'political': 'liberal'}",both
2330,1,1816,56533629,1,[the sentence is offensive][because][it promotes the use of a racial slur],1,[the sentence is offensive][because][it promotes the use of a racial slur],"{'race': 'white', 'political': 'liberal'}",both
2331,1,1816,71913780,1,[the sentence is offensive][because][it promotes the use of a racial slur],1,[the sentence is offensive][because][it promotes the use of a racial slur],"{'race': 'white', 'political': 'liberal'}",both
2332,1,2656,48349576,1,[the sentence is offensive][because][it contains hate language and derogatory terms for politicians],1,[the sentence is offensive][because][it contains hate speech and derogatory language towards politicians and a religious group],"{'race': 'white', 'political': 'liberal'}",both
2333,0,2656,85439177,1,[the sentence is offensive][because][it contains hate language and derogatory terms for politicians],1,[the sentence is offensive][because][it contains hate speech and derogatory language towards politicians and a religious group],"{'race': 'white', 'political': 'liberal'}",neither
2334,0,3251,13486996,0,[the sentence is not offensive][because][it is a news report],0,[the sentence is not offensive][because][it is a news report],"{'race': 'white', 'political': 'liberal'}",both
2335,0,3251,48349576,0,[the sentence is not offensive][because][it is a news report],0,[the sentence is not offensive][because][it is a news report],"{'race': 'white', 'political': 'liberal'}",both
2336,0,3237,13486996,0,[the sentence is not offensive][because][it is a lighthearted and playful conversation between two people],0,[the sentence is not offensive][because][it is a lighthearted and playful conversation between two people],"{'race': 'white', 'political': 'liberal'}",both
2337,1,1663,11496683,1,[the sentence is offensive][because][it contains a racial slur and a stereotype],1,[the sentence is offensive][because][it contains a racial slur and a stereotype about the place where black people belong],"{'race': 'white', 'political': 'liberal'}",both
2338,0,3412,72105794,0,[the sentence is not offensive][because][it is a sarcastic comment about promposals and contains colloquial language],0,[the sentence is not offensive][because][it is a personal opinion about promposals and contains colloquial language],"{'race': 'white', 'political': 'liberal'}",both
2339,0,2356,26767527,0,[the sentence is not offensive][because][it is a positive message of appreciation and encouragement],0,[the sentence is not offensive][because][it is a positive message of appreciation and encouragement],"{'race': 'white', 'political': 'liberal'}",both
2340,0,377,9108933,0,[the sentence is not offensive][because][it is a colloquial way to refer to friends],0,[the sentence is not offensive][because][it is a colloquial way to refer to friends],"{'race': 'white', 'political': 'liberal'}",both
2341,0,132,80986841,0,[the sentence is not offensive][because][it is a quote from a person discussing their own thoughts and feelings],0,[the sentence is not offensive][because][it is a quote from a public figure discussing her own thoughts and opinions],"{'race': 'white', 'political': 'liberal'}",both
2342,0,1545,96368768,0,[the sentence is not offensive][because][it is a metaphorical expression of a medical treatment],0,[the sentence is not offensive][because][it is a metaphorical expression and does not contain hate speech],"{'race': 'white', 'political': 'liberal'}",both
2343,0,3333,72105794,0,[the sentence is not offensive][because][it is a colloquial way to encourage someone to keep shooting],0,"[the sentence is not offensive][because][it is a colloquial way to encourage someone to keep shooting, even if their shot is not good]","{'race': 'white', 'political': 'liberal'}",both
2344,0,3515,72105794,0,"[the sentence is not offensive][because][it is a negative opinion about a person, but it is not hate speech]",0,[the sentence is not offensive][because][it is a negative opinion about a public figure],"{'race': 'white', 'political': 'liberal'}",both
2345,0,2398,72430962,0,[the sentence is not offensive][because][it is a call to action for retweeting a pinned tweet],0,[the sentence is not offensive][because][it is a call to action for retweeting a pinned tweet],"{'race': 'white', 'political': 'liberal'}",both
2346,1,3527,15996311,1,[the sentence is offensive][because][it contains hate speech and derogatory language],1,[the sentence is offensive][because][it contains hate language and derogatory terms],"{'race': 'white', 'political': 'liberal'}",both
2347,0,3528,72430962,0,[the sentence is not offensive][because][it is a compliment to a rapper],0,[the sentence is not offensive][because][it is a compliment to a rapper and does not contain any hate speech or explicit language],"{'race': 'white', 'political': 'liberal'}",both
2348,0,3302,15040445,0,[the sentence is not offensive][because][it is a neutral statement about a person's appearance],0,[the sentence is not offensive][because][it is a neutral statement about a person's appearance],"{'race': 'white', 'political': 'liberal'}",both
2349,0,3302,32677126,0,[the sentence is not offensive][because][it is a neutral statement about a person's appearance],0,[the sentence is not offensive][because][it is a neutral statement about a person's appearance],"{'race': 'white', 'political': 'liberal'}",both
2350,0,3594,95971160,0,[the sentence is not offensive][because][it is a colloquial way to express frustration about hair styling],0,[the sentence is not offensive][because][it is a colloquial way to express frustration about hair styling],"{'race': 'white', 'political': 'liberal'}",both
2351,1,3554,35638915,1,[the sentence is offensive][because][it contains a racial slur and a derogatory term for a political figure],1,[the sentence is offensive][because][it contains a racial slur and a derogatory reference to a political figure],"{'race': 'white', 'political': 'neutral'}",both
2352,1,3554,9108933,1,[the sentence is offensive][because][it contains a racial slur and a derogatory term for a political figure],1,[the sentence is offensive][because][it contains a racial slur and a derogatory reference to a political figure],"{'race': 'white', 'political': 'liberal'}",both
2353,0,4,95971160,0,[the sentence is not offensive][because][it is a neutral statement about personal taste],0,[the sentence is not offensive][because][it is a neutral statement about personal taste],"{'race': 'white', 'political': 'liberal'}",both
2354,0,4,32677126,0,[the sentence is not offensive][because][it is a neutral statement about personal taste],0,[the sentence is not offensive][because][it is a neutral statement about personal taste],"{'race': 'white', 'political': 'liberal'}",both
2355,0,3349,72430962,0,[the sentence is not offensive][because][it is a promotional message],0,[the sentence is not offensive][because][it is a promotional message],"{'race': 'white', 'political': 'liberal'}",both
2356,0,3349,32677126,0,[the sentence is not offensive][because][it is a promotional message],0,[the sentence is not offensive][because][it is a promotional message],"{'race': 'white', 'political': 'liberal'}",both
2357,1,3436,62060153,1,[the sentence is offensive][because][it contains explicit language and conveys a negative sentiment towards a group of people],1,[the sentence is offensive][because][it contains explicit language and conveys a negative sentiment towards a group of people],"{'race': 'white', 'political': 'liberal'}",both
2358,1,3436,67034114,1,[the sentence is offensive][because][it contains explicit language and conveys a negative sentiment towards a group of people],1,[the sentence is offensive][because][it contains explicit language and conveys a negative sentiment towards a group of people],"{'race': 'white', 'political': 'liberal'}",both
2359,0,1799,1226439,1,[the sentence is offensive][because][it contains a racial slur],1,[the sentence is offensive][because][it contains a racial slur],"{'race': 'white', 'political': 'liberal'}",neither
2360,0,1799,72430962,1,[the sentence is offensive][because][it contains a racial slur],1,[the sentence is offensive][because][it contains a racial slur],"{'race': 'white', 'political': 'liberal'}",neither
2361,1,2128,6690712,1,[the sentence is offensive][because][it contains a racial slur and a derogatory comparison of a person to an animal],1,[the sentence is offensive][because][it contains a racial slur and a derogatory comparison of a person to an animal],"{'race': 'white', 'political': 'liberal'}",both
2362,1,2128,96368768,1,[the sentence is offensive][because][it contains a racial slur and a derogatory comparison of a person to an animal],1,[the sentence is offensive][because][it contains a racial slur and a derogatory comparison of a person to an animal],"{'race': 'white', 'political': 'liberal'}",both
2363,0,3519,6690712,0,[the sentence is not offensive][because][it is a negative comment about a game character],0,[the sentence is not offensive][because][it is a negative comment about a character in a game],"{'race': 'white', 'political': 'liberal'}",both
2364,0,3519,95971160,0,[the sentence is not offensive][because][it is a negative comment about a game character],0,[the sentence is not offensive][because][it is a negative comment about a character in a game],"{'race': 'white', 'political': 'liberal'}",both
2365,1,1837,15040445,1,[the sentence is offensive][because][it contains a threat of violence and a racial slur],1,[the sentence is offensive][because][it contains a threat of violence and a racial slur],"{'race': 'white', 'political': 'liberal'}",both
2366,1,1837,26767527,1,[the sentence is offensive][because][it contains a threat of violence and a racial slur],1,[the sentence is offensive][because][it contains a threat of violence and a racial slur],"{'race': 'white', 'political': 'liberal'}",both
2367,0,1719,6690712,0,[the sentence is not offensive][because][it is a statement of support for a particular group of people],0,[the sentence is not offensive][because][it is a positive statement about a group of people],"{'race': 'white', 'political': 'liberal'}",both
2368,0,1719,32677126,0,[the sentence is not offensive][because][it is a statement of support for a particular group of people],0,[the sentence is not offensive][because][it is a positive statement about a group of people],"{'race': 'white', 'political': 'liberal'}",both
2369,1,2718,65218045,0,[the sentence is not offensive][because][it is a neutral comment about a football manager],0,[the sentence is not offensive][because][it is a neutral comment about a football manager],"{'race': 'white', 'political': 'liberal'}",neither
2370,0,2718,32677126,0,[the sentence is not offensive][because][it is a neutral comment about a football manager],0,[the sentence is not offensive][because][it is a neutral comment about a football manager],"{'race': 'white', 'political': 'liberal'}",both
2371,0,3415,62060153,0,[the sentence is not offensive][because][it is a casual conversation about wanting to eat donuts at 1 am],0,[the sentence is not offensive][because][it is a casual conversation between friends about wanting to eat donuts at 1 am],"{'race': 'white', 'political': 'liberal'}",both
2372,0,3415,95971160,0,[the sentence is not offensive][because][it is a casual conversation about wanting to eat donuts at 1 am],0,[the sentence is not offensive][because][it is a casual conversation between friends about wanting to eat donuts at 1 am],"{'race': 'white', 'political': 'liberal'}",both
2373,1,2170,72105794,1,[the sentence is offensive][because][it contains hate speech and racial slurs],1,[the sentence is offensive][because][it contains hate speech and racial slurs],"{'race': 'white', 'political': 'liberal'}",both
2374,1,2170,9108933,1,[the sentence is offensive][because][it contains hate speech and racial slurs],1,[the sentence is offensive][because][it contains hate speech and racial slurs],"{'race': 'white', 'political': 'liberal'}",both
2375,0,3289,6690712,0,[the sentence is not offensive][because][it is a quote from a song and a post about a person's daily life],0,[the sentence is not offensive][because][it is a quote from a song and a post about a person's daily life],"{'race': 'white', 'political': 'liberal'}",both
2376,0,3289,72430962,0,[the sentence is not offensive][because][it is a quote from a song and a post about a person's daily life],0,[the sentence is not offensive][because][it is a quote from a song and a post about a person's daily life],"{'race': 'white', 'political': 'liberal'}",both
2377,1,2096,6690712,1,[the sentence is offensive][because][it contains hate speech and stereotypes about racial groups],1,[the sentence is offensive][because][it contains hate speech and stereotypes about racial groups],"{'race': 'white', 'political': 'liberal'}",both
2378,1,2096,65218045,1,[the sentence is offensive][because][it contains hate speech and stereotypes about racial groups],1,[the sentence is offensive][because][it contains hate speech and stereotypes about racial groups],"{'race': 'white', 'political': 'liberal'}",both
2379,0,535,95971160,0,[the sentence is not offensive][because][it is an expression of frustration and does not contain hate speech or explicit language],0,[the sentence is not offensive][because][it is an expression of frustration and does not contain hate speech or explicit language],"{'race': 'white', 'political': 'liberal'}",both
2380,0,535,32677126,0,[the sentence is not offensive][because][it is an expression of frustration and does not contain hate speech or explicit language],0,[the sentence is not offensive][because][it is an expression of frustration and does not contain hate speech or explicit language],"{'race': 'white', 'political': 'liberal'}",both
2381,0,2683,59609715,1,[the sentence is offensive][because][it contains explicit language and expresses a strong negative emotion towards a group of people],0,"[the sentence is not offensive][because][it is a strong expression of frustration and disappointment, but it does not contain hate speech or explicit language]","{'race': 'white', 'political': 'liberal'}",race_political
2382,0,2683,1226439,1,[the sentence is offensive][because][it contains explicit language and expresses a strong negative emotion towards a group of people],0,"[the sentence is not offensive][because][it is a strong expression of frustration and disappointment, but it does not contain hate speech or explicit language]","{'race': 'white', 'political': 'liberal'}",race_political
2383,0,2341,72430962,0,[the sentence is not offensive][because][it is a neutral comment about the price of hockey sticks],0,[the sentence is not offensive][because][it is a neutral comment about the price of hockey sticks],"{'race': 'white', 'political': 'liberal'}",both
2384,0,2341,9108933,0,[the sentence is not offensive][because][it is a complaint about the price of hockey sticks],0,[the sentence is not offensive][because][it is a neutral comment about the price of hockey sticks],"{'race': 'white', 'political': 'liberal'}",both
2385,1,724,6690712,1,"[the sentence is offensive][because][it contains hate speech and derogatory language towards a person's physical appearance, personality, and age]",1,[the sentence is offensive][because][it contains hate speech and derogatory language towards a person's physical appearance and personality],"{'race': 'white', 'political': 'liberal'}",both
2386,1,724,9108933,1,"[the sentence is offensive][because][it contains hate speech and derogatory language towards a person's physical appearance, personality, and age]",1,[the sentence is offensive][because][it contains hate speech and derogatory language towards a person's physical appearance and personality],"{'race': 'white', 'political': 'liberal'}",both
2387,0,2214,9108933,1,[the sentence is offensive][because][it contains a racial slur and uses derogatory language],1,[the sentence is offensive][because][it contains a racial slur and uses derogatory language],"{'race': 'white', 'political': 'liberal'}",neither
2388,1,1742,62060153,1,[the sentence is offensive][because][it promotes slavery and uses a racial slur],1,[the sentence is offensive][because][it promotes slavery and uses a racial slur],"{'race': 'white', 'political': 'liberal'}",both
2389,1,1742,9108933,1,[the sentence is offensive][because][it promotes slavery and uses a racial slur],1,[the sentence is offensive][because][it promotes slavery and uses a racial slur],"{'race': 'white', 'political': 'liberal'}",both
2390,0,3530,9108933,1,[the sentence is offensive][because][it contains a threat of violence and uses colloquial language that may be perceived as aggressive],1,[the sentence is offensive][because][it contains a threat of violence and uses colloquial language that may be perceived as aggressive],"{'race': 'white', 'political': 'liberal'}",neither
2391,0,476,51261309,0,[the sentence is not offensive][because][it is a colloquial way to express frustration],0,[the sentence is not offensive][because][it is a colloquial way to express frustration],"{'race': 'white', 'political': 'neutral'}",both
2392,0,3037,47777228,0,[the sentence is not offensive][because][it is a complaint about a phone issue],0,[the sentence is not offensive][because][it is a complaint about a phone issue],"{'race': 'white', 'political': 'liberal'}",both
2393,0,3037,6690712,0,[the sentence is not offensive][because][it is a complaint about a phone issue],0,[the sentence is not offensive][because][it is a complaint about a phone issue],"{'race': 'white', 'political': 'liberal'}",both
2394,1,1347,27189963,1,[the sentence is offensive][because][it contains hate language and stereotypes about people with disabilities],1,[the sentence is offensive][because][it contains hate language and conveys a derogatory message towards people with disabilities],"{'race': 'white', 'political': 'liberal'}",both
2395,1,1347,72105794,1,[the sentence is offensive][because][it contains hate language and stereotypes about people with disabilities],1,[the sentence is offensive][because][it contains hate language and conveys a derogatory message towards people with disabilities],"{'race': 'white', 'political': 'liberal'}",both
2396,1,1624,6690712,1,[the sentence is offensive][because][it uses a racial slur and a derogatory term to describe a group of people],1,[the sentence is offensive][because][it uses a racial slur and a derogatory term to describe a group of people],"{'race': 'white', 'political': 'liberal'}",both
2397,1,1624,72105794,1,[the sentence is offensive][because][it uses a racial slur and a derogatory term to describe a group of people],1,[the sentence is offensive][because][it uses a racial slur and a derogatory term to describe a group of people],"{'race': 'white', 'political': 'liberal'}",both
2398,0,3513,15040445,1,[the sentence is offensive][because][it contains hate speech and derogatory language towards a person],1,[the sentence is offensive][because][it contains hate speech and derogatory language towards a person],"{'race': 'white', 'political': 'liberal'}",neither
2399,0,3513,32677126,1,[the sentence is offensive][because][it contains hate speech and derogatory language towards a person],1,[the sentence is offensive][because][it contains hate speech and derogatory language towards a person],"{'race': 'white', 'political': 'liberal'}",neither
2400,1,3557,43621071,1,[the sentence is offensive][because][it contains a derogatory message and a threat],1,[the sentence is offensive][because][it contains a derogatory message and a threat],"{'race': 'white', 'political': 'liberal'}",both
2401,0,2256,6690712,0,[the sentence is not offensive][because][it is a social media post that is not derogatory or explicit],0,[the sentence is not offensive][because][it is a social media post that is not derogatory or discriminatory],"{'race': 'white', 'political': 'liberal'}",both
2402,0,2256,9108933,0,[the sentence is not offensive][because][it is a social media post that is not derogatory or explicit],0,[the sentence is not offensive][because][it is a social media post that is not derogatory or discriminatory],"{'race': 'white', 'political': 'liberal'}",both
2403,1,760,72430962,1,[the sentence is offensive][because][it promotes a conspiracy theory that is widely considered to be antisemitic],1,[the sentence is offensive][because][it promotes a conspiracy theory that is widely considered to be antisemitic],"{'race': 'white', 'political': 'liberal'}",both
2404,1,760,95971160,1,[the sentence is offensive][because][it promotes a conspiracy theory that is widely considered to be antisemitic],1,[the sentence is offensive][because][it promotes a conspiracy theory that is widely considered to be antisemitic],"{'race': 'white', 'political': 'liberal'}",both
2405,1,1724,1226439,1,[the sentence is offensive][because][it perpetuates a racial stereotype],1,[the sentence is offensive][because][it perpetuates a racial stereotype],"{'race': 'white', 'political': 'liberal'}",both
2406,1,1724,9108933,1,[the sentence is offensive][because][it perpetuates a racial stereotype],1,[the sentence is offensive][because][it perpetuates a racial stereotype],"{'race': 'white', 'political': 'liberal'}",both
2407,1,1824,72105794,1,[the sentence is offensive][because][it contains hate speech and racial slurs],1,[the sentence is offensive][because][it contains a racial slur and promotes violence],"{'race': 'white', 'political': 'liberal'}",both
2408,1,1824,65218045,1,[the sentence is offensive][because][it contains hate speech and racial slurs],1,[the sentence is offensive][because][it contains a racial slur and promotes violence],"{'race': 'white', 'political': 'liberal'}",both
2409,0,679,65218045,1,[the sentence is offensive][because][it contains a racial slur and is a derogatory term],1,[the sentence is offensive][because][it contains a racial slur and is a derogatory term],"{'race': 'white', 'political': 'liberal'}",neither
2410,1,679,15040445,1,[the sentence is offensive][because][it contains a racial slur and is a derogatory term],1,[the sentence is offensive][because][it contains a racial slur and is a derogatory term],"{'race': 'white', 'political': 'liberal'}",both
2411,1,1530,62060153,1,[the sentence is offensive][because][it contains derogatory language towards the lgbtq+ community and promotes the spread of misinformation about a specific group],1,[the sentence is offensive][because][it contains derogatory language towards the lgbtq+ community and promotes the spread of misinformation about hiv/aids],"{'race': 'white', 'political': 'liberal'}",both
2412,1,1530,95971160,1,[the sentence is offensive][because][it contains derogatory language towards the lgbtq+ community and promotes the spread of misinformation about a specific group],1,[the sentence is offensive][because][it contains derogatory language towards the lgbtq+ community and promotes the spread of misinformation about hiv/aids],"{'race': 'white', 'political': 'liberal'}",both
2413,0,2327,6690712,0,[the sentence is not offensive][because][it is a neutral comment about a polygamous relationship],0,[the sentence is not offensive][because][it is a neutral comment about a polygamous relationship],"{'race': 'white', 'political': 'liberal'}",both
2414,0,2327,72430962,0,[the sentence is not offensive][because][it is a neutral comment about a polygamous relationship],0,[the sentence is not offensive][because][it is a neutral comment about a polygamous relationship],"{'race': 'white', 'political': 'liberal'}",both
2415,1,1345,15040445,1,[the sentence is offensive][because][it contains vulgar language and derogatory term],1,[the sentence is offensive][because][it contains vulgar language and derogatory term],"{'race': 'white', 'political': 'liberal'}",both
2416,1,1345,43621071,1,[the sentence is offensive][because][it contains vulgar language and derogatory term],1,[the sentence is offensive][because][it contains vulgar language and derogatory term],"{'race': 'white', 'political': 'liberal'}",both
2417,1,2912,32677126,1,[the sentence is offensive][because][it conveys a stereotypical message suggesting that black men are attracted to women of other races and contains a racial slur],1,[the sentence is offensive][because][it contains a racial slur and a stereotype about black men and their relationships with women of other races],"{'race': 'white', 'political': 'liberal'}",both
2418,1,1683,15040445,0,[the sentence is not offensive][because][it is a statement of fact and does not contain hate speech or explicit language],0,[the sentence is not offensive][because][it is a statement of fact and does not contain hate speech or explicit language],"{'race': 'white', 'political': 'liberal'}",neither
2419,1,1683,9108933,0,[the sentence is not offensive][because][it is a statement of fact and does not contain hate speech or explicit language],0,[the sentence is not offensive][because][it is a statement of fact and does not contain hate speech or explicit language],"{'race': 'white', 'political': 'liberal'}",neither
2420,0,3356,6690712,0,[the sentence is not offensive][because][it is a sports-related conversation with a tone of frustration and sarcasm],0,[the sentence is not offensive][because][it is a sports-related conversation with a tone of excitement and frustration],"{'race': 'white', 'political': 'liberal'}",both
2421,0,3356,9108933,0,[the sentence is not offensive][because][it is a sports-related conversation with a tone of frustration and sarcasm],0,[the sentence is not offensive][because][it is a sports-related conversation with a tone of excitement and frustration],"{'race': 'white', 'political': 'liberal'}",both
2422,0,646,65218045,0,[the sentence is not offensive][because][it is a personal expression of sadness and affection],0,[the sentence is not offensive][because][it is a colloquial expression of sympathy and affection],"{'race': 'white', 'political': 'liberal'}",both
2423,0,646,26767527,0,[the sentence is not offensive][because][it is a personal expression of sadness and affection],0,[the sentence is not offensive][because][it is a colloquial expression of sympathy and affection],"{'race': 'white', 'political': 'liberal'}",both
2424,0,2314,1226439,0,[the sentence is not offensive][because][it is a playful and lighthearted joke],0,[the sentence is not offensive][because][it is a playful and lighthearted joke],"{'race': 'white', 'political': 'liberal'}",both
2425,0,2314,9108933,0,[the sentence is not offensive][because][it is a playful and lighthearted joke],0,[the sentence is not offensive][because][it is a playful and lighthearted joke],"{'race': 'white', 'political': 'liberal'}",both
2426,1,142,6690712,0,[the sentence is not offensive][because][it is a subjective opinion about a public figure],0,[the sentence is not offensive][because][it is a subjective opinion about a public figure],"{'race': 'white', 'political': 'liberal'}",neither
2427,1,142,65218045,0,[the sentence is not offensive][because][it is a subjective opinion about a public figure],0,[the sentence is not offensive][because][it is a subjective opinion about a public figure],"{'race': 'white', 'political': 'liberal'}",neither
2428,0,3639,72105794,0,[the sentence is not offensive][because][it is a colloquial way to express frustration and admiration],0,[the sentence is not offensive][because][it is a colloquial way to express frustration and admiration],"{'race': 'white', 'political': 'liberal'}",both
2429,0,3639,72430962,0,[the sentence is not offensive][because][it is a colloquial way to express frustration and admiration],0,[the sentence is not offensive][because][it is a colloquial way to express frustration and admiration],"{'race': 'white', 'political': 'liberal'}",both
2430,0,2217,72105794,1,[the sentence is offensive][because][it contains a racial slur and promotes a negative stereotype about a group of people],1,[the sentence is offensive][because][it contains a racial slur and a derogatory term],"{'race': 'white', 'political': 'liberal'}",neither
2431,1,2217,95971160,1,[the sentence is offensive][because][it contains a racial slur and promotes a negative stereotype about a group of people],1,[the sentence is offensive][because][it contains a racial slur and a derogatory term],"{'race': 'white', 'political': 'liberal'}",both
2432,0,3523,15040445,0,[the sentence is not offensive][because][it is a conversation between two people about a misunderstanding and contains emojis],0,[the sentence is not offensive][because][it is a casual conversation between friends],"{'race': 'white', 'political': 'liberal'}",both
2433,0,3523,9108933,0,[the sentence is not offensive][because][it is a conversation between two people about a misunderstanding and contains emojis],0,[the sentence is not offensive][because][it is a casual conversation between friends],"{'race': 'white', 'political': 'liberal'}",both
2434,0,3525,72105794,1,[the sentence is offensive][because][it contains a racial slur and promotes substance abuse],0,[the sentence is not offensive][because][it is a congratulatory message to a friend],"{'race': 'white', 'political': 'liberal'}",race_political
2435,0,3525,95971160,1,[the sentence is offensive][because][it contains a racial slur and promotes substance abuse],0,[the sentence is not offensive][because][it is a congratulatory message to a friend],"{'race': 'white', 'political': 'liberal'}",race_political
2436,0,2668,95971160,0,[the sentence is not offensive][because][it is a casual comment about a personal experience],0,[the sentence is not offensive][because][it is a casual comment about a personal experience],"{'race': 'white', 'political': 'liberal'}",both
2437,0,2668,26767527,0,[the sentence is not offensive][because][it is a casual comment about a personal experience],0,[the sentence is not offensive][because][it is a casual comment about a personal experience],"{'race': 'white', 'political': 'liberal'}",both
2438,0,3507,26767527,0,[the sentence is not offensive][because][it is a personal expression of self-doubt],0,[the sentence is not offensive][because][it is a personal statement of self-doubt],"{'race': 'white', 'political': 'liberal'}",both
2439,0,3367,80986841,0,[the sentence is not offensive][because][it is a lighthearted and playful comment about family dynamics],0,[the sentence is not offensive][because][it is a lighthearted and playful comment about family dynamics],"{'race': 'white', 'political': 'liberal'}",both
2440,1,618,15040445,1,[the sentence is offensive][because][it contains hate language and targets a specific group of people],1,[the sentence is offensive][because][it contains hate language and targets a specific group of people],"{'race': 'white', 'political': 'liberal'}",both
2441,0,83,6690712,0,[the sentence is not offensive][because][it is a statement of opinion about a political ideology],0,[the sentence is not offensive][because][it is a political statement that does not contain hate speech or explicit language],"{'race': 'white', 'political': 'liberal'}",both
2442,0,83,72105794,0,[the sentence is not offensive][because][it is a statement of opinion about a political ideology],0,[the sentence is not offensive][because][it is a political statement that does not contain hate speech or explicit language],"{'race': 'white', 'political': 'liberal'}",both
2443,0,3771,32677126,1,[the sentence is offensive][because][it contains a racial slur and a derogatory term],0,[the sentence is not offensive][because][the person is using the term 'nigga' as a term of endearment],"{'race': 'white', 'political': 'liberal'}",race_political
2444,1,1583,6690712,1,[the sentence is offensive][because][it promotes a racist message and contains a threat],1,[the sentence is offensive][because][it promotes a racist message and contains a threat],"{'race': 'white', 'political': 'liberal'}",both
2445,1,1583,32677126,1,[the sentence is offensive][because][it promotes a racist message and contains a threat],1,[the sentence is offensive][because][it promotes a racist message and contains a threat],"{'race': 'white', 'political': 'liberal'}",both
2446,1,2093,1226439,1,[the sentence is offensive][because][it conveys a stereotypical message suggesting that women are attracted to black men and contains a derogatory term],1,[the sentence is offensive][because][it conveys a stereotypical message suggesting that black men are promiscuous and women are passive],"{'race': 'white', 'political': 'liberal'}",both
2447,1,2093,32677126,1,[the sentence is offensive][because][it conveys a stereotypical message suggesting that women are attracted to black men and contains a derogatory term],1,[the sentence is offensive][because][it conveys a stereotypical message suggesting that black men are promiscuous and women are passive],"{'race': 'white', 'political': 'liberal'}",both
2448,1,1867,72105794,1,[the sentence is offensive][because][it contains a racial slur and conveys a negative stereotype about a person's race],1,[the sentence is offensive][because][it contains a racial slur and conveys a negative stereotype about people of color],"{'race': 'white', 'political': 'liberal'}",both
2449,1,1867,26767527,1,[the sentence is offensive][because][it contains a racial slur and conveys a negative stereotype about a person's race],1,[the sentence is offensive][because][it contains a racial slur and conveys a negative stereotype about people of color],"{'race': 'white', 'political': 'liberal'}",both
2450,0,3855,6690712,1,[the sentence is offensive][because][it contains a racial slur and a derogatory term for a woman],1,[the sentence is offensive][because][it contains a racial slur and a derogatory term for a woman],"{'race': 'white', 'political': 'liberal'}",neither
2451,1,3855,15040445,1,[the sentence is offensive][because][it contains a racial slur and a derogatory term for a woman],1,[the sentence is offensive][because][it contains a racial slur and a derogatory term for a woman],"{'race': 'white', 'political': 'liberal'}",both
2452,0,3220,6690712,0,[the sentence is not offensive][because][it is a statement about a personal experience and does not contain any hate speech or explicit language],1,[the sentence is offensive][because][it conveys a stereotypical message suggesting that men are not capable of cutting their own chicken and contains a subtle implication of sexism],"{'race': 'white', 'political': 'liberal'}",baseline
2453,0,3220,9108933,0,[the sentence is not offensive][because][it is a statement about a personal experience and does not contain any hate speech or explicit language],1,[the sentence is offensive][because][it conveys a stereotypical message suggesting that men are not capable of cutting their own chicken and contains a subtle implication of sexism],"{'race': 'white', 'political': 'liberal'}",baseline
2454,1,367,1226439,0,[the sentence is not offensive][because][it is a discussion about a song and its lyrics],0,[the sentence is not offensive][because][it is a quote from a song and a discussion about it],"{'race': 'white', 'political': 'liberal'}",neither
2455,0,367,9108933,0,[the sentence is not offensive][because][it is a discussion about a song and its lyrics],0,[the sentence is not offensive][because][it is a quote from a song and a discussion about it],"{'race': 'white', 'political': 'liberal'}",both
2456,0,3450,1226439,0,[the sentence is not offensive][because][it is a question about hair braiding and the use of strong language is used in a non-threatening way],0,[the sentence is not offensive][because][it is a question about hair braiding and the use of the word 'yank' is an idiomatic expression],"{'race': 'white', 'political': 'liberal'}",both
2457,0,3450,9108933,0,[the sentence is not offensive][because][it is a question about hair braiding and the use of strong language is used in a non-threatening way],0,[the sentence is not offensive][because][it is a question about hair braiding and the use of the word 'yank' is an idiomatic expression],"{'race': 'white', 'political': 'liberal'}",both
2458,0,3539,15040445,0,[the sentence is not offensive][because][it is a sports-related comment with a strong opinion],0,[the sentence is not offensive][because][it is a sports-related comment with a strong opinion],"{'race': 'white', 'political': 'liberal'}",both
2459,0,3539,9108933,0,[the sentence is not offensive][because][it is a sports-related comment with a strong opinion],0,[the sentence is not offensive][because][it is a sports-related comment with a strong opinion],"{'race': 'white', 'political': 'liberal'}",both
2460,1,769,6690712,1,[the sentence is offensive][because][it contains hate speech],1,[the sentence is offensive][because][it conveys a negative stereotype about a group of people],"{'race': 'white', 'political': 'liberal'}",both
2461,0,769,72105794,1,[the sentence is offensive][because][it contains hate speech],1,[the sentence is offensive][because][it conveys a negative stereotype about a group of people],"{'race': 'white', 'political': 'liberal'}",neither
2462,1,1760,72105794,1,[the sentence is offensive][because][it contains a racial slur and a colloquialism that is often used in a derogatory manner],1,[the sentence is offensive][because][it contains a racial slur and a derogatory term for women],"{'race': 'white', 'political': 'liberal'}",both
2463,1,1760,32677126,1,[the sentence is offensive][because][it contains a racial slur and a colloquialism that is often used in a derogatory manner],1,[the sentence is offensive][because][it contains a racial slur and a derogatory term for women],"{'race': 'white', 'political': 'liberal'}",both
2464,1,1672,1226439,0,[the sentence is not offensive][because][it is a personal story about the author's experiences with racism],0,[the sentence is not offensive][because][it is a personal story of the author and does not contain any hate speech],"{'race': 'white', 'political': 'liberal'}",neither
2465,0,1672,72105794,0,[the sentence is not offensive][because][it is a personal story about the author's experiences with racism],0,[the sentence is not offensive][because][it is a personal story of the author and does not contain any hate speech],"{'race': 'white', 'political': 'liberal'}",both
2466,1,1901,72105794,1,[the sentence is offensive][because][it contains a racial slur and promotes the idea of racial superiority],1,[the sentence is offensive][because][it contains a racial slur and promotes the idea of racial superiority],"{'race': 'white', 'political': 'liberal'}",both
2467,0,2958,72430962,0,[the sentence is not offensive][because][it is a personal expression of sadness and frustration],0,[the sentence is not offensive][because][it is a personal expression of sadness and frustration],"{'race': 'white', 'political': 'liberal'}",both
2468,0,2958,26767527,0,[the sentence is not offensive][because][it is a personal expression of sadness and frustration],0,[the sentence is not offensive][because][it is a personal expression of sadness and frustration],"{'race': 'white', 'political': 'liberal'}",both
2469,1,1400,15040445,1,[the sentence is offensive][because][it contains hate speech and promotes a harmful stereotype about transgender people],1,[the sentence is offensive][because][it contains hate speech and promotes a harmful stereotype about transgender people],"{'race': 'white', 'political': 'liberal'}",both
2470,0,1400,32677126,1,[the sentence is offensive][because][it contains hate speech and promotes a harmful stereotype about transgender people],1,[the sentence is offensive][because][it contains hate speech and promotes a harmful stereotype about transgender people],"{'race': 'white', 'political': 'liberal'}",neither
2471,1,1878,6690712,1,[the sentence is offensive][because][it contains a racial slur and a derogatory term for people from niger],1,[the sentence is offensive][because][it contains a racial slur and a derogatory term for people from niger],"{'race': 'white', 'political': 'liberal'}",both
2472,1,1878,65218045,1,[the sentence is offensive][because][it contains a racial slur and a derogatory term for people from niger],1,[the sentence is offensive][because][it contains a racial slur and a derogatory term for people from niger],"{'race': 'white', 'political': 'liberal'}",both
2473,1,2206,95971160,1,[the sentence is offensive][because][it contains a racial slur and explicit language],1,[the sentence is offensive][because][it contains a racial slur and explicit language],"{'race': 'white', 'political': 'liberal'}",both
2474,1,2206,9108933,1,[the sentence is offensive][because][it contains a racial slur and explicit language],1,[the sentence is offensive][because][it contains a racial slur and explicit language],"{'race': 'white', 'political': 'liberal'}",both
2475,0,3335,6690712,0,[the sentence is not offensive][because][it is a funny and playful comment on a picture],0,[the sentence is not offensive][because][it is a funny and playful comment on a picture],"{'race': 'white', 'political': 'liberal'}",both
2476,0,3335,35638915,0,[the sentence is not offensive][because][it is a funny and playful comment on a picture],0,[the sentence is not offensive][because][it is a lighthearted and playful comment],"{'race': 'white', 'political': 'neutral'}",both
2477,0,3585,6690712,0,[the sentence is not offensive][because][it is a boastful statement about the person's fashion sense and financial success],0,[the sentence is not offensive][because][it is a boastful statement about the person's fashion sense and wealth],"{'race': 'white', 'political': 'liberal'}",both
2478,0,3585,65218045,0,[the sentence is not offensive][because][it is a boastful statement about the person's fashion sense and financial success],0,[the sentence is not offensive][because][it is a boastful statement about the person's fashion sense and wealth],"{'race': 'white', 'political': 'liberal'}",both
2479,1,1634,72105794,1,[the sentence is offensive][because][it contains a racist stereotype],1,[the sentence is offensive][because][it contains a racist stereotype],"{'race': 'white', 'political': 'liberal'}",both
2480,1,1634,15040445,1,[the sentence is offensive][because][it contains a racist stereotype],1,[the sentence is offensive][because][it contains a racist stereotype],"{'race': 'white', 'political': 'liberal'}",both
2481,1,2171,65218045,1,[the sentence is offensive][because][it contains hate speech and a racial slur],1,[the sentence is offensive][because][it contains hate speech and a racial slur],"{'race': 'white', 'political': 'liberal'}",both
2482,1,2171,95971160,1,[the sentence is offensive][because][it contains hate speech and a racial slur],1,[the sentence is offensive][because][it contains hate speech and a racial slur],"{'race': 'white', 'political': 'liberal'}",both
2483,1,688,26767527,1,[the sentence is offensive][because][it contains hate speech and derogatory language towards the lgbtq community],1,"[the sentence is offensive][because][it contains derogatory language towards the lgbtq community and trans individuals, and promotes exclusionary behavior]","{'race': 'white', 'political': 'liberal'}",both
2484,0,3499,65218045,0,[the sentence is not offensive][because][it is a frustrated expression of a personal opinion],0,[the sentence is not offensive][because][it is a colloquial way to express frustration],"{'race': 'white', 'political': 'liberal'}",both
2485,0,3499,31138333,0,[the sentence is not offensive][because][it is a frustrated expression of a personal opinion],0,[the sentence is not offensive][because][it is a colloquial way to express frustration],"{'race': 'white', 'political': 'liberal'}",both
2486,1,1093,65218045,1,[the sentence is offensive][because][it contains a derogatory term for a transgender person],1,[the sentence is offensive][because][it contains a derogatory term for a transgender person],"{'race': 'white', 'political': 'liberal'}",both
2487,1,1093,15040445,1,[the sentence is offensive][because][it contains a derogatory term for a transgender person],1,[the sentence is offensive][because][it contains a derogatory term for a transgender person],"{'race': 'white', 'political': 'liberal'}",both
2488,1,171,15040445,1,[the sentence is offensive][because][it contains explicit language and a derogatory term towards a specific ethnic group],1,[the sentence is offensive][because][it contains a derogatory term for a jewish person and uses explicit language],"{'race': 'white', 'political': 'liberal'}",both
2489,0,171,9108933,1,[the sentence is offensive][because][it contains explicit language and a derogatory term towards a specific ethnic group],1,[the sentence is offensive][because][it contains a derogatory term for a jewish person and uses explicit language],"{'race': 'white', 'political': 'liberal'}",neither
2490,1,1690,6690712,1,[the sentence is offensive][because][it contains a racial slur and promotes discrimination],1,[the sentence is offensive][because][it contains a racial slur and promotes racial intolerance],"{'race': 'white', 'political': 'liberal'}",both
2491,1,1690,26767527,1,[the sentence is offensive][because][it contains a racial slur and promotes discrimination],1,[the sentence is offensive][because][it contains a racial slur and promotes racial intolerance],"{'race': 'white', 'political': 'liberal'}",both
2492,1,872,6690712,1,[the sentence is offensive][because][it contains a threat of violence against a religious group],1,[the sentence is offensive][because][it contains a threat of violence against a religious group],"{'race': 'white', 'political': 'liberal'}",both
2493,1,872,9108933,1,[the sentence is offensive][because][it contains a threat of violence against a religious group],1,[the sentence is offensive][because][it contains a threat of violence against a religious group],"{'race': 'white', 'political': 'liberal'}",both
2494,1,1585,6690712,1,[the sentence is offensive][because][it contains racial slurs and stereotypes],1,[the sentence is offensive][because][it contains racial slurs and stereotypes],"{'race': 'white', 'political': 'liberal'}",both
2495,1,1585,72105794,1,[the sentence is offensive][because][it contains racial slurs and stereotypes],1,[the sentence is offensive][because][it contains racial slurs and stereotypes],"{'race': 'white', 'political': 'liberal'}",both
2496,0,3509,72430962,0,[the sentence is not offensive][because][it is a colloquial way to describe a person who is not emotionally invested in relationships],0,[the sentence is not offensive][because][it is a colloquial way to describe a person who is not emotionally invested in relationships],"{'race': 'white', 'political': 'liberal'}",both
2497,0,3509,9108933,0,[the sentence is not offensive][because][it is a colloquial way to describe a person who is not emotionally invested in relationships],0,[the sentence is not offensive][because][it is a colloquial way to describe a person who is not emotionally invested in relationships],"{'race': 'white', 'political': 'liberal'}",both
2498,1,1822,6690712,1,[the sentence is offensive][because][it contains a racial slur and promotes violence],1,[the sentence is offensive][because][it contains a racial slur and promotes violence against a particular racial group],"{'race': 'white', 'political': 'liberal'}",both
2499,1,1822,33414284,1,[the sentence is offensive][because][it contains a racial slur and promotes violence],1,[the sentence is offensive][because][it contains a racial slur and promotes violence against a particular racial group],"{'race': 'white', 'political': 'liberal'}",both
2500,0,797,32677126,0,[the sentence is not offensive][because][it is a nonsensical sentence with a playful tone],0,[the sentence is not offensive][because][it is a nonsensical sentence with no clear meaning or intent to offend],"{'race': 'white', 'political': 'liberal'}",both
2501,0,797,26767527,0,[the sentence is not offensive][because][it is a nonsensical sentence with a playful tone],0,[the sentence is not offensive][because][it is a nonsensical sentence with no clear meaning or intent to offend],"{'race': 'white', 'political': 'liberal'}",both
2502,1,1375,65218045,1,[the sentence is offensive][because][it contains multiple instances of derogatory language and insults],1,[the sentence is offensive][because][it contains multiple instances of derogatory language and insults],"{'race': 'white', 'political': 'liberal'}",both
2503,1,1375,26767527,1,[the sentence is offensive][because][it contains multiple instances of derogatory language and insults],1,[the sentence is offensive][because][it contains multiple instances of derogatory language and insults],"{'race': 'white', 'political': 'liberal'}",both
2504,0,3204,15040445,1,[the sentence is offensive][because][it contains a racial slur and a derogatory term for women],0,[the sentence is not offensive][because][it is a colloquial way to refer to friends],"{'race': 'white', 'political': 'liberal'}",race_political
2505,1,3204,95971160,1,[the sentence is offensive][because][it contains a racial slur and a derogatory term for women],0,[the sentence is not offensive][because][it is a colloquial way to refer to friends],"{'race': 'white', 'political': 'liberal'}",baseline
2506,0,3543,6690712,0,[the sentence is not offensive][because][it is a quote from a song and the word 'nigga' is used in a non-offensive context],0,[the sentence is not offensive][because][it is a quote from a song and the context is not derogatory],"{'race': 'white', 'political': 'liberal'}",both
2507,0,3543,1226439,0,[the sentence is not offensive][because][it is a quote from a song and the word 'nigga' is used in a non-offensive context],0,[the sentence is not offensive][because][it is a quote from a song and the context is not derogatory],"{'race': 'white', 'political': 'liberal'}",both
2508,1,1501,35638915,0,[the sentence is not offensive][because][it is a statement of fact and a comparison of historical views],0,"[the sentence is not offensive][because][it is a neutral, informative text that compares historical views on homosexuality]","{'race': 'white', 'political': 'neutral'}",neither
2509,1,1501,95971160,0,[the sentence is not offensive][because][it is a statement of fact and a comparison of historical views],0,[the sentence is not offensive][because][it is a statement of fact and a comparison of historical views],"{'race': 'white', 'political': 'liberal'}",neither
2510,1,2141,1226439,1,[the sentence is offensive][because][it contains a racial slur and a derogatory term],1,[the sentence is offensive][because][it contains a racial slur and a derogatory term],"{'race': 'white', 'political': 'liberal'}",both
2511,1,2141,15040445,1,[the sentence is offensive][because][it contains a racial slur and a derogatory term],1,[the sentence is offensive][because][it contains a racial slur and a derogatory term],"{'race': 'white', 'political': 'liberal'}",both
2512,1,3511,95971160,1,[the sentence is offensive][because][it conveys a stereotypical message suggesting that biracial people are preferred over black people and contains a racial slur],1,[the sentence is offensive][because][it conveys a stereotypical message suggesting that biracial people are superior to black people and contains a derogatory term for black people],"{'race': 'white', 'political': 'liberal'}",both
2513,0,3511,32677126,1,[the sentence is offensive][because][it conveys a stereotypical message suggesting that biracial people are preferred over black people and contains a racial slur],1,[the sentence is offensive][because][it conveys a stereotypical message suggesting that biracial people are superior to black people and contains a derogatory term for black people],"{'race': 'white', 'political': 'liberal'}",neither
2514,1,711,14603369,1,[the sentence is offensive][because][it contains explicit language and derogatory terms],1,[the sentence is offensive][because][it contains explicit language and derogatory terms],"{'race': 'white', 'political': 'liberal'}",both
2515,1,711,15040445,1,[the sentence is offensive][because][it contains explicit language and derogatory terms],1,[the sentence is offensive][because][it contains explicit language and derogatory terms],"{'race': 'white', 'political': 'liberal'}",both
2516,1,2315,91276967,1,[the sentence is offensive][because][it contains a derogatory term for people who did not vote for a particular outcome],1,[the sentence is offensive][because][it contains a derogatory term for people who did not vote for a particular outcome],"{'race': 'white', 'political': 'liberal'}",both
2517,0,2315,9108933,1,[the sentence is offensive][because][it contains a derogatory term for people who did not vote for a particular outcome],1,[the sentence is offensive][because][it contains a derogatory term for people who did not vote for a particular outcome],"{'race': 'white', 'political': 'liberal'}",neither
2518,1,3048,36389940,1,[the sentence is offensive][because][it contains a derogatory term for people with intellectual disabilities and uses a derogatory term for people of a certain nationality],1,[the sentence is offensive][because][it contains a derogatory term for people with intellectual disabilities and uses a derogatory term for people of a certain ethnicity],"{'race': 'white', 'political': 'liberal'}",both
2519,0,3048,19622816,1,[the sentence is offensive][because][it contains a derogatory term for people with intellectual disabilities and uses a derogatory term for people of a certain nationality],1,[the sentence is offensive][because][it contains a derogatory term for people with intellectual disabilities and uses a derogatory term for people of a certain ethnicity],"{'race': 'white', 'political': 'liberal'}",neither
2520,1,3469,36389940,1,[the sentence is offensive][because][it contains a derogatory term for women],1,[the sentence is offensive][because][it contains a derogatory term for women],"{'race': 'white', 'political': 'liberal'}",both
2521,1,3469,62698685,1,[the sentence is offensive][because][it contains a derogatory term for women],1,[the sentence is offensive][because][it contains a derogatory term for women],"{'race': 'white', 'political': 'liberal'}",both
2522,0,2279,41829545,0,[the sentence is not offensive][because][it is a neutral comment about a news program],0,[the sentence is not offensive][because][it is a neutral political statement],"{'race': 'white', 'political': 'liberal'}",both
2523,0,2279,93178090,0,[the sentence is not offensive][because][it is a neutral comment about a news program],0,[the sentence is not offensive][because][it is a neutral political statement],"{'race': 'white', 'political': 'liberal'}",both
2524,1,772,7304061,1,[the sentence is offensive][because][it conveys a xenophobic message],1,[the sentence is offensive][because][it contains a xenophobic message],"{'race': 'white', 'political': 'liberal'}",both
2525,1,772,51869641,1,[the sentence is offensive][because][it conveys a xenophobic message],1,[the sentence is offensive][because][it contains a xenophobic message],"{'race': 'white', 'political': 'liberal'}",both
2526,1,1853,5171967,1,[the sentence is offensive][because][it contains a racial slur],1,[the sentence is offensive][because][it contains a racial slur],"{'race': 'white', 'political': 'liberal'}",both
2527,1,1853,41829545,1,[the sentence is offensive][because][it contains a racial slur],1,[the sentence is offensive][because][it contains a racial slur],"{'race': 'white', 'political': 'liberal'}",both
2528,0,301,36389940,0,[the sentence is not offensive][because][it is a statement of fact and a personal opinion],0,[the sentence is not offensive][because][it is a statement of fact and a personal opinion],"{'race': 'white', 'political': 'liberal'}",both
2529,1,3751,36389940,1,[the sentence is offensive][because][it trivializes rape and contains a question that implies the victim is responsible for their own pleasure],1,[the sentence is offensive][because][it trivializes rape and contains a question that implies that rape is a sexual experience],"{'race': 'white', 'political': 'liberal'}",both
2530,1,3751,51869641,1,[the sentence is offensive][because][it trivializes rape and contains a question that implies the victim is responsible for their own pleasure],1,[the sentence is offensive][because][it trivializes rape and contains a question that implies that rape is a sexual experience],"{'race': 'white', 'political': 'liberal'}",both
2531,0,3493,41829545,0,[the sentence is not offensive][because][it is a boastful statement but does not contain hate speech or explicit language],0,[the sentence is not offensive][because][it is a boastful statement with a competitive tone],"{'race': 'white', 'political': 'liberal'}",both
2532,0,3493,77907129,0,[the sentence is not offensive][because][it is a boastful statement but does not contain hate speech or explicit language],0,[the sentence is not offensive][because][it is a boastful statement with a competitive tone],"{'race': 'white', 'political': 'liberal'}",both
2533,1,2157,7304061,1,[the sentence is offensive][because][it contains hate speech and a racial slur],1,[the sentence is offensive][because][it contains hate speech and a racial slur],"{'race': 'white', 'political': 'liberal'}",both
2534,1,2157,93178090,1,[the sentence is offensive][because][it contains hate speech and a racial slur],1,[the sentence is offensive][because][it contains hate speech and a racial slur],"{'race': 'white', 'political': 'liberal'}",both
2535,1,1685,91232148,1,[the sentence is offensive][because][it contains derogatory language and a racial slur],1,[the sentence is offensive][because][it contains a racial slur and derogatory language],"{'race': 'white', 'political': 'liberal'}",both
2536,1,1685,5171967,1,[the sentence is offensive][because][it contains derogatory language and a racial slur],1,[the sentence is offensive][because][it contains a racial slur and derogatory language],"{'race': 'white', 'political': 'liberal'}",both
2537,1,4151,36389940,1,[the sentence is offensive][because][it contains derogatory language and a stereotype about women],1,[the sentence is offensive][because][it contains derogatory language and a misogynistic tone],"{'race': 'white', 'political': 'liberal'}",both
2538,1,4151,93863352,1,[the sentence is offensive][because][it contains derogatory language and a stereotype about women],1,[the sentence is offensive][because][it contains derogatory language and a misogynistic tone],"{'race': 'white', 'political': 'liberal'}",both
2539,1,4106,5171967,1,[the sentence is offensive][because][it contains a racial slur and a derogatory term for a woman],1,[the sentence is offensive][because][it contains a racial slur and a derogatory term for a woman],"{'race': 'white', 'political': 'liberal'}",both
2540,1,4106,7304061,1,[the sentence is offensive][because][it contains a racial slur and a derogatory term for a woman],1,[the sentence is offensive][because][it contains a racial slur and a derogatory term for a woman],"{'race': 'white', 'political': 'liberal'}",both
2541,1,1611,36389940,1,[the sentence is offensive][because][it contains a graphic and explicit description of sexual violence],1,[the sentence is offensive][because][it contains a sexual assault scenario and uses derogatory language towards women],"{'race': 'white', 'political': 'liberal'}",both
2542,1,1611,41829545,1,[the sentence is offensive][because][it contains a graphic and explicit description of sexual violence],1,[the sentence is offensive][because][it contains a sexual assault scenario and uses derogatory language towards women],"{'race': 'white', 'political': 'liberal'}",both
2543,0,3491,65218045,0,[the sentence is not offensive][because][it is a statement of disagreement with a particular group and contains colloquial language],0,[the sentence is not offensive][because][it is a statement of disagreement with a particular group and contains colloquial language],"{'race': 'white', 'political': 'liberal'}",both
2544,0,3491,93178090,0,[the sentence is not offensive][because][it is a statement of disagreement with a particular group and contains colloquial language],0,[the sentence is not offensive][because][it is a statement of disagreement with a particular group and contains colloquial language],"{'race': 'white', 'political': 'liberal'}",both
2545,0,3328,41829545,0,[the sentence is not offensive][because][it is a colloquial way to comment on the weather],0,[the sentence is not offensive][because][it is a colloquial way to comment on the weather],"{'race': 'white', 'political': 'liberal'}",both
2546,0,3328,93178090,0,[the sentence is not offensive][because][it is a colloquial way to comment on the weather],0,[the sentence is not offensive][because][it is a colloquial way to comment on the weather],"{'race': 'white', 'political': 'liberal'}",both
2547,0,196,5171967,1,[the sentence is offensive][because][it contains anti-semitic language and stereotypes],1,[the sentence is offensive][because][it contains anti-semitic language and stereotypes],"{'race': 'white', 'political': 'liberal'}",neither
2548,1,196,7304061,1,[the sentence is offensive][because][it contains anti-semitic language and stereotypes],1,[the sentence is offensive][because][it contains anti-semitic language and stereotypes],"{'race': 'white', 'political': 'liberal'}",both
2549,1,1681,7304061,1,[the sentence is offensive][because][it contains a racial stereotype and a derogatory tone],1,[the sentence is offensive][because][it implies that black people are less intelligent than others],"{'race': 'white', 'political': 'liberal'}",both
2550,1,1681,93178090,1,[the sentence is offensive][because][it contains a racial stereotype and a derogatory tone],1,[the sentence is offensive][because][it implies that black people are less intelligent than others],"{'race': 'white', 'political': 'liberal'}",both
2551,1,1863,7304061,1,[the sentence is offensive][because][it contains a racial slur and promotes violence against a racial group],1,[the sentence is offensive][because][it contains a racial slur and promotes violence against a racial group],"{'race': 'white', 'political': 'liberal'}",both
2552,1,1863,65218045,1,[the sentence is offensive][because][it contains a racial slur and promotes violence against a racial group],1,[the sentence is offensive][because][it contains a racial slur and promotes violence against a racial group],"{'race': 'white', 'political': 'liberal'}",both
2553,1,1869,65246840,1,[the sentence is offensive][because][it promotes the use of a racial slur and contains derogatory language],1,[the sentence is offensive][because][it promotes the use of a racial slur and makes a derogatory comparison between two racial slurs],"{'race': 'white', 'political': 'liberal'}",both
2554,1,1869,93863352,1,[the sentence is offensive][because][it promotes the use of a racial slur and contains derogatory language],1,[the sentence is offensive][because][it promotes the use of a racial slur and makes a derogatory comparison between two racial slurs],"{'race': 'white', 'political': 'liberal'}",both
2555,0,3538,36389940,0,[the sentence is not offensive][because][it is a complaint about a specific type of post on social media],0,[the sentence is not offensive][because][it is a personal preference expressed in a non-threatening way],"{'race': 'white', 'political': 'liberal'}",both
2556,0,3538,41829545,0,[the sentence is not offensive][because][it is a complaint about a specific type of post on social media],0,[the sentence is not offensive][because][it is a personal preference expressed in a non-threatening way],"{'race': 'white', 'political': 'liberal'}",both
2557,1,1809,5171967,1,[the sentence is offensive][because][it contains hate speech and derogatory language],1,[the sentence is offensive][because][it contains hate speech and racial slurs],"{'race': 'white', 'political': 'liberal'}",both
2558,1,1809,93178090,1,[the sentence is offensive][because][it contains hate speech and derogatory language],1,[the sentence is offensive][because][it contains hate speech and racial slurs],"{'race': 'white', 'political': 'liberal'}",both
2559,0,3218,18514203,0,[the sentence is not offensive][because][it is a philosophical statement with a colloquial tone],0,[the sentence is not offensive][because][it is a philosophical statement with a colloquial tone],"{'race': 'white', 'political': 'liberal'}",both
2560,0,3218,7304061,0,[the sentence is not offensive][because][it is a philosophical statement with a colloquial tone],0,[the sentence is not offensive][because][it is a philosophical statement with a colloquial tone],"{'race': 'white', 'political': 'liberal'}",both
2561,1,3279,7304061,1,[the sentence is offensive][because][it contains a racial slur and a derogatory statement about a woman's ability to get pregnant],1,[the sentence is offensive][because][it contains a racial slur and a stereotype about a racial group],"{'race': 'white', 'political': 'liberal'}",both
2562,0,139,5171967,0,[the sentence is not offensive][because][it is a neutral statement about a thread],0,[the sentence is not offensive][because][it is a neutral statement about a thread],"{'race': 'white', 'political': 'liberal'}",both
2563,0,139,7304061,0,[the sentence is not offensive][because][it is a neutral statement about a thread],0,[the sentence is not offensive][because][it is a neutral statement about a thread],"{'race': 'white', 'political': 'liberal'}",both
2564,1,2147,5171967,1,"[the sentence is offensive][because][it contains multiple instances of hate speech, including racial slurs and derogatory language towards a religion]",1,"[the sentence is offensive][because][it contains multiple instances of hate speech, including a racial slur and derogatory language towards a religion]","{'race': 'white', 'political': 'liberal'}",both
2565,1,2147,36389940,1,"[the sentence is offensive][because][it contains multiple instances of hate speech, including racial slurs and derogatory language towards a religion]",1,"[the sentence is offensive][because][it contains multiple instances of hate speech, including a racial slur and derogatory language towards a religion]","{'race': 'white', 'political': 'liberal'}",both
2566,0,437,22197427,0,[the sentence is not offensive][because][it promotes a message of equality and acceptance],0,[the sentence is not offensive][because][it promotes a message of equality and acceptance],"{'race': 'white', 'political': 'liberal'}",both
2567,0,437,41829545,0,[the sentence is not offensive][because][it promotes a message of equality and acceptance],0,[the sentence is not offensive][because][it promotes a message of equality and acceptance],"{'race': 'white', 'political': 'liberal'}",both
2568,0,445,93178090,0,[the sentence is not offensive][because][it is a colloquial way to express frustration],0,[the sentence is not offensive][because][it is a colloquial way to express frustration],"{'race': 'white', 'political': 'liberal'}",both
2569,0,3796,36389940,0,[the sentence is not offensive][because][it is a colloquial expression used to describe a close friend],0,[the sentence is not offensive][because][it is a colloquial expression used to describe a close friend],"{'race': 'white', 'political': 'liberal'}",both
2570,0,3342,5171967,0,[the sentence is not offensive][because][it is a personal statement about the speaker's sexual orientation and does not contain any explicit language or hate speech],0,[the sentence is not offensive][because][it is a personal statement about the speaker's sexual orientation and does not contain any explicit language or hate speech],"{'race': 'white', 'political': 'liberal'}",both
2571,0,3342,51869641,0,[the sentence is not offensive][because][it is a personal statement about the speaker's sexual orientation and does not contain any explicit language or hate speech],0,[the sentence is not offensive][because][it is a personal statement about the speaker's sexual orientation and does not contain any explicit language or hate speech],"{'race': 'white', 'political': 'liberal'}",both
2572,0,3391,65218045,0,[the sentence is not offensive][because][it is a question about the future of international students and their job prospects in the us after new h1 guidelines],0,[the sentence is not offensive][because][it is a question about the future of international students and their job prospects in the us after new h1 guidelines],"{'race': 'white', 'political': 'liberal'}",both
2573,0,3391,93178090,0,[the sentence is not offensive][because][it is a question about the future of international students and their job prospects in the us after new h1 guidelines],0,[the sentence is not offensive][because][it is a question about the future of international students and their job prospects in the us after new h1 guidelines],"{'race': 'white', 'political': 'liberal'}",both
2574,1,1984,5171967,1,[the sentence is offensive][because][it contains hate speech and stereotypes about a racial group],1,[the sentence is offensive][because][it contains hate speech and stereotypes about black people and the black lives matter movement],"{'race': 'white', 'political': 'liberal'}",both
2575,1,1984,93178090,1,[the sentence is offensive][because][it contains hate speech and stereotypes about a racial group],1,[the sentence is offensive][because][it contains hate speech and stereotypes about black people and the black lives matter movement],"{'race': 'white', 'political': 'liberal'}",both
2576,1,211,36389940,1,[the sentence is offensive][because][it contains a racial slur and promotes a racist ideology],1,[the sentence is offensive][because][it contains a racial slur and promotes a racist ideology],"{'race': 'white', 'political': 'liberal'}",both
2577,1,211,41829545,1,[the sentence is offensive][because][it contains a racial slur and promotes a racist ideology],1,[the sentence is offensive][because][it contains a racial slur and promotes a racist ideology],"{'race': 'white', 'political': 'liberal'}",both
2578,0,3307,41829545,1,[the sentence is offensive][because][it contains hate language and a threat],0,[the sentence is not offensive][because][it is a colloquial way to express frustration and anger],"{'race': 'white', 'political': 'liberal'}",race_political
2579,0,3307,5294811,1,[the sentence is offensive][because][it contains hate language and a threat],0,[the sentence is not offensive][because][it is a colloquial way to express frustration and anger],"{'race': 'white', 'political': 'liberal'}",race_political
2580,0,2417,36389940,0,[the sentence is not offensive][because][it is a joke and does not contain any hate speech or explicit language],0,[the sentence is not offensive][because][it is a joke and does not contain any hate speech],"{'race': 'white', 'political': 'liberal'}",both
2581,1,2417,41829545,0,[the sentence is not offensive][because][it is a joke and does not contain any hate speech or explicit language],0,[the sentence is not offensive][because][it is a joke and does not contain any hate speech],"{'race': 'white', 'political': 'liberal'}",neither
2582,1,1588,7304061,0,[the sentence is not offensive][because][it is a neutral question about the impact of the civil rights movement],0,"[the sentence is not offensive][because][it is a neutral question about the impact of the civil rights movement, but it contains a subtle implication of racism being a problem only for some people]","{'race': 'white', 'political': 'liberal'}",neither
2583,1,1588,36389940,0,[the sentence is not offensive][because][it is a neutral question about the impact of the civil rights movement],0,"[the sentence is not offensive][because][it is a neutral question about the impact of the civil rights movement, but it contains a subtle implication of racism being a problem only for some people]","{'race': 'white', 'political': 'liberal'}",neither
2584,1,840,7304061,1,[the sentence is offensive][because][it generalizes a group of people based on their religion and contains a negative stereotype],1,[the sentence is offensive][because][it makes a generalization about a group of people based on their religion],"{'race': 'white', 'political': 'liberal'}",both
2585,1,840,41829545,1,[the sentence is offensive][because][it generalizes a group of people based on their religion and contains a negative stereotype],1,[the sentence is offensive][because][it makes a generalization about a group of people based on their religion],"{'race': 'white', 'political': 'liberal'}",both
2586,0,3209,5171967,0,[the sentence is not offensive][because][it is a quote from a religious figure and does not contain any hate speech or explicit language],0,[the sentence is not offensive][because][it is a quote from a religious figure and does not contain any hate speech or explicit language],"{'race': 'white', 'political': 'liberal'}",both
2587,0,3209,85014557,0,[the sentence is not offensive][because][it is a quote from a religious figure and does not contain any hate speech or explicit language],0,[the sentence is not offensive][because][it is a quote from a religious figure and does not contain any hate speech or explicit language],"{'race': 'white', 'political': 'liberal'}",both
2588,1,1832,7304061,1,[the sentence is offensive][because][it contains a racial stereotype and a derogatory depiction of a black person],1,[the sentence is offensive][because][it contains a racial stereotype and a derogatory depiction of a black person],"{'race': 'white', 'political': 'liberal'}",both
2589,1,1832,36389940,1,[the sentence is offensive][because][it contains a racial stereotype and a derogatory depiction of a black person],1,[the sentence is offensive][because][it contains a racial stereotype and a derogatory depiction of a black person],"{'race': 'white', 'political': 'liberal'}",both
2590,0,3212,36389940,0,[the sentence is not offensive][because][it is a comment about a reality tv show and does not contain any hate speech or explicit language],0,[the sentence is not offensive][because][it is a comment about a reality tv show and does not contain any hate speech or explicit language],"{'race': 'white', 'political': 'liberal'}",both
2591,0,3212,93178090,0,[the sentence is not offensive][because][it is a comment about a reality tv show and does not contain any hate speech or explicit language],0,[the sentence is not offensive][because][it is a comment about a reality tv show and does not contain any hate speech or explicit language],"{'race': 'white', 'political': 'liberal'}",both
2592,1,2188,5171967,1,[the sentence is offensive][because][it contains racial slurs and hate speech],1,[the sentence is offensive][because][it contains a racial slur and a threat],"{'race': 'white', 'political': 'liberal'}",both
2593,0,2188,93178090,1,[the sentence is offensive][because][it contains racial slurs and hate speech],1,[the sentence is offensive][because][it contains a racial slur and a threat],"{'race': 'white', 'political': 'liberal'}",neither
2594,1,1422,5171967,1,[the sentence is offensive][because][it contains derogatory language towards women and promotes a misogynistic view],1,[the sentence is offensive][because][it contains misogynistic language and stereotypes about women's behavior and contains explicit language],"{'race': 'white', 'political': 'liberal'}",both
2595,1,1422,36389940,1,[the sentence is offensive][because][it contains derogatory language towards women and promotes a misogynistic view],1,[the sentence is offensive][because][it contains misogynistic language and stereotypes about women's behavior and contains explicit language],"{'race': 'white', 'political': 'liberal'}",both
2596,1,823,5171967,0,[the sentence is not offensive][because][it expresses a neutral sentiment about immigration],0,[the sentence is not offensive][because][it is a neutral statement about immigration],"{'race': 'white', 'political': 'liberal'}",neither
2597,0,823,43621071,0,[the sentence is not offensive][because][it expresses a neutral sentiment about immigration],0,[the sentence is not offensive][because][it is a neutral statement about immigration],"{'race': 'white', 'political': 'liberal'}",both
2598,1,365,36389940,1,[the sentence is offensive][because][it contains hate speech and derogatory language],1,[the sentence is offensive][because][it contains hate speech and derogatory language],"{'race': 'white', 'political': 'liberal'}",both
2599,1,365,41829545,1,[the sentence is offensive][because][it contains hate speech and derogatory language],1,[the sentence is offensive][because][it contains hate speech and derogatory language],"{'race': 'white', 'political': 'liberal'}",both
2600,1,1599,7304061,1,[the sentence is offensive][because][it perpetuates a negative stereotype about black people],1,[the sentence is offensive][because][it perpetuates a negative stereotype about black people and uses a racial slur],"{'race': 'white', 'political': 'liberal'}",both
2601,1,1599,36389940,1,[the sentence is offensive][because][it perpetuates a negative stereotype about black people],1,[the sentence is offensive][because][it perpetuates a negative stereotype about black people and uses a racial slur],"{'race': 'white', 'political': 'liberal'}",both
2602,1,3378,5171967,0,[the sentence is not offensive][because][it is a casual conversation about music and personal life],0,[the sentence is not offensive][because][it is a casual conversation about music and personal life],"{'race': 'white', 'political': 'liberal'}",neither
2603,0,3378,93178090,0,[the sentence is not offensive][because][it is a casual conversation about music and personal life],0,[the sentence is not offensive][because][it is a casual conversation about music and personal life],"{'race': 'white', 'political': 'liberal'}",both
2604,1,1652,5171967,1,[the sentence is offensive][because][it contains a racial slur and implies that black people are treated unfairly by the police],1,[the sentence is offensive][because][it implies that black people are more likely to be treated poorly by the police],"{'race': 'white', 'political': 'liberal'}",both
2605,1,1652,93178090,1,[the sentence is offensive][because][it contains a racial slur and implies that black people are treated unfairly by the police],1,[the sentence is offensive][because][it implies that black people are more likely to be treated poorly by the police],"{'race': 'white', 'political': 'liberal'}",both
2606,0,2338,7304061,0,[the sentence is not offensive][because][it is a harmless statement about the weather and the author's preferences],0,[the sentence is not offensive][because][it is a harmless statement about the weather and the author's preferences],"{'race': 'white', 'political': 'liberal'}",both
2607,1,2047,5171967,0,[the sentence is not offensive][because][it is a personal anecdote about a mother's advice and does not contain hate speech or explicit language],0,[the sentence is not offensive][because][it is a personal anecdote about a mother's advice and does not contain hate speech or explicit language],"{'race': 'white', 'political': 'liberal'}",neither
2608,1,2047,93178090,0,[the sentence is not offensive][because][it is a personal anecdote about a mother's advice and does not contain hate speech or explicit language],0,[the sentence is not offensive][because][it is a personal anecdote about a mother's advice and does not contain hate speech or explicit language],"{'race': 'white', 'political': 'liberal'}",neither
2609,1,1547,65218045,1,[the sentence is offensive][because][it promotes violence and hate speech against a racial group],1,[the sentence is offensive][because][it contains hate speech and promotes violence against a racial group],"{'race': 'white', 'political': 'liberal'}",both
2610,1,1547,51869641,1,[the sentence is offensive][because][it promotes violence and hate speech against a racial group],1,[the sentence is offensive][because][it contains hate speech and promotes violence against a racial group],"{'race': 'white', 'political': 'liberal'}",both
2611,1,1811,79140081,1,[the sentence is offensive][because][it contains hate speech and uses derogatory language to describe a group of people],1,[the sentence is offensive][because][it contains hate speech and uses derogatory language towards people with disabilities and jewish people],"{'race': 'white', 'political': 'liberal'}",both
2612,1,1811,41829545,1,[the sentence is offensive][because][it contains hate speech and uses derogatory language to describe a group of people],1,[the sentence is offensive][because][it contains hate speech and uses derogatory language towards people with disabilities and jewish people],"{'race': 'white', 'political': 'liberal'}",both
2613,1,2829,41829545,0,"[the sentence is not offensive][because][it is a political statement with a strong opinion, but it does not contain hate speech or explicit language]",0,"[the sentence is not offensive][because][it is a political commentary with a strong opinion, but it does not contain hate speech or explicit language]","{'race': 'white', 'political': 'liberal'}",neither
2614,0,2829,13041518,0,"[the sentence is not offensive][because][it is a political statement with a strong opinion, but it does not contain hate speech or explicit language]",0,"[the sentence is not offensive][because][it is a political commentary with a strong opinion, but it does not contain hate speech or explicit language]","{'race': 'white', 'political': 'liberal'}",both
2615,1,3873,7304061,1,[the sentence is offensive][because][it contains a racial slur and promotes hate],0,[the sentence is not offensive][because][it is a phrase used to express frustration and does not contain hate speech],"{'race': 'white', 'political': 'liberal'}",baseline
2616,0,3313,65218045,0,"[the sentence is not offensive][because][it is a casual, self-deprecating comment about one's hairstyle]",0,"[the sentence is not offensive][because][it is a casual, self-deprecating comment about one's hairstyle]","{'race': 'white', 'political': 'liberal'}",both
2617,0,3313,93178090,0,"[the sentence is not offensive][because][it is a casual, self-deprecating comment about one's hairstyle]",0,"[the sentence is not offensive][because][it is a casual, self-deprecating comment about one's hairstyle]","{'race': 'white', 'political': 'liberal'}",both
2618,0,31,79140081,0,[the sentence is not offensive][because][it is a statement of opinion and does not contain any hate speech or explicit language],0,[the sentence is not offensive][because][it is a political statement that uses irony and sarcasm],"{'race': 'white', 'political': 'liberal'}",both
2619,0,31,36389940,0,[the sentence is not offensive][because][it is a statement of opinion and does not contain any hate speech or explicit language],0,[the sentence is not offensive][because][it is a political statement that uses irony and sarcasm],"{'race': 'white', 'political': 'liberal'}",both
2620,1,1564,5171967,1,[the sentence is offensive][because][it promotes the use of a racial slur],1,[the sentence is offensive][because][it promotes the use of a racial slur],"{'race': 'white', 'political': 'liberal'}",both
2621,1,1564,65218045,1,[the sentence is offensive][because][it promotes the use of a racial slur],1,[the sentence is offensive][because][it promotes the use of a racial slur],"{'race': 'white', 'political': 'liberal'}",both
2622,0,2896,41829545,0,[the sentence is not offensive][because][it is a positive and enthusiastic message],0,[the sentence is not offensive][because][it is a personal expression of gratitude and excitement],"{'race': 'white', 'political': 'liberal'}",both
2623,0,2896,65218045,0,[the sentence is not offensive][because][it is a positive and enthusiastic message],0,[the sentence is not offensive][because][it is a personal expression of gratitude and excitement],"{'race': 'white', 'political': 'liberal'}",both
2624,0,3544,7304061,0,[the sentence is not offensive][because][it is a story about a personal experience and does not contain any hate speech or explicit language],0,[the sentence is not offensive][because][it is a story about a personal experience and does not contain any hate speech or explicit language],"{'race': 'white', 'political': 'liberal'}",both
2625,0,3544,41829545,0,[the sentence is not offensive][because][it is a story about a personal experience and does not contain any hate speech or explicit language],0,[the sentence is not offensive][because][it is a story about a personal experience and does not contain any hate speech or explicit language],"{'race': 'white', 'political': 'liberal'}",both
2626,1,1476,5171967,1,"[the sentence is offensive][because][it contains hate speech and stereotypes against afro, spic, and jew communities]",1,"[the sentence is offensive][because][it contains hate speech and stereotypes against afro, spic, and jew communities]","{'race': 'white', 'political': 'liberal'}",both
2627,1,1476,93178090,1,"[the sentence is offensive][because][it contains hate speech and stereotypes against afro, spic, and jew communities]",1,"[the sentence is offensive][because][it contains hate speech and stereotypes against afro, spic, and jew communities]","{'race': 'white', 'political': 'liberal'}",both
2628,0,1531,7304061,1,[the sentence is offensive][because][it conveys a stereotypical message suggesting that black people are inherently inferior and contains a racial slur],1,[the sentence is offensive][because][it conveys a stereotypical message suggesting that black people are inherently inferior and less intelligent],"{'race': 'white', 'political': 'liberal'}",neither
2629,0,1531,93178090,1,[the sentence is offensive][because][it conveys a stereotypical message suggesting that black people are inherently inferior and contains a racial slur],1,[the sentence is offensive][because][it conveys a stereotypical message suggesting that black people are inherently inferior and less intelligent],"{'race': 'white', 'political': 'liberal'}",neither
2630,1,3535,36389940,1,[the sentence is offensive][because][it contains derogatory language towards the lgbtq+ community and makes a personal attack],1,[the sentence is offensive][because][it contains derogatory language towards the lgbtq+ community and uses a derogatory term for a gay man],"{'race': 'white', 'political': 'liberal'}",both
2631,1,3535,93178090,1,[the sentence is offensive][because][it contains derogatory language towards the lgbtq+ community and makes a personal attack],1,[the sentence is offensive][because][it contains derogatory language towards the lgbtq+ community and uses a derogatory term for a gay man],"{'race': 'white', 'political': 'liberal'}",both
2632,0,770,41829545,1,[the sentence is offensive][because][it is a derogatory term for a group of people],1,[the sentence is offensive][because][it is a derogatory term for a romani person],"{'race': 'white', 'political': 'liberal'}",neither
2633,0,770,26767527,1,[the sentence is offensive][because][it is a derogatory term for a group of people],1,[the sentence is offensive][because][it is a derogatory term for a romani person],"{'race': 'white', 'political': 'liberal'}",neither
2634,1,1597,7304061,0,[the sentence is not offensive][because][it is a political statement that expresses skepticism about the democratic process],1,[the sentence is offensive][because][it contains a racial slur and implies that black people are angry and violent],"{'race': 'white', 'political': 'liberal'}",race_political
2635,1,1597,41829545,0,[the sentence is not offensive][because][it is a political statement that expresses skepticism about the democratic process],1,[the sentence is offensive][because][it contains a racial slur and implies that black people are angry and violent],"{'race': 'white', 'political': 'liberal'}",race_political
2636,0,3234,65218045,0,[the sentence is not offensive][because][it is a colloquial way to express annoyance at someone who is not making an effort to communicate],0,[the sentence is not offensive][because][it is a colloquial way to express annoyance at someone who is not making an effort to communicate],"{'race': 'white', 'political': 'liberal'}",both
2637,0,3234,93178090,0,[the sentence is not offensive][because][it is a colloquial way to express annoyance at someone who is not making an effort to communicate],0,[the sentence is not offensive][because][it is a colloquial way to express annoyance at someone who is not making an effort to communicate],"{'race': 'white', 'political': 'liberal'}",both
2638,1,1754,36389940,1,[the sentence is offensive][because][it contains a racial slur and makes a negative comment about a racial group],1,[the sentence is offensive][because][it contains a racial slur and makes a negative comparison between the two groups],"{'race': 'white', 'political': 'liberal'}",both
2639,1,1754,41829545,1,[the sentence is offensive][because][it contains a racial slur and makes a negative comment about a racial group],1,[the sentence is offensive][because][it contains a racial slur and makes a negative comparison between the two groups],"{'race': 'white', 'political': 'liberal'}",both
2640,1,1144,5171967,0,[the sentence is not offensive][because][it is a quote from a movie and the language is used in a non-offensive way],0,[the sentence is not offensive][because][it is a quote from a movie and the language is used in a non-offensive context],"{'race': 'white', 'political': 'liberal'}",neither
2641,0,1144,51869641,0,[the sentence is not offensive][because][it is a quote from a movie and the language is used in a non-offensive way],0,[the sentence is not offensive][because][it is a quote from a movie and the language is used in a non-offensive context],"{'race': 'white', 'political': 'liberal'}",both
2642,1,3462,5171967,1,[the sentence is offensive][because][it contains derogatory language towards women],1,[the sentence is offensive][because][it contains derogatory language towards women],"{'race': 'white', 'political': 'liberal'}",both
2643,1,3462,93178090,1,[the sentence is offensive][because][it contains derogatory language towards women],1,[the sentence is offensive][because][it contains derogatory language towards women],"{'race': 'white', 'political': 'liberal'}",both
2644,1,580,5171967,0,[the sentence is not offensive][because][it is a comment about a youtube channel],0,[the sentence is not offensive][because][it is a colloquial way to express enthusiasm for a channel],"{'race': 'white', 'political': 'liberal'}",neither
2645,0,580,36389940,0,[the sentence is not offensive][because][it is a comment about a youtube channel],0,[the sentence is not offensive][because][it is a colloquial way to express enthusiasm for a channel],"{'race': 'white', 'political': 'liberal'}",both
2646,1,1717,36389940,1,[the sentence is offensive][because][it contains a racial slur and a derogatory term],1,[the sentence is offensive][because][it contains a racial slur and a derogatory message],"{'race': 'white', 'political': 'liberal'}",both
2647,1,1717,93178090,1,[the sentence is offensive][because][it contains a racial slur and a derogatory term],1,[the sentence is offensive][because][it contains a racial slur and a derogatory message],"{'race': 'white', 'political': 'liberal'}",both
2648,1,804,41829545,1,[the sentence is offensive][because][it contains a derogatory term and promotes a discriminatory attitude towards people with disabilities],1,[the sentence is offensive][because][it contains a derogatory term and promotes a discriminatory and inhumane idea],"{'race': 'white', 'political': 'liberal'}",both
2649,1,804,65218045,1,[the sentence is offensive][because][it contains a derogatory term and promotes a discriminatory attitude towards people with disabilities],1,[the sentence is offensive][because][it contains a derogatory term and promotes a discriminatory and inhumane idea],"{'race': 'white', 'political': 'liberal'}",both
2650,0,3963,36389940,1,[the sentence is offensive][because][it contains a racial slur and a derogatory term for women],0,[the sentence is not offensive][because][it is a personal anecdote and does not contain hate speech],"{'race': 'white', 'political': 'liberal'}",race_political
2651,1,3963,65218045,1,[the sentence is offensive][because][it contains a racial slur and a derogatory term for women],0,[the sentence is not offensive][because][it is a personal anecdote and does not contain hate speech],"{'race': 'white', 'political': 'liberal'}",baseline
2652,1,1586,5171967,1,[the sentence is offensive][because][it downplays the severity of the situation and uses a derogatory term to describe a person who died as a result of police brutality],1,"[the sentence is offensive][because][it downplays the severity of the george floyd riots and the impact on the community, and it also uses a dismissive tone towards the death of george floyd and the black lives matter movement]","{'race': 'white', 'political': 'liberal'}",both
2653,1,3681,36389940,0,"[the sentence is not offensive][because][it is a strong opinion about a celebrity, but it does not contain hate speech or explicit language]",0,[the sentence is not offensive][because][it is a subjective opinion about a celebrity and the use of the word'salty' is a colloquialism],"{'race': 'white', 'political': 'liberal'}",neither
2654,1,3681,65218045,0,"[the sentence is not offensive][because][it is a strong opinion about a celebrity, but it does not contain hate speech or explicit language]",0,[the sentence is not offensive][because][it is a subjective opinion about a celebrity and the use of the word'salty' is a colloquialism],"{'race': 'white', 'political': 'liberal'}",neither
2655,1,883,5171967,1,[the sentence is offensive][because][it contains a threat and a racial slur],1,[the sentence is offensive][because][it contains a threat and a racial slur],"{'race': 'white', 'political': 'liberal'}",both
2656,1,883,36389940,1,[the sentence is offensive][because][it contains a threat and a racial slur],1,[the sentence is offensive][because][it contains a threat and a racial slur],"{'race': 'white', 'political': 'liberal'}",both
2657,1,2694,5171967,0,[the sentence is not offensive][because][it is a grammatically incorrect sentence with unclear meaning],0,[the sentence is not offensive][because][it is a grammatically incorrect sentence with unclear meaning],"{'race': 'white', 'political': 'liberal'}",neither
2658,0,2694,7304061,0,[the sentence is not offensive][because][it is a grammatically incorrect sentence with unclear meaning],0,[the sentence is not offensive][because][it is a grammatically incorrect sentence with unclear meaning],"{'race': 'white', 'political': 'liberal'}",both
2659,1,1911,5171967,1,[the sentence is offensive][because][it contains a racial slur and promotes hate speech],1,[the sentence is offensive][because][it contains a racial slur and promotes hate speech],"{'race': 'white', 'political': 'liberal'}",both
2660,1,1911,36389940,1,[the sentence is offensive][because][it contains a racial slur and promotes hate speech],1,[the sentence is offensive][because][it contains a racial slur and promotes hate speech],"{'race': 'white', 'political': 'liberal'}",both
2661,0,3229,7304061,0,[the sentence is not offensive][because][it is a passionate statement about the wwe and its fans],0,[the sentence is not offensive][because][it is a passionate statement about the wwe and its fans],"{'race': 'white', 'political': 'liberal'}",both
2662,0,3229,77907129,0,[the sentence is not offensive][because][it is a passionate statement about the wwe and its fans],0,[the sentence is not offensive][because][it is a passionate statement about the wwe and its fans],"{'race': 'white', 'political': 'liberal'}",both
2663,0,3914,7304061,1,[the sentence is offensive][because][it contains a derogatory term for women],1,[the sentence is offensive][because][it contains a derogatory term for women],"{'race': 'white', 'political': 'liberal'}",neither
2664,0,3914,41829545,1,[the sentence is offensive][because][it contains a derogatory term for women],1,[the sentence is offensive][because][it contains a derogatory term for women],"{'race': 'white', 'political': 'liberal'}",neither
2665,1,670,5171967,1,[the sentence is offensive][because][it contains hate language and a derogatory term for a woman],1,[the sentence is offensive][because][it contains hate language and a derogatory term for a woman],"{'race': 'white', 'political': 'liberal'}",both
2666,1,670,41829545,1,[the sentence is offensive][because][it contains hate language and a derogatory term for a woman],1,[the sentence is offensive][because][it contains hate language and a derogatory term for a woman],"{'race': 'white', 'political': 'liberal'}",both
2667,1,651,41829545,1,[the sentence is offensive][because][it contains hate speech and derogatory language],1,[the sentence is offensive][because][it contains a derogatory term for the lgbtq+ community and a threat of violence],"{'race': 'white', 'political': 'liberal'}",both
2668,1,651,68678445,1,[the sentence is offensive][because][it contains hate speech and derogatory language],1,[the sentence is offensive][because][it contains a derogatory term for the lgbtq+ community and a threat of violence],"{'race': 'white', 'political': 'liberal'}",both
2669,0,60,5171967,0,[the sentence is not offensive][because][it is a neutral comment about a topic],0,[the sentence is not offensive][because][it is a neutral comment about a political topic],"{'race': 'white', 'political': 'liberal'}",both
2670,0,60,93178090,0,[the sentence is not offensive][because][it is a neutral comment about a topic],0,[the sentence is not offensive][because][it is a neutral comment about a political topic],"{'race': 'white', 'political': 'liberal'}",both
2671,1,1355,7304061,1,"[the sentence is offensive][because][it contains hate speech, explicit language, and derogatory terms for a person's gender and sexual orientation]",1,"[the sentence is offensive][because][it contains hate speech, explicit language, and derogatory terms for sexual orientation and gender identity]","{'race': 'white', 'political': 'liberal'}",both
2672,1,1355,41829545,1,"[the sentence is offensive][because][it contains hate speech, explicit language, and derogatory terms for a person's gender and sexual orientation]",1,"[the sentence is offensive][because][it contains hate speech, explicit language, and derogatory terms for sexual orientation and gender identity]","{'race': 'white', 'political': 'liberal'}",both
2673,0,3009,36389940,1,[the sentence is offensive][because][it contains explicit language and makes a personal attack on a character],0,[the sentence is not offensive][because][it is a strong opinion about a character in a tv show],"{'race': 'white', 'political': 'liberal'}",race_political
2674,0,3009,41829545,1,[the sentence is offensive][because][it contains explicit language and makes a personal attack on a character],0,[the sentence is not offensive][because][it is a strong opinion about a character in a tv show],"{'race': 'white', 'political': 'liberal'}",race_political
2675,1,982,51869641,1,[the sentence is offensive][because][it contains a derogatory term for a muslim and a pejorative term for a person who betrays their country],1,[the sentence is offensive][because][it uses a derogatory term to describe a person of middle eastern descent and implies that they are a traitor],"{'race': 'white', 'political': 'liberal'}",both
2676,1,982,93178090,1,[the sentence is offensive][because][it contains a derogatory term for a muslim and a pejorative term for a person who betrays their country],1,[the sentence is offensive][because][it uses a derogatory term to describe a person of middle eastern descent and implies that they are a traitor],"{'race': 'white', 'political': 'liberal'}",both
2677,1,3677,36389940,1,[the sentence is offensive][because][it contains hate speech and uses derogatory language],1,[the sentence is offensive][because][it contains hate speech and derogatory language],"{'race': 'white', 'political': 'liberal'}",both
2678,0,3568,7304061,0,[the sentence is not offensive][because][it is a reaction to a tv show],0,[the sentence is not offensive][because][it is a reaction to a tv show],"{'race': 'white', 'political': 'liberal'}",both
2679,0,3568,41829545,0,[the sentence is not offensive][because][it is a reaction to a tv show],0,[the sentence is not offensive][because][it is a reaction to a tv show],"{'race': 'white', 'political': 'liberal'}",both
2680,0,3813,36389940,0,[the sentence is not offensive][because][it is a colloquial way to express a reaction to a situation],0,[the sentence is not offensive][because][it is a colloquial way to express a reaction to a situation],"{'race': 'white', 'political': 'liberal'}",both
2681,0,3813,93178090,0,[the sentence is not offensive][because][it is a colloquial way to express a reaction to a situation],0,[the sentence is not offensive][because][it is a colloquial way to express a reaction to a situation],"{'race': 'white', 'political': 'liberal'}",both
2682,1,1687,7304061,1,[the sentence is offensive][because][it contains a racial slur and promotes racial discrimination],1,[the sentence is offensive][because][it contains a racial slur and promotes racial discrimination],"{'race': 'white', 'political': 'liberal'}",both
2683,1,1687,41829545,1,[the sentence is offensive][because][it contains a racial slur and promotes racial discrimination],1,[the sentence is offensive][because][it contains a racial slur and promotes racial discrimination],"{'race': 'white', 'political': 'liberal'}",both
2684,0,3444,91232148,0,[the sentence is not offensive][because][it is a colloquial way to describe a person's behavior],0,[the sentence is not offensive][because][it is a colloquial way to describe a person's behavior],"{'race': 'white', 'political': 'liberal'}",both
2685,0,3444,36389940,0,[the sentence is not offensive][because][it is a colloquial way to describe a person's behavior],0,[the sentence is not offensive][because][it is a colloquial way to describe a person's behavior],"{'race': 'white', 'political': 'liberal'}",both
2686,0,690,7304061,1,[the sentence is offensive][because][it contains hate speech and derogatory language towards racial and sexual minorities],1,[the sentence is offensive][because][it contains hate speech and derogatory language towards racial and sexual minorities],"{'race': 'white', 'political': 'liberal'}",neither
2687,0,690,93178090,1,[the sentence is offensive][because][it contains hate speech and derogatory language towards racial and sexual minorities],1,[the sentence is offensive][because][it contains hate speech and derogatory language towards racial and sexual minorities],"{'race': 'white', 'political': 'liberal'}",neither
2688,1,2173,91232148,1,[the sentence is offensive][because][it promotes the use of a racial slur and contains explicit language],1,[the sentence is offensive][because][it promotes the use of a racial slur],"{'race': 'white', 'political': 'liberal'}",both
2689,1,2173,93178090,1,[the sentence is offensive][because][it promotes the use of a racial slur and contains explicit language],1,[the sentence is offensive][because][it promotes the use of a racial slur],"{'race': 'white', 'political': 'liberal'}",both
2690,1,4088,36389940,1,[the sentence is offensive][because][it contains hate language and promotes the use of a racial slur],1,[the sentence is offensive][because][it contains hate language and promotes the use of a racial slur],"{'race': 'white', 'political': 'liberal'}",both
2691,1,4088,93178090,1,[the sentence is offensive][because][it contains hate language and promotes the use of a racial slur],1,[the sentence is offensive][because][it contains hate language and promotes the use of a racial slur],"{'race': 'white', 'political': 'liberal'}",both
2692,0,766,41829545,0,[the sentence is not offensive][because][it is a neutral statement about moving to a foreign country],0,[the sentence is not offensive][because][it is a neutral statement about cultural differences and personal preferences],"{'race': 'white', 'political': 'liberal'}",both
2693,0,766,93178090,0,[the sentence is not offensive][because][it is a neutral statement about moving to a foreign country],0,[the sentence is not offensive][because][it is a neutral statement about cultural differences and personal preferences],"{'race': 'white', 'political': 'liberal'}",both
2694,0,3301,5171967,0,[the sentence is not offensive][because][it is a casual conversation about a social media user and their content],0,[the sentence is not offensive][because][it is a casual conversation about a social media user],"{'race': 'white', 'political': 'liberal'}",both
2695,0,3301,51869641,0,[the sentence is not offensive][because][it is a casual conversation about a social media user and their content],0,[the sentence is not offensive][because][it is a casual conversation about a social media user],"{'race': 'white', 'political': 'liberal'}",both
2696,1,1702,7304061,1,[the sentence is offensive][because][it contains a racial stereotype and a derogatory tone],1,[the sentence is offensive][because][it contains a racial stereotype and a derogatory tone],"{'race': 'white', 'political': 'liberal'}",both
2697,1,1702,93863352,1,[the sentence is offensive][because][it contains a racial stereotype and a derogatory tone],1,[the sentence is offensive][because][it contains a racial stereotype and a derogatory tone],"{'race': 'white', 'political': 'liberal'}",both
2698,1,1714,36389940,0,[the sentence is not offensive][because][it is a statement about a hypothetical situation and does not contain any hate speech or explicit language],0,[the sentence is not offensive][because][it is a statement about a hypothetical situation and does not contain any hate speech or explicit language],"{'race': 'white', 'political': 'liberal'}",neither
2699,1,1714,68678445,0,[the sentence is not offensive][because][it is a statement about a hypothetical situation and does not contain any hate speech or explicit language],0,[the sentence is not offensive][because][it is a statement about a hypothetical situation and does not contain any hate speech or explicit language],"{'race': 'white', 'political': 'liberal'}",neither
2700,1,924,43621071,1,[the sentence is offensive][because][it conveys a stereotypical message suggesting that women use their bodies to trap men into having babies],1,[the sentence is offensive][because][it conveys a stereotypical message suggesting that women use their bodies to trap men into having babies],"{'race': 'white', 'political': 'liberal'}",both
2701,1,3441,5171967,0,[the sentence is not offensive][because][it is a playful and flirtatious message],0,[the sentence is not offensive][because][it is a playful and flirtatious message],"{'race': 'white', 'political': 'liberal'}",neither
2702,0,3441,7304061,0,[the sentence is not offensive][because][it is a playful and flirtatious message],0,[the sentence is not offensive][because][it is a playful and flirtatious message],"{'race': 'white', 'political': 'liberal'}",both
2703,0,1098,7304061,1,[the sentence is offensive][because][it contains derogatory language and a threat],1,[the sentence is offensive][because][it contains derogatory language and a threat],"{'race': 'white', 'political': 'liberal'}",neither
2704,0,1098,93178090,1,[the sentence is offensive][because][it contains derogatory language and a threat],1,[the sentence is offensive][because][it contains derogatory language and a threat],"{'race': 'white', 'political': 'liberal'}",neither
2705,1,1686,65218045,1,[the sentence is offensive][because][it conveys a stereotypical message suggesting that white people are inherently smarter and more educated than black people],1,[the sentence is offensive][because][it conveys a stereotypical message suggesting that white people are inherently smarter and more educated than black people],"{'race': 'white', 'political': 'liberal'}",both
2706,1,1626,13486996,1,[the sentence is offensive][because][it contains a racial slur and promotes hate speech],1,[the sentence is offensive][because][it contains a racial slur and promotes hate speech],"{'race': 'white', 'political': 'liberal'}",both
2707,1,1626,48349576,1,[the sentence is offensive][because][it contains a racial slur and promotes hate speech],1,[the sentence is offensive][because][it contains a racial slur and promotes hate speech],"{'race': 'white', 'political': 'liberal'}",both
2708,1,700,77369868,1,[the sentence is offensive][because][it contains hate speech and a racial slur],1,[the sentence is offensive][because][it contains hate speech and a racial slur],"{'race': 'white', 'political': 'neutral'}",both
2709,0,700,85439177,1,[the sentence is offensive][because][it contains hate speech and a racial slur],1,[the sentence is offensive][because][it contains a racial slur and expresses a negative sentiment towards a group of people],"{'race': 'white', 'political': 'liberal'}",neither
2710,1,2074,32677126,1,[the sentence is offensive][because][it contains hate speech and derogatory language],1,[the sentence is offensive][because][it contains a racial slur and a derogatory term],"{'race': 'white', 'political': 'liberal'}",both
2711,1,2074,48349576,1,[the sentence is offensive][because][it contains hate speech and derogatory language],1,[the sentence is offensive][because][it contains a racial slur and a derogatory term],"{'race': 'white', 'political': 'liberal'}",both
2712,1,2777,11496683,1,[the sentence is offensive][because][it contains a racial slur and promotes a negative stereotype about arabs and south asians],1,[the sentence is offensive][because][it contains a racial slur and makes a generalization about a group of people],"{'race': 'white', 'political': 'liberal'}",both
2713,0,2777,48349576,1,[the sentence is offensive][because][it contains a racial slur and promotes a negative stereotype about arabs and south asians],1,[the sentence is offensive][because][it contains a racial slur and makes a generalization about a group of people],"{'race': 'white', 'political': 'liberal'}",neither
2714,1,3157,94946605,1,[the sentence is offensive][because][it contains derogatory language towards people with disabilities and explicit language],1,[the sentence is offensive][because][it contains derogatory language towards people with disabilities and explicit language],"{'race': 'white', 'political': 'liberal'}",both
2715,1,3157,13486996,1,[the sentence is offensive][because][it contains derogatory language towards people with disabilities and explicit language],1,[the sentence is offensive][because][it contains derogatory language towards people with disabilities and explicit language],"{'race': 'white', 'political': 'liberal'}",both
2716,0,978,85439177,1,[the sentence is offensive][because][it contains a racial slur],1,[the sentence is offensive][because][it contains a racial slur and a stereotype],"{'race': 'white', 'political': 'liberal'}",neither
2717,0,1695,6690712,1,[the sentence is offensive][because][it contains a racial slur and a derogatory term for a group of people],1,[the sentence is offensive][because][it contains a racial slur and a derogatory term for a group of people],"{'race': 'white', 'political': 'liberal'}",neither
2718,1,1695,11496683,1,[the sentence is offensive][because][it contains a racial slur and a derogatory term for a group of people],1,[the sentence is offensive][because][it contains a racial slur and a derogatory term for a group of people],"{'race': 'white', 'political': 'liberal'}",both
2719,1,2146,11496683,1,[the sentence is offensive][because][it contains hate speech and explicit language],1,[the sentence is offensive][because][it contains hate speech and multiple instances of explicit language and racial slur],"{'race': 'white', 'political': 'liberal'}",both
2720,1,2146,48349576,1,[the sentence is offensive][because][it contains hate speech and explicit language],1,[the sentence is offensive][because][it contains hate speech and multiple instances of explicit language and racial slur],"{'race': 'white', 'political': 'liberal'}",both
2721,1,1370,13486996,1,[the sentence is offensive][because][it contains hate speech and derogatory language towards people with autism and the lgbtq+ community],1,[the sentence is offensive][because][it contains hate speech and derogatory language towards people with autism and the lgbtq+ community],"{'race': 'white', 'political': 'liberal'}",both
2722,1,1370,48349576,1,[the sentence is offensive][because][it contains hate speech and derogatory language towards people with autism and the lgbtq+ community],1,[the sentence is offensive][because][it contains hate speech and derogatory language towards people with autism and the lgbtq+ community],"{'race': 'white', 'political': 'liberal'}",both
2723,0,1536,55799101,0,[the sentence is not offensive][because][it is a neutral statement about sneakers],0,[the sentence is not offensive][because][it is a neutral statement about sneakers],"{'race': 'white', 'political': 'liberal'}",both
2724,1,1536,6690712,0,[the sentence is not offensive][because][it is a neutral statement about sneakers],0,[the sentence is not offensive][because][it is a neutral statement about sneakers],"{'race': 'white', 'political': 'liberal'}",neither
2725,1,1706,6690712,1,[the sentence is offensive][because][it uses a racial slur],1,[the sentence is offensive][because][it uses a racial slur],"{'race': 'white', 'political': 'liberal'}",both
2726,1,1706,48349576,1,[the sentence is offensive][because][it uses a racial slur],1,[the sentence is offensive][because][it uses a racial slur],"{'race': 'white', 'political': 'liberal'}",both
2727,0,3500,77369868,1,[the sentence is offensive][because][it contains a threat of violence and uses a colloquialism that is often associated with hate speech],1,[the sentence is offensive][because][it contains a threat of violence and a racial slur],"{'race': 'white', 'political': 'neutral'}",neither
2728,0,3500,48349576,1,[the sentence is offensive][because][it contains a threat of violence and uses a colloquialism that is often associated with hate speech],1,[the sentence is offensive][because][it contains a threat of violence and a racial slur],"{'race': 'white', 'political': 'liberal'}",neither
2729,0,45,77369868,0,[the sentence is not offensive][because][it is a common idiomatic expression],0,[the sentence is not offensive][because][it is a common idiomatic expression],"{'race': 'white', 'political': 'neutral'}",both
2730,0,45,48349576,0,[the sentence is not offensive][because][it is a common idiomatic expression],0,[the sentence is not offensive][because][it is a common idiomatic expression],"{'race': 'white', 'political': 'liberal'}",both
2731,0,2390,72105794,0,[the sentence is not offensive][because][it is a statement about personal preferences],0,[the sentence is not offensive][because][it is a neutral statement about personal preferences],"{'race': 'white', 'political': 'liberal'}",both
2732,0,2390,13486996,0,[the sentence is not offensive][because][it is a neutral statement about personal preferences],0,[the sentence is not offensive][because][it is a neutral statement about personal preferences],"{'race': 'white', 'political': 'liberal'}",both
2733,0,24,32677126,0,[the sentence is not offensive][because][it is a factual anecdote about a person's experience],0,[the sentence is not offensive][because][it is a factual account of a situation],"{'race': 'white', 'political': 'liberal'}",both
2734,0,24,48349576,0,[the sentence is not offensive][because][it is a factual anecdote about a person's experience],0,[the sentence is not offensive][because][it is a factual account of a situation],"{'race': 'white', 'political': 'liberal'}",both
2735,0,3338,13486996,0,[the sentence is not offensive][because][it is a nonsensical and confusing text],0,[the sentence is not offensive][because][it is a nonsensical and confusing text that does not convey any clear message or intent],"{'race': 'white', 'political': 'liberal'}",both
2736,0,3338,35280071,0,[the sentence is not offensive][because][it is a nonsensical and confusing text],0,[the sentence is not offensive][because][it is a nonsensical and confusing text that does not contain any hate or explicit language],"{'race': 'white', 'political': 'neutral'}",both
2737,1,1030,32677126,1,[the sentence is offensive][because][it contains a derogatory term for the lgbtq+ community and promotes discrimination],1,[the sentence is offensive][because][it contains a derogatory term for the lgbtq+ community and promotes discrimination],"{'race': 'white', 'political': 'liberal'}",both
2738,1,1030,85439177,1,[the sentence is offensive][because][it contains a derogatory term for the lgbtq+ community and promotes discrimination],1,[the sentence is offensive][because][it contains a derogatory term for the lgbtq+ community and promotes discrimination],"{'race': 'white', 'political': 'liberal'}",both
2739,1,2807,72105794,1,[the sentence is offensive][because][it contains hate speech and derogatory language towards a public figure and his wife],0,"[the sentence is not offensive][because][it is a political statement with a strong opinion, but it does not contain hate speech or explicit language]","{'race': 'white', 'political': 'liberal'}",baseline
2740,0,2807,13486996,1,[the sentence is offensive][because][it contains hate speech and derogatory language towards a public figure and his wife],0,"[the sentence is not offensive][because][it is a political statement with a strong opinion, but it does not contain hate speech or explicit language]","{'race': 'white', 'political': 'liberal'}",race_political
2741,1,1988,41829545,1,[the sentence is offensive][because][it contains racial slurs and stereotypes],1,[the sentence is offensive][because][it contains racial slurs and stereotypes],"{'race': 'white', 'political': 'liberal'}",both
2742,1,1988,13486996,1,[the sentence is offensive][because][it contains racial slurs and stereotypes],1,[the sentence is offensive][because][it contains racial slurs and stereotypes],"{'race': 'white', 'political': 'liberal'}",both
2743,0,2776,55799101,0,[the sentence is not offensive][because][it is a neutral statement about a national day and a personal reflection],0,[the sentence is not offensive][because][it is a neutral statement about a national day and a personal reflection],"{'race': 'white', 'political': 'liberal'}",both
2744,0,2776,48349576,0,[the sentence is not offensive][because][it is a neutral statement about a national day and a personal reflection],0,[the sentence is not offensive][because][it is a neutral statement about a national day and a personal reflection],"{'race': 'white', 'political': 'liberal'}",both
2745,0,2280,32677126,0,[the sentence is not offensive][because][it is a philosophical question],0,[the sentence is not offensive][because][it is a philosophical question],"{'race': 'white', 'political': 'liberal'}",both
2746,0,2280,85439177,0,[the sentence is not offensive][because][it is a philosophical question],0,[the sentence is not offensive][because][it is a philosophical question],"{'race': 'white', 'political': 'liberal'}",both
2747,0,3501,11496683,1,[the sentence is offensive][because][it contains a threat and a derogatory term],1,[the sentence is offensive][because][it contains a threat and a derogatory term],"{'race': 'white', 'political': 'liberal'}",neither
2748,0,3501,85439177,1,[the sentence is offensive][because][it contains a threat and a derogatory term],1,[the sentence is offensive][because][it contains a threat and a derogatory term],"{'race': 'white', 'political': 'liberal'}",neither
2749,0,95,13486996,0,[the sentence is not offensive][because][it is a statement about personal preference],0,[the sentence is not offensive][because][it is a statement about personal preference],"{'race': 'white', 'political': 'liberal'}",both
2750,0,95,85439177,0,[the sentence is not offensive][because][it is a statement about personal preference],0,[the sentence is not offensive][because][it is a statement about personal preference],"{'race': 'white', 'political': 'liberal'}",both
2751,0,189,48349576,0,[the sentence is not offensive][because][it is a statement of fact],0,[the sentence is not offensive][because][it is a metaphorical expression],"{'race': 'white', 'political': 'liberal'}",both
2752,1,189,85439177,0,[the sentence is not offensive][because][it is a statement of fact],0,[the sentence is not offensive][because][it is a metaphorical expression],"{'race': 'white', 'political': 'liberal'}",neither
2753,0,3346,77369868,0,[the sentence is not offensive][because][it is a casual expression of frustration and annoyance],0,[the sentence is not offensive][because][it is a casual expression of frustration and annoyance],"{'race': 'white', 'political': 'neutral'}",both
2754,0,3346,85439177,0,[the sentence is not offensive][because][it is a casual expression of frustration and annoyance],0,[the sentence is not offensive][because][it is a casual expression of frustration and annoyance],"{'race': 'white', 'political': 'liberal'}",both
2755,0,2260,77369868,0,[the sentence is not offensive][because][it is a neutral description of a situation],0,[the sentence is not offensive][because][it is a neutral description of a situation],"{'race': 'white', 'political': 'neutral'}",both
2756,0,2260,65294455,0,[the sentence is not offensive][because][it is a neutral description of a situation],0,[the sentence is not offensive][because][it is a neutral description of a situation],"{'race': 'white', 'political': 'liberal'}",both
2757,0,664,11496683,1,[the sentence is offensive][because][it contains hate speech and derogatory language towards people with disabilities],1,[the sentence is offensive][because][it contains hate speech and derogatory language towards people with disabilities],"{'race': 'white', 'political': 'liberal'}",neither
2758,1,4043,13486996,1,[the sentence is offensive][because][it contains hate speech and explicit language],1,[the sentence is offensive][because][it contains a racial slur and promotes the use of derogatory language to describe a sexual act],"{'race': 'white', 'political': 'liberal'}",both
2759,1,4043,48349576,1,[the sentence is offensive][because][it contains hate speech and explicit language],1,[the sentence is offensive][because][it contains a racial slur and promotes the use of derogatory language to describe a sexual act],"{'race': 'white', 'political': 'liberal'}",both
2760,0,335,6690712,1,[the sentence is offensive][because][it uses a racial slur],1,[the sentence is offensive][because][it uses a racial slur],"{'race': 'white', 'political': 'liberal'}",neither
2761,0,335,72105794,1,[the sentence is offensive][because][it uses a racial slur],1,[the sentence is offensive][because][it uses a racial slur],"{'race': 'white', 'political': 'liberal'}",neither
2762,1,1642,48349576,1,[the sentence is offensive][because][it contains hate speech and derogatory language towards people from third world countries and people with physical disabilities],1,[the sentence is offensive][because][it contains hate speech and derogatory language towards a specific group of people],"{'race': 'white', 'political': 'liberal'}",both
2763,1,1642,85439177,1,[the sentence is offensive][because][it contains hate speech and derogatory language towards people from third world countries and people with physical disabilities],1,[the sentence is offensive][because][it contains hate speech and derogatory language towards a specific group of people],"{'race': 'white', 'political': 'liberal'}",both
2764,1,1424,55799101,1,[the sentence is offensive][because][it contains hate speech and anti-semitic language],1,[the sentence is offensive][because][it contains hate speech and anti-semitic language],"{'race': 'white', 'political': 'liberal'}",both
2765,1,1424,11496683,1,[the sentence is offensive][because][it contains hate speech and anti-semitic language],1,[the sentence is offensive][because][it contains hate speech and anti-semitic language],"{'race': 'white', 'political': 'liberal'}",both
2766,1,2186,51013493,1,"[the sentence is offensive][because][it contains hate speech and racial slurs, and dehumanizes a group of people]",1,"[the sentence is offensive][because][it contains hate speech and racial slurs, and dehumanizes a group of people]","{'race': 'white', 'political': 'liberal'}",both
2767,1,2186,35280071,1,"[the sentence is offensive][because][it contains hate speech and racial slurs, and dehumanizes a group of people]",1,"[the sentence is offensive][because][it contains hate speech and racial slurs, and dehumanizes a group of people]","{'race': 'white', 'political': 'neutral'}",both
2768,0,459,77369868,0,[the sentence is not offensive][because][it is an expression of frustration],0,[the sentence is not offensive][because][it is an expression of frustration],"{'race': 'white', 'political': 'neutral'}",both
2769,0,459,13486996,0,[the sentence is not offensive][because][it is an expression of frustration],0,[the sentence is not offensive][because][it is a common idiomatic expression],"{'race': 'white', 'political': 'liberal'}",both
2770,0,3413,13486996,0,[the sentence is not offensive][because][it is a colloquial way to express a personal experience],0,[the sentence is not offensive][because][it is a colloquial way to express a personal experience],"{'race': 'white', 'political': 'liberal'}",both
2771,0,3413,32677126,0,[the sentence is not offensive][because][it is a colloquial way to express a personal experience],0,[the sentence is not offensive][because][it is a colloquial way to express a personal experience],"{'race': 'white', 'political': 'liberal'}",both
2772,0,311,48734897,1,[the sentence is offensive][because][it promotes the use of a racial slur and implies that only black people should use it],1,[the sentence is offensive][because][it implies that the racial slur 'nigga' is exclusive to a particular race],"{'race': 'white', 'political': 'liberal'}",neither
2773,0,311,32677126,1,[the sentence is offensive][because][it promotes the use of a racial slur and implies that only black people should use it],1,[the sentence is offensive][because][it implies that the racial slur 'nigga' is exclusive to a particular race],"{'race': 'white', 'political': 'liberal'}",neither
2774,1,3807,48349576,1,[the sentence is offensive][because][it contains derogatory language and stereotypes about women and people from the hood],1,[the sentence is offensive][because][it contains derogatory language and stereotypes about women and people from the hood],"{'race': 'white', 'political': 'liberal'}",both
2775,0,3807,85439177,1,[the sentence is offensive][because][it contains derogatory language and stereotypes about women and people from the hood],1,[the sentence is offensive][because][it contains derogatory language and stereotypes about women and people from the hood],"{'race': 'white', 'political': 'liberal'}",neither
2776,0,3340,35280071,0,[the sentence is not offensive][because][it is a casual conversation between two people],0,[the sentence is not offensive][because][it is a casual conversation between two people],"{'race': 'white', 'political': 'neutral'}",both
2777,0,3340,85439177,0,[the sentence is not offensive][because][it is a casual conversation between two people],0,[the sentence is not offensive][because][it is a casual conversation between two people],"{'race': 'white', 'political': 'liberal'}",both
2778,0,2461,6690712,1,[the sentence is offensive][because][it contains explicit language],0,[the sentence is not offensive][because][it is a frustrated expression of pain],"{'race': 'white', 'political': 'liberal'}",race_political
2779,0,2461,35280071,1,[the sentence is offensive][because][it contains explicit language],0,[the sentence is not offensive][because][it is a frustrated expression of pain],"{'race': 'white', 'political': 'neutral'}",race_political
2780,1,1808,77369868,1,[the sentence is offensive][because][it contains a racial slur and promotes a stereotype about black people],1,[the sentence is offensive][because][it contains a racial slur and promotes a stereotype of black people being subservient to white people],"{'race': 'white', 'political': 'neutral'}",both
2781,1,1808,13486996,1,[the sentence is offensive][because][it contains a racial slur and promotes a stereotype about black people],1,[the sentence is offensive][because][it contains a racial slur and promotes a stereotype of black people being subservient to white people],"{'race': 'white', 'political': 'liberal'}",both
2782,0,296,6690712,1,[the sentence is offensive][because][it contains derogatory language towards the lgbtq+ community],1,[the sentence is offensive][because][it contains derogatory language towards the lgbtq+ community],"{'race': 'white', 'political': 'liberal'}",neither
2783,1,296,13486996,1,[the sentence is offensive][because][it contains derogatory language towards the lgbtq+ community],1,[the sentence is offensive][because][it contains derogatory language towards the lgbtq+ community],"{'race': 'white', 'political': 'liberal'}",both
2784,0,116,87738079,0,[the sentence is not offensive][because][it is a neutral statement about politicians],0,[the sentence is not offensive][because][it is a neutral statement about politicians],"{'race': 'white', 'political': 'liberal'}",both
2785,0,116,48349576,0,[the sentence is not offensive][because][it is a neutral statement about politicians],0,[the sentence is not offensive][because][it is a neutral statement about politicians],"{'race': 'white', 'political': 'liberal'}",both
2786,0,3291,13486996,0,"[the sentence is not offensive][because][it is a story about a man exposing his cheating girlfriend and her side dude, but it is not explicit or hateful]",0,"[the sentence is not offensive][because][it is a story about a man exposing his cheating girlfriend and her side dude, but it does not contain hate speech or explicit language]","{'race': 'white', 'political': 'liberal'}",both
2787,0,3291,11496683,0,"[the sentence is not offensive][because][it is a story about a man exposing his cheating girlfriend and her side dude, but it is not explicit or hateful]",0,"[the sentence is not offensive][because][it is a story about a man exposing his cheating girlfriend and her side dude, but it does not contain hate speech or explicit language]","{'race': 'white', 'political': 'liberal'}",both
2788,0,870,55799101,1,[the sentence is offensive][because][it conveys a stereotypical message suggesting that women should dress in a certain way to avoid being judged or harassed],1,[the sentence is offensive][because][it conveys a sexist message],"{'race': 'white', 'political': 'liberal'}",neither
2789,0,870,24607076,1,[the sentence is offensive][because][it conveys a stereotypical message suggesting that women should dress in a certain way to avoid being judged or harassed],1,[the sentence is offensive][because][it conveys a sexist message],"{'race': 'white', 'political': 'neutral'}",neither
2790,1,3463,6690712,1,[the sentence is offensive][because][it contains explicit language and derogatory terms],1,[the sentence is offensive][because][it contains explicit language and derogatory terms],"{'race': 'white', 'political': 'liberal'}",both
2791,0,3463,32677126,1,[the sentence is offensive][because][it contains explicit language and derogatory terms],1,[the sentence is offensive][because][it contains explicit language and derogatory terms],"{'race': 'white', 'political': 'liberal'}",neither
2792,1,264,6690712,0,[the sentence is not offensive][because][the person is using the word to refer to its original meaning and not as a racial slur],0,[the sentence is not offensive][because][the person is using the word to refer to its original meaning and not as a racial slur],"{'race': 'white', 'political': 'liberal'}",neither
2793,1,264,13486996,0,[the sentence is not offensive][because][the person is using the word to refer to its original meaning and not as a racial slur],0,[the sentence is not offensive][because][the person is using the word to refer to its original meaning and not as a racial slur],"{'race': 'white', 'political': 'liberal'}",neither
2794,1,1538,11496683,1,[the sentence is offensive][because][it contains a racial slur and a derogatory term],1,[the sentence is offensive][because][it contains a racial slur and a derogatory term for a woman],"{'race': 'white', 'political': 'liberal'}",both
2795,1,1538,85439177,1,[the sentence is offensive][because][it contains a racial slur and a derogatory term],1,[the sentence is offensive][because][it contains a racial slur and a derogatory term for a woman],"{'race': 'white', 'political': 'liberal'}",both
2796,1,2118,13486996,1,[the sentence is offensive][because][it contains hate speech and explicit language],1,[the sentence is offensive][because][it contains hate speech and a threat of violence against a specific group of people],"{'race': 'white', 'political': 'liberal'}",both
2797,1,2118,11496683,1,[the sentence is offensive][because][it contains hate speech and explicit language],1,[the sentence is offensive][because][it contains hate speech and a threat of violence against a specific group of people],"{'race': 'white', 'political': 'liberal'}",both
2798,1,1332,47777228,1,[the sentence is offensive][because][it contains hate speech and derogatory language],1,[the sentence is offensive][because][it contains hate speech and derogatory language],"{'race': 'white', 'political': 'liberal'}",both
2799,1,1332,48349576,1,[the sentence is offensive][because][it contains hate speech and derogatory language],1,[the sentence is offensive][because][it contains hate speech and derogatory language],"{'race': 'white', 'political': 'liberal'}",both
2800,0,3215,11496683,0,[the sentence is not offensive][because][it is a colloquial way to express a desire for something and does not contain any hate language],1,[the sentence is offensive][because][it conveys a stereotypical message suggesting that people are materialistic and value material possessions over personal growth],"{'race': 'white', 'political': 'liberal'}",baseline
2801,1,3215,85439177,0,[the sentence is not offensive][because][it is a colloquial way to express a desire for something and does not contain any hate language],1,[the sentence is offensive][because][it conveys a stereotypical message suggesting that people are materialistic and value material possessions over personal growth],"{'race': 'white', 'political': 'liberal'}",race_political
2802,0,3808,48349576,1,[the sentence is offensive][because][it contains derogatory language and a stereotype about women],1,[the sentence is offensive][because][it contains derogatory language and a stereotype about women],"{'race': 'white', 'political': 'liberal'}",neither
2803,0,3808,85439177,1,[the sentence is offensive][because][it contains derogatory language and a stereotype about women],1,[the sentence is offensive][because][it contains derogatory language and a stereotype about women],"{'race': 'white', 'political': 'liberal'}",neither
2804,1,693,24607076,1,[the sentence is offensive][because][it contains multiple racial slurs and derogatory terms],1,[the sentence is offensive][because][it contains multiple racial slurs and derogatory terms],"{'race': 'white', 'political': 'neutral'}",both
2805,0,853,77369868,1,[the sentence is offensive][because][it implies that a child's desire to express their gender identity is unacceptable and may lead to punishment],1,[the sentence is offensive][because][it implies that a child's choice of clothing is a matter of punishment and is a form of transphobia],"{'race': 'white', 'political': 'neutral'}",neither
2806,1,853,35280071,1,[the sentence is offensive][because][it implies that a child's desire to express their gender identity is unacceptable and may lead to punishment],1,[the sentence is offensive][because][it implies that a child's choice of clothing is a matter of punishment and is a form of transphobia],"{'race': 'white', 'political': 'neutral'}",both
2807,0,63,32677126,0,[the sentence is not offensive][because][it is a well-reasoned argument about immigration and economic policies],0,[the sentence is not offensive][because][it is a political statement with a neutral tone],"{'race': 'white', 'political': 'liberal'}",both
2808,0,63,11496683,0,[the sentence is not offensive][because][it is a well-reasoned argument about immigration and economic policies],0,[the sentence is not offensive][because][it is a political statement with a neutral tone],"{'race': 'white', 'political': 'liberal'}",both
2809,0,3424,1226439,0,[the sentence is not offensive][because][it is a story about a misunderstanding of a word],0,[the sentence is not offensive][because][it is a story about a misunderstanding of a word],"{'race': 'white', 'political': 'liberal'}",both
2810,0,3424,35280071,0,[the sentence is not offensive][because][it is a story about a misunderstanding of a word],0,[the sentence is not offensive][because][it is a neutral statement about a survey and a misunderstanding about a word],"{'race': 'white', 'political': 'neutral'}",both
2811,0,3520,32677126,0,[the sentence is not offensive][because][it is a lighthearted and humorous anecdote about a child farting in an airport],0,[the sentence is not offensive][because][it is a lighthearted and humorous anecdote about a child farting in an airport],"{'race': 'white', 'political': 'liberal'}",both
2812,0,3520,85439177,0,[the sentence is not offensive][because][it is a lighthearted and humorous anecdote about a child farting in an airport],0,[the sentence is not offensive][because][it is a lighthearted and humorous anecdote about a child farting in an airport],"{'race': 'white', 'political': 'liberal'}",both
2813,0,3422,35280071,0,[the sentence is not offensive][because][it is a personal message about a medical condition and a personal goal],0,[the sentence is not offensive][because][it is a personal message about a medical condition and a personal issue],"{'race': 'white', 'political': 'neutral'}",both
2814,0,3422,85439177,0,[the sentence is not offensive][because][it is a personal message about a medical condition and a personal goal],0,[the sentence is not offensive][because][it is a personal message about a medical condition and a personal issue],"{'race': 'white', 'political': 'liberal'}",both
2815,0,3248,72105794,0,[the sentence is not offensive][because][it is a colloquial way to express a thought about people camping out before walmart],0,[the sentence is not offensive][because][it is a colloquial way to describe a situation and does not contain hate language],"{'race': 'white', 'political': 'liberal'}",both
2816,0,3248,13486996,0,[the sentence is not offensive][because][it is a colloquial way to express a thought about people camping out before walmart],0,[the sentence is not offensive][because][it is a colloquial way to describe a situation and does not contain hate language],"{'race': 'white', 'political': 'liberal'}",both
2817,0,1817,77369868,1,[the sentence is offensive][because][it contains a racial slur and promotes violence],1,[the sentence is offensive][because][it contains a racial slur and promotes a stereotype about black people],"{'race': 'white', 'political': 'neutral'}",neither
2818,1,1817,89565348,1,[the sentence is offensive][because][it contains a racial slur and promotes violence],1,[the sentence is offensive][because][it contains a racial slur and promotes a stereotype about black people],"{'race': 'white', 'political': 'liberal'}",both
2819,0,3408,48349576,0,[the sentence is not offensive][because][it is a colloquial way to express dissatisfaction with a product],0,[the sentence is not offensive][because][it is a colloquial way to express dissatisfaction with a product],"{'race': 'white', 'political': 'liberal'}",both
2820,0,3408,43621071,0,[the sentence is not offensive][because][it is a colloquial way to express dissatisfaction with a product],0,[the sentence is not offensive][because][it is a colloquial way to express dissatisfaction with a product],"{'race': 'white', 'political': 'liberal'}",both
2821,1,1777,59696971,1,[the sentence is offensive][because][it is a racial slur and it is used in a context that is likely to be hurtful to black people],1,[the sentence is offensive][because][it is a racial slur and the context is inappropriate],"{'race': 'white', 'political': 'liberal'}",both
2822,1,1777,35280071,1,[the sentence is offensive][because][it is a racial slur and it is used in a context that is likely to be hurtful to black people],1,[the sentence is offensive][because][it is a racial slur and the context is inappropriate],"{'race': 'white', 'political': 'neutral'}",both
2823,1,1631,35280071,1,[the sentence is offensive][because][it contains a racial slur and a derogatory statement about a physical characteristic],1,[the sentence is offensive][because][it contains a racial slur and makes a derogatory comment about a physical characteristic],"{'race': 'white', 'political': 'neutral'}",both
2824,1,1631,85439177,1,[the sentence is offensive][because][it contains a racial slur and a derogatory statement about a physical characteristic],1,[the sentence is offensive][because][it contains a racial slur and makes a derogatory comment about a physical characteristic],"{'race': 'white', 'political': 'liberal'}",both
2825,0,3660,13486996,0,[the sentence is not offensive][because][it is a colloquial way to express pain and frustration],0,[the sentence is not offensive][because][it is a colloquial way to express pain and frustration],"{'race': 'white', 'political': 'liberal'}",both
2826,0,3660,87738079,0,[the sentence is not offensive][because][it is a colloquial way to express pain and frustration],0,[the sentence is not offensive][because][it is a colloquial way to express pain and frustration],"{'race': 'white', 'political': 'liberal'}",both
2827,1,932,85439177,1,[the sentence is offensive][because][it uses derogatory language to describe a group of people],1,[the sentence is offensive][because][it uses derogatory language to describe a group of people],"{'race': 'white', 'political': 'liberal'}",both
2828,0,3707,55799101,1,[the sentence is offensive][because][it contains explicit language and implies academic dishonesty],1,[the sentence is offensive][because][it contains explicit language and implies academic dishonesty],"{'race': 'white', 'political': 'liberal'}",neither
2829,1,3707,13486996,1,[the sentence is offensive][because][it contains explicit language and implies academic dishonesty],1,[the sentence is offensive][because][it contains explicit language and implies academic dishonesty],"{'race': 'white', 'political': 'liberal'}",both
2830,0,2454,77369868,1,[the sentence is offensive][because][it contains explicit language],1,[the sentence is offensive][because][it contains explicit language],"{'race': 'white', 'political': 'neutral'}",neither
2831,1,2454,48349576,1,[the sentence is offensive][because][it contains explicit language],1,[the sentence is offensive][because][it contains explicit language],"{'race': 'white', 'political': 'liberal'}",both
2832,1,2075,71913780,1,[the sentence is offensive][because][it contains a racial slur and a derogatory term],1,[the sentence is offensive][because][it conveys a stereotypical message about black women and contains derogatory language],"{'race': 'white', 'political': 'liberal'}",both
2833,1,2075,48349576,1,[the sentence is offensive][because][it contains a racial slur and a derogatory term],1,[the sentence is offensive][because][it conveys a stereotypical message about black women and contains derogatory language],"{'race': 'white', 'political': 'liberal'}",both
2834,0,3526,13486996,1,[the sentence is offensive][because][it contains a racial slur and a derogatory term],1,[the sentence is offensive][because][it contains a racial slur and a derogatory term],"{'race': 'white', 'political': 'liberal'}",neither
2835,0,3526,48349576,1,[the sentence is offensive][because][it contains a racial slur and a derogatory term],1,[the sentence is offensive][because][it contains a racial slur and a derogatory term],"{'race': 'white', 'political': 'liberal'}",neither
2836,0,3406,13486996,0,[the sentence is not offensive][because][it is a colloquial way to express frustration with a family member],0,[the sentence is not offensive][because][it is a colloquial way to express frustration with a family member],"{'race': 'white', 'political': 'liberal'}",both
2837,0,3406,48349576,0,[the sentence is not offensive][because][it is a colloquial way to express frustration with a family member],0,[the sentence is not offensive][because][it is a colloquial way to express frustration with a family member],"{'race': 'white', 'political': 'liberal'}",both
2838,1,1812,77369868,1,[the sentence is offensive][because][it contains a racial slur and promotes hate speech],1,[the sentence is offensive][because][it contains a racial slur and promotes hate speech],"{'race': 'white', 'political': 'neutral'}",both
2839,1,1812,85439177,1,[the sentence is offensive][because][it contains a racial slur and promotes hate speech],1,[the sentence is offensive][because][it contains a racial slur and promotes hate speech],"{'race': 'white', 'political': 'liberal'}",both
2840,0,3516,55799101,0,[the sentence is not offensive][because][it is a neutral statement about not being familiar with a slang term],0,[the sentence is not offensive][because][it is a neutral statement about not being familiar with a slang term],"{'race': 'white', 'political': 'liberal'}",both
2841,0,3516,11496683,0,[the sentence is not offensive][because][it is a neutral statement about not being familiar with a slang term],0,[the sentence is not offensive][because][it is a neutral statement about not being familiar with a slang term],"{'race': 'white', 'political': 'liberal'}",both
2842,0,525,48349576,0,[the sentence is not offensive][because][it is a colloquial way to express frustration],0,[the sentence is not offensive][because][it is a colloquial way to express frustration],"{'race': 'white', 'political': 'liberal'}",both
2843,0,398,77369868,1,[the sentence is offensive][because][it contains a racial slur and promotes a stereotype about black people being horny],1,[the sentence is offensive][because][it uses a racial slur and contains explicit language],"{'race': 'white', 'political': 'neutral'}",neither
2844,1,398,48349576,1,[the sentence is offensive][because][it contains a racial slur and promotes a stereotype about black people being horny],1,[the sentence is offensive][because][it uses a racial slur and contains explicit language],"{'race': 'white', 'political': 'liberal'}",both
2845,0,3312,13486996,0,[the sentence is not offensive][because][it is a casual conversation about sneakers],0,[the sentence is not offensive][because][it is a casual conversation about sneakers],"{'race': 'white', 'political': 'liberal'}",both
2846,0,3312,85439177,0,[the sentence is not offensive][because][it is a casual conversation about sneakers],0,[the sentence is not offensive][because][it is a casual conversation about sneakers],"{'race': 'white', 'political': 'liberal'}",both
2847,0,2984,85439177,0,[the sentence is not offensive][because][it is a sports commentary],0,[the sentence is not offensive][because][it is a sports commentary],"{'race': 'white', 'political': 'liberal'}",both
2848,0,3552,32677126,1,[the sentence is offensive][because][it contains explicit language and hate speech],1,[the sentence is offensive][because][it contains explicit language and hate speech],"{'race': 'white', 'political': 'liberal'}",neither
2849,1,3552,48349576,1,[the sentence is offensive][because][it contains explicit language and hate speech],1,[the sentence is offensive][because][it contains explicit language and hate speech],"{'race': 'white', 'political': 'liberal'}",both
2850,1,1790,77369868,1,[the sentence is offensive][because][it is a hate speech],1,[the sentence is offensive][because][it is a hate speech],"{'race': 'white', 'political': 'neutral'}",both
2851,1,1790,85439177,1,[the sentence is offensive][because][it is a hate speech],1,[the sentence is offensive][because][it is a hate speech],"{'race': 'white', 'political': 'liberal'}",both
2852,1,2143,13486996,1,[the sentence is offensive][because][it promotes the use of a racial slur and encourages lawlessness],1,[the sentence is offensive][because][it promotes the use of a racial slur and encourages lawlessness],"{'race': 'white', 'political': 'liberal'}",both
2853,1,2143,48349576,1,[the sentence is offensive][because][it promotes the use of a racial slur and encourages lawlessness],1,[the sentence is offensive][because][it promotes the use of a racial slur and encourages lawlessness],"{'race': 'white', 'political': 'liberal'}",both
2854,0,85,6690712,0,[the sentence is not offensive][because][it is a peaceful message from a religious group],0,[the sentence is not offensive][because][it is a peaceful message from a religious group],"{'race': 'white', 'political': 'liberal'}",both
2855,0,85,85439177,0,[the sentence is not offensive][because][it is a peaceful message from a religious group],0,[the sentence is not offensive][because][it is a peaceful message from a religious group],"{'race': 'white', 'political': 'liberal'}",both
2856,0,3286,77369868,1,[the sentence is offensive][because][it contains a derogatory term for an older woman],1,[the sentence is offensive][because][it contains a derogatory term for an older woman],"{'race': 'white', 'political': 'neutral'}",neither
2857,1,719,35280071,1,[the sentence is offensive][because][it contains a derogatory term for people with intellectual disabilities],1,[the sentence is offensive][because][it contains a derogatory term for people with intellectual disabilities],"{'race': 'white', 'political': 'neutral'}",both
2858,1,719,48349576,1,[the sentence is offensive][because][it contains a derogatory term for people with intellectual disabilities],1,[the sentence is offensive][because][it contains a derogatory term for people with intellectual disabilities],"{'race': 'white', 'political': 'liberal'}",both
2859,0,1789,77369868,0,[the sentence is not offensive][because][it is a common idiomatic expression],0,[the sentence is not offensive][because][it is a common idiomatic expression],"{'race': 'white', 'political': 'neutral'}",both
2860,1,1789,35280071,0,[the sentence is not offensive][because][the word 'nigga' is used in a non-racial context],0,[the sentence is not offensive][because][it is a common idiomatic expression],"{'race': 'white', 'political': 'neutral'}",neither
2861,0,3411,77369868,1,[the sentence is offensive][because][it contains explicit language and a derogatory term],1,[the sentence is offensive][because][it contains explicit language and a derogatory term],"{'race': 'white', 'political': 'neutral'}",neither
2862,0,3411,11496683,1,[the sentence is offensive][because][it contains explicit language and a derogatory term],1,[the sentence is offensive][because][it contains explicit language and a derogatory term],"{'race': 'white', 'political': 'liberal'}",neither
2863,0,77,77369868,0,[the sentence is not offensive][because][it promotes awareness and understanding of the issue of abuse],0,[the sentence is not offensive][because][it promotes awareness and understanding of the issue of abuse],"{'race': 'white', 'political': 'neutral'}",both
2864,0,77,59819662,0,[the sentence is not offensive][because][it promotes awareness and understanding of the issue of abuse],0,[the sentence is not offensive][because][it promotes awareness and understanding of the issue of abuse],"{'race': 'white', 'political': 'liberal'}",both
2865,1,3556,95971160,1,[the sentence is offensive][because][it contains a derogatory term for sex workers and a misogynistic comment],1,[the sentence is offensive][because][it contains a derogatory term for sex workers and a misogynistic tone],"{'race': 'white', 'political': 'liberal'}",both
2866,0,3556,32677126,1,[the sentence is offensive][because][it contains a derogatory term for sex workers and a misogynistic comment],1,[the sentence is offensive][because][it contains a derogatory term for sex workers and a misogynistic tone],"{'race': 'white', 'political': 'liberal'}",neither
2867,0,2568,77369868,0,[the sentence is not offensive][because][it is a sarcastic comment about the award shows],0,[the sentence is not offensive][because][it is a neutral comment about the impact of a celebrity's speech on the entertainment industry],"{'race': 'white', 'political': 'neutral'}",both
2868,0,2568,72105794,0,[the sentence is not offensive][because][it is a sarcastic comment about the award shows],0,[the sentence is not offensive][because][it is a sarcastic comment about the award shows],"{'race': 'white', 'political': 'liberal'}",both
2869,1,1972,91276967,1,[the sentence is offensive][because][it contains hate speech and targets a specific culture],1,[the sentence is offensive][because][it contains hate speech and targets a specific racial group],"{'race': 'white', 'political': 'liberal'}",both
2870,1,1972,11496683,1,[the sentence is offensive][because][it contains hate speech and targets a specific culture],1,[the sentence is offensive][because][it contains hate speech and targets a specific racial group],"{'race': 'white', 'political': 'liberal'}",both
2871,1,3475,41829545,0,[the sentence is not offensive][because][it is a colloquial expression of affection and admiration],0,[the sentence is not offensive][because][it is a colloquial expression of affection and admiration],"{'race': 'white', 'political': 'liberal'}",neither
2872,1,3475,13486996,0,[the sentence is not offensive][because][it is a colloquial expression of affection and admiration],0,[the sentence is not offensive][because][it is a colloquial expression of affection and admiration],"{'race': 'white', 'political': 'liberal'}",neither
2873,0,881,77369868,1,[the sentence is offensive][because][it conveys a xenophobic message],1,[the sentence is offensive][because][it conveys a xenophobic message],"{'race': 'white', 'political': 'neutral'}",neither
2874,1,881,11496683,1,[the sentence is offensive][because][it conveys a xenophobic message],1,[the sentence is offensive][because][it conveys a xenophobic message],"{'race': 'white', 'political': 'liberal'}",both
2875,0,2853,62060153,0,[the sentence is not offensive][because][it is a strong expression of disappointment but does not contain hate speech or explicit language],0,[the sentence is not offensive][because][it is a sports-related comment with a strong expression of disappointment],"{'race': 'white', 'political': 'liberal'}",both
2876,0,2853,55799101,0,[the sentence is not offensive][because][it is a strong expression of disappointment but does not contain hate speech or explicit language],0,[the sentence is not offensive][because][it is a sports-related comment with a strong expression of disappointment],"{'race': 'white', 'political': 'liberal'}",both
2877,0,682,55799101,1,[the sentence is offensive][because][it contains a racial slur and promotes a negative stereotype about black people],1,[the sentence is offensive][because][it contains a racial slur and conveys a derogatory message about race],"{'race': 'white', 'political': 'liberal'}",neither
2878,0,682,77369868,1,[the sentence is offensive][because][it contains a racial slur and promotes a negative stereotype about black people],1,[the sentence is offensive][because][it contains a racial slur and conveys a derogatory message about race],"{'race': 'white', 'political': 'neutral'}",neither
2879,0,3900,72105794,1,[the sentence is offensive][because][it contains a racial slur and promotes violence],1,[the sentence is offensive][because][it contains a racial slur and promotes violence],"{'race': 'white', 'political': 'liberal'}",neither
2880,0,3900,85439177,1,[the sentence is offensive][because][it contains a racial slur and promotes violence],1,[the sentence is offensive][because][it contains a racial slur and promotes violence],"{'race': 'white', 'political': 'liberal'}",neither
2881,0,2982,6690712,0,[the sentence is not offensive][because][it is a complaint about a game difficulty],0,[the sentence is not offensive][because][it is a complaint about a game difficulty],"{'race': 'white', 'political': 'liberal'}",both
2882,0,2982,11496683,0,[the sentence is not offensive][because][it is a complaint about a game difficulty],0,[the sentence is not offensive][because][it is a complaint about a game difficulty],"{'race': 'white', 'political': 'liberal'}",both
2883,0,3244,13486996,0,[the sentence is not offensive][because][it is a colloquial way to comment on a situation],0,[the sentence is not offensive][because][it is a colloquial way to comment on a situation],"{'race': 'white', 'political': 'liberal'}",both
2884,1,3244,11496683,0,[the sentence is not offensive][because][it is a colloquial way to comment on a situation],0,[the sentence is not offensive][because][it is a colloquial way to comment on a situation],"{'race': 'white', 'political': 'liberal'}",neither
2885,0,3799,6690712,1,[the sentence is offensive][because][it contains explicit language and a derogatory term],1,[the sentence is offensive][because][it contains explicit language and a derogatory term],"{'race': 'white', 'political': 'liberal'}",neither
2886,0,3799,72105794,1,[the sentence is offensive][because][it contains explicit language and a derogatory term],1,[the sentence is offensive][because][it contains explicit language and a derogatory term],"{'race': 'white', 'political': 'liberal'}",neither
2887,1,1552,77369868,1,[the sentence is offensive][because][it contains a statement that implies that black people deserved to be oppressed],1,[the sentence is offensive][because][it contains a statement that implies black people deserved to be oppressed],"{'race': 'white', 'political': 'neutral'}",both
2888,1,1552,13486996,1,[the sentence is offensive][because][it contains a statement that implies that black people deserved to be oppressed],1,[the sentence is offensive][because][it contains a statement that implies black people deserved to be oppressed],"{'race': 'white', 'political': 'liberal'}",both
2889,1,1874,13486996,1,[the sentence is offensive][because][it implies that a racial slur is acceptable based on the speaker's skin color],1,[the sentence is offensive][because][it implies that a racial slur is acceptable based on the speaker's skin color],"{'race': 'white', 'political': 'liberal'}",both
2890,1,1874,48349576,1,[the sentence is offensive][because][it implies that a racial slur is acceptable based on the speaker's skin color],1,[the sentence is offensive][because][it implies that a racial slur is acceptable based on the speaker's skin color],"{'race': 'white', 'political': 'liberal'}",both
2891,1,4051,13486996,1,[the sentence is offensive][because][it contains explicit language and a derogatory term],1,[the sentence is offensive][because][it contains explicit language and a derogatory term],"{'race': 'white', 'political': 'liberal'}",both
2892,1,4051,29399204,1,[the sentence is offensive][because][it contains explicit language and a derogatory term],1,[the sentence is offensive][because][it contains explicit language and a derogatory term],"{'race': 'white', 'political': 'liberal'}",both
2893,0,2176,24607076,1,[the sentence is offensive][because][it contains a racial slur and a threat of violence],1,[the sentence is offensive][because][it promotes violence against people who have been released from jail],"{'race': 'white', 'political': 'neutral'}",neither
2894,1,2176,35280071,1,[the sentence is offensive][because][it contains a racial slur and a threat of violence],1,[the sentence is offensive][because][it promotes violence against people who have been released from jail],"{'race': 'white', 'political': 'neutral'}",both
2895,0,3586,6690712,1,[the sentence is offensive][because][it contains a threat of violence and uses aggressive language],1,[the sentence is offensive][because][it contains a threat of violence and uses aggressive language],"{'race': 'white', 'political': 'liberal'}",neither
2896,0,3586,32677126,1,[the sentence is offensive][because][it contains a threat of violence and uses aggressive language],1,[the sentence is offensive][because][it contains a threat of violence and uses aggressive language],"{'race': 'white', 'political': 'liberal'}",neither
2897,0,279,71913780,1,[the sentence is offensive][because][it contains a racial slur],1,[the sentence is offensive][because][it contains a racial slur],"{'race': 'white', 'political': 'liberal'}",neither
2898,1,279,85439177,1,[the sentence is offensive][because][it contains a racial slur],1,[the sentence is offensive][because][it contains a racial slur],"{'race': 'white', 'political': 'liberal'}",both
2899,0,3522,71913780,0,[the sentence is not offensive][because][it is a nonsensical sentence],0,[the sentence is not offensive][because][it is a nonsensical sentence with a mix of words and phrases that do not form a coherent message],"{'race': 'white', 'political': 'liberal'}",both
2900,0,3396,1226439,0,"[the sentence is not offensive][because][it is a personal attack on a person, but it does not contain hate speech or explicit language]",0,"[the sentence is not offensive][because][it is a personal attack on a person, but it does not contain hate speech or explicit language]","{'race': 'white', 'political': 'liberal'}",both
2901,0,3396,26767527,0,"[the sentence is not offensive][because][it is a personal attack on a person, but it does not contain hate speech or explicit language]",0,"[the sentence is not offensive][because][it is a personal attack on a person, but it does not contain hate speech or explicit language]","{'race': 'white', 'political': 'liberal'}",both
2902,0,3504,26767527,1,[the sentence is offensive][because][it contains a racial slur and a threat],1,[the sentence is offensive][because][it contains a racial slur and a derogatory message],"{'race': 'white', 'political': 'liberal'}",neither
2903,0,3504,36059045,1,[the sentence is offensive][because][it contains a racial slur and a threat],1,[the sentence is offensive][because][it contains a racial slur and a derogatory message],"{'race': 'white', 'political': 'liberal'}",neither
2904,0,3395,1226439,0,[the sentence is not offensive][because][it is a personal reflection and does not contain any hate speech or explicit language],0,[the sentence is not offensive][because][it is a personal reflection and does not contain any hate speech or explicit language],"{'race': 'white', 'political': 'liberal'}",both
2905,0,3276,79140081,0,[the sentence is not offensive][because][it is a colloquial way to comment on the social media],0,[the sentence is not offensive][because][it is a colloquial way to comment on the social media],"{'race': 'white', 'political': 'liberal'}",both
2906,0,3276,31138333,0,[the sentence is not offensive][because][it is a colloquial way to comment on the social media],0,[the sentence is not offensive][because][it is a colloquial way to comment on the social media],"{'race': 'white', 'political': 'liberal'}",both
2907,0,3380,26767527,0,[the sentence is not offensive][because][it is a fictional dialogue and does not contain any explicit language or hate speech],0,[the sentence is not offensive][because][it is a fictional dialogue and does not contain any hate speech or explicit language],"{'race': 'white', 'political': 'liberal'}",both
2908,0,3295,26767527,0,[the sentence is not offensive][because][it is a joke about masculinity and the use of a hashtag does not make the sentence offensive],0,[the sentence is not offensive][because][it is a joke about masculinity and the author is using a playful tone],"{'race': 'white', 'political': 'liberal'}",both
2909,0,3295,31138333,0,[the sentence is not offensive][because][it is a joke about masculinity and the use of a hashtag does not make the sentence offensive],0,[the sentence is not offensive][because][it is a joke about masculinity and the author is using a playful tone],"{'race': 'white', 'political': 'liberal'}",both
2910,0,3517,71913780,0,[the sentence is not offensive][because][it is a playful use of language and contains a typo],0,[the sentence is not offensive][because][it is a playful use of language and does not contain hate speech],"{'race': 'white', 'political': 'liberal'}",both
2911,0,3517,95971160,0,[the sentence is not offensive][because][it is a playful use of language and contains a typo],0,[the sentence is not offensive][because][it is a playful use of language and does not contain hate speech],"{'race': 'white', 'political': 'liberal'}",both
2912,0,3649,52431532,0,[the sentence is not offensive][because][it is a colloquial way to describe a situation and does not contain hate language],0,[the sentence is not offensive][because][it is a colloquial way to describe a situation and does not contain hate language],"{'race': 'white', 'political': 'neutral'}",both
2913,0,3649,15040445,0,[the sentence is not offensive][because][it is a colloquial way to describe a situation and does not contain hate language],0,[the sentence is not offensive][because][it is a colloquial way to describe a situation and does not contain hate language],"{'race': 'white', 'political': 'liberal'}",both
2914,0,3505,34083197,0,[the sentence is not offensive][because][it is a casual conversation between friends],0,[the sentence is not offensive][because][it is a casual conversation between friends],"{'race': 'white', 'political': 'liberal'}",both
2915,0,3505,31138333,0,[the sentence is not offensive][because][it is a casual conversation between friends],0,[the sentence is not offensive][because][it is a casual conversation between friends],"{'race': 'white', 'political': 'liberal'}",both
2916,0,3430,34083197,0,[the sentence is not offensive][because][it is a statement about personal boundaries and consequences of hurtful behavior],0,[the sentence is not offensive][because][it is a hypothetical scenario and the language used is colloquial and not explicit],"{'race': 'white', 'political': 'liberal'}",both
2917,0,3430,40260159,0,[the sentence is not offensive][because][it is a statement about personal boundaries and consequences of hurtful behavior],0,[the sentence is not offensive][because][it is a hypothetical scenario and the language used is colloquial and not explicit],"{'race': 'white', 'political': 'liberal'}",both
2918,0,3534,40260159,1,[the sentence is offensive][because][it conveys a stereotypical message suggesting that black communities are not benefiting from the ben & jerry's money and contains a racial slur],1,[the sentence is offensive][because][it conveys a stereotypical message suggesting that black communities are not benefiting from the ben & jerry money and contains a racial slur],"{'race': 'white', 'political': 'liberal'}",neither
2919,0,3534,26767527,1,[the sentence is offensive][because][it conveys a stereotypical message suggesting that black communities are not benefiting from the ben & jerry's money and contains a racial slur],1,[the sentence is offensive][because][it conveys a stereotypical message suggesting that black communities are not benefiting from the ben & jerry money and contains a racial slur],"{'race': 'white', 'political': 'liberal'}",neither
2920,0,3540,34083197,0,[the sentence is not offensive][because][it is a colloquial way to express frustration in a relationship],0,[the sentence is not offensive][because][it is a colloquial way to express frustration in a relationship],"{'race': 'white', 'political': 'liberal'}",both
2921,0,3359,15040445,0,[the sentence is not offensive][because][it is a statement about a hypothetical situation],0,[the sentence is not offensive][because][it is a statement about a personal experience and does not contain any hate speech or explicit language],"{'race': 'white', 'political': 'liberal'}",both
2922,0,3300,34083197,0,[the sentence is not offensive][because][it is a poetic phrase with no explicit language or hate speech],0,[the sentence is not offensive][because][it is a poetic phrase with no apparent intent to offend],"{'race': 'white', 'political': 'liberal'}",both
2923,1,3300,95971160,0,[the sentence is not offensive][because][it is a poetic phrase with no explicit language or hate speech],0,[the sentence is not offensive][because][it is a poetic phrase with no apparent intent to offend],"{'race': 'white', 'political': 'liberal'}",neither
2924,0,3693,15040445,1,[the sentence is offensive][because][it contains explicit language and a threat],1,[the sentence is offensive][because][it contains explicit language and a threat],"{'race': 'white', 'political': 'liberal'}",neither
2925,0,3254,15040445,0,[the sentence is not offensive][because][it is a neutral statement about cutting people off],0,[the sentence is not offensive][because][it is a neutral statement about cutting people off],"{'race': 'white', 'political': 'liberal'}",both
2926,1,3254,95971160,0,[the sentence is not offensive][because][it is a neutral statement about cutting people off],0,[the sentence is not offensive][because][it is a neutral statement about cutting people off],"{'race': 'white', 'political': 'liberal'}",neither
2927,0,3284,71913780,0,[the sentence is not offensive][because][it is a poetic way to express a feeling],0,[the sentence is not offensive][because][it is a poetic way to express a feeling of pain and frustration],"{'race': 'white', 'political': 'liberal'}",both
2928,1,3536,71913780,1,[the sentence is offensive][because][it contains hate speech and derogatory language towards the lgbtq+ community],1,[the sentence is offensive][because][it contains hate speech and derogatory language towards the lgbtq+ community],"{'race': 'white', 'political': 'liberal'}",both
2929,1,3521,26767527,1,[the sentence is offensive][because][it contains explicit language and is directed at a public figure],1,[the sentence is offensive][because][it contains explicit language and is directed at a public figure],"{'race': 'white', 'political': 'liberal'}",both
2930,0,3385,34083197,0,[the sentence is not offensive][because][it is a colloquial way to express excitement and anticipation about a situation],0,[the sentence is not offensive][because][it is a colloquial way to express a personal opinion about a friend's situation],"{'race': 'white', 'political': 'liberal'}",both
2931,0,3385,7942319,0,[the sentence is not offensive][because][it is a colloquial way to express excitement and anticipation about a situation],0,[the sentence is not offensive][because][it is a colloquial way to express excitement and anticipation for a tv show],"{'race': 'white', 'political': 'conservative'}",both
2932,0,3481,52431532,1,[the sentence is offensive][because][it contains vulgar language and a derogatory term for women],1,[the sentence is offensive][because][it contains hate language and a derogatory term for women],"{'race': 'white', 'political': 'neutral'}",neither
2933,0,3481,26767527,1,[the sentence is offensive][because][it contains vulgar language and a derogatory term for women],1,[the sentence is offensive][because][it contains hate language and a derogatory term for women],"{'race': 'white', 'political': 'liberal'}",neither
2934,0,3294,95971160,0,[the sentence is not offensive][because][it is a poetic expression of frustration and hardship],0,[the sentence is not offensive][because][it is a poetic expression of frustration and hardship],"{'race': 'white', 'political': 'liberal'}",both
2935,0,3294,26767527,0,[the sentence is not offensive][because][it is a poetic expression of frustration and hardship],0,[the sentence is not offensive][because][it is a poetic expression of frustration and hardship],"{'race': 'white', 'political': 'liberal'}",both
2936,0,3665,91232148,1,[the sentence is offensive][because][it contains explicit language and implies a romantic relationship with a character who is a mass murderer],1,[the sentence is offensive][because][it conveys a stereotypical message suggesting that women are overly emotional and contains vulgar language],"{'race': 'white', 'political': 'liberal'}",neither
2937,0,3665,79140081,1,[the sentence is offensive][because][it contains explicit language and implies a romantic relationship with a character who is a mass murderer],1,[the sentence is offensive][because][it conveys a stereotypical message suggesting that women are overly emotional and contains vulgar language],"{'race': 'white', 'political': 'liberal'}",neither
2938,0,3676,71913780,0,[the sentence is not offensive][because][it is a compliment to the artist and does not contain any hate speech],0,[the sentence is not offensive][because][it is a compliment to the artist and does not contain any hate speech],"{'race': 'white', 'political': 'liberal'}",both
2939,0,3239,52431532,0,[the sentence is not offensive][because][it is a quote from a song and a comment about a news article],0,[the sentence is not offensive][because][it is a quote from a song and a comment about a news article],"{'race': 'white', 'political': 'neutral'}",both
2940,0,3239,71913780,0,[the sentence is not offensive][because][it is a quote from a song and a comment about a news article],0,[the sentence is not offensive][because][it is a quote from a song and a comment on a news article],"{'race': 'white', 'political': 'liberal'}",both
2941,0,3765,95971160,1,[the sentence is offensive][because][it contains explicit language and objectifies women],1,[the sentence is offensive][because][it contains explicit language and objectifies women],"{'race': 'white', 'political': 'liberal'}",neither
2942,1,3545,47060862,0,[the sentence is not offensive][because][it is a subjective opinion about a movie],0,[the sentence is not offensive][because][it is a subjective opinion about a movie],"{'race': 'white', 'political': 'liberal'}",neither
2943,1,3545,95971160,0,[the sentence is not offensive][because][it is a subjective opinion about a movie],0,[the sentence is not offensive][because][it is a subjective opinion about a movie],"{'race': 'white', 'political': 'liberal'}",neither
2944,0,3562,27189963,1,[the sentence is offensive][because][it contains a slang term for a derogatory word and uses profanity],0,[the sentence is not offensive][because][it is a colloquial way to express frustration with someone's behavior],"{'race': 'white', 'political': 'liberal'}",race_political
2945,0,3562,31138333,1,[the sentence is offensive][because][it contains a slang term for a derogatory word and uses profanity],0,[the sentence is not offensive][because][it is a colloquial way to express frustration with someone's behavior],"{'race': 'white', 'political': 'liberal'}",race_political
2946,0,3560,71913780,0,[the sentence is not offensive][because][it is a frustrated comment about a celebrity not responding to a question],0,[the sentence is not offensive][because][it is a frustrated comment about a celebrity not responding to a fan's question],"{'race': 'white', 'political': 'liberal'}",both
2947,0,3560,31138333,0,[the sentence is not offensive][because][it is a frustrated comment about a celebrity not responding to a question],0,[the sentence is not offensive][because][it is a frustrated comment about a celebrity not responding to a fan's question],"{'race': 'white', 'political': 'liberal'}",both
2948,0,3389,27189963,0,[the sentence is not offensive][because][it is a colloquial way to express frustration and contains informal language],0,[the sentence is not offensive][because][it is a colloquial way to express frustration and contains informal language],"{'race': 'white', 'political': 'liberal'}",both
2949,0,3389,52431532,0,[the sentence is not offensive][because][it is a colloquial way to express frustration and contains informal language],0,[the sentence is not offensive][because][it is a colloquial way to express frustration and contains informal language],"{'race': 'white', 'political': 'neutral'}",both
2950,0,3570,15040445,1,[the sentence is offensive][because][it conveys a message that suggests that someone who shares intimate content with you has lost their right to privacy and contains explicit language],1,[the sentence is offensive][because][it conveys a message that it is wrong to share intimate images without consent and contains explicit language],"{'race': 'white', 'political': 'liberal'}",neither
2951,0,3570,31138333,1,[the sentence is offensive][because][it conveys a message that suggests that someone who shares intimate content with you has lost their right to privacy and contains explicit language],1,[the sentence is offensive][because][it conveys a message that it is wrong to share intimate images without consent and contains explicit language],"{'race': 'white', 'political': 'liberal'}",neither
2952,0,3550,27189963,0,[the sentence is not offensive][because][it is a metaphorical expression of a person's frustration and does not contain hate or explicit language],0,[the sentence is not offensive][because][it is a metaphorical expression of a person's frustration and does not contain hate speech or explicit language],"{'race': 'white', 'political': 'liberal'}",both
2953,0,3550,71913780,0,[the sentence is not offensive][because][it is a metaphorical expression of a person's frustration and does not contain hate or explicit language],0,[the sentence is not offensive][because][it is a metaphorical expression of a person's frustration and does not contain hate speech or explicit language],"{'race': 'white', 'political': 'liberal'}",both
2954,0,3531,34083197,0,[the sentence is not offensive][because][it is a subjective statement that expresses a personal opinion],0,[the sentence is not offensive][because][it is a colloquial way to express a thought],"{'race': 'white', 'political': 'liberal'}",both
2955,0,3533,52431532,0,"[the sentence is not offensive][because][it is a frustrated statement about a job, but it does not contain hate speech or explicit language]",0,[the sentence is not offensive][because][it is a frustrated statement about a job and contains a colloquial expression],"{'race': 'white', 'political': 'neutral'}",both
2956,0,3533,1226439,0,"[the sentence is not offensive][because][it is a frustrated statement about a job, but it does not contain hate speech or explicit language]",0,[the sentence is not offensive][because][it is a frustrated statement about a job and contains colloquial language],"{'race': 'white', 'political': 'liberal'}",both
2957,0,3399,31138333,0,[the sentence is not offensive][because][it is a joke about a person named cree and the use of the word 'gas' is a colloquialism for 'gasoline'],0,[the sentence is not offensive][because][it is a joke about a person named cree and the use of the word 'gas' in a non-explicit context],"{'race': 'white', 'political': 'liberal'}",both
2958,0,3508,1226439,0,[the sentence is not offensive][because][it is an expression of anger and frustration],0,[the sentence is not offensive][because][it is an expression of anger and frustration],"{'race': 'white', 'political': 'liberal'}",both
2959,0,3508,71913780,0,[the sentence is not offensive][because][it is an expression of anger and frustration],0,[the sentence is not offensive][because][it is an expression of anger and frustration],"{'race': 'white', 'political': 'liberal'}",both
2960,0,3240,15040445,0,[the sentence is not offensive][because][it is a personal expression of vulnerability and frustration],0,[the sentence is not offensive][because][it is a personal expression of vulnerability and frustration],"{'race': 'white', 'political': 'liberal'}",both
2961,0,3240,95971160,0,[the sentence is not offensive][because][it is a personal expression of vulnerability and frustration],0,[the sentence is not offensive][because][it is a personal expression of vulnerability and frustration],"{'race': 'white', 'political': 'liberal'}",both
2962,0,3233,40260159,0,[the sentence is not offensive][because][it is a metaphorical expression of sadness and frustration],0,[the sentence is not offensive][because][it is a metaphorical expression of sadness and frustration],"{'race': 'white', 'political': 'liberal'}",both
2963,0,3233,95971160,0,[the sentence is not offensive][because][it is a metaphorical expression of sadness and frustration],0,[the sentence is not offensive][because][it is a metaphorical expression of sadness and frustration],"{'race': 'white', 'political': 'liberal'}",both
2964,0,3420,15040445,0,[the sentence is not offensive][because][it is a message of self-empowerment and self-love],0,[the sentence is not offensive][because][it is a message of self-empowerment and self-love],"{'race': 'white', 'political': 'liberal'}",both
2965,0,3420,40260159,0,[the sentence is not offensive][because][it is a message of self-empowerment and self-love],0,[the sentence is not offensive][because][it is a message of self-empowerment and self-love],"{'race': 'white', 'political': 'liberal'}",both
2966,1,3468,95971160,1,[the sentence is offensive][because][it contains derogatory language and a misogynistic message],1,[the sentence is offensive][because][it conveys a stereotypical message suggesting that women are jealous and contain derogatory language],"{'race': 'white', 'political': 'liberal'}",both
2967,0,3468,26767527,1,[the sentence is offensive][because][it contains derogatory language and a misogynistic message],1,[the sentence is offensive][because][it conveys a stereotypical message suggesting that women are jealous and contain derogatory language],"{'race': 'white', 'political': 'liberal'}",neither
2968,0,3390,52431532,0,[the sentence is not offensive][because][it is a list of people to follow on social media],0,[the sentence is not offensive][because][it is a list of people to follow on social media],"{'race': 'white', 'political': 'neutral'}",both
2969,0,3390,26767527,0,[the sentence is not offensive][because][it is a list of people to follow on social media],0,[the sentence is not offensive][because][it is a list of people to follow on social media],"{'race': 'white', 'political': 'liberal'}",both
2970,0,3502,15040445,1,[the sentence is offensive][because][it contains explicit language and a sexual reference],1,[the sentence is offensive][because][it contains a sexual innuendo and a colloquialism that can be perceived as derogatory towards women],"{'race': 'white', 'political': 'liberal'}",neither
2971,0,3502,7942319,1,[the sentence is offensive][because][it contains explicit language and a sexual reference],1,[the sentence is offensive][because][it contains a sexual innuendo and a colloquialism that can be perceived as derogatory towards women],"{'race': 'white', 'political': 'conservative'}",neither
2972,0,3345,15040445,0,[the sentence is not offensive][because][it is a casual conversation about a personal matter],0,[the sentence is not offensive][because][it is a casual conversation about phone settings and personal life],"{'race': 'white', 'political': 'liberal'}",both
2973,0,3345,26767527,0,[the sentence is not offensive][because][it is a casual conversation about a personal matter],0,[the sentence is not offensive][because][it is a casual conversation about phone settings and personal life],"{'race': 'white', 'political': 'liberal'}",both
2974,0,3473,26767527,1,[the sentence is offensive][because][it contains derogatory language towards women and uses a colloquial expression that is often associated with hate speech],1,[the sentence is offensive][because][it contains derogatory language towards women and uses a racial slur],"{'race': 'white', 'political': 'liberal'}",neither
2975,0,4066,15040445,1,[the sentence is offensive][because][it contains explicit language and a derogatory term],0,[the sentence is not offensive][because][it is a colloquial way to express excitement],"{'race': 'white', 'political': 'liberal'}",race_political
2976,1,4066,26767527,1,[the sentence is offensive][because][it contains explicit language and a derogatory term],0,[the sentence is not offensive][because][it is a colloquial way to express excitement],"{'race': 'white', 'political': 'liberal'}",baseline
2977,0,3625,40260159,0,[the sentence is not offensive][because][it is a colloquial way to express a personal sentiment],0,[the sentence is not offensive][because][it is a colloquial way to express a personal sentiment],"{'race': 'white', 'political': 'liberal'}",both
2978,0,3625,31138333,0,[the sentence is not offensive][because][it is a colloquial way to express a personal sentiment],0,[the sentence is not offensive][because][it is a colloquial way to express a personal sentiment],"{'race': 'white', 'political': 'liberal'}",both
2979,0,4127,1226439,1,[the sentence is offensive][because][it contains explicit language and a derogatory term for a woman],1,[the sentence is offensive][because][it contains explicit language and a derogatory term for a woman],"{'race': 'white', 'political': 'liberal'}",neither
2980,1,4127,71913780,1,[the sentence is offensive][because][it contains explicit language and a derogatory term for a woman],1,[the sentence is offensive][because][it contains explicit language and a derogatory term for a woman],"{'race': 'white', 'political': 'liberal'}",both
2981,0,3657,26767527,0,[the sentence is not offensive][because][it is a statement about a personal experience],0,[the sentence is not offensive][because][it is a personal statement about the impact of cheerleading on the speaker's joints],"{'race': 'white', 'political': 'liberal'}",both
2982,0,3657,31138333,0,[the sentence is not offensive][because][it is a statement about a personal experience],0,[the sentence is not offensive][because][it is a personal statement about the impact of cheerleading on the speaker's joints],"{'race': 'white', 'political': 'liberal'}",both
2983,0,3243,1226439,0,[the sentence is not offensive][because][it is a statement about the physical resemblance of the jackson family members],0,[the sentence is not offensive][because][it is a statement about the physical appearance of the jackson family and does not contain any hate speech or explicit language],"{'race': 'white', 'political': 'liberal'}",both
2984,1,3243,31138333,0,[the sentence is not offensive][because][it is a statement about the physical resemblance of the jackson family members],0,[the sentence is not offensive][because][it is a statement about the physical appearance of the jackson family and does not contain any hate speech or explicit language],"{'race': 'white', 'political': 'liberal'}",neither
2985,0,3559,1226439,0,[the sentence is not offensive][because][it is a common expression of frustration],0,[the sentence is not offensive][because][it is a common expression of frustration],"{'race': 'white', 'political': 'liberal'}",both
2986,0,3559,26767527,0,[the sentence is not offensive][because][it is a common expression of frustration],0,[the sentence is not offensive][because][it is a common expression of frustration],"{'race': 'white', 'political': 'liberal'}",both
2987,0,3225,1226439,0,[the sentence is not offensive][because][it is a positive comment about a performance],0,[the sentence is not offensive][because][it is a positive comment about a performance],"{'race': 'white', 'political': 'liberal'}",both
2988,0,3225,95971160,0,[the sentence is not offensive][because][it is a positive comment about a performance],0,[the sentence is not offensive][because][it is a positive comment about a performance],"{'race': 'white', 'political': 'liberal'}",both
2989,0,3603,71913780,0,[the sentence is not offensive][because][it is an enthusiastic expression of a personal experience],0,[the sentence is not offensive][because][it is an enthusiastic expression of a personal experience],"{'race': 'white', 'political': 'liberal'}",both
2990,0,3603,95971160,0,[the sentence is not offensive][because][it is an enthusiastic expression of a personal experience],0,[the sentence is not offensive][because][it is an enthusiastic expression of a personal experience],"{'race': 'white', 'political': 'liberal'}",both
2991,0,3205,71913780,0,[the sentence is not offensive][because][it is a neutral comment about the silence of a group of people],0,[the sentence is not offensive][because][it is a neutral comment about the silence of a group of people],"{'race': 'white', 'political': 'liberal'}",both
2992,0,3205,95971160,0,[the sentence is not offensive][because][it is a neutral comment about the silence of a group of people],0,[the sentence is not offensive][because][it is a neutral comment about the silence of a group of people],"{'race': 'white', 'political': 'liberal'}",both
2993,0,3563,52431532,0,[the sentence is not offensive][because][it is a statement of fact about a chant learned from a group of black women],0,[the sentence is not offensive][because][it is a factual statement about a chant learned from a group of black women],"{'race': 'white', 'political': 'neutral'}",both
2994,0,3563,15040445,0,[the sentence is not offensive][because][it is a statement of fact about a chant learned from a group of black women],0,[the sentence is not offensive][because][it is a factual statement about a chant learned from a group of black women],"{'race': 'white', 'political': 'liberal'}",both
2995,0,3541,71913780,1,[the sentence is offensive][because][it contains a statement that is perceived as hateful towards a group of people],1,[the sentence is offensive][because][it contains a generalization that all straight people are oppressed and implies that they are hateful towards the lgbtq+ community],"{'race': 'white', 'political': 'liberal'}",neither
2996,0,3321,40260159,0,[the sentence is not offensive][because][it is a sports-related phrase],0,[the sentence is not offensive][because][it is a sports-related phrase],"{'race': 'white', 'political': 'liberal'}",both
2997,0,3321,26767527,0,[the sentence is not offensive][because][it is a sports-related phrase],0,[the sentence is not offensive][because][it is a sports-related phrase],"{'race': 'white', 'political': 'liberal'}",both
2998,1,3567,95971160,0,[the sentence is not offensive][because][it is a colloquial expression used in a playful context],0,[the sentence is not offensive][because][it is a playful conversation between friends using colloquial language],"{'race': 'white', 'political': 'liberal'}",neither
2999,0,3567,31138333,0,[the sentence is not offensive][because][it is a colloquial expression used in a playful context],0,[the sentence is not offensive][because][it is a playful conversation between friends using colloquial language],"{'race': 'white', 'political': 'liberal'}",both
3000,0,3305,34083197,0,[the sentence is not offensive][because][it is a neutral comment about a celebrity's music],0,[the sentence is not offensive][because][it is a neutral comment about a celebrity's music],"{'race': 'white', 'political': 'liberal'}",both
3001,0,3305,26767527,0,[the sentence is not offensive][because][it is a neutral comment about a celebrity's music],0,[the sentence is not offensive][because][it is a neutral comment about a celebrity's music],"{'race': 'white', 'political': 'liberal'}",both
3002,0,3735,15040445,0,[the sentence is not offensive][because][it is a colloquial expression of frustration and a statement of faith],0,[the sentence is not offensive][because][it is a colloquial expression of frustration and a personal affirmation of faith],"{'race': 'white', 'political': 'liberal'}",both
3003,1,3492,65222644,0,[the sentence is not offensive][because][it is a statement about a person's emotional state and contains a mild expletive],0,[the sentence is not offensive][because][it is a colloquial way to express shock and frustration],"{'race': 'white', 'political': 'liberal'}",neither
3004,0,3492,31138333,0,[the sentence is not offensive][because][it is a statement about a person's emotional state and contains a mild expletive],0,[the sentence is not offensive][because][it is a colloquial way to express shock and frustration],"{'race': 'white', 'political': 'liberal'}",both
3005,0,3261,52431532,0,[the sentence is not offensive][because][it is a list of user handles],0,[the sentence is not offensive][because][it is a list of user handles],"{'race': 'white', 'political': 'neutral'}",both
3006,0,3261,15040445,0,[the sentence is not offensive][because][it is a list of user handles],0,[the sentence is not offensive][because][it is a list of user handles],"{'race': 'white', 'political': 'liberal'}",both
3007,1,3255,71913780,1,[the sentence is offensive][because][it contains hate language and a threat],1,[the sentence is offensive][because][it contains hate language and a conspiracy theory],"{'race': 'white', 'political': 'liberal'}",both
3008,1,3255,95971160,1,[the sentence is offensive][because][it contains hate language and a threat],1,[the sentence is offensive][because][it contains hate language and a conspiracy theory],"{'race': 'white', 'political': 'liberal'}",both
3009,0,3296,15040445,0,[the sentence is not offensive][because][it is a positive message about family and does not contain any explicit language or hate speech],0,[the sentence is not offensive][because][it is a friendly message to friends],"{'race': 'white', 'political': 'liberal'}",both
3010,0,3296,95971160,0,[the sentence is not offensive][because][it is a positive message about family and does not contain any explicit language or hate speech],0,[the sentence is not offensive][because][it is a friendly message to friends],"{'race': 'white', 'political': 'liberal'}",both
3011,1,4005,71913780,1,[the sentence is offensive][because][it contains multiple instances of hate speech and explicit language],1,[the sentence is offensive][because][it contains multiple instances of hate speech and explicit language],"{'race': 'white', 'political': 'liberal'}",both
3012,1,3574,27189963,1,[the sentence is offensive][because][it contains explicit language and hate speech],1,[the sentence is offensive][because][it contains explicit language and hate speech],"{'race': 'white', 'political': 'liberal'}",both
3013,1,3574,71913780,1,[the sentence is offensive][because][it contains explicit language and hate speech],1,[the sentence is offensive][because][it contains explicit language and hate speech],"{'race': 'white', 'political': 'liberal'}",both
3014,0,3645,52431532,1,[the sentence is offensive][because][it contains explicit language and a reference to a song with a potentially problematic message],1,[the sentence is offensive][because][it contains explicit language and a reference to a sex act],"{'race': 'white', 'political': 'neutral'}",neither
3015,1,3645,26767527,1,[the sentence is offensive][because][it contains explicit language and a reference to a song with a potentially problematic message],1,[the sentence is offensive][because][it contains explicit language and a reference to a song with a misogynistic tone],"{'race': 'white', 'political': 'liberal'}",both
3016,0,3514,27189963,0,[the sentence is not offensive][because][it is a casual conversation between family members],0,[the sentence is not offensive][because][it is a casual conversation between family members],"{'race': 'white', 'political': 'liberal'}",both
3017,0,3514,95971160,0,[the sentence is not offensive][because][it is a casual conversation between family members],0,[the sentence is not offensive][because][it is a casual conversation between family members],"{'race': 'white', 'political': 'liberal'}",both
3018,0,3757,15040445,1,[the sentence is offensive][because][it contains explicit language and excessive use of emojis],1,[the sentence is offensive][because][it contains explicit language and excessive use of emojis],"{'race': 'white', 'political': 'liberal'}",neither
3019,0,3757,2144944,1,[the sentence is offensive][because][it contains explicit language and excessive use of emojis],1,[the sentence is offensive][because][it contains explicit language and excessive use of emojis],"{'race': 'white', 'political': 'liberal'}",neither
3020,1,1938,27189963,1,[the sentence is offensive][because][it contains hate speech and a racial slur],1,[the sentence is offensive][because][it contains a racial slur and promotes violence],"{'race': 'white', 'political': 'liberal'}",both
3021,1,1938,52431532,1,[the sentence is offensive][because][it contains hate speech and a racial slur],1,[the sentence is offensive][because][it contains a racial slur and promotes violence],"{'race': 'white', 'political': 'neutral'}",both
3022,1,2094,1226439,1,[the sentence is offensive][because][it contains a racial slur and makes a generalization about a group of people],1,"[the sentence is offensive][because][it implies that black people are only concerned with their own issues and not with the economy, which is a stereotype and a form of racism]","{'race': 'white', 'political': 'liberal'}",both
3023,1,2094,15040445,1,[the sentence is offensive][because][it contains a racial slur and makes a generalization about a group of people],1,"[the sentence is offensive][because][it implies that black people are only concerned with their own issues and not with the economy, which is a stereotype and a form of racism]","{'race': 'white', 'political': 'liberal'}",both
3024,0,1435,71913780,1,[the sentence is offensive][because][it contains hate speech and stereotypes about different ethnic groups],1,[the sentence is offensive][because][it contains hate speech and stereotypes about different ethnic groups],"{'race': 'white', 'political': 'liberal'}",neither
3025,1,1266,95971160,1,[the sentence is offensive][because][it contains a sexist message suggesting that women are inferior and will become obsolete with the rise of sex bots],1,[the sentence is offensive][because][it contains a sexist message suggesting that women are inferior and will become obsolete with the rise of sex bots and contains a derogatory tone towards women],"{'race': 'white', 'political': 'liberal'}",both
3026,1,1266,31138333,1,[the sentence is offensive][because][it contains a sexist message suggesting that women are inferior and will become obsolete with the rise of sex bots],1,[the sentence is offensive][because][it contains a sexist message suggesting that women are inferior and will become obsolete with the rise of sex bots and contains a derogatory tone towards women],"{'race': 'white', 'political': 'liberal'}",both
3027,0,152,71913780,1,[the sentence is offensive][because][it contains a derogatory term for a male genitalia],1,[the sentence is offensive][because][it contains derogatory language towards a group of insects],"{'race': 'white', 'political': 'liberal'}",neither
3028,0,152,26767527,1,[the sentence is offensive][because][it contains a derogatory term for a male genitalia],1,[the sentence is offensive][because][it contains derogatory language towards a group of insects],"{'race': 'white', 'political': 'liberal'}",neither
3029,0,2022,1226439,1,[the sentence is offensive][because][it contains a racial slur and promotes violence],1,[the sentence is offensive][because][it contains a racial slur and promotes violence],"{'race': 'white', 'political': 'liberal'}",neither
3030,1,2022,71913780,1,[the sentence is offensive][because][it contains a racial slur and promotes violence],1,[the sentence is offensive][because][it contains a racial slur and promotes violence],"{'race': 'white', 'political': 'liberal'}",both
3031,1,701,27189963,1,[the sentence is offensive][because][it contains hate speech and derogatory language towards women],1,[the sentence is offensive][because][it contains hate speech and derogatory language towards women],"{'race': 'white', 'political': 'liberal'}",both
3032,1,701,71913780,1,[the sentence is offensive][because][it contains hate speech and derogatory language towards women],1,[the sentence is offensive][because][it contains hate speech and derogatory language towards women],"{'race': 'white', 'political': 'liberal'}",both
3033,0,1555,71913780,0,[the sentence is not offensive][because][it is a neutral statement about a person's heritage and their relationship with their neighbor],0,[the sentence is not offensive][because][it is a neutral statement about a person's heritage and does not contain any derogatory language],"{'race': 'white', 'political': 'liberal'}",both
3034,1,1612,1226439,1,[the sentence is offensive][because][it contains a racist statement suggesting that black people are inferior and cannot survive without white people's help],1,[the sentence is offensive][because][it contains a racist stereotype and implies that black people are inferior to white people],"{'race': 'white', 'political': 'liberal'}",both
3035,1,1612,71913780,1,[the sentence is offensive][because][it contains a racist statement suggesting that black people are inferior and cannot survive without white people's help],1,[the sentence is offensive][because][it contains a racist stereotype and implies that black people are inferior to white people],"{'race': 'white', 'political': 'liberal'}",both
3036,1,756,15040445,1,[the sentence is offensive][because][it contains hate speech and dehumanizing language],1,[the sentence is offensive][because][it uses derogatory language to describe a group of people],"{'race': 'white', 'political': 'liberal'}",both
3037,0,1657,71913780,0,"[the sentence is not offensive][because][it is a rant about the media, but it does not contain hate speech or explicit language]",0,"[the sentence is not offensive][because][it is a rant about the media, but it does not contain hate speech or explicit language]","{'race': 'white', 'political': 'liberal'}",both
3038,1,1657,26767527,0,"[the sentence is not offensive][because][it is a rant about the media, but it does not contain hate speech or explicit language]",0,"[the sentence is not offensive][because][it is a rant about the media, but it does not contain hate speech or explicit language]","{'race': 'white', 'political': 'liberal'}",neither
3039,1,1748,15040445,1,[the sentence is offensive][because][it contains a racial slur and promotes violence],1,[the sentence is offensive][because][it contains a racial slur and promotes violence against a racial group],"{'race': 'white', 'political': 'liberal'}",both
3040,1,1748,31138333,1,[the sentence is offensive][because][it contains a racial slur and promotes violence],1,[the sentence is offensive][because][it contains a racial slur and promotes violence against a racial group],"{'race': 'white', 'political': 'liberal'}",both
3041,1,1001,52431532,1,[the sentence is offensive][because][it uses derogatory language to describe a person with a disability],1,[the sentence is offensive][because][it uses derogatory language to describe a person with a disability],"{'race': 'white', 'political': 'neutral'}",both
3042,1,1001,26767527,1,[the sentence is offensive][because][it uses derogatory language to describe a person with a disability],1,[the sentence is offensive][because][it uses derogatory language to describe a person with a disability],"{'race': 'white', 'political': 'liberal'}",both
3043,1,1195,95971160,1,[the sentence is offensive][because][it contains hate speech and derogatory language towards a racial group],1,[the sentence is offensive][because][it contains a racial slur and a derogatory term],"{'race': 'white', 'political': 'liberal'}",both
3044,1,665,52431532,1,[the sentence is offensive][because][it contains hate speech and racial slurs],1,[the sentence is offensive][because][it contains hate speech and racial slurs],"{'race': 'white', 'political': 'neutral'}",both
3045,0,665,1226439,1,[the sentence is offensive][because][it contains hate speech and racial slurs],1,[the sentence is offensive][because][it contains hate speech and racial slurs],"{'race': 'white', 'political': 'liberal'}",neither
3046,1,1636,15040445,1,[the sentence is offensive][because][it contains a racial stereotype and a reference to illegal drug use],1,[the sentence is offensive][because][it perpetuates a stereotype about the black community and contains a reference to a drug],"{'race': 'white', 'political': 'liberal'}",both
3047,1,1636,26767527,1,[the sentence is offensive][because][it contains a racial stereotype and a reference to illegal drug use],1,[the sentence is offensive][because][it perpetuates a stereotype about the black community and contains a reference to a drug],"{'race': 'white', 'political': 'liberal'}",both
3048,1,1727,52431532,1,[the sentence is offensive][because][it implies that race is a factor in the evaluation of a person's abilities],1,[the sentence is offensive][because][it implies that race is a factor in the evaluation of a person's abilities],"{'race': 'white', 'political': 'neutral'}",both
3049,1,733,27189963,1,[the sentence is offensive][because][it contains a derogatory term for jewish people],1,[the sentence is offensive][because][it contains an anti-semitic slur],"{'race': 'white', 'political': 'liberal'}",both
3050,0,733,15040445,1,[the sentence is offensive][because][it contains a derogatory term for jewish people],1,[the sentence is offensive][because][it contains an anti-semitic slur],"{'race': 'white', 'political': 'liberal'}",neither
3051,0,172,52431532,0,[the sentence is not offensive][because][it is a statement about the financial dynamics of marriage and the speaker's personal experience],0,[the sentence is not offensive][because][it is a statement about the societal expectations of marriage and financial responsibilities],"{'race': 'white', 'political': 'neutral'}",both
3052,1,1711,15040445,1,[the sentence is offensive][because][it perpetuates a negative stereotype about black people],1,[the sentence is offensive][because][it perpetuates a negative stereotype about black people],"{'race': 'white', 'political': 'liberal'}",both
3053,0,1711,71913780,1,[the sentence is offensive][because][it perpetuates a negative stereotype about black people],1,[the sentence is offensive][because][it perpetuates a negative stereotype about black people],"{'race': 'white', 'political': 'liberal'}",neither
3054,1,806,99914718,1,[the sentence is offensive][because][it conveys a stereotypical message suggesting that women are untrustworthy],1,[the sentence is offensive][because][it conveys a stereotypical message suggesting that women are untrustworthy],"{'race': 'white', 'political': 'liberal'}",both
3055,1,806,40260159,1,[the sentence is offensive][because][it conveys a stereotypical message suggesting that women are untrustworthy],1,[the sentence is offensive][because][it conveys a stereotypical message suggesting that women are untrustworthy],"{'race': 'white', 'political': 'liberal'}",both
3056,0,479,52431532,1,[the sentence is offensive][because][it contains derogatory language and insults towards a person],1,[the sentence is offensive][because][it contains derogatory language and insults towards a person and a group],"{'race': 'white', 'political': 'neutral'}",neither
3057,1,479,31138333,1,[the sentence is offensive][because][it contains derogatory language and insults towards a person],1,[the sentence is offensive][because][it contains derogatory language and insults towards a person],"{'race': 'white', 'political': 'liberal'}",both
3058,0,2034,26767527,1,[the sentence is offensive][because][it contains a racial slur and implies racial bias],1,[the sentence is offensive][because][it conveys a racial bias and contains vulgar language],"{'race': 'white', 'political': 'liberal'}",neither
3059,1,2034,31138333,1,[the sentence is offensive][because][it contains a racial slur and implies racial bias],1,[the sentence is offensive][because][it conveys a racial bias and contains vulgar language],"{'race': 'white', 'political': 'liberal'}",both
3060,1,1697,71913780,0,[the sentence is not offensive][because][it is a scientific discussion about the evolution of humans and does not contain any hate speech or explicit language],0,[the sentence is not offensive][because][it is a scientific discussion about human evolution and does not contain any hate speech or explicit language],"{'race': 'white', 'political': 'liberal'}",neither
3061,1,1697,95971160,0,[the sentence is not offensive][because][it is a scientific discussion about the evolution of humans and does not contain any hate speech or explicit language],0,[the sentence is not offensive][because][it is a scientific discussion about human evolution and does not contain any hate speech or explicit language],"{'race': 'white', 'political': 'liberal'}",neither
3062,1,2107,52431532,1,[the sentence is offensive][because][it downplays the severity of the transatlantic slave trade and implies that the enslavement of africans was not as bad as the enslavement of other people],1,[the sentence is offensive][because][it downplays the severity of the transatlantic slave trade and implies that the enslavement of black people was not as bad as the enslavement of white people],"{'race': 'white', 'political': 'neutral'}",both
3063,1,2107,26767527,1,[the sentence is offensive][because][it downplays the severity of the transatlantic slave trade and implies that the enslavement of africans was not as bad as the enslavement of other people],1,[the sentence is offensive][because][it downplays the severity of the transatlantic slave trade and implies that the enslavement of black people was not as bad as the enslavement of white people],"{'race': 'white', 'political': 'liberal'}",both
3064,1,780,15040445,1,[the sentence is offensive][because][it contains a racial slur and a stereotype],1,[the sentence is offensive][because][it contains a racial slur and a stereotype],"{'race': 'white', 'political': 'liberal'}",both
3065,1,780,31138333,1,[the sentence is offensive][because][it contains a racial slur and a stereotype],1,[the sentence is offensive][because][it contains a racial slur and a stereotype],"{'race': 'white', 'political': 'liberal'}",both
3066,1,1104,26767527,1,[the sentence is offensive][because][it contains hate speech and a racial slur],1,"[the sentence is offensive][because][it contains hate speech and a racial slur, and the use of the word'retarded' is derogatory and stigmatizing]","{'race': 'white', 'political': 'liberal'}",both
3067,1,1726,1226439,0,[the sentence is not offensive][because][it is a political statement criticizing a group],1,[the sentence is offensive][because][it contains a racial slur and a derogatory term],"{'race': 'white', 'political': 'liberal'}",race_political
3068,1,751,27189963,1,[the sentence is offensive][because][it contains a derogatory term for the polish language and implies that it is vile],1,[the sentence is offensive][because][it contains a derogatory term for the polish language and implies that it is vile],"{'race': 'white', 'political': 'liberal'}",both
3069,1,751,95971160,1,[the sentence is offensive][because][it contains a derogatory term for the polish language and implies that it is vile],1,[the sentence is offensive][because][it contains a derogatory term for the polish language and implies that it is vile],"{'race': 'white', 'political': 'liberal'}",both
3070,1,305,15040445,0,[the sentence is not offensive][because][it is a neutral statement about a slang term],0,"[the sentence is not offensive][because][it is a neutral statement about the slang term ""bum"" and its relation to smoking]","{'race': 'white', 'political': 'liberal'}",neither
3071,0,305,40260159,0,[the sentence is not offensive][because][it is a neutral statement about a slang term],0,"[the sentence is not offensive][because][it is a neutral statement about the slang term ""bum"" and its relation to smoking]","{'race': 'white', 'political': 'liberal'}",both
