postId,annId,offensiveYN,reasoning,source,prediction,tweet,dialAm,vulgar,targetsBlackPeople,isAAE,annotatorAge,annotatorGender,annotatorMinority,annotatorPolitics,annotatorRace,intent,racist,toany,toyou,off_avg,annotatorPoliticsBinary,cluster
545,10638687,0,it is a statement of equality between genders,baseline,0,Women are not fucking inferior to men,white,True,False,False,40.0,woman,{},-0.5,black,1,1,2,1,1.5,liberal,1
545,10638687,0,it is a statement of equality between genders,gender_race,0,Women are not fucking inferior to men,white,True,False,False,40.0,woman,{},-0.5,black,1,1,2,1,1.5,liberal,1
3368,49021087,0,it is a colloquial way to describe a social media action,baseline,0,Elite Sub level RT @DanaeLovesYou: Putting a song on your MySpace to sub whoever you were beefing with >>>>>>>>>>,aae,False,False,True,25.0,man,{},-1.0,black,1,1,1,1,1.0,liberal,1
3368,49021087,0,it is a colloquial way to describe a social media action,gender_race,0,Elite Sub level RT @DanaeLovesYou: Putting a song on your MySpace to sub whoever you were beefing with >>>>>>>>>>,aae,False,False,True,25.0,man,{},-1.0,black,1,1,1,1,1.0,liberal,1
1043,10638687,1,it contains hate speech and a threat towards a specific group of people,baseline,1,Karma is a bitch. Muslims will get what they deserve.,white,True,False,False,40.0,woman,{},-0.5,black,5,5,5,5,5.0,liberal,0
1043,10638687,1,it contains a threat and a stereotype about muslims,gender_race,1,Karma is a bitch. Muslims will get what they deserve.,white,True,False,False,40.0,woman,{},-0.5,black,5,5,5,5,5.0,liberal,0
334,3088028,0,it is a colloquial way to describe a frustrating situation,baseline,0,Ill try to find my mutuals again if Twitter stops being a bitch.,hispanic,True,False,False,30.0,woman,{},-0.5,black,3,1,2,2,2.0,liberal,1
334,3088028,0,it is a colloquial way to describe a frustrating situation,gender_race,0,Ill try to find my mutuals again if Twitter stops being a bitch.,hispanic,True,False,False,30.0,woman,{},-0.5,black,3,1,2,2,2.0,liberal,1
3446,3770894,0,"it is a response to a statement that is perceived as derogatory, but the context of the response is to show personal achievements and resilience",baseline,0,"""""""You ain't shit"""" BUT been on my own since I was 18, have my own home, own my own vehicle, and work a full time job...& raising a 2 year old:upside__down_face:""",aae,True,False,True,40.0,woman,black; female,-1.0,black,2,1,3,2,2.5,liberal,1
3446,3770894,0,it is a statement of self-empowerment and resilience in the face of adversity,gender_race,0,"""""""You ain't shit"""" BUT been on my own since I was 18, have my own home, own my own vehicle, and work a full time job...& raising a 2 year old:upside__down_face:""",aae,True,False,True,40.0,woman,black; female,-1.0,black,2,1,3,2,2.5,liberal,1
3510,3770894,1,it conveys a message of self-hatred and shame towards the lgbtq+ community,baseline,1,"""Like every other post is a """"reminder"""" that u gotta act exactly this way else ur garbage and buddy im just here to hang n be gay""",aae,False,False,True,40.0,woman,black; female,-1.0,black,5,1,4,4,4.0,liberal,0
3510,3770894,1,"it conveys a message of self-hatred and shame, and uses derogatory language towards the lgbtq+ community",gender_race,1,"""Like every other post is a """"reminder"""" that u gotta act exactly this way else ur garbage and buddy im just here to hang n be gay""",aae,False,False,True,40.0,woman,black; female,-1.0,black,5,1,4,4,4.0,liberal,0
644,49021087,0,it contains hate speech and explicit language,baseline,1,"to the dick at the drive thru who said ""NIGGER!"" to those ladies who SERVED YOUR COFFEE. What a fucking scumbag. A very most sincere FUCK YOU from me.",white,True,False,False,25.0,man,{},-1.0,black,1,1,3,1,2.0,liberal,0
644,49021087,0,it contains hate language and a racial slur,gender_race,1,"to the dick at the drive thru who said ""NIGGER!"" to those ladies who SERVED YOUR COFFEE. What a fucking scumbag. A very most sincere FUCK YOU from me.",white,True,False,False,25.0,man,{},-1.0,black,1,1,3,1,2.0,liberal,0
1850,49021087,1,it contains a racial slur and promotes a negative stereotype about a racial group,baseline,1,"British native youth have completely given in to nigger culture, music and customs and constantly encourage miscegenation. In fact they are already starting to talk like the blacks. They need guidance thats for sure",white,True,True,False,25.0,man,{},-1.0,black,5,5,5,5,5.0,liberal,0
1850,49021087,1,it contains a racial slur and promotes a negative stereotype about a racial group,gender_race,1,"British native youth have completely given in to nigger culture, music and customs and constantly encourage miscegenation. In fact they are already starting to talk like the blacks. They need guidance thats for sure",white,True,True,False,25.0,man,{},-1.0,black,5,5,5,5,5.0,liberal,0
668,64721988,0,it contains a racial slur and a derogatory term for people of low socioeconomic status,baseline,1,"Where we come from, they don't give a thing, so we don't have shit, they leave us young niggas with no options",aae,True,False,True,30.0,man,{},-1.0,black,1,2,4,1,2.5,liberal,0
668,64721988,0,it contains a racial slur and a derogatory term for people of low socioeconomic status,gender_race,1,"Where we come from, they don't give a thing, so we don't have shit, they leave us young niggas with no options",aae,True,False,True,30.0,man,{},-1.0,black,1,2,4,1,2.5,liberal,0
2815,3770894,0,it is a conversation between kids and one of them is expressing a personal opinion about a song,baseline,0,"""Me: *stares in shock at kid #2* Kid #1: *stares at kid #2* Kid #2: """"You shouldn't be singing that song. You're worshipping the devil.""""""",white,False,False,False,40.0,woman,black; female,-1.0,black,1,1,4,1,2.5,liberal,1
2815,3770894,0,it is a conversation between kids and does not contain any hate speech or explicit language,gender_race,0,"""Me: *stares in shock at kid #2* Kid #1: *stares at kid #2* Kid #2: """"You shouldn't be singing that song. You're worshipping the devil.""""""",white,False,False,False,40.0,woman,black; female,-1.0,black,1,1,4,1,2.5,liberal,0
3317,10638687,0,it is a quote from a famous person and the language used is informal but not derogatory,baseline,0,"Folks can say what they like about me, but they CAN'T say my views, the fruits of MY considerations AIN'T mine ~ #CriticalThinking",aae,False,False,True,40.0,woman,{},-0.5,black,2,1,2,2,2.0,liberal,1
3317,10638687,0,it is a quote from a famous person and the language used is not derogatory,gender_race,0,"Folks can say what they like about me, but they CAN'T say my views, the fruits of MY considerations AIN'T mine ~ #CriticalThinking",aae,False,False,True,40.0,woman,{},-0.5,black,2,1,2,2,2.0,liberal,1
1721,3770894,1,it contains a racial slur and makes a derogatory comment about the history of slavery,baseline,1,I don't get why all the blak!x are so mad at us. Its not like we had them as slaves. Although that would be great.,white,False,True,False,40.0,woman,black; female,-1.0,black,5,5,5,5,5.0,liberal,0
1721,3770894,1,it contains a racial slur and downplays the historical oppression of black people,gender_race,1,I don't get why all the blak!x are so mad at us. Its not like we had them as slaves. Although that would be great.,white,False,True,False,40.0,woman,black; female,-1.0,black,5,5,5,5,5.0,liberal,0
3410,10638687,0,it contains explicit language and the use of the word 'fuckin' is considered profane,baseline,1,Soooo fuckin mad I couldn't check out wit da @supreme,aae,True,False,True,40.0,woman,{},-0.5,black,2,1,2,2,2.0,liberal,0
3410,10638687,0,it contains explicit language and a derogatory term,gender_race,1,Soooo fuckin mad I couldn't check out wit da @supreme,aae,True,False,True,40.0,woman,{},-0.5,black,2,1,2,2,2.0,liberal,0
1710,49021087,1,it contains hate speech and makes a threat against a political group,baseline,1,"The ""powers that be"" want chaos and I really don't see any way out of the paths ahead. 1 = Biden wins and R's rebel, truckers protest, supply line disruptions, or 2 = Trump wins and it'll be a category 5: liberals rioting/ murdering and monkeys looting and stealing sail foams'",white,False,True,False,25.0,man,{},-1.0,black,4,4,4,5,4.5,liberal,0
1710,49021087,1,it contains hate speech and makes a derogatory comparison between political groups,gender_race,1,"The ""powers that be"" want chaos and I really don't see any way out of the paths ahead. 1 = Biden wins and R's rebel, truckers protest, supply line disruptions, or 2 = Trump wins and it'll be a category 5: liberals rioting/ murdering and monkeys looting and stealing sail foams'",white,False,True,False,25.0,man,{},-1.0,black,4,4,4,5,4.5,liberal,0
2317,3088028,0,it is a criticism of the actors in a tv show,baseline,0,I can understand criticizing the story or not liking a track but getting personal with the actors is where you cross the lines #Ishqbaaaz,white,False,False,False,30.0,woman,{},-0.5,black,1,1,1,1,1.0,liberal,1
2317,3088028,0,it is a criticism of a tv show and does not contain hate speech or explicit language,gender_race,0,I can understand criticizing the story or not liking a track but getting personal with the actors is where you cross the lines #Ishqbaaaz,white,False,False,False,30.0,woman,{},-0.5,black,1,1,1,1,1.0,liberal,0
949,49021087,1,it contains a derogatory term for people with intellectual disabilities,baseline,1,If they woulda prayed harder maybe they wouldn't have been given a retard kid,white,True,False,False,25.0,man,{},-1.0,black,4,1,5,5,5.0,liberal,1
949,49021087,1,it contains a derogatory term for people with intellectual disabilities,gender_race,1,If they woulda prayed harder maybe they wouldn't have been given a retard kid,white,True,False,False,25.0,man,{},-1.0,black,4,1,5,5,5.0,liberal,1
876,10638687,1,it promotes racial discrimination,baseline,1,chinese should not marry out of their race,white,False,False,False,40.0,woman,{},-0.5,black,5,5,5,5,5.0,liberal,0
876,10638687,1,it promotes racial discrimination,gender_race,1,chinese should not marry out of their race,white,False,False,False,40.0,woman,{},-0.5,black,5,5,5,5,5.0,liberal,0
1761,10638687,1,it is a statement that argues against racism,baseline,0,Uhm well it's pretty damn simple. Using negro when you're fighting a black man is absolutely not racist,white,True,True,False,40.0,woman,{},-0.5,black,5,5,5,5,5.0,liberal,1
1761,10638687,1,it is a statement that uses a racial slur in a context that is not derogatory,gender_race,0,Uhm well it's pretty damn simple. Using negro when you're fighting a black man is absolutely not racist,white,True,True,False,40.0,woman,{},-0.5,black,5,5,5,5,5.0,liberal,1
1833,10638687,1,it contains a racial slur and derogatory language,baseline,1,Bruh y'all some broke niggas tryanna sell it for bare notes don't worry about me I got u free my brothashahahhaaha this how they actually talk!,aae,True,True,True,40.0,woman,{},-0.5,black,5,5,5,5,5.0,liberal,0
1833,10638687,1,it contains a racial slur and derogatory language,gender_race,1,Bruh y'all some broke niggas tryanna sell it for bare notes don't worry about me I got u free my brothashahahhaaha this how they actually talk!,aae,True,True,True,40.0,woman,{},-0.5,black,5,5,5,5,5.0,liberal,0
2282,10638687,0,it is a normal sentence about schoolwork,baseline,0,And then for ICT I need to do my evaluation and for science I need to do an evaluation on one piece of coursework & add something to another,white,False,False,False,40.0,woman,{},-0.5,black,1,1,1,1,1.0,liberal,1
2282,10638687,0,it is a normal sentence about schoolwork,gender_race,0,And then for ICT I need to do my evaluation and for science I need to do an evaluation on one piece of coursework & add something to another,white,False,False,False,40.0,woman,{},-0.5,black,1,1,1,1,1.0,liberal,1
3486,10166032,1,it contains derogatory language and a racial slur,baseline,1,the FBI hacking into me and olivia's chatlogs: why are these hoes obsessed with ugly peoples,aae,True,False,True,45.0,man,{},0.0,black,4,1,5,3,4.0,neutral,0
3486,10166032,1,it contains derogatory language and a racial slur,gender_race,1,the FBI hacking into me and olivia's chatlogs: why are these hoes obsessed with ugly peoples,aae,True,False,True,45.0,man,{},0.0,black,4,1,5,3,4.0,neutral,0
722,10638687,1,it contains a racial slur,baseline,1,The Leeds goalkeeper called Charltons loanee striker Jonathan Leko a fucking nigger during a game at the Valley in September last year.,white,True,False,False,40.0,woman,{},-0.5,black,5,5,5,5,5.0,liberal,1
722,10638687,1,it contains a racial slur,gender_race,1,The Leeds goalkeeper called Charltons loanee striker Jonathan Leko a fucking nigger during a game at the Valley in September last year.,white,True,False,False,40.0,woman,{},-0.5,black,5,5,5,5,5.0,liberal,1
3668,49021087,0,it is a colloquial way to express frustration and disappointment,baseline,0,"im so laid back & Understanding , i Don't know why i get lied to :woman_shrugging_medium_skin_tone: i Honestly Truly don't be giving A Fuck :bangbang:",aae,True,False,True,25.0,man,{},-1.0,black,1,1,1,1,1.0,liberal,1
3668,49021087,0,it is a colloquial way to express frustration and disappointment,gender_race,0,"im so laid back & Understanding , i Don't know why i get lied to :woman_shrugging_medium_skin_tone: i Honestly Truly don't be giving A Fuck :bangbang:",aae,True,False,True,25.0,man,{},-1.0,black,1,1,1,1,1.0,liberal,1
155,10638687,0,it is a neutral statement about a political issue,baseline,0,apparently Japan has accepted 28 refugees in the past years...28 is that it?,white,False,False,False,40.0,woman,{},-0.5,black,1,1,1,1,1.0,liberal,1
155,10638687,0,it is a neutral statement about a political issue,gender_race,0,apparently Japan has accepted 28 refugees in the past years...28 is that it?,white,False,False,False,40.0,woman,{},-0.5,black,1,1,1,1,1.0,liberal,1
2162,10638687,1,it contains a racial slur and explicit language,baseline,1,stop talking you fucking nigger !,hispanic,True,True,False,40.0,woman,{},-0.5,black,5,5,5,5,5.0,liberal,0
2162,10638687,1,it contains a racial slur and explicit language,gender_race,1,stop talking you fucking nigger !,hispanic,True,True,False,40.0,woman,{},-0.5,black,5,5,5,5,5.0,liberal,0
2153,3770894,1,it contains hate speech and racial slurs,baseline,1,Fuck them niggas cause I'm not down for those niggas! Fuck the other niggas 'cause I ride for my whites. I'm here and I ride and I die for my whites,aae,True,True,True,40.0,woman,black; female,-1.0,black,5,5,5,5,5.0,liberal,0
2153,3770894,1,it contains hate speech and racial slurs,gender_race,1,Fuck them niggas cause I'm not down for those niggas! Fuck the other niggas 'cause I ride for my whites. I'm here and I ride and I die for my whites,aae,True,True,True,40.0,woman,black; female,-1.0,black,5,5,5,5,5.0,liberal,0
4121,10166032,1,it contains hate language and derogatory terms towards women and racial slurs,baseline,1,If this bitch don't get !!!!!! :joy::joy::joy::joy::joy: I stg she like 15 & wanna fuss with me !! :joy::joy::joy: me & the nigga crineee on ft at her silly ass ! :joy::joy::joy:,aae,True,False,True,45.0,man,{},0.0,black,5,1,4,4,4.0,neutral,0
4121,10166032,1,it contains derogatory language towards women and uses a racial slur,gender_race,1,If this bitch don't get !!!!!! :joy::joy::joy::joy::joy: I stg she like 15 & wanna fuss with me !! :joy::joy::joy: me & the nigga crineee on ft at her silly ass ! :joy::joy::joy:,aae,True,False,True,45.0,man,{},0.0,black,5,1,4,4,4.0,neutral,0
1641,10638687,1,it conveys a stereotypical message suggesting that black people are unintelligent and cannot understand certain conversations,baseline,1,black people normally would not even bother engaging in these conversations because they know they are tough as a brick wall and cannot understand them,white,False,True,False,40.0,woman,{},-0.5,black,5,5,5,5,5.0,liberal,0
1641,10638687,1,it conveys a stereotypical message suggesting that black people are unintelligent and cannot understand certain conversations,gender_race,1,black people normally would not even bother engaging in these conversations because they know they are tough as a brick wall and cannot understand them,white,False,True,False,40.0,woman,{},-0.5,black,5,5,5,5,5.0,liberal,0
2155,10638687,1,it contains hate speech and uses derogatory language to describe a racial group,baseline,1,"This is great man, because I hate niggers too...those jenkem-sucking, welfare-worshiping, shit-skinned, sickle-celled, ass-raping, vine-swinging, bongo-beating bush monkeys Literally apes dirty apes all of them",white,True,True,False,40.0,woman,{},-0.5,black,5,5,5,5,5.0,liberal,0
2155,10638687,1,it contains a plethora of racial slurs and derogatory language,gender_race,1,"This is great man, because I hate niggers too...those jenkem-sucking, welfare-worshiping, shit-skinned, sickle-celled, ass-raping, vine-swinging, bongo-beating bush monkeys Literally apes dirty apes all of them",white,True,True,False,40.0,woman,{},-0.5,black,5,5,5,5,5.0,liberal,0
3455,10638687,1,it contains a derogatory term for a woman and implies that the woman is promiscuous,baseline,1,How you get mad at me cause I'm wit somebody else ain't nobody tell you to go be a hoe wen I was wit you,aae,True,False,True,40.0,woman,{},-0.5,black,5,1,5,5,5.0,liberal,0
3455,10638687,1,it contains a derogatory term for a woman and implies that she is promiscuous,gender_race,1,How you get mad at me cause I'm wit somebody else ain't nobody tell you to go be a hoe wen I was wit you,aae,True,False,True,40.0,woman,{},-0.5,black,5,1,5,5,5.0,liberal,0
100,49021087,0,it is a strong criticism but does not contain hate speech or explicit language,baseline,0,They behave in such foolish ways that I'm suprised they're still around.,hispanic,False,False,False,25.0,man,{},-1.0,black,3,3,2,2,2.0,liberal,0
100,49021087,0,it is a general statement about people's behavior,gender_race,0,They behave in such foolish ways that I'm suprised they're still around.,hispanic,False,False,False,25.0,man,{},-1.0,black,3,3,2,2,2.0,liberal,1
3122,3770894,1,it contains hate speech and derogatory language towards a woman,baseline,1,bad news in the air.... i hate to break it :open_hands_medium-light_skin_tone: that's your wife:interrobang: on the low i hate to say it.... that bitch BASIC:bangbang:- @iitsAD,white,True,False,False,40.0,woman,black; female,-1.0,black,5,1,5,5,5.0,liberal,0
3122,3770894,1,it contains derogatory language and a stereotype about women,gender_race,1,bad news in the air.... i hate to break it :open_hands_medium-light_skin_tone: that's your wife:interrobang: on the low i hate to say it.... that bitch BASIC:bangbang:- @iitsAD,white,True,False,False,40.0,woman,black; female,-1.0,black,5,1,5,5,5.0,liberal,0
3251,3770894,0,it is a news report,baseline,0,Judge rules to allow 1st Title IX claim against Baylor - and negligence claims against frm Coach Art Briles & frm AD Ian McCaw - to proceed,aae,False,False,True,40.0,woman,black; female,-1.0,black,1,1,1,1,1.0,liberal,1
3251,3770894,0,it is a news headline,gender_race,0,Judge rules to allow 1st Title IX claim against Baylor - and negligence claims against frm Coach Art Briles & frm AD Ian McCaw - to proceed,aae,False,False,True,40.0,woman,black; female,-1.0,black,1,1,1,1,1.0,liberal,1
15,3088028,0,it is a neutral statement,baseline,0,Why don't Max just stay in the kitchen?,white,False,False,False,30.0,woman,{},-0.5,black,1,1,1,1,1.0,liberal,1
15,3088028,0,it is a neutral statement about a person's profession,gender_race,0,Why don't Max just stay in the kitchen?,white,False,False,False,30.0,woman,{},-0.5,black,1,1,1,1,1.0,liberal,1
3498,10638687,1,it contains explicit language and a derogatory term for a woman's genitalia,baseline,1,Sick to death of either seein nobs or ur minge on ur story,aae,False,False,True,40.0,woman,{},-0.5,black,4,1,5,5,5.0,liberal,0
3498,10638687,1,it contains explicit language and a derogatory term for a woman's genitalia,gender_race,1,Sick to death of either seein nobs or ur minge on ur story,aae,False,False,True,40.0,woman,{},-0.5,black,4,1,5,5,5.0,liberal,0
847,10638687,1,it contains hate speech and promotes violence against a racial group,baseline,1,Black people are just totally pointless in society and should be removed,white,False,False,False,40.0,woman,{},-0.5,black,5,5,5,5,5.0,liberal,0
847,10638687,1,it contains hate speech and promotes violence against a racial group,gender_race,1,Black people are just totally pointless in society and should be removed,white,False,False,False,40.0,woman,{},-0.5,black,5,5,5,5,5.0,liberal,0
1546,10638687,1,it contains a racial slur and promotes a negative stereotype about black people,baseline,1,Yale University was named for Elihu Yale. Not just a man who had slaves. A visionary who actually traded slaves. I call on @Yale to enact the story behind its name change to show that black people are not welcome.,white,False,True,False,40.0,woman,{},-0.5,black,5,5,5,5,5.0,liberal,0
1546,10638687,1,it contains a racial slur and promotes a negative stereotype about black people,gender_race,1,Yale University was named for Elihu Yale. Not just a man who had slaves. A visionary who actually traded slaves. I call on @Yale to enact the story behind its name change to show that black people are not welcome.,white,False,True,False,40.0,woman,{},-0.5,black,5,5,5,5,5.0,liberal,0
2722,8526465,0,it is a political statement that uses strong language but does not contain hate speech or explicit language,baseline,0,Black and Brown activists: ICE & police are terrorizing our people White liberals: We won't give up until we get Trump's tax returns!,white,False,False,False,35.0,man,{},0.0,black,2,1,2,1,1.5,neutral,1
2722,8526465,0,it is a political statement that uses strong language but does not contain hate speech or explicit language,gender_race,0,Black and Brown activists: ICE & police are terrorizing our people White liberals: We won't give up until we get Trump's tax returns!,white,False,False,False,35.0,man,{},0.0,black,2,1,2,1,1.5,neutral,1
2240,3770894,0,it is a sports schedule,baseline,0,"Away today, 3/30... Girls Tennis @ Woodbridge, 3:30 Girls Soccer @ Woodbridge - JV-5:30, V-7 JV Softball @ Broad Run, 6:30 #GoLadyRaiders",white,False,False,False,40.0,woman,black; female,-1.0,black,1,1,1,1,1.0,liberal,1
2240,3770894,0,it is a sports schedule,gender_race,0,"Away today, 3/30... Girls Tennis @ Woodbridge, 3:30 Girls Soccer @ Woodbridge - JV-5:30, V-7 JV Softball @ Broad Run, 6:30 #GoLadyRaiders",white,False,False,False,40.0,woman,black; female,-1.0,black,1,1,1,1,1.0,liberal,1
1632,10638687,1,it promotes hate speech against a particular race,baseline,1,"here's a new Law coming soon, its Illegal to be white",white,False,True,False,40.0,woman,{},-0.5,black,5,5,5,5,5.0,liberal,0
1632,10638687,1,it promotes racism and discrimination against a particular race,gender_race,1,"here's a new Law coming soon, its Illegal to be white",white,False,True,False,40.0,woman,{},-0.5,black,5,5,5,5,5.0,liberal,0
2349,10638687,0,it is a neutral statement about public discourse,baseline,0,Yeah U did ask - you are speaking to the public with knowledge of their right to reply. If someone speaks back to U it's between U and them.,white,False,False,False,40.0,woman,{},-0.5,black,1,1,1,1,1.0,liberal,1
2349,10638687,0,it is a neutral statement about public discourse,gender_race,0,Yeah U did ask - you are speaking to the public with knowledge of their right to reply. If someone speaks back to U it's between U and them.,white,False,False,False,40.0,woman,{},-0.5,black,1,1,1,1,1.0,liberal,1
2992,3770894,0,it is an expression of frustration,baseline,0,Not having access to my money is fucking pissing me off!!!!,white,True,False,False,40.0,woman,black; female,-1.0,black,2,1,3,2,2.5,liberal,1
2992,3770894,0,it is an expression of frustration,gender_race,0,Not having access to my money is fucking pissing me off!!!!,white,True,False,False,40.0,woman,black; female,-1.0,black,2,1,3,2,2.5,liberal,1
1663,10638687,1,it contains a racial slur and a stereotype,baseline,1,"well I think everyone should have the right to see it up close and personal, in a zoo, where all blacks belong",white,False,True,False,40.0,woman,{},-0.5,black,5,5,5,5,5.0,liberal,0
1663,10638687,1,it contains a racial slur and a stereotype about the place where black people belong,gender_race,1,"well I think everyone should have the right to see it up close and personal, in a zoo, where all blacks belong",white,False,True,False,40.0,woman,{},-0.5,black,5,5,5,5,5.0,liberal,0
613,10638687,1,it contains a list of hate speech and derogatory terms for various groups of people,baseline,1,"""Fuck niggers, kikes, trannies, faggots, spics, arabs, chinks, greasers and fuck jannies!"" -  Please do us all a favor and log off for a bit cause you're not okay.",hispanic,True,False,False,40.0,woman,{},-0.5,black,5,5,5,5,5.0,liberal,0
613,10638687,1,it contains a list of hate speech and derogatory terms for various groups of people,gender_race,1,"""Fuck niggers, kikes, trannies, faggots, spics, arabs, chinks, greasers and fuck jannies!"" -  Please do us all a favor and log off for a bit cause you're not okay.",hispanic,True,False,False,40.0,woman,{},-0.5,black,5,5,5,5,5.0,liberal,0
2320,3770894,0,it is a motivational quote,baseline,0,"Find your spirit, and no challenge will keep you from achieving your goals. - Christopher Penn #quote",white,False,False,False,40.0,woman,black; female,-1.0,black,1,1,1,1,1.0,liberal,1
2320,3770894,0,it is a motivational quote,gender_race,0,"Find your spirit, and no challenge will keep you from achieving your goals. - Christopher Penn #quote",white,False,False,False,40.0,woman,black; female,-1.0,black,1,1,1,1,1.0,liberal,1
3558,10638687,1,it contains hate speech and abusive language,baseline,1,How he dare to say this..... Who is thia idiot !!!!! @ZeeNews # taal thok k,aae,False,False,True,40.0,woman,{},-0.5,black,5,1,5,5,5.0,liberal,0
3558,10638687,1,it contains hate language and a racial slur,gender_race,1,How he dare to say this..... Who is thia idiot !!!!! @ZeeNews # taal thok k,aae,False,False,True,40.0,woman,{},-0.5,black,5,1,5,5,5.0,liberal,0
500,3088028,0,it is a metaphorical expression,baseline,0,plums are one of the reasons why the world sucks,white,True,False,False,30.0,woman,{},-0.5,black,1,1,1,1,1.0,liberal,1
500,3088028,0,it is a metaphorical expression,gender_race,0,plums are one of the reasons why the world sucks,white,True,False,False,30.0,woman,{},-0.5,black,1,1,1,1,1.0,liberal,1
3237,74158862,1,it is a lighthearted and playful conversation between two people,baseline,0,"""Finally got my gf to watch #WynonnaEarp last night. She kept calling Bobo """"The Badonkadonk"""" so you win some you lose some I guess.""",aae,False,False,True,45.0,man,NONE,1.0,black,4,4,4,3,3.5,conservative,1
3237,74158862,1,it is a lighthearted and playful conversation between two people,gender_race,0,"""Finally got my gf to watch #WynonnaEarp last night. She kept calling Bobo """"The Badonkadonk"""" so you win some you lose some I guess.""",aae,False,False,True,45.0,man,NONE,1.0,black,4,4,4,3,3.5,conservative,1
2656,10638687,1,it contains hate speech and derogatory language towards politicians and a religious group,baseline,1,The politicians -animals are dancing on the street of Pakistan-AAM ADMI are looking at them-and then look in the sky in search of God-,white,False,False,False,40.0,woman,{},-0.5,black,5,5,5,5,5.0,liberal,0
2656,10638687,1,it is a metaphorical expression of the politicians' actions,gender_race,0,The politicians -animals are dancing on the street of Pakistan-AAM ADMI are looking at them-and then look in the sky in search of God-,white,False,False,False,40.0,woman,{},-0.5,black,5,5,5,5,5.0,liberal,1
3431,10638687,0,it is a positive comment about a song,baseline,0,""":: I have to listen to Con Funk Shun | """"Love's Train LIVE"""" from the Live For Ya Ass album every morning ..""",aae,True,False,True,40.0,woman,{},-0.5,black,1,1,1,1,1.0,liberal,1
3431,10638687,0,it is a positive comment about a song,gender_race,0,""":: I have to listen to Con Funk Shun | """"Love's Train LIVE"""" from the Live For Ya Ass album every morning ..""",aae,True,False,True,40.0,woman,{},-0.5,black,1,1,1,1,1.0,liberal,1
3348,10166032,0,it is a casual conversation about a personal experience and does not contain any explicit language or hate speech,baseline,0,You know what it's cool... :joy: Dee gonna get signed bruh I know it! We was robbed once again :expressionless: #TheRapGame,aae,False,False,True,45.0,man,{},0.0,black,1,1,1,1,1.0,neutral,0
3348,10166032,0,it is a casual conversation about a personal experience,gender_race,0,You know what it's cool... :joy: Dee gonna get signed bruh I know it! We was robbed once again :expressionless: #TheRapGame,aae,False,False,True,45.0,man,{},0.0,black,1,1,1,1,1.0,neutral,1
2104,49021087,1,it conveys a racist message and contains derogatory language,baseline,1,I don't like being an ass man. I don't want to share a fetish with black people,hispanic,True,True,False,25.0,man,{},-1.0,black,5,5,5,5,5.0,liberal,0
2104,49021087,1,it conveys a discriminatory message towards black people,gender_race,1,I don't like being an ass man. I don't want to share a fetish with black people,hispanic,True,True,False,25.0,man,{},-1.0,black,5,5,5,5,5.0,liberal,0
810,10638687,1,it contains a reference to the holocaust and promotes anti-semitic views,baseline,1,Hitler had plenty of good reasons to get rid of the jews...according to necessity of course.,white,False,False,False,40.0,woman,{},-0.5,black,5,5,5,5,5.0,liberal,0
810,10638687,1,it contains a reference to the holocaust and promotes anti-semitic views,gender_race,1,Hitler had plenty of good reasons to get rid of the jews...according to necessity of course.,white,False,False,False,40.0,woman,{},-0.5,black,5,5,5,5,5.0,liberal,0
3699,8526465,0,it contains explicit language and a derogatory term for women,baseline,1,Why is everyone so worried about @Rashida_Staar and what she got going on Mind your mutha fucking business drama feeled bitchs,aae,True,False,True,35.0,man,{},0.0,black,3,1,2,2,2.0,neutral,0
3699,8526465,0,it contains explicit language and a derogatory term for women,gender_race,1,Why is everyone so worried about @Rashida_Staar and what she got going on Mind your mutha fucking business drama feeled bitchs,aae,True,False,True,35.0,man,{},0.0,black,3,1,2,2,2.0,neutral,0
1381,10638687,1,it contains a racial slur and makes a derogatory comparison between cats and a racial group,baseline,1,all cats do is shit and lick their balls. Just like some niggers I know.,white,True,False,False,40.0,woman,{},-0.5,black,5,5,5,5,5.0,liberal,0
1381,10638687,1,it contains a racial slur and makes a derogatory comparison between cats and black people,gender_race,1,all cats do is shit and lick their balls. Just like some niggers I know.,white,True,False,False,40.0,woman,{},-0.5,black,5,5,5,5,5.0,liberal,0
1725,10638687,1,"it contains racial slurs and stereotypes, including the use of the term 'whiteaho' to describe a predominantly white area, and derogatory terms for black and mexican people",baseline,1,"I was raised in Idaho, amazing place. There is a reason they call it whiteaho. There was 1 single black in my town growing up. He was a halfie and wasn't too bad. Though still did the whole poor black me whine. I don't remember ever meeting a J3w my entire life until I left the state. But. The Mexicans did infiltrate and there are quite a few wetbacks there. Only downfall.",white,False,True,False,40.0,woman,{},-0.5,black,5,5,5,5,5.0,liberal,0
1725,10638687,1,"it contains racial slurs and stereotypes, including the use of the term 'whiteaho' to describe a predominantly white area, and the derogatory term 'wetbacks' to describe mexican immigrants",gender_race,1,"I was raised in Idaho, amazing place. There is a reason they call it whiteaho. There was 1 single black in my town growing up. He was a halfie and wasn't too bad. Though still did the whole poor black me whine. I don't remember ever meeting a J3w my entire life until I left the state. But. The Mexicans did infiltrate and there are quite a few wetbacks there. Only downfall.",white,False,True,False,40.0,woman,{},-0.5,black,5,5,5,5,5.0,liberal,0
1574,8526465,1,it contains a racial stereotype and a negative generalization about a group of people,baseline,1,"Unfortunately, Black people's behavior demonstrates they are disproportionately corrupt.",white,False,True,False,35.0,man,{},0.0,black,5,5,5,5,5.0,neutral,0
1574,8526465,1,it contains a racial stereotype and a negative generalization about a group of people,gender_race,1,"Unfortunately, Black people's behavior demonstrates they are disproportionately corrupt.",white,False,True,False,35.0,man,{},0.0,black,5,5,5,5,5.0,neutral,0
3319,10638687,0,it is a lighthearted and playful conversation between two people,baseline,0,"""Asking :boy_medium-light_skin_tone: a few questions about his day and I get """"Ohhhhh DeLana, DeLana, DeLana, you ask too many questions."""" :face_with_rolling_eyes::face_with_rolling_eyes::face_with_rolling_eyes:""",aae,False,False,True,40.0,woman,{},-0.5,black,1,1,1,1,1.0,liberal,1
3319,10638687,0,it is a lighthearted and playful conversation between two people,gender_race,0,"""Asking :boy_medium-light_skin_tone: a few questions about his day and I get """"Ohhhhh DeLana, DeLana, DeLana, you ask too many questions."""" :face_with_rolling_eyes::face_with_rolling_eyes::face_with_rolling_eyes:""",aae,False,False,True,40.0,woman,{},-0.5,black,1,1,1,1,1.0,liberal,1
1736,10638687,1,it contains hate speech and racial slurs,baseline,1,"Trump just gave niggers 500 billion dollars. If he's not a n1gger loving cocksucker, I don't know what he is.",white,True,True,False,40.0,woman,{},-0.5,black,5,5,5,5,5.0,liberal,0
1736,10638687,1,it contains hate speech and racial slurs,gender_race,1,"Trump just gave niggers 500 billion dollars. If he's not a n1gger loving cocksucker, I don't know what he is.",white,True,True,False,40.0,woman,{},-0.5,black,5,5,5,5,5.0,liberal,0
1138,10638687,1,it contains hate speech and a racial slur,baseline,1,Sick of their shit? Then stop watching your TV  - and do something. Violence is one of only two things these immigrants understand!,white,True,False,False,40.0,woman,{},-0.5,black,5,5,5,5,5.0,liberal,0
1138,10638687,1,it contains hate speech and a racial slur,gender_race,1,Sick of their shit? Then stop watching your TV  - and do something. Violence is one of only two things these immigrants understand!,white,True,False,False,40.0,woman,{},-0.5,black,5,5,5,5,5.0,liberal,0
2931,10638687,0,it is a comment about a song and contains mild profanity,baseline,0,"""This """"Throwing Elbows"""" remix i found is fuckin insane :disappointed_relieved::headphones::musical_note:""",white,True,False,False,40.0,woman,{},-0.5,black,1,1,1,1,1.0,liberal,0
2931,10638687,0,it is a comment about a song and contains mild profanity,gender_race,0,"""This """"Throwing Elbows"""" remix i found is fuckin insane :disappointed_relieved::headphones::musical_note:""",white,True,False,False,40.0,woman,{},-0.5,black,1,1,1,1,1.0,liberal,0
3365,3088028,0,it is a quote from the bible,baseline,0,"""""""Let them praise the name of the LORD: for his name alone is excellent; his glory is above the earth and heaven."""" ~Psalms 148:13 #Bible""",aae,False,False,True,30.0,woman,{},-0.5,black,1,1,2,1,1.5,liberal,1
3365,3088028,0,it is a quote from the bible,gender_race,0,"""""""Let them praise the name of the LORD: for his name alone is excellent; his glory is above the earth and heaven."""" ~Psalms 148:13 #Bible""",aae,False,False,True,30.0,woman,{},-0.5,black,1,1,2,1,1.5,liberal,1
3518,10638687,0,it is a colloquial way to express frustration,baseline,0,"""Also made this boy bacon and eggs this morning. He picked up his fork and said """"are the waffles still in the oven?"""". Ain't no damn waffles b""",aae,False,False,True,40.0,woman,{},-0.5,black,2,1,2,2,2.0,liberal,1
3518,10638687,0,it is a colloquial way to express frustration,gender_race,0,"""Also made this boy bacon and eggs this morning. He picked up his fork and said """"are the waffles still in the oven?"""". Ain't no damn waffles b""",aae,False,False,True,40.0,woman,{},-0.5,black,2,1,2,2,2.0,liberal,1
3483,10638687,1,it uses a racial slur,baseline,1,"""Somebody call my manager and say you got an urgent message for a nigga named William, """"drop everything, Craig's in trouble, come quick""""""",aae,True,False,True,40.0,woman,{},-0.5,black,5,5,5,5,5.0,liberal,1
3483,10638687,1,it uses a racial slur 'nigga' in a derogatory manner,gender_race,1,"""Somebody call my manager and say you got an urgent message for a nigga named William, """"drop everything, Craig's in trouble, come quick""""""",aae,True,False,True,40.0,woman,{},-0.5,black,5,5,5,5,5.0,liberal,0
1656,3088028,1,it contains hate speech and racial slurs,baseline,1,I just have a bad feeling that GolliWood will embrace this poor put upon nigrah because it is the current coddling libtard favorite black face of everything unpatriotic and anti-American.,white,False,True,False,30.0,woman,{},-0.5,black,5,5,5,5,5.0,liberal,0
1656,3088028,1,it contains a racial slur and promotes stereotypes about black people,gender_race,1,I just have a bad feeling that GolliWood will embrace this poor put upon nigrah because it is the current coddling libtard favorite black face of everything unpatriotic and anti-American.,white,False,True,False,30.0,woman,{},-0.5,black,5,5,5,5,5.0,liberal,0
1522,10638687,1,it contains hate language and makes a threat of violence,baseline,1,"I need to rant apologies but this fucking bitch, does she think we are fucking stupid? Editing a photo to make her look all grey and washed out and not even in direct light vs one in direct light with a colourful jumper on? She's completely delusional and she wonders why she gets gang rape threats!",white,True,False,False,40.0,woman,{},-0.5,black,5,1,5,5,5.0,liberal,0
1522,10638687,1,it contains hate language and makes a threat of violence,gender_race,1,"I need to rant apologies but this fucking bitch, does she think we are fucking stupid? Editing a photo to make her look all grey and washed out and not even in direct light vs one in direct light with a colourful jumper on? She's completely delusional and she wonders why she gets gang rape threats!",white,True,False,False,40.0,woman,{},-0.5,black,5,1,5,5,5.0,liberal,0
1705,8526465,1,it contains a racial slur and promotes a discriminatory attitude,baseline,1,"lets be honest, if I said I cant stand blacks you wouldn't say a thing. It's the truth and you wouldn't mind cos you know it too. Im glad we can be open and honest with each other.",white,False,True,False,35.0,man,{},0.0,black,5,5,5,5,5.0,neutral,0
1705,8526465,1,it contains a racial slur and promotes a discriminatory attitude,gender_race,1,"lets be honest, if I said I cant stand blacks you wouldn't say a thing. It's the truth and you wouldn't mind cos you know it too. Im glad we can be open and honest with each other.",white,False,True,False,35.0,man,{},0.0,black,5,5,5,5,5.0,neutral,0
3620,10638687,0,it contains explicit language and implies substance abuse,baseline,1,If it wasn't cause I have to come into work I woulda went home got me fucked up,aae,True,False,True,40.0,woman,{},-0.5,black,2,1,2,3,2.5,liberal,0
3620,10638687,0,it contains explicit language and a colloquial expression that implies substance abuse,gender_race,1,If it wasn't cause I have to come into work I woulda went home got me fucked up,aae,True,False,True,40.0,woman,{},-0.5,black,2,1,2,3,2.5,liberal,0
2685,49021087,0,it is a song lyric,baseline,0,"Pour your misery down, pour your misery down on me Pour your misery down, pour your misery down on me",white,False,False,False,25.0,man,{},-1.0,black,1,1,1,1,1.0,liberal,1
2685,49021087,0,it is a song lyric,gender_race,0,"Pour your misery down, pour your misery down on me Pour your misery down, pour your misery down on me",white,False,False,False,25.0,man,{},-1.0,black,1,1,1,1,1.0,liberal,1
673,3088028,1,it contains hate speech and a racial slur,baseline,1,"""I fucking hate niggers so goddamn much."" - Cool cos I fucking hate you so goddamn much too!",hispanic,True,False,False,30.0,woman,{},-0.5,black,5,5,5,5,5.0,liberal,0
673,3088028,1,it contains hate speech and a racial slur,gender_race,1,"""I fucking hate niggers so goddamn much."" - Cool cos I fucking hate you so goddamn much too!",hispanic,True,False,False,30.0,woman,{},-0.5,black,5,5,5,5,5.0,liberal,0
2175,10638687,1,it contains a racial slur and a threat,baseline,1,"Oh mate I am SO going to fuck you up next time I see you, nigger !",hispanic,True,True,False,40.0,woman,{},-0.5,black,5,5,5,5,5.0,liberal,1
2175,10638687,1,it contains a racial slur and a threat,gender_race,1,"Oh mate I am SO going to fuck you up next time I see you, nigger !",hispanic,True,True,False,40.0,woman,{},-0.5,black,5,5,5,5,5.0,liberal,1
49,8526465,0,it contains a message that is harmful to the lgbtq+ community and marginalizes women loving women,baseline,1,"I fully support artists who freely express themselves and applaud male and female artists who are opening up more and more about their sexual identities, but every so often there come certain songs with messaging that is just downright tone-deaf, which does more harm than good for the LGBTQ+ community. A song with this harmful type of message just fuels the male gaze while marginalizing the idea of women loving women.",white,False,False,False,35.0,man,{},0.0,black,1,1,1,1,1.0,neutral,0
49,8526465,0,it contains a message that is harmful to the lgbtq+ community and marginalizes women loving women,gender_race,1,"I fully support artists who freely express themselves and applaud male and female artists who are opening up more and more about their sexual identities, but every so often there come certain songs with messaging that is just downright tone-deaf, which does more harm than good for the LGBTQ+ community. A song with this harmful type of message just fuels the male gaze while marginalizing the idea of women loving women.",white,False,False,False,35.0,man,{},0.0,black,1,1,1,1,1.0,neutral,0
3245,8526465,0,it is a polite and professional message,baseline,0,"""""""That was decades ago, Cecil! Anyway, we want to know what we can do to keep your business."""" #KevinBot""",aae,False,False,True,35.0,man,{},0.0,black,1,1,1,1,1.0,neutral,1
3245,8526465,0,it is a polite and professional message,gender_race,0,"""""""That was decades ago, Cecil! Anyway, we want to know what we can do to keep your business."""" #KevinBot""",aae,False,False,True,35.0,man,{},0.0,black,1,1,1,1,1.0,neutral,1
2779,10638687,1,it contains explicit language and a threat,baseline,1,Lame as hell don't send me no kissy faces and you have a WHOLE entire girlfriend bc I will take it there,white,False,False,False,40.0,woman,{},-0.5,black,4,1,4,4,4.0,liberal,1
2779,10638687,1,it contains a threat of violence and a sexual innuendo,gender_race,1,Lame as hell don't send me no kissy faces and you have a WHOLE entire girlfriend bc I will take it there,white,False,False,False,40.0,woman,{},-0.5,black,4,1,4,4,4.0,liberal,0
3379,3088028,0,it is a colloquial way to describe a situation and does not contain hate language,baseline,0,switching lanes but ion got no gears:no_entry_sign::dash: shawty said she wanna ride but she don't know how to steer:man_facepalming_medium-light_skin_tone::put_litter_in_its_place:,aae,False,False,True,30.0,woman,{},-0.5,black,1,1,2,2,2.0,liberal,1
3379,3088028,0,it is a colloquial way to describe a situation and does not contain hate language,gender_race,0,switching lanes but ion got no gears:no_entry_sign::dash: shawty said she wanna ride but she don't know how to steer:man_facepalming_medium-light_skin_tone::put_litter_in_its_place:,aae,False,False,True,30.0,woman,{},-0.5,black,1,1,2,2,2.0,liberal,1
322,10638687,1,it contains a racial slur and a derogatory term for a police officer,baseline,1,Every police officer is a resentful son of a bitch with a lot of power,white,True,False,False,40.0,woman,{},-0.5,black,5,1,5,5,5.0,liberal,0
322,10638687,1,it contains a racial slur and a derogatory term for a police officer,gender_race,1,Every police officer is a resentful son of a bitch with a lot of power,white,True,False,False,40.0,woman,{},-0.5,black,5,1,5,5,5.0,liberal,0
773,8526465,1,it contains a derogatory term for a person with dwarfism,baseline,1,"I just saw this midget in town and he tried to talk to me, no thanks.",white,False,False,False,35.0,man,{},0.0,black,5,1,5,5,5.0,neutral,1
773,8526465,1,it contains a derogatory term for a person with dwarfism,gender_race,1,"I just saw this midget in town and he tried to talk to me, no thanks.",white,False,False,False,35.0,man,{},0.0,black,5,1,5,5,5.0,neutral,1
609,10638687,1,it is a personal opinion about a person's behavior and contains strong language but is not directed at a protected group,baseline,0,What a narcisistic bitch. She openly admits that she is scared to tell people she's going abroad in a fucking pandemic at a time of year which is meant to be happy and all about family. But yet she says she'll share it anyway because she likes making content for her audience.,white,True,False,False,40.0,woman,{},-0.5,black,5,1,5,5,5.0,liberal,1
609,10638687,1,it is a personal opinion about someone's behavior and contains strong language but is not directed at a protected group,gender_race,0,What a narcisistic bitch. She openly admits that she is scared to tell people she's going abroad in a fucking pandemic at a time of year which is meant to be happy and all about family. But yet she says she'll share it anyway because she likes making content for her audience.,white,True,False,False,40.0,woman,{},-0.5,black,5,1,5,5,5.0,liberal,1
2016,8526465,1,it conveys a message of racism and contains explicit language,baseline,1,this black colleague of mine is one of the reasons why my life fucking sucks,white,True,True,False,35.0,man,{},0.0,black,5,5,5,5,5.0,neutral,0
2016,8526465,1,it conveys a message of racism and contains explicit language,gender_race,1,this black colleague of mine is one of the reasons why my life fucking sucks,white,True,True,False,35.0,man,{},0.0,black,5,5,5,5,5.0,neutral,0
2799,10638687,1,it is a fictional context and the language used is not derogatory,baseline,0,"""""""I am happy to report that drowning does kill this demonic entity. Oh holy are the waters of Chernarus!"""" Omg, DED ;)""",white,False,False,False,40.0,woman,{},-0.5,black,4,1,4,4,4.0,liberal,1
2799,10638687,1,it is a fictional context and the language used is not derogatory,gender_race,0,"""""""I am happy to report that drowning does kill this demonic entity. Oh holy are the waters of Chernarus!"""" Omg, DED ;)""",white,False,False,False,40.0,woman,{},-0.5,black,4,1,4,4,4.0,liberal,1
4056,10638687,1,it contains multiple instances of explicit language and derogatory terms,baseline,1,I'm not finna buy no mf twitter account!! Stop asking me that stupid ass:peach: shit:shit:!!! If anything I'll pay to get mine updated bitch.!!,aae,True,False,True,40.0,woman,{},-0.5,black,5,1,5,5,5.0,liberal,0
4056,10638687,1,it contains multiple instances of explicit language and derogatory terms,gender_race,1,I'm not finna buy no mf twitter account!! Stop asking me that stupid ass:peach: shit:shit:!!! If anything I'll pay to get mine updated bitch.!!,aae,True,False,True,40.0,woman,{},-0.5,black,5,1,5,5,5.0,liberal,0
1401,3770894,1,"it contains hate speech, racial slurs, and threats",baseline,1,"Yeah. Verbose, wise-ass, know it all and downright SMUG Jew. I hate punks like this, saturated in Cultural Marxist propaganda. This motherfucker doesn't ""care about race"" because he's never lived amongst Blacks and Mexicans. I'd love to shove his lame, kosher ass into a jail cell full of Negro brutes. Then ask him later (if he lives haha) if he still does not care about race.",white,True,False,False,40.0,woman,black; female,-1.0,black,5,5,5,5,5.0,liberal,0
1401,3770894,1,it contains hate speech and racial slurs,gender_race,1,"Yeah. Verbose, wise-ass, know it all and downright SMUG Jew. I hate punks like this, saturated in Cultural Marxist propaganda. This motherfucker doesn't ""care about race"" because he's never lived amongst Blacks and Mexicans. I'd love to shove his lame, kosher ass into a jail cell full of Negro brutes. Then ask him later (if he lives haha) if he still does not care about race.",white,True,False,False,40.0,woman,black; female,-1.0,black,5,5,5,5,5.0,liberal,0
3474,3088028,0,it contains a racial slur and a derogatory term for a woman,baseline,1,Sis don't assume I'm talking about yo nigga and get in yo feelings .. Yo nigga not the only one on my line :joy:,aae,True,False,True,30.0,woman,{},-0.5,black,5,2,3,2,2.5,liberal,0
3474,3088028,0,it uses a racial slur and a derogatory term for a woman,gender_race,1,Sis don't assume I'm talking about yo nigga and get in yo feelings .. Yo nigga not the only one on my line :joy:,aae,True,False,True,30.0,woman,{},-0.5,black,5,2,3,2,2.5,liberal,0
3989,74158862,1,it contains explicit language and a derogatory term for a woman,baseline,1,lings for a swinger I fucked I refuse to catch feelings for a swinger I fucked BITCH I REPEAT I REFUSE TO CATCH FEELINGS FOR THIS MF SWINGER,aae,True,False,True,45.0,man,NONE,0.5,black,4,4,4,5,4.5,conservative,0
3989,74158862,1,it contains explicit language and a derogatory term for a woman,gender_race,1,lings for a swinger I fucked I refuse to catch feelings for a swinger I fucked BITCH I REPEAT I REFUSE TO CATCH FEELINGS FOR THIS MF SWINGER,aae,True,False,True,45.0,man,NONE,0.5,black,4,4,4,5,4.5,conservative,0
3290,10166032,0,it is a positive comment with colloquial language,baseline,0,AND I LOVE HOW JINWOO GET A LOT OF LINE LIKE YAS BRUH DO IT BRUH IT'S UR TIME TO SHINE U HAVE UNIQUE VOICE <3,aae,False,False,True,45.0,man,{},0.0,black,1,1,1,1,1.0,neutral,1
3290,10166032,0,it is a positive and enthusiastic message,gender_race,0,AND I LOVE HOW JINWOO GET A LOT OF LINE LIKE YAS BRUH DO IT BRUH IT'S UR TIME TO SHINE U HAVE UNIQUE VOICE <3,aae,False,False,True,45.0,man,{},0.0,black,1,1,1,1,1.0,neutral,1
404,8526465,0,it contains explicit language,baseline,1,my chair can eat my shit,aae,True,False,True,35.0,man,{},0.0,black,2,1,2,1,1.5,neutral,1
404,8526465,0,it contains explicit language,gender_race,1,my chair can eat my shit,aae,True,False,True,35.0,man,{},0.0,black,2,1,2,1,1.5,neutral,1
1816,49021087,1,it promotes the use of a racial slur,baseline,1,CHECK THESE LYRICS TO AN UNNAMED SONG. TUNE OUT THAT NIGGA MUSIC,aae,True,True,True,25.0,man,{},-1.0,black,4,5,4,4,4.0,liberal,0
1816,49021087,1,it promotes the use of a racial slur,gender_race,1,CHECK THESE LYRICS TO AN UNNAMED SONG. TUNE OUT THAT NIGGA MUSIC,aae,True,True,True,25.0,man,{},-1.0,black,4,5,4,4,4.0,liberal,0
913,3088028,0,it is a discussion about a religious topic and does not contain hate speech or explicit language,baseline,0,The definition of adultery is to adulterate (corrupt) your race. Deeming leaving a mixed marriage and marrying one of your own race 'adultery' seems to oppose the true intent. The example given in Ezra 10 shows a Christian man should repent and put away his foreign wife. (It helps to see this from a C.I. point of view.),white,False,False,False,30.0,woman,{},-0.5,black,3,2,3,2,2.5,liberal,0
913,3088028,0,it is a discussion about a religious topic and does not contain hate speech or explicit language,gender_race,0,The definition of adultery is to adulterate (corrupt) your race. Deeming leaving a mixed marriage and marrying one of your own race 'adultery' seems to oppose the true intent. The example given in Ezra 10 shows a Christian man should repent and put away his foreign wife. (It helps to see this from a C.I. point of view.),white,False,False,False,30.0,woman,{},-0.5,black,3,2,3,2,2.5,liberal,0
1682,49021087,1,it contains hate speech and stereotypes,baseline,1,"I saw a clip of this absolute genius from blm today trying to justify their looting and stealing because, ""this country was stolen in the first place.....and george floyd"" idiot",white,False,True,False,25.0,man,{},-1.0,black,5,3,4,4,4.0,liberal,0
1682,49021087,1,it contains hate speech and stereotypes,gender_race,1,"I saw a clip of this absolute genius from blm today trying to justify their looting and stealing because, ""this country was stolen in the first place.....and george floyd"" idiot",white,False,True,False,25.0,man,{},-1.0,black,5,3,4,4,4.0,liberal,0
1592,10638687,1,"it conveys a stereotypical message suggesting that black people are associated with ""gangsta"" talk and behavior",baseline,1,"Of course they like all that ""gangsta"" talk and black behaviour, but how do they react when they see one (let alone having to be surrounded by them)?",hispanic,False,True,False,40.0,woman,{},-0.5,black,5,5,5,5,5.0,liberal,0
1592,10638687,1,it conveys a stereotypical message about black people and uses derogatory language,gender_race,1,"Of course they like all that ""gangsta"" talk and black behaviour, but how do they react when they see one (let alone having to be surrounded by them)?",hispanic,False,True,False,40.0,woman,{},-0.5,black,5,5,5,5,5.0,liberal,0
3471,3088028,0,it contains derogatory language and a threat,baseline,1,ion care if yall hoes get mad just dont get in the way,aae,True,False,True,30.0,woman,{},-0.5,black,3,1,2,2,2.0,liberal,0
3471,3088028,0,it contains derogatory language and a threat,gender_race,1,ion care if yall hoes get mad just dont get in the way,aae,True,False,True,30.0,woman,{},-0.5,black,3,1,2,2,2.0,liberal,0
2545,8526465,0,it is a positive statement about the city's diversity and acceptance of alternative lifestyles,baseline,0,I really appreciate the fact that I get to live in a city with a lot of other kinky people. It's not something to take for granted.,white,True,False,False,35.0,man,{},0.0,black,1,1,2,1,1.5,neutral,0
2545,8526465,0,it is a positive statement about the diversity of the city,gender_race,0,I really appreciate the fact that I get to live in a city with a lot of other kinky people. It's not something to take for granted.,white,True,False,False,35.0,man,{},0.0,black,1,1,2,1,1.5,neutral,1
1823,10638687,1,it contains a racial slur and a derogatory description of people,baseline,1,"I've been to Italy a few times, and only saw two niggers in Venice.... some old dudes who were missing nearly all their teeth.. . I just don't go back to Venice.. problem solved.",white,True,True,False,40.0,woman,{},-0.5,black,5,5,5,5,5.0,liberal,0
1823,10638687,1,it contains a racial slur and a stereotype about people with missing teeth,gender_race,1,"I've been to Italy a few times, and only saw two niggers in Venice.... some old dudes who were missing nearly all their teeth.. . I just don't go back to Venice.. problem solved.",white,True,True,False,40.0,woman,{},-0.5,black,5,5,5,5,5.0,liberal,0
3400,3770894,0,it is a subjective opinion about two artists and contains colloquial language,baseline,0,"""Im ALWAYS here for objective Beyonce analysis but I do NOT see what yall see for Ashanti and never have """"oh babay"""" :face_with_rolling_eyes::joy:""",aae,False,False,True,40.0,woman,black; female,-1.0,black,2,1,4,1,2.5,liberal,1
3400,3770894,0,it is a subjective opinion about two artists and contains colloquial language,gender_race,0,"""Im ALWAYS here for objective Beyonce analysis but I do NOT see what yall see for Ashanti and never have """"oh babay"""" :face_with_rolling_eyes::joy:""",aae,False,False,True,40.0,woman,black; female,-1.0,black,2,1,4,1,2.5,liberal,1
1830,49021087,1,it contains hate speech and a racial slur,baseline,1,Those niggers should kill themselves,hispanic,True,True,False,25.0,man,{},-1.0,black,5,5,5,5,5.0,liberal,0
1830,49021087,1,it contains a racial slur and promotes violence,gender_race,1,Those niggers should kill themselves,hispanic,True,True,False,25.0,man,{},-1.0,black,5,5,5,5,5.0,liberal,0
660,10638687,1,it contains hate speech and misogynistic language,baseline,1,"Someone told me ""I'd rather cut myself than being a woman, women are all fuckable bitches with tits"". I can't believe someone would think like that!",white,True,False,False,40.0,woman,{},-0.5,black,5,1,5,5,5.0,liberal,0
660,10638687,1,it contains hate speech and misogynistic language,gender_race,1,"Someone told me ""I'd rather cut myself than being a woman, women are all fuckable bitches with tits"". I can't believe someone would think like that!",white,True,False,False,40.0,woman,{},-0.5,black,5,1,5,5,5.0,liberal,0
2486,10166032,0,it is a joke and the use of the word 'nude' is used in a non-explicit way,baseline,0,Gray are you sure that you are bigger in every way!? Look at Ethan's nude buddy :joy: @GraysonDolan @EthanDolan,white,True,False,False,45.0,man,{},0.0,black,3,1,3,2,2.5,neutral,0
2486,10166032,0,it is a joke and contains a meme,gender_race,0,Gray are you sure that you are bigger in every way!? Look at Ethan's nude buddy :joy: @GraysonDolan @EthanDolan,white,True,False,False,45.0,man,{},0.0,black,3,1,3,2,2.5,neutral,1
1576,8526465,1,it contains hate speech and makes a comparison between blm and the nazis,baseline,1,"Exactly, not only that but BLM has been talking about white privilege for awhile now, yet it's the white privilege which is attracting them to our woman and our own woman to whites. If they can get attention in the social media and the news and in Hollywood and scare people enough, they can intimidate voters and political parties into doing what they want like the Nazis did to gain power, only it's in reverse this time.",white,False,True,False,35.0,man,{},0.0,black,5,5,5,5,5.0,neutral,0
1576,8526465,1,"it contains a racial slur and makes a comparison between blm and the nazis, which is a form of hate speech",gender_race,1,"Exactly, not only that but BLM has been talking about white privilege for awhile now, yet it's the white privilege which is attracting them to our woman and our own woman to whites. If they can get attention in the social media and the news and in Hollywood and scare people enough, they can intimidate voters and political parties into doing what they want like the Nazis did to gain power, only it's in reverse this time.",white,False,True,False,35.0,man,{},0.0,black,5,5,5,5,5.0,neutral,0
2394,10638687,0,it is a political statement with a strong opinion,baseline,0,"I'm one that believes in freedom of speech, but where Pres. Trump is concerned with his twitter acct., I'm opposed to freedom of tweet 4 him",white,False,False,False,40.0,woman,{},-0.5,black,2,1,2,2,2.0,liberal,1
2394,10638687,0,it is a political statement with a strong opinion,gender_race,0,"I'm one that believes in freedom of speech, but where Pres. Trump is concerned with his twitter acct., I'm opposed to freedom of tweet 4 him",white,False,False,False,40.0,woman,{},-0.5,black,2,1,2,2,2.0,liberal,1
3303,70803086,0,it is a joke and does not contain any hate or explicit language,baseline,0,"I bet you Wenger would say he had wanted to sign Mane too, always signing players in his head. #aprilfoolsday",aae,False,False,True,25.0,man,{},0.0,black,1,1,1,1,1.0,neutral,0
3303,70803086,0,it is a joke and does not contain any hate or explicit language,gender_race,0,"I bet you Wenger would say he had wanted to sign Mane too, always signing players in his head. #aprilfoolsday",aae,False,False,True,25.0,man,{},0.0,black,1,1,1,1,1.0,neutral,0
67,10638687,1,"it contains a word that is often used to describe a person who is easily upset or provoked, and is often used in a derogatory manner",baseline,1,"the fact is that I love winding them up, they are so easy to triggerv",white,False,False,False,40.0,woman,{},-0.5,black,4,1,3,4,3.5,liberal,1
67,10638687,1,it contains a derogatory term for people with mental health issues,gender_race,1,"the fact is that I love winding them up, they are so easy to triggerv",white,False,False,False,40.0,woman,{},-0.5,black,4,1,3,4,3.5,liberal,1
646,74158862,1,it is a statement of sadness and affection for a brother,baseline,0,nothing hurts me worse than when I think be abt my brother! that shit hurt dawg i really miss my nigga,aae,True,False,True,45.0,man,NONE,1.0,black,3,5,5,3,4.0,conservative,1
646,74158862,1,it is a colloquial expression of sympathy and affection,gender_race,0,nothing hurts me worse than when I think be abt my brother! that shit hurt dawg i really miss my nigga,aae,True,False,True,45.0,man,NONE,1.0,black,3,5,5,3,4.0,conservative,1
3561,74158862,1,it is a political statement and does not contain any hate speech or explicit language,baseline,0,#TripleTalaqArrest Its high time our Naton Muslim Women shld b free frm binding of Triple Talaq. Its making life of Muslim Women miserable,aae,False,False,True,45.0,man,NONE,1.0,black,3,5,5,3,4.0,conservative,0
3561,74158862,1,it is a political statement and does not contain any hate speech or explicit language,gender_race,0,#TripleTalaqArrest Its high time our Naton Muslim Women shld b free frm binding of Triple Talaq. Its making life of Muslim Women miserable,aae,False,False,True,45.0,man,NONE,1.0,black,3,5,5,3,4.0,conservative,0
142,74158862,1,it is a subjective opinion about a public figure,baseline,0,"Kamala Harris comes off as such an insufferable lying person. Sorry, its just true.",white,False,False,False,45.0,man,NONE,1.0,black,3,5,4,3,3.5,conservative,1
142,74158862,1,it is a subjective opinion about a public figure,gender_race,0,"Kamala Harris comes off as such an insufferable lying person. Sorry, its just true.",white,False,False,False,45.0,man,NONE,1.0,black,3,5,4,3,3.5,conservative,1
3302,54904271,0,it is a neutral statement about a person's appearance,baseline,0,"""I showed him a picture of 21 savage and he said """"yeah he looked like that"""". I think my dad just met 21 savage.""",aae,False,False,True,45.0,man,{},-1.0,black,1,1,1,1,1.0,liberal,1
3302,54904271,0,it is a neutral statement about a celebrity,gender_race,0,"""I showed him a picture of 21 savage and he said """"yeah he looked like that"""". I think my dad just met 21 savage.""",aae,False,False,True,45.0,man,{},-1.0,black,1,1,1,1,1.0,liberal,1
3594,41088410,1,it is a colloquial way to express frustration about hair styling,baseline,0,I just want my fucking hair done :woman_facepalming_medium-dark_skin_tone: guess I gotta try to do it myself cause I know another mf aint gone do it :face_with_rolling_eyes:,aae,True,False,True,30.0,woman,{},-0.5,black,3,1,4,5,4.5,liberal,1
3594,41088410,1,it is a colloquial way to express frustration about hair styling,gender_race,0,I just want my fucking hair done :woman_facepalming_medium-dark_skin_tone: guess I gotta try to do it myself cause I know another mf aint gone do it :face_with_rolling_eyes:,aae,True,False,True,30.0,woman,{},-0.5,black,3,1,4,5,4.5,liberal,1
3412,54904271,0,it is a personal opinion about promposals and contains colloquial language,baseline,0,"""These promposals make me mad even at my age because my promosal was my exboyfriend saying """"Can I wear a cane to prom"""" :face_with_rolling_eyes::face_with_rolling_eyes::face_with_rolling_eyes: Aggy ass :joy::joy::joy:""",aae,True,False,True,45.0,man,{},-1.0,black,1,1,1,1,1.0,liberal,1
3412,54904271,0,it is a personal opinion about promposals and contains colloquial language,gender_race,0,"""These promposals make me mad even at my age because my promosal was my exboyfriend saying """"Can I wear a cane to prom"""" :face_with_rolling_eyes::face_with_rolling_eyes::face_with_rolling_eyes: Aggy ass :joy::joy::joy:""",aae,True,False,True,45.0,man,{},-1.0,black,1,1,1,1,1.0,liberal,1
3554,54904271,0,it contains a racial slur and a derogatory term for a political figure,baseline,1,Cause my money running like Forest gump these niggahs hate me like I'm Donald trump:microphone: @YoungDolph,aae,False,False,True,45.0,man,{},-1.0,black,1,1,2,1,1.5,liberal,0
3554,54904271,0,it contains a racial slur and a derogatory reference to a political figure,gender_race,1,Cause my money running like Forest gump these niggahs hate me like I'm Donald trump:microphone: @YoungDolph,aae,False,False,True,45.0,man,{},-1.0,black,1,1,2,1,1.5,liberal,0
4,54904271,0,it is a neutral statement about personal taste,baseline,0,I do not dislike vegetables just the majority of them,white,False,False,False,45.0,man,{},-1.0,black,1,1,1,1,1.0,liberal,1
4,54904271,0,it is a neutral statement about personal taste,gender_race,0,I do not dislike vegetables just the majority of them,white,False,False,False,45.0,man,{},-1.0,black,1,1,1,1,1.0,liberal,1
3349,54904271,0,it is a promotional message,baseline,0,Get ready for #DigiTrendz - Entertainment News on #ShoutsOnY @Y1079FM x @Y979FM brought to you by @MTNGhana @caroline4real @quarpshansen,aae,False,False,True,45.0,man,{},-1.0,black,1,1,1,1,1.0,liberal,1
3349,54904271,0,it is a promotional message,gender_race,0,Get ready for #DigiTrendz - Entertainment News on #ShoutsOnY @Y1079FM x @Y979FM brought to you by @MTNGhana @caroline4real @quarpshansen,aae,False,False,True,45.0,man,{},-1.0,black,1,1,1,1,1.0,liberal,1
3436,54904271,0,it contains explicit language and conveys a negative sentiment towards a group of people,baseline,1,"""These are the same people who give no fucks for the ~consequences~ of their """"messing up"""" and will take no responsibility over that. Fuck 'em""",aae,True,False,True,45.0,man,{},-1.0,black,1,1,2,1,1.5,liberal,0
3436,54904271,0,it contains explicit language and conveys a negative sentiment towards a group of people,gender_race,1,"""These are the same people who give no fucks for the ~consequences~ of their """"messing up"""" and will take no responsibility over that. Fuck 'em""",aae,True,False,True,45.0,man,{},-1.0,black,1,1,2,1,1.5,liberal,0
2356,18991638,0,it is a positive message of appreciation and encouragement,baseline,0,Thank you to our governors who spent the day in school looking at our learning. We hope you were impressed? #TeamManor #Aspirebelieveachieve,white,False,False,False,35.0,woman,"immigrant, black,",0.0,black,1,1,1,1,1.0,neutral,1
2356,18991638,0,it is a positive message of appreciation and encouragement,gender_race,0,Thank you to our governors who spent the day in school looking at our learning. We hope you were impressed? #TeamManor #Aspirebelieveachieve,white,False,False,False,35.0,woman,"immigrant, black,",0.0,black,1,1,1,1,1.0,neutral,1
377,54904271,0,it uses a racial slur and objectifies women,baseline,1,"Ayo, yall check it my niggas, wanna know how I achieved this body?",aae,True,False,True,45.0,man,{},-1.0,black,1,1,2,1,1.5,liberal,0
377,54904271,0,it is a colloquial way to refer to friends,gender_race,0,"Ayo, yall check it my niggas, wanna know how I achieved this body?",aae,True,False,True,45.0,man,{},-1.0,black,1,1,2,1,1.5,liberal,1
2128,74158862,1,it contains a racial slur and a derogatory comparison of a person to an animal,baseline,1,"If that ngr is clever enough to get his skinny ass into this country, he's competent enough to be held responsible for chimping out.",white,True,True,False,45.0,man,NONE,1.0,black,4,5,5,3,4.0,conservative,0
2128,74158862,1,it contains a racial slur and a derogatory comparison of a person to an animal,gender_race,1,"If that ngr is clever enough to get his skinny ass into this country, he's competent enough to be held responsible for chimping out.",white,True,True,False,45.0,man,NONE,1.0,black,4,5,5,3,4.0,conservative,0
3519,54904271,0,it is a negative comment about a game character,baseline,0,I hate the Nimbasa Ferris Wheel... It was hard to trust N after he told me that he was Plasma's king.,aae,False,False,True,45.0,man,{},-1.0,black,1,1,1,1,1.0,liberal,1
3519,54904271,0,it is a normal sentence about a game,gender_race,0,I hate the Nimbasa Ferris Wheel... It was hard to trust N after he told me that he was Plasma's king.,aae,False,False,True,45.0,man,{},-1.0,black,1,1,1,1,1.0,liberal,1
1837,18991638,1,it contains a threat of violence and a racial slur,baseline,1,"Lol watch out nigga, I'm going to find you and kill you and all your family.",hispanic,True,True,False,35.0,woman,"immigrant, black,",0.0,black,4,2,5,5,5.0,neutral,0
1837,18991638,1,it contains a threat of violence and a racial slur,gender_race,1,"Lol watch out nigga, I'm going to find you and kill you and all your family.",hispanic,True,True,False,35.0,woman,"immigrant, black,",0.0,black,4,2,5,5,5.0,neutral,0
1719,54904271,1,it is a statement of support for a particular group of people,baseline,0,Good to see these guys! We need more white lawyers to fight the good fight!!,aae,False,True,True,45.0,man,{},-1.0,black,3,5,4,5,4.5,liberal,1
1719,54904271,1,it is a positive statement about the need for more white lawyers,gender_race,0,Good to see these guys! We need more white lawyers to fight the good fight!!,aae,False,True,True,45.0,man,{},-1.0,black,3,5,4,5,4.5,liberal,1
2718,74158862,1,it is a neutral comment about a football manager,baseline,0,Whole Moyes thing got blown out of proportion but tbf a wanted him to fined and sacked cos he's an awful manager,white,False,False,False,45.0,man,NONE,1.0,black,5,3,5,2,3.5,conservative,1
2718,74158862,1,it is a neutral comment about a football manager,gender_race,0,Whole Moyes thing got blown out of proportion but tbf a wanted him to fined and sacked cos he's an awful manager,white,False,False,False,45.0,man,NONE,1.0,black,5,3,5,2,3.5,conservative,1
3415,54904271,0,it is a casual conversation about wanting to eat donuts at 1 am,baseline,0,i want 2 go 2 the kitchen and snatch some donuts from d fridge but im afraid i might wake them im so gutom n its 1 am ya feel me hekkkkkk,aae,True,False,True,45.0,man,{},-1.0,black,1,1,1,1,1.0,liberal,1
3415,54904271,0,it is a casual conversation about wanting to eat donuts at 1 am,gender_race,0,i want 2 go 2 the kitchen and snatch some donuts from d fridge but im afraid i might wake them im so gutom n its 1 am ya feel me hekkkkkk,aae,True,False,True,45.0,man,{},-1.0,black,1,1,1,1,1.0,liberal,1
2170,54904271,1,it contains hate speech and racial slurs,baseline,1,"I really hate the libtard freaks that coddle this garbage. The way things are going...the future looks to be a distinctly unpalatable one. I thank fuck I'm forty-seven and didn't have kids. The inner cities of Britain have become incrementally worse in the last 20 years. Years ago, you never saw any niggers. If you did, it would be on its own. Now they're ubiquitous, sadly. What's Sydney like for niggers? Does it have a blend of different niggers like London?",white,True,True,False,45.0,man,{},-1.0,black,4,5,5,5,5.0,liberal,0
2170,54904271,1,it contains hate speech and racial slurs,gender_race,1,"I really hate the libtard freaks that coddle this garbage. The way things are going...the future looks to be a distinctly unpalatable one. I thank fuck I'm forty-seven and didn't have kids. The inner cities of Britain have become incrementally worse in the last 20 years. Years ago, you never saw any niggers. If you did, it would be on its own. Now they're ubiquitous, sadly. What's Sydney like for niggers? Does it have a blend of different niggers like London?",white,True,True,False,45.0,man,{},-1.0,black,4,5,5,5,5.0,liberal,0
3289,54904271,0,it is a quote from a song and a post about a person's happiness,baseline,0,"""""""We gon' sit on an airplane~ gon' sit on airplane~"""" Sings happily on the way to the airport with @_LanceHunter_.""",aae,False,False,True,45.0,man,{},-1.0,black,1,1,1,1,1.0,liberal,1
3289,54904271,0,it is a quote from a song and a happy scene,gender_race,0,"""""""We gon' sit on an airplane~ gon' sit on airplane~"""" Sings happily on the way to the airport with @_LanceHunter_.""",aae,False,False,True,45.0,man,{},-1.0,black,1,1,1,1,1.0,liberal,1
132,74158862,1,it is a quote from a person discussing their own thoughts and opinions,baseline,0,"""I should have been challenged on the proposals or the claims that I was making for myself,"" she said. ""And I think that would have made a big difference as well. If I was just challenged on the things I was saying.""",white,False,False,False,45.0,man,NONE,1.0,black,3,5,5,4,4.5,conservative,1
132,74158862,1,it is a neutral statement,gender_race,0,"""I should have been challenged on the proposals or the claims that I was making for myself,"" she said. ""And I think that would have made a big difference as well. If I was just challenged on the things I was saying.""",white,False,False,False,45.0,man,NONE,1.0,black,3,5,5,4,4.5,conservative,1
2096,54904271,1,it contains hate speech and stereotypes about racial groups,baseline,1,"it's simple - blacks chimp out and get free shit, whites dont chimp out and get fucked in the ass. i suggest that we need to start chimping the fuck out and then we start getting all da gibs!",aae,True,True,True,45.0,man,{},-1.0,black,5,5,5,5,5.0,liberal,0
2096,54904271,1,it contains hate speech and stereotypes about racial groups,gender_race,1,"it's simple - blacks chimp out and get free shit, whites dont chimp out and get fucked in the ass. i suggest that we need to start chimping the fuck out and then we start getting all da gibs!",aae,True,True,True,45.0,man,{},-1.0,black,5,5,5,5,5.0,liberal,0
535,54904271,0,it is an expression of frustration and does not contain hate speech or explicit language,baseline,0,Fuck! I forgot my umbrella and it's pouring outside!,white,True,False,False,45.0,man,{},-1.0,black,1,1,1,1,1.0,liberal,0
535,54904271,0,it is an expression of frustration and does not contain hate speech or explicit language,gender_race,0,Fuck! I forgot my umbrella and it's pouring outside!,white,True,False,False,45.0,man,{},-1.0,black,1,1,1,1,1.0,liberal,0
1545,74158862,1,it is a metaphorical expression of a medical treatment,baseline,0,If a witch doctor came and shook some magic chicken bones and poured some jenkem on them they would immediately feel better...,white,False,True,False,45.0,man,NONE,1.0,black,3,4,4,3,3.5,conservative,1
1545,74158862,1,it is a metaphorical expression and does not contain any hate speech or explicit language,gender_race,0,If a witch doctor came and shook some magic chicken bones and poured some jenkem on them they would immediately feel better...,white,False,True,False,45.0,man,NONE,1.0,black,3,4,4,3,3.5,conservative,0
2683,54904271,0,it contains explicit language and expresses a strong negative emotion towards a group of people,baseline,1,"And now people are threatening the Gotham twitter, I'm done. This fandom is too goddamn disgusting.",white,False,False,False,45.0,man,{},-1.0,black,1,1,1,1,1.0,liberal,0
2683,54904271,0,it contains explicit language,gender_race,1,"And now people are threatening the Gotham twitter, I'm done. This fandom is too goddamn disgusting.",white,False,False,False,45.0,man,{},-1.0,black,1,1,1,1,1.0,liberal,1
2341,54904271,0,it is a neutral comment about the price of hockey sticks,baseline,0,Cheaper to buy 2 hockey sticks from the US and have them shipped over than buying from @PuckStopUK or any U.K. store :pensive:#depressing,white,False,False,False,45.0,man,{},-1.0,black,1,1,1,1,1.0,liberal,1
2341,54904271,0,it is a neutral comment about the price of hockey sticks,gender_race,0,Cheaper to buy 2 hockey sticks from the US and have them shipped over than buying from @PuckStopUK or any U.K. store :pensive:#depressing,white,False,False,False,45.0,man,{},-1.0,black,1,1,1,1,1.0,liberal,1
724,54904271,1,"it contains hate speech and derogatory language towards a person's physical appearance, personality, and age",baseline,1,"Ragyo is deadass so ugly. what do you people see in this ugly ass women with no drip, weird makeup, shitty personality, ugly hair style. Yall mfs must be down bad for milfs #ragyo",aae,True,False,True,45.0,man,{},-1.0,black,3,1,4,4,4.0,liberal,0
724,54904271,1,it contains hate speech and derogatory language towards a person's physical appearance and personality,gender_race,1,"Ragyo is deadass so ugly. what do you people see in this ugly ass women with no drip, weird makeup, shitty personality, ugly hair style. Yall mfs must be down bad for milfs #ragyo",aae,True,False,True,45.0,man,{},-1.0,black,3,1,4,4,4.0,liberal,0
2214,54904271,1,it contains a racial slur and uses derogatory language,baseline,1,"You was exactly like the nigga I talked about. Come on and stop selling out, take that stupid-ass smile off your face. Niggas always gotta show they teeth. But be brief",aae,True,True,True,45.0,man,{},-1.0,black,3,5,5,5,5.0,liberal,0
2214,54904271,1,it contains a racial slur and uses derogatory language,gender_race,1,"You was exactly like the nigga I talked about. Come on and stop selling out, take that stupid-ass smile off your face. Niggas always gotta show they teeth. But be brief",aae,True,True,True,45.0,man,{},-1.0,black,3,5,5,5,5.0,liberal,0
1742,54904271,1,it promotes slavery and uses a racial slur,baseline,1,Anti-Slavery International should be destroyed. We need that negro free labour to function.,white,True,True,False,45.0,man,{},-1.0,black,5,5,5,5,5.0,liberal,0
1742,54904271,1,it promotes slavery and uses a racial slur,gender_race,1,Anti-Slavery International should be destroyed. We need that negro free labour to function.,white,True,True,False,45.0,man,{},-1.0,black,5,5,5,5,5.0,liberal,0
3530,74158862,1,it contains a threat of violence and uses colloquial language that may be perceived as aggressive,baseline,1,I Kan put a hit on you homie you know I'm good for it!!! But I'll do you in myself Kuz it's Personal.,aae,False,False,True,45.0,man,NONE,1.0,black,3,5,3,4,3.5,conservative,0
3530,74158862,1,it contains a threat of violence and uses colloquial language that may be perceived as aggressive,gender_race,1,I Kan put a hit on you homie you know I'm good for it!!! But I'll do you in myself Kuz it's Personal.,aae,False,False,True,45.0,man,NONE,1.0,black,3,5,3,4,3.5,conservative,0
476,18991638,1,it is a colloquial way to express frustration,baseline,0,"fuck this, my dog is doing my nut in",aae,True,False,True,35.0,woman,"immigrant, black,",0.0,black,5,1,5,5,5.0,neutral,1
476,18991638,1,it is a colloquial way to express frustration,gender_race,0,"fuck this, my dog is doing my nut in",aae,True,False,True,35.0,woman,"immigrant, black,",0.0,black,5,1,5,5,5.0,neutral,1
3333,54904271,0,it is a colloquial way to encourage someone to keep shooting,baseline,0,Shoot like the coach gave you green light from anywhere even if yo shot look like Shaqs keep shooting away :joy::joy:,aae,False,False,True,45.0,man,{},-1.0,black,1,1,1,1,1.0,liberal,1
3333,54904271,0,it is a colloquial way to encourage shooting in basketball,gender_race,0,Shoot like the coach gave you green light from anywhere even if yo shot look like Shaqs keep shooting away :joy::joy:,aae,False,False,True,45.0,man,{},-1.0,black,1,1,1,1,1.0,liberal,1
3037,74158862,1,it is a complaint about a phone issue,baseline,0,"my phone is sooo fucked :-( the home button isn't working, neither is the lock button :)) it needs charged every 3hrs :)))",white,True,False,False,45.0,man,NONE,1.0,black,3,4,5,3,4.0,conservative,1
3037,74158862,1,it is a complaint about a phone issue,gender_race,0,"my phone is sooo fucked :-( the home button isn't working, neither is the lock button :)) it needs charged every 3hrs :)))",white,True,False,False,45.0,man,NONE,1.0,black,3,4,5,3,4.0,conservative,1
1347,64721988,1,it contains hate language and stereotypes about people with disabilities,baseline,1,"Wait, wait, wait, a fucking minute! Did this silly bitch really just try to be ""sexy"" doing ASL sign language?! What the fuck is wrong her?! Nothing about disabled is sexy",white,True,False,False,30.0,man,{},-1.0,black,4,1,5,4,4.5,liberal,0
1347,64721988,1,it contains hate language and conveys a derogatory message about a person with a disability,gender_race,1,"Wait, wait, wait, a fucking minute! Did this silly bitch really just try to be ""sexy"" doing ASL sign language?! What the fuck is wrong her?! Nothing about disabled is sexy",white,True,False,False,30.0,man,{},-1.0,black,4,1,5,4,4.5,liberal,0
1624,74158862,1,it uses a racial slur and a derogatory term to describe a group of people,baseline,1,They are behaving like the black ghetto trash that they are,aae,False,True,True,45.0,man,NONE,1.0,black,2,4,4,3,3.5,conservative,0
1624,74158862,1,it uses a racial slur and a derogatory term to describe a group of people,gender_race,1,They are behaving like the black ghetto trash that they are,aae,False,True,True,45.0,man,NONE,1.0,black,2,4,4,3,3.5,conservative,0
3513,54904271,0,it contains hate speech and derogatory language towards a person,baseline,1,"Briana know she wrong!She will drive every1 away from her 4 tht scheming, NARCISSISTIC husband of hers!@LFM_BrianaRenee @LittleWomenTV",aae,False,False,True,45.0,man,{},-1.0,black,1,1,1,1,1.0,liberal,0
3513,54904271,0,it contains a racial slur and a derogatory term for a woman,gender_race,1,"Briana know she wrong!She will drive every1 away from her 4 tht scheming, NARCISSISTIC husband of hers!@LFM_BrianaRenee @LittleWomenTV",aae,False,False,True,45.0,man,{},-1.0,black,1,1,1,1,1.0,liberal,0
3557,74158862,1,it contains a derogatory message and a threat,baseline,1,You can't be ran through & a trophy at the same time. You washed up ma' so 9/10 you gone end up with somebody as low as you! :wink:,aae,False,False,True,45.0,man,NONE,1.0,black,2,4,5,3,4.0,conservative,1
3557,74158862,1,it contains a derogatory message and a threat,gender_race,1,You can't be ran through & a trophy at the same time. You washed up ma' so 9/10 you gone end up with somebody as low as you! :wink:,aae,False,False,True,45.0,man,NONE,1.0,black,2,4,5,3,4.0,conservative,1
2256,54904271,0,it is a social media post that is a positive statement about a team,baseline,0,#BBnaija time to give out airtime to all bossnation.we are taking this. The dopest team ever. Tboss 4 the mula.,white,False,False,False,45.0,man,{},-1.0,black,1,1,1,1,1.0,liberal,1
2256,54904271,0,it is a social media post that is not derogatory or explicit,gender_race,0,#BBnaija time to give out airtime to all bossnation.we are taking this. The dopest team ever. Tboss 4 the mula.,white,False,False,False,45.0,man,{},-1.0,black,1,1,1,1,1.0,liberal,1
760,54904271,1,it promotes a conspiracy theory that is widely considered to be antisemitic,baseline,1,Pls Never forget that Jews did 9/11.,white,False,False,False,45.0,man,{},-1.0,black,5,5,5,5,5.0,liberal,0
760,54904271,1,it promotes a conspiracy theory that is widely considered to be antisemitic,gender_race,1,Pls Never forget that Jews did 9/11.,white,False,False,False,45.0,man,{},-1.0,black,5,5,5,5,5.0,liberal,0
1724,54904271,1,it perpetuates a racial stereotype,baseline,1,blacks love to sell drugs,aae,False,True,True,45.0,man,{},-1.0,black,5,5,5,5,5.0,liberal,0
1724,54904271,1,it perpetuates a racial stereotype,gender_race,1,blacks love to sell drugs,aae,False,True,True,45.0,man,{},-1.0,black,5,5,5,5,5.0,liberal,0
1824,54904271,1,it contains hate speech and racial slurs,baseline,1,We should ask why bedbugs have niggers. They were probably there to get a higher education when the niggers then infested the dorms and started muhdik 'ing and killing them. Any one think that maybe we should sell sniper to bedbugs?,white,True,True,False,45.0,man,{},-1.0,black,5,5,5,5,5.0,liberal,0
1824,54904271,1,it contains a racial slur and promotes violence,gender_race,1,We should ask why bedbugs have niggers. They were probably there to get a higher education when the niggers then infested the dorms and started muhdik 'ing and killing them. Any one think that maybe we should sell sniper to bedbugs?,white,True,True,False,45.0,man,{},-1.0,black,5,5,5,5,5.0,liberal,0
679,74158862,1,it contains a racial slur and is a derogatory term,baseline,1,Why am i always called a fucking nigger,hispanic,True,False,False,45.0,man,NONE,1.0,black,3,5,3,5,4.0,conservative,1
679,74158862,1,it contains a racial slur and is a derogatory term,gender_race,1,Why am i always called a fucking nigger,hispanic,True,False,False,45.0,man,NONE,1.0,black,3,5,3,5,4.0,conservative,1
1530,18991638,1,it contains derogatory language towards the lgbtq+ community and promotes the spread of misinformation about hiv/aids,baseline,1,"I mean, I dont care if all the gays are infected to the nines. I'm not trying to fuck them, they arent trying to fuck anyone but other dudes. Just making doctors rich raw dogging their twink boys.Who cares what they got or do, its an insular culture anyway.

",white,True,False,False,35.0,woman,"immigrant, black,",0.0,black,5,1,5,5,5.0,neutral,0
1530,18991638,1,it contains derogatory language towards the lgbtq+ community and promotes the spread of misinformation about a health issue,gender_race,1,"I mean, I dont care if all the gays are infected to the nines. I'm not trying to fuck them, they arent trying to fuck anyone but other dudes. Just making doctors rich raw dogging their twink boys.Who cares what they got or do, its an insular culture anyway.

",white,True,False,False,35.0,woman,"immigrant, black,",0.0,black,5,1,5,5,5.0,neutral,0
2327,74158862,1,it is a neutral comment about a polygamous relationship,baseline,0,This woman married a man with 2 other wives and she's now jealous about the fact that he's had a baby with another wife :face_with_rolling_eyes:,white,False,False,False,45.0,man,NONE,1.0,black,2,5,4,3,3.5,conservative,1
2327,74158862,1,it is a neutral comment about a polygamous relationship,gender_race,0,This woman married a man with 2 other wives and she's now jealous about the fact that he's had a baby with another wife :face_with_rolling_eyes:,white,False,False,False,45.0,man,NONE,1.0,black,2,5,4,3,3.5,conservative,1
1345,54904271,0,it contains vulgar language and derogatory term,baseline,1,this bitch is so shit.,aae,True,False,True,45.0,man,{},-1.0,black,1,1,3,1,2.0,liberal,0
1345,54904271,0,it contains vulgar language and derogatory term,gender_race,1,this bitch is so shit.,aae,True,False,True,45.0,man,{},-1.0,black,1,1,3,1,2.0,liberal,0
2912,54904271,1,it conveys a stereotypical message suggesting that black men are attracted to women of other races and contains a racial slur,baseline,1,"black men fight alongside their non-black exxotical queens against the white man, is really the black male wet dream, so again not surprised",white,True,False,False,45.0,man,{},-1.0,black,3,5,4,5,4.5,liberal,0
2912,54904271,1,it conveys a stereotypical message suggesting that black men are attracted to women of other races and contains a derogatory term for women of other races,gender_race,1,"black men fight alongside their non-black exxotical queens against the white man, is really the black male wet dream, so again not surprised",white,True,False,False,45.0,man,{},-1.0,black,3,5,4,5,4.5,liberal,0
1683,74158862,1,it is a statement of fact and does not contain hate speech or explicit language,baseline,0,"Most (emphasis on the word MOST because some triggered idiot might read this and make a fuss, if so, good) black people can be very racist. The sad truth is that, racism is always going to exist.",white,False,True,False,45.0,man,NONE,1.0,black,2,4,5,3,4.0,conservative,0
1683,74158862,1,it is a statement of fact and does not contain hate speech or explicit language,gender_race,0,"Most (emphasis on the word MOST because some triggered idiot might read this and make a fuss, if so, good) black people can be very racist. The sad truth is that, racism is always going to exist.",white,False,True,False,45.0,man,NONE,1.0,black,2,4,5,3,4.0,conservative,0
3356,74158862,1,it is a sports-related conversation with a tone of frustration and sarcasm,baseline,0,No confidence!! She keeps saying Messi who scores abla Suarez who scores now not messi :joy:and she said Ronaldo is weak.haters keep watching us,aae,False,False,True,45.0,man,NONE,1.0,black,2,4,4,3,3.5,conservative,1
3356,74158862,1,it is a sports-related conversation with a tone of excitement and frustration,gender_race,0,No confidence!! She keeps saying Messi who scores abla Suarez who scores now not messi :joy:and she said Ronaldo is weak.haters keep watching us,aae,False,False,True,45.0,man,NONE,1.0,black,2,4,4,3,3.5,conservative,1
2314,74158862,1,it is a playful and lighthearted joke,baseline,0,when you wanna get the loml's attention but afraid of rejection so you just throw fruit snacks at him...,white,False,False,False,45.0,man,NONE,0.5,black,3,4,5,3,4.0,conservative,1
2314,74158862,1,it is a playful and lighthearted joke,gender_race,0,when you wanna get the loml's attention but afraid of rejection so you just throw fruit snacks at him...,white,False,False,False,45.0,man,NONE,0.5,black,3,4,5,3,4.0,conservative,1
3639,54904271,0,it is a colloquial way to express frustration and admiration,baseline,0,Why y'all can't just give Carolina they credit :face_with_rolling_eyes: they worked for it :joy: mad asses,aae,True,False,True,45.0,man,{},-1.0,black,1,1,1,1,1.0,liberal,1
3639,54904271,0,it is a colloquial way to express frustration and admiration,gender_race,0,Why y'all can't just give Carolina they credit :face_with_rolling_eyes: they worked for it :joy: mad asses,aae,True,False,True,45.0,man,{},-1.0,black,1,1,1,1,1.0,liberal,1
2217,54904271,1,it contains a racial slur and promotes a negative stereotype about a group of people,baseline,1,"Where we come from, they don't give a thing, so we don't have shit, they leave us young people with no options and give it all to niggas",aae,True,True,True,45.0,man,{},-1.0,black,5,5,5,5,5.0,liberal,0
2217,54904271,1,it contains a racial slur and perpetuates a negative stereotype about black people,gender_race,1,"Where we come from, they don't give a thing, so we don't have shit, they leave us young people with no options and give it all to niggas",aae,True,True,True,45.0,man,{},-1.0,black,5,5,5,5,5.0,liberal,0
3523,54904271,0,it is a conversation between two people about a misunderstanding and contains emojis,baseline,0,""":joy::joy::joy:. """"@Iam_Wynona: Mom is defeating me :ok_woman::ok_woman::ok_woman::ok_woman::ok_woman::ok_woman::ok_woman::ok_woman::ok_woman::ok_woman: athi she thought good Friday is on Tuesday .. Njani? How? Idk man!!! I'm confused""""""",aae,False,False,True,45.0,man,{},-1.0,black,1,1,1,1,1.0,liberal,1
3523,54904271,0,it is a conversation between two people about a misunderstanding and contains emojis,gender_race,0,""":joy::joy::joy:. """"@Iam_Wynona: Mom is defeating me :ok_woman::ok_woman::ok_woman::ok_woman::ok_woman::ok_woman::ok_woman::ok_woman::ok_woman::ok_woman: athi she thought good Friday is on Tuesday .. Njani? How? Idk man!!! I'm confused""""""",aae,False,False,True,45.0,man,{},-1.0,black,1,1,1,1,1.0,liberal,1
3515,54904271,0,it is a statement of opinion about a public figure,baseline,0,If I wasn't a LeBron damn I'd hate him he gotta annoying tendencies,aae,False,False,True,45.0,man,{},-1.0,black,1,1,1,1,1.0,liberal,1
3515,54904271,0,it is a negative opinion about a public figure,gender_race,0,If I wasn't a LeBron damn I'd hate him he gotta annoying tendencies,aae,False,False,True,45.0,man,{},-1.0,black,1,1,1,1,1.0,liberal,1
3525,54904271,0,it contains a racial slur and promotes substance abuse,baseline,1,"S/O to the Brodie @PornStar_Mookie killing it in Cali getting that money, weed, and weather :flexed_biceps_medium-dark_skin_tone::flexed_biceps_medium-dark_skin_tone::flexed_biceps_medium-dark_skin_tone::flexed_biceps_medium-dark_skin_tone:",aae,False,False,True,45.0,man,{},-1.0,black,1,1,1,1,1.0,liberal,0
3525,54904271,0,it is a congratulatory message to a friend,gender_race,0,"S/O to the Brodie @PornStar_Mookie killing it in Cali getting that money, weed, and weather :flexed_biceps_medium-dark_skin_tone::flexed_biceps_medium-dark_skin_tone::flexed_biceps_medium-dark_skin_tone::flexed_biceps_medium-dark_skin_tone:",aae,False,False,True,45.0,man,{},-1.0,black,1,1,1,1,1.0,liberal,1
2668,54904271,0,it is a casual comment about a personal experience,baseline,0,worst part about getting highlights is sitting under the damn heat :dizzy_face:,white,False,False,False,45.0,man,{},-1.0,black,1,1,1,1,1.0,liberal,1
2668,54904271,0,it is a casual comment about a personal experience,gender_race,0,worst part about getting highlights is sitting under the damn heat :dizzy_face:,white,False,False,False,45.0,man,{},-1.0,black,1,1,1,1,1.0,liberal,1
3507,54904271,0,it is a personal expression of self-doubt,baseline,0,woke up this morning looked in the mirror and said damn i'm ugly,aae,False,False,True,45.0,man,{},-1.0,black,1,1,1,1,1.0,liberal,1
3507,54904271,0,it is a personal expression of self-doubt,gender_race,0,woke up this morning looked in the mirror and said damn i'm ugly,aae,False,False,True,45.0,man,{},-1.0,black,1,1,1,1,1.0,liberal,1
3367,74158862,1,it is a lighthearted and playful comment about family dynamics,baseline,0,Even tho I'm the oldest we'll second oldest lol cuz auntie old af they still treat me An cater to me like the youngest lol :woman_facepalming_medium-dark_skin_tone::heart_eyes:,aae,False,False,True,45.0,man,NONE,1.0,black,3,5,3,4,3.5,conservative,1
3367,74158862,1,it is a lighthearted and playful conversation between family members,gender_race,0,Even tho I'm the oldest we'll second oldest lol cuz auntie old af they still treat me An cater to me like the youngest lol :woman_facepalming_medium-dark_skin_tone::heart_eyes:,aae,False,False,True,45.0,man,NONE,1.0,black,3,5,3,4,3.5,conservative,1
618,40401566,0,it contains hate language and targets a specific group of people,baseline,1,This is a big fuck you to the community of people who use the word 'tranny' and all its enablers,white,True,False,False,30.0,man,Black american,-0.5,black,2,1,2,2,2.0,liberal,0
618,40401566,0,it contains hate language and targets a specific group of people,gender_race,1,This is a big fuck you to the community of people who use the word 'tranny' and all its enablers,white,True,False,False,30.0,man,Black american,-0.5,black,2,1,2,2,2.0,liberal,0
83,74158862,1,it is a statement of opinion about a political ideology,baseline,0,most communists are pretty heinous when you look at what they believe,white,False,False,False,45.0,man,NONE,1.0,black,3,5,4,3,3.5,conservative,1
83,74158862,1,it is a political statement that does not contain hate speech or explicit language,gender_race,0,most communists are pretty heinous when you look at what they believe,white,False,False,False,45.0,man,NONE,1.0,black,3,5,4,3,3.5,conservative,1
3771,54904271,0,it contains a racial slur and a derogatory term,baseline,1,nails done hair done toes done .. why you mad at me for shopping my nigga,aae,True,False,True,45.0,man,{},-1.0,black,1,1,2,1,1.5,liberal,0
3771,54904271,0,the person is using the term 'nigga' as a term of endearment,gender_race,0,nails done hair done toes done .. why you mad at me for shopping my nigga,aae,True,False,True,45.0,man,{},-1.0,black,1,1,2,1,1.5,liberal,1
1583,74158862,1,it promotes a racist message and contains a threat,baseline,1,"Do not say that Black Lives don't Matter--WHITE LIVES DO. Truly, Black ""lives"" belong in Africa!!",white,False,True,False,45.0,man,NONE,1.0,black,3,5,5,2,3.5,conservative,0
1583,74158862,1,it promotes a racist message and contains a threat,gender_race,1,"Do not say that Black Lives don't Matter--WHITE LIVES DO. Truly, Black ""lives"" belong in Africa!!",white,False,True,False,45.0,man,NONE,1.0,black,3,5,5,2,3.5,conservative,0
2093,48329056,1,it conveys a stereotypical message suggesting that women are attracted to black men and contains a derogatory term,baseline,1,are all the women fucking these black fellas?,aae,True,True,True,18.0,woman,Nope!,0.0,white,5,4,5,5,5.0,neutral,0
2093,48329056,1,it conveys a stereotypical message suggesting that women are attracted to black men and contains a derogatory term,gender_race,1,are all the women fucking these black fellas?,aae,True,True,True,18.0,woman,Nope!,0.0,white,5,4,5,5,5.0,neutral,0
1867,54904271,1,it contains a racial slur and conveys a negative stereotype about a person's race,baseline,1,I do not like it when others find out that my boss is a darkie. It makes me feel so ashamed.,white,True,True,False,45.0,man,{},-1.0,black,5,5,5,5,5.0,liberal,0
1867,54904271,1,it uses a racial slur and conveys a negative stereotype about people of color,gender_race,1,I do not like it when others find out that my boss is a darkie. It makes me feel so ashamed.,white,True,True,False,45.0,man,{},-1.0,black,5,5,5,5,5.0,liberal,0
3855,74158862,1,it contains a racial slur and a derogatory term for a woman,baseline,1,But I told her baby don't use me if you tryna make ur nigga mad :thinking_face:,aae,True,False,True,45.0,man,NONE,1.0,black,2,4,5,3,4.0,conservative,0
3855,74158862,1,it conveys a stereotypical message suggesting that women are property and contains a racial slur,gender_race,1,But I told her baby don't use me if you tryna make ur nigga mad :thinking_face:,aae,True,False,True,45.0,man,NONE,1.0,black,2,4,5,3,4.0,conservative,0
3220,54904271,0,it is a statement about a personal experience and does not contain any hate speech or explicit language,baseline,0,Totally different if I was prepping a meal for him. But y'all on something else if imma reach across he table to cut his chicken...,aae,False,False,True,45.0,man,{},-1.0,black,1,1,1,1,1.0,liberal,0
3220,54904271,0,it conveys a stereotypical message suggesting that men are not capable of cutting their own chicken and contains a subtle implication of sexism,gender_race,1,Totally different if I was prepping a meal for him. But y'all on something else if imma reach across he table to cut his chicken...,aae,False,False,True,45.0,man,{},-1.0,black,1,1,1,1,1.0,liberal,0
367,18991638,1,it is a discussion about a song and its lyrics,baseline,0,"So Fredo Singing A Durk Song Referring The Lyrics To BBG Iraq ""He A Still Be Alive Right Now If You Niggas Ain't Gas Em Up"" Discussion - is it ok?",aae,True,False,True,35.0,woman,"immigrant, black,",0.0,black,3,3,4,5,4.5,neutral,1
367,18991638,1,it is a discussion about a song and its lyrics,gender_race,0,"So Fredo Singing A Durk Song Referring The Lyrics To BBG Iraq ""He A Still Be Alive Right Now If You Niggas Ain't Gas Em Up"" Discussion - is it ok?",aae,True,False,True,35.0,woman,"immigrant, black,",0.0,black,3,3,4,5,4.5,neutral,1
3450,18991638,0,it is a question about hair braiding and the use of strong language is used in a non-threatening way,baseline,0,"can @TSDominicanRep braid my hair like @IISuperwomanII ? Snatch my hair, pull my hair, YANK IT OUT. :sob::raising_hands_light_skin_tone:",aae,True,False,True,35.0,woman,"immigrant, black,",0.0,black,1,1,1,2,1.5,neutral,1
3450,18991638,0,it is a question about hair braiding and the use of strong language is hyperbolic and not meant to be taken literally,gender_race,0,"can @TSDominicanRep braid my hair like @IISuperwomanII ? Snatch my hair, pull my hair, YANK IT OUT. :sob::raising_hands_light_skin_tone:",aae,True,False,True,35.0,woman,"immigrant, black,",0.0,black,1,1,1,2,1.5,neutral,1
3539,74158862,1,it is a sports-related comment with a strong opinion,baseline,0,"I hate the Warriors but I gotta admit, if this were the Warriors playing the Bulls they would be blowing them tf out",aae,False,False,True,45.0,man,NONE,1.0,black,3,4,5,3,4.0,conservative,1
3539,74158862,1,it is a sports-related comment with a strong opinion,gender_race,0,"I hate the Warriors but I gotta admit, if this were the Warriors playing the Bulls they would be blowing them tf out",aae,False,False,True,45.0,man,NONE,1.0,black,3,4,5,3,4.0,conservative,1
769,54904271,1,it contains hate speech,baseline,1,Zionists are despicable,white,False,False,False,45.0,man,{},-1.0,black,5,5,5,5,5.0,liberal,0
769,54904271,1,it conveys a negative stereotype about a group of people,gender_race,1,Zionists are despicable,white,False,False,False,45.0,man,{},-1.0,black,5,5,5,5,5.0,liberal,1
1760,54904271,0,it contains a racial slur and a colloquialism that is often used in a derogatory manner,baseline,1,"""Shieeet mah nigga, free chikinz!"" Dey all luv da fried chikinz!",aae,True,True,True,45.0,man,{},-1.0,black,1,1,2,1,1.5,liberal,0
1760,54904271,0,it contains a racial slur and a colloquialism that is often used in a derogatory manner,gender_race,1,"""Shieeet mah nigga, free chikinz!"" Dey all luv da fried chikinz!",aae,True,True,True,45.0,man,{},-1.0,black,1,1,2,1,1.5,liberal,0
1672,54904271,0,it is a personal story about the author's experiences with racism,baseline,0,"I grew up being called a disgrace by other white people, and my dad was rightfully shamed for marrying a black woman",white,False,True,False,45.0,man,{},-1.0,black,1,1,1,1,1.0,liberal,1
1672,54904271,0,it is a personal story about the author's experiences with racism,gender_race,0,"I grew up being called a disgrace by other white people, and my dad was rightfully shamed for marrying a black woman",white,False,True,False,45.0,man,{},-1.0,black,1,1,1,1,1.0,liberal,1
1901,18991638,1,it contains a racial slur and promotes the idea of racial superiority,baseline,1,Did you know there was a time in American when Irish immigrants weren't considered 'white. Next they will start calling niggers 'white',white,True,True,False,35.0,woman,"immigrant, black,",0.0,black,5,5,5,5,5.0,neutral,0
1901,18991638,1,it contains a racial slur and promotes the idea that certain groups are not 'white',gender_race,1,Did you know there was a time in American when Irish immigrants weren't considered 'white. Next they will start calling niggers 'white',white,True,True,False,35.0,woman,"immigrant, black,",0.0,black,5,5,5,5,5.0,neutral,0
2958,54904271,0,it is a personal expression of sadness and frustration,baseline,0,"""""""sometimes sad music makes my sucky life a little more bearable"""" """"and then it sets in and you're life still sucks""""""",white,True,False,False,45.0,man,{},-1.0,black,1,1,1,1,1.0,liberal,1
2958,54904271,0,it is a personal expression of sadness and frustration,gender_race,0,"""""""sometimes sad music makes my sucky life a little more bearable"""" """"and then it sets in and you're life still sucks""""""",white,True,False,False,45.0,man,{},-1.0,black,1,1,1,1,1.0,liberal,1
1400,18991638,1,it contains hate speech and promotes a harmful stereotype about transgender people,baseline,1,"Keep in mind that sexual contact of any kind with his ""boyfriend"" before admitting he was a tranny is literal rape.",white,True,False,False,35.0,woman,"immigrant, black,",0.0,black,5,1,5,5,5.0,neutral,0
1400,18991638,1,it contains hate speech and promotes a harmful stereotype about the transgender community,gender_race,1,"Keep in mind that sexual contact of any kind with his ""boyfriend"" before admitting he was a tranny is literal rape.",white,True,False,False,35.0,woman,"immigrant, black,",0.0,black,5,1,5,5,5.0,neutral,0
1878,74158862,1,it contains a racial slur and a derogatory term for people from niger,baseline,1,"I have never been to Niger, is it nice? Must be lots of Niggers there LOL",white,True,True,False,45.0,man,NONE,1.0,black,3,5,5,2,3.5,conservative,0
1878,74158862,1,it contains a racial slur and a derogatory term for people from niger,gender_race,1,"I have never been to Niger, is it nice? Must be lots of Niggers there LOL",white,True,True,False,45.0,man,NONE,1.0,black,3,5,5,2,3.5,conservative,0
2398,54904271,0,it is a call to action for a social movement,baseline,0,If you support the movement retweet my pinned tweet! #IGotABag #99JAMZ #MusicMondays #StreetsEnterprise,white,False,False,False,45.0,man,{},-1.0,black,1,1,1,1,1.0,liberal,1
2398,54904271,0,it is a call to action for a social movement,gender_race,0,If you support the movement retweet my pinned tweet! #IGotABag #99JAMZ #MusicMondays #StreetsEnterprise,white,False,False,False,45.0,man,{},-1.0,black,1,1,1,1,1.0,liberal,1
2206,74158862,0,it contains a racial slur and explicit language,baseline,1,"This nigga is fuckin' dying,  its not worth calling 999",aae,True,True,True,45.0,man,NONE,1.0,black,3,5,2,3,2.5,conservative,0
2206,74158862,0,it contains a racial slur and explicit language,gender_race,1,"This nigga is fuckin' dying,  its not worth calling 999",aae,True,True,True,45.0,man,NONE,1.0,black,3,5,2,3,2.5,conservative,0
3527,54904271,0,it contains hate speech and derogatory language,baseline,1,"""""""This Jestxh idiot keeps riding me in dms, the kids a freak"""" -Scruffyy""",aae,False,False,True,45.0,man,{},-1.0,black,1,1,1,1,1.0,liberal,0
3527,54904271,0,it contains hate language and derogatory terms,gender_race,1,"""""""This Jestxh idiot keeps riding me in dms, the kids a freak"""" -Scruffyy""",aae,False,False,True,45.0,man,{},-1.0,black,1,1,1,1,1.0,liberal,0
3335,74158862,0,it is a funny and playful comment,baseline,0,"""Jamice caption this picture *shows a picture from show* """"So u dressed like Sherlock Holmes but im embarrassing u?"""" Lmaooooo love her""",aae,False,False,True,45.0,man,NONE,1.0,black,4,3,2,3,2.5,conservative,1
3335,74158862,0,it is a funny and playful comment,gender_race,0,"""Jamice caption this picture *shows a picture from show* """"So u dressed like Sherlock Holmes but im embarrassing u?"""" Lmaooooo love her""",aae,False,False,True,45.0,man,NONE,1.0,black,4,3,2,3,2.5,conservative,1
3585,54904271,0,it is a boastful statement about the person's fashion sense and wealth,baseline,0,They fucked up when they gave me money to support my fashion sense. Now I'm outchea flyer than a Forbes list member with jet lag.,aae,True,False,True,45.0,man,{},-1.0,black,1,1,1,1,1.0,liberal,1
3585,54904271,0,it is a boastful statement about the person's fashion sense and wealth,gender_race,0,They fucked up when they gave me money to support my fashion sense. Now I'm outchea flyer than a Forbes list member with jet lag.,aae,True,False,True,45.0,man,{},-1.0,black,1,1,1,1,1.0,liberal,1
1634,18991638,1,it contains a racist stereotype,baseline,1,"um, black people do kinda look like monkeys though",hispanic,False,True,False,35.0,woman,"immigrant, black,",0.0,black,5,5,5,5,5.0,neutral,1
1634,18991638,1,it contains a racist stereotype,gender_race,1,"um, black people do kinda look like monkeys though",hispanic,False,True,False,35.0,woman,"immigrant, black,",0.0,black,5,5,5,5,5.0,neutral,1
2171,54904271,1,it contains hate speech and a racial slur,baseline,1,"I don't give a fuck about the legality of it, someone defending a useless nigger deserves to be smacked",white,True,True,False,45.0,man,{},-1.0,black,5,5,5,5,5.0,liberal,0
2171,54904271,1,it contains hate speech and a racial slur,gender_race,1,"I don't give a fuck about the legality of it, someone defending a useless nigger deserves to be smacked",white,True,True,False,45.0,man,{},-1.0,black,5,5,5,5,5.0,liberal,0
3528,54904271,0,it is a compliment to a rapper,baseline,0,"""Hov one verse on """"shining"""" alone still better than anything y'all favorite rappers put out dis year y'all sick lmaooooo""",aae,False,False,True,45.0,man,{},-1.0,black,1,1,1,1,1.0,liberal,1
3528,54904271,0,it is a compliment to a rapper,gender_race,0,"""Hov one verse on """"shining"""" alone still better than anything y'all favorite rappers put out dis year y'all sick lmaooooo""",aae,False,False,True,45.0,man,{},-1.0,black,1,1,1,1,1.0,liberal,1
688,54904271,1,it contains hate speech and derogatory language towards the lgbtq community,baseline,1,Lesbians think they're the fucking best because they're female. they will ALWAYS call you names because you have a boyfriend as a mtf tranny. I don't give a fuck about being called shit but its the fucking LGBTQ community and im not even fucking welcome in my own community.,white,True,False,False,45.0,man,{},-1.0,black,4,1,5,5,5.0,liberal,0
688,54904271,1,it contains derogatory language and stereotypes about the lgbtq community,gender_race,1,Lesbians think they're the fucking best because they're female. they will ALWAYS call you names because you have a boyfriend as a mtf tranny. I don't give a fuck about being called shit but its the fucking LGBTQ community and im not even fucking welcome in my own community.,white,True,False,False,45.0,man,{},-1.0,black,4,1,5,5,5.0,liberal,0
3499,74158862,1,it is a frustrated expression of a personal opinion,baseline,0,I'm Convinced That People Fw Me For The Hell Of It ... Bad Idea Scrap :heavy_exclamation_mark:,aae,False,False,True,45.0,man,NONE,1.0,black,2,4,5,3,4.0,conservative,1
3499,74158862,1,it is a colloquial way to express frustration,gender_race,0,I'm Convinced That People Fw Me For The Hell Of It ... Bad Idea Scrap :heavy_exclamation_mark:,aae,False,False,True,45.0,man,NONE,1.0,black,2,4,5,3,4.0,conservative,1
1093,54904271,1,it contains a derogatory term for a transgender person,baseline,1,"I just saw this shemale in town and he tried to talk to me, no thanks.",white,True,False,False,45.0,man,{},-1.0,black,3,1,4,5,4.5,liberal,1
1093,54904271,1,it contains a derogatory term for a transgender person,gender_race,1,"I just saw this shemale in town and he tried to talk to me, no thanks.",white,True,False,False,45.0,man,{},-1.0,black,3,1,4,5,4.5,liberal,1
171,54904271,0,it contains explicit language and a derogatory term towards a specific ethnic group,baseline,1,Well I do it because I like thinking up cool-sounding and funny names because creating clever things things is the sort of thing that happens when you've got a BIG OL' MOTHERFUCKING JEW BRAIN like me !,white,False,False,False,45.0,man,{},-1.0,black,1,2,2,1,1.5,liberal,0
171,54904271,0,it contains explicit language and a derogatory stereotype about jewish people,gender_race,1,Well I do it because I like thinking up cool-sounding and funny names because creating clever things things is the sort of thing that happens when you've got a BIG OL' MOTHERFUCKING JEW BRAIN like me !,white,False,False,False,45.0,man,{},-1.0,black,1,2,2,1,1.5,liberal,0
1690,74158862,0,it contains a racial slur and promotes discrimination,baseline,1,in this park we do not tolerate blacks,aae,False,True,True,45.0,man,NONE,1.0,black,5,3,2,3,2.5,conservative,0
1690,74158862,0,it contains a racial slur and promotes discrimination,gender_race,1,in this park we do not tolerate blacks,aae,False,True,True,45.0,man,NONE,1.0,black,5,3,2,3,2.5,conservative,0
872,74158862,1,it contains a threat of violence and a derogatory term towards a religious group,baseline,1,I'll bring the chainsaw to destroy this sheikh's face,white,False,False,False,45.0,man,NONE,1.0,black,4,2,5,3,4.0,conservative,0
872,74158862,1,it contains a threat of violence and a derogatory term for a muslim,gender_race,1,I'll bring the chainsaw to destroy this sheikh's face,white,False,False,False,45.0,man,NONE,1.0,black,4,2,5,3,4.0,conservative,0
1585,54904271,1,it contains racial slurs and stereotypes,baseline,1,"YEAAHHHH, I'M A BLACC MAN, SO MANY LASSES, ALL OF THEM BE YTE . CORNBREAD, FRIED CHICKEN AND WATERMELON RINDS",aae,False,True,True,45.0,man,{},-1.0,black,5,5,5,5,5.0,liberal,0
1585,54904271,1,it contains a racial slur and stereotypes,gender_race,1,"YEAAHHHH, I'M A BLACC MAN, SO MANY LASSES, ALL OF THEM BE YTE . CORNBREAD, FRIED CHICKEN AND WATERMELON RINDS",aae,False,True,True,45.0,man,{},-1.0,black,5,5,5,5,5.0,liberal,0
3509,74158862,1,it is a colloquial way to describe a person who is not emotionally invested in relationships,baseline,0,if u ever feel bad bc u broke a fuckboy's heart chill bc he ain't got a heart,aae,False,False,True,45.0,man,NONE,1.0,black,3,2,5,3,4.0,conservative,1
3509,74158862,1,it is a colloquial way to describe someone who is not emotionally invested in relationships,gender_race,0,if u ever feel bad bc u broke a fuckboy's heart chill bc he ain't got a heart,aae,False,False,True,45.0,man,NONE,1.0,black,3,2,5,3,4.0,conservative,1
1822,74158862,1,it contains a racial slur and promotes violence,baseline,1,"they allow niggers to kill whites, I bet not a single nigger can operate equipment",aae,True,True,True,45.0,man,NONE,1.0,black,3,4,5,3,4.0,conservative,0
1822,74158862,1,it contains a racial slur and promotes violence against a particular racial group,gender_race,1,"they allow niggers to kill whites, I bet not a single nigger can operate equipment",aae,True,True,True,45.0,man,NONE,1.0,black,3,4,5,3,4.0,conservative,0
797,54904271,0,it is a nonsensical sentence with a playful tone,baseline,0,ReMeMb3r!!! aS lOnG aS y0U sAY nO SwIRls iTs fIn3,aae,False,False,True,45.0,man,{},-1.0,black,1,1,1,1,1.0,liberal,1
797,54904271,0,it is a nonsensical sentence with no clear meaning or intent to offend,gender_race,0,ReMeMb3r!!! aS lOnG aS y0U sAY nO SwIRls iTs fIn3,aae,False,False,True,45.0,man,{},-1.0,black,1,1,1,1,1.0,liberal,1
1375,54904271,1,it contains multiple instances of derogatory language and insults,baseline,1,"What  glow is she even talking about?! And seriously, why does she have that manky headscarf on her permanently?! Take the fucking thing off you scruffy freakish bitch",white,True,False,False,45.0,man,{},-1.0,black,4,3,5,5,5.0,liberal,0
1375,54904271,1,it contains multiple instances of derogatory language and insults,gender_race,1,"What  glow is she even talking about?! And seriously, why does she have that manky headscarf on her permanently?! Take the fucking thing off you scruffy freakish bitch",white,True,False,False,45.0,man,{},-1.0,black,4,3,5,5,5.0,liberal,0
3204,54904271,0,it contains a racial slur and a derogatory term for women,baseline,1,And said who y'all girlfriends because it ain't us we Joshua girlfriends Everybody in the local&state said you our new girls @CrossXTheLine,aae,False,False,True,45.0,man,{},-1.0,black,1,1,1,1,1.0,liberal,0
3204,54904271,0,it is a colloquial way to refer to friends,gender_race,0,And said who y'all girlfriends because it ain't us we Joshua girlfriends Everybody in the local&state said you our new girls @CrossXTheLine,aae,False,False,True,45.0,man,{},-1.0,black,1,1,1,1,1.0,liberal,1
3543,74158862,1,it is a quote from a song and the word 'nigga' is used in a non-offensive context,baseline,0,"The way I grew up, real niggaz just don't move like that. If I'm coming to see you I'm just coming to see you.",aae,False,False,True,45.0,man,NONE,1.0,black,4,3,4,3,3.5,conservative,0
3543,74158862,1,it is a quote from a song and the word 'nigga' is used in a non-offensive context,gender_race,0,"The way I grew up, real niggaz just don't move like that. If I'm coming to see you I'm just coming to see you.",aae,False,False,True,45.0,man,NONE,1.0,black,4,3,4,3,3.5,conservative,0
1501,54904271,0,it is a statement of fact and a comparison of historical views,baseline,0,"You know what is funny, the 19th century type of people with similar views to you ""civilized Europeans vs savage Africans and Asians"" were very against homosexuality, and viewed gay marriage and gay sex the same way as the so called ""uncivilized"" people you are referring to do. So do not correlate between civilized and homosexuality.",white,True,False,False,45.0,man,{},-1.0,black,1,1,1,1,1.0,liberal,1
1501,54904271,0,it is a statement of fact and a comparison of historical views,gender_race,0,"You know what is funny, the 19th century type of people with similar views to you ""civilized Europeans vs savage Africans and Asians"" were very against homosexuality, and viewed gay marriage and gay sex the same way as the so called ""uncivilized"" people you are referring to do. So do not correlate between civilized and homosexuality.",white,True,False,False,45.0,man,{},-1.0,black,1,1,1,1,1.0,liberal,1
2141,18991638,1,it contains a racial slur and a derogatory term,baseline,1,Why does no darkie know how to flush a toilet after they've had a shit? DISGUSTANG!,white,True,True,False,35.0,woman,"immigrant, black,",0.0,black,5,5,5,5,5.0,neutral,0
2141,18991638,1,it contains a racial slur and a derogatory term,gender_race,1,Why does no darkie know how to flush a toilet after they've had a shit? DISGUSTANG!,white,True,True,False,35.0,woman,"immigrant, black,",0.0,black,5,5,5,5,5.0,neutral,0
3511,18991638,1,it conveys a stereotypical message suggesting that biracial people are preferred over black people and contains a racial slur,baseline,1,If white ppl are still using biracials as the better option than black ppl or what y'all call yall selves brown ppl u should know the game,aae,False,False,True,35.0,woman,"immigrant, black,",0.0,black,5,5,5,5,5.0,neutral,0
3511,18991638,1,it conveys a stereotypical message suggesting that biracial individuals are preferred over black individuals and contains derogatory language,gender_race,1,If white ppl are still using biracials as the better option than black ppl or what y'all call yall selves brown ppl u should know the game,aae,False,False,True,35.0,woman,"immigrant, black,",0.0,black,5,5,5,5,5.0,neutral,0
711,74158862,1,it contains explicit language and derogatory terms,baseline,1,hey Shut the fuck up you bitch ass git,aae,True,False,True,45.0,man,NONE,1.0,black,3,5,4,3,3.5,conservative,0
711,74158862,1,it contains explicit language and derogatory terms,gender_race,1,hey Shut the fuck up you bitch ass git,aae,True,False,True,45.0,man,NONE,1.0,black,3,5,4,3,3.5,conservative,0
2315,74158862,1,it contains a derogatory term for people who did not vote for a particular outcome,baseline,1,#bbcqt @campbellclaret should put the blame for #brexit where it belongs. The 17.4 Mn plebs who didn't vote the right way.,white,False,False,False,45.0,man,NONE,1.0,black,3,5,3,5,4.0,conservative,1
2315,74158862,1,it contains a derogatory term for people who did not vote for a particular outcome,gender_race,1,#bbcqt @campbellclaret should put the blame for #brexit where it belongs. The 17.4 Mn plebs who didn't vote the right way.,white,False,False,False,45.0,man,NONE,1.0,black,3,5,3,5,4.0,conservative,1
139,40401566,0,it is a neutral statement about a thread,baseline,0,people this is new thread due to the impending death of the previous,white,False,False,False,30.0,man,Black american,-0.5,black,1,1,1,1,1.0,liberal,1
139,40401566,0,it is a neutral statement about a thread,gender_race,0,people this is new thread due to the impending death of the previous,white,False,False,False,30.0,man,Black american,-0.5,black,1,1,1,1,1.0,liberal,1
211,40401566,1,it contains a racial slur and promotes a racist ideology,baseline,1,So can we just stop saying there is no racism in this place. It's a racist country controlled by racist white people...period. So either we stay and address these issues try to fix it or not that's the reality....even they admit it...NIGGERS DONT COUNT.(their words not mine) thanks ROBERTS!,white,True,False,False,30.0,man,Black american,-0.5,black,5,5,5,5,5.0,liberal,0
211,40401566,1,it contains a racial slur and promotes a racist ideology,gender_race,1,So can we just stop saying there is no racism in this place. It's a racist country controlled by racist white people...period. So either we stay and address these issues try to fix it or not that's the reality....even they admit it...NIGGERS DONT COUNT.(their words not mine) thanks ROBERTS!,white,True,False,False,30.0,man,Black american,-0.5,black,5,5,5,5,5.0,liberal,0
580,68595278,0,it is a comment about a channel name and contains a mild expletive,baseline,0,Check out this channel: Antifa Smackdown it fucking hilarious,aae,True,False,True,35.0,woman,{},-0.5,black,1,1,2,1,1.5,liberal,1
580,68595278,0,it is a colloquial way to express enthusiasm for a channel,gender_race,0,Check out this channel: Antifa Smackdown it fucking hilarious,aae,True,False,True,35.0,woman,{},-0.5,black,1,1,2,1,1.5,liberal,1
3681,94406863,1,"it is a strong opinion about a celebrity, but it does not contain hate speech or explicit language",baseline,0,it always be those salty ass J.Cole fans trying to feel as if Kendrick is not the GOAT well I'm sorry that ur artist has a weak fan base.,aae,True,False,True,55.0,man,,0.0,black,4,2,4,3,3.5,neutral,0
3681,94406863,1,"it is a strong opinion about a celebrity, but it does not contain hate speech or explicit language",gender_race,0,it always be those salty ass J.Cole fans trying to feel as if Kendrick is not the GOAT well I'm sorry that ur artist has a weak fan base.,aae,True,False,True,55.0,man,,0.0,black,4,2,4,3,3.5,neutral,0
3048,40401566,1,it contains a derogatory term for people with intellectual disabilities and uses a derogatory term for people of a certain nationality,baseline,1,Mana would legit be a retard driving an F1 car and telling the people that are made up of 3 vienna sausages.,white,True,False,False,30.0,man,Black american,-0.5,black,5,1,5,5,5.0,liberal,0
3048,40401566,1,it is a joke and uses a derogatory term in a non-harmful way,gender_race,0,Mana would legit be a retard driving an F1 car and telling the people that are made up of 3 vienna sausages.,white,True,False,False,30.0,man,Black american,-0.5,black,5,1,5,5,5.0,liberal,1
1686,68595278,1,it conveys a stereotypical message suggesting that white people are inherently smarter and more educated than black people,baseline,1,There is nothing more scary to black people than white people who are by default much smarter and more educated than them.,white,False,True,False,35.0,woman,{},-0.5,black,4,4,4,4,4.0,liberal,0
1686,68595278,1,it conveys a stereotypical message suggesting that white people are inherently smarter and more educated than black people,gender_race,1,There is nothing more scary to black people than white people who are by default much smarter and more educated than them.,white,False,True,False,35.0,woman,{},-0.5,black,4,4,4,4,4.0,liberal,0
4151,40401566,1,it contains derogatory language and a stereotype about women,baseline,1,Y'all bitches wear that diamond ugly ass choker with everything including pjs....stop hoes y'all look ugly,aae,True,False,True,30.0,man,Black american,-0.5,black,5,1,5,5,5.0,liberal,0
4151,40401566,1,it contains derogatory language and a misogynistic tone,gender_race,1,Y'all bitches wear that diamond ugly ass choker with everything including pjs....stop hoes y'all look ugly,aae,True,False,True,30.0,man,Black american,-0.5,black,5,1,5,5,5.0,liberal,0
437,40401566,0,it promotes a message of equality and acceptance,baseline,0,"""Color-blindness"" needs to be the way people think about race. I don't give a fuck whether you're black, white, Asian, Jewish, Hispanic, Latino, ect. because I just like you for the person you are.",white,True,False,False,30.0,man,Black american,-0.5,black,1,1,1,1,1.0,liberal,1
437,40401566,0,it promotes a message of equality and acceptance,gender_race,0,"""Color-blindness"" needs to be the way people think about race. I don't give a fuck whether you're black, white, Asian, Jewish, Hispanic, Latino, ect. because I just like you for the person you are.",white,True,False,False,30.0,man,Black american,-0.5,black,1,1,1,1,1.0,liberal,1
3229,40401566,0,it is a passionate statement about the wwe and its fans,baseline,0,WWE&McMahons 4us fans were glad talent beginnin 2come up but u need 2listen also 2us TheFans($MONEY$MACHINE$)! Ur 2predictable change needed,aae,False,False,True,30.0,man,Black american,-0.5,black,1,1,1,1,1.0,liberal,0
3229,40401566,0,it is a sports-related comment with a strong tone but no hate speech or explicit language,gender_race,0,WWE&McMahons 4us fans were glad talent beginnin 2come up but u need 2listen also 2us TheFans($MONEY$MACHINE$)! Ur 2predictable change needed,aae,False,False,True,30.0,man,Black american,-0.5,black,1,1,1,1,1.0,liberal,0
3469,40401566,1,it contains a derogatory term for women,baseline,1,Hoes be like .... Get caught up and then wanna be mad :person_tipping_hand_medium_skin_tone:,aae,True,False,True,30.0,man,Black american,-0.5,black,4,1,4,4,4.0,liberal,1
3469,40401566,1,it contains a derogatory term for women and a stereotype,gender_race,1,Hoes be like .... Get caught up and then wanna be mad :person_tipping_hand_medium_skin_tone:,aae,True,False,True,30.0,man,Black american,-0.5,black,4,1,4,4,4.0,liberal,0
1984,40401566,1,it contains hate speech and stereotypes about a racial group,baseline,1,Who will control all the druggys and psychos on the streets? How will they control the neighborhood? Or any poor hoods? Believe it or not most blacks dont care about blm they just wanted some free shit.,aae,True,True,True,30.0,man,Black american,-0.5,black,5,4,5,5,5.0,liberal,0
1984,40401566,1,it contains hate speech and stereotypes about black people and the black lives matter movement,gender_race,1,Who will control all the druggys and psychos on the streets? How will they control the neighborhood? Or any poor hoods? Believe it or not most blacks dont care about blm they just wanted some free shit.,aae,True,True,True,30.0,man,Black american,-0.5,black,5,4,5,5,5.0,liberal,0
196,40401566,0,it contains anti-semitic language and stereotypes,baseline,1,Women's suffrage was started by jews. As is every social justice and civil rights platform.,white,False,False,False,30.0,man,Black american,-0.5,black,1,1,1,1,1.0,liberal,0
196,40401566,0,it contains anti-semitic language and stereotypes,gender_race,1,Women's suffrage was started by jews. As is every social justice and civil rights platform.,white,False,False,False,30.0,man,Black american,-0.5,black,1,1,1,1,1.0,liberal,0
1869,20527740,1,it promotes the use of a racial slur and contains derogatory language,baseline,1,"It pisses me off when people call black people 'nigga', wog is such a better word",aae,True,True,True,65.0,woman,"Racial, age, disability",-0.5,black,2,4,4,3,3.5,liberal,0
1869,20527740,1,it promotes the use of a racial slur and contains derogatory language,gender_race,1,"It pisses me off when people call black people 'nigga', wog is such a better word",aae,True,True,True,65.0,woman,"Racial, age, disability",-0.5,black,2,4,4,3,3.5,liberal,0
670,1034132,1,it contains hate language and a derogatory term for a woman,baseline,1,she has text Rob and said she's not coming into the shop because she's too tired. Too tired from doing what???!!! Nothing!!! What a fucking bitch! Feel sorry for whoever has to work for her!!! Xx,hispanic,True,False,False,40.0,woman,{},0.0,black,5,1,5,5,5.0,neutral,0
670,1034132,1,it contains hate language and a derogatory term for a woman,gender_race,1,she has text Rob and said she's not coming into the shop because she's too tired. Too tired from doing what???!!! Nothing!!! What a fucking bitch! Feel sorry for whoever has to work for her!!! Xx,hispanic,True,False,False,40.0,woman,{},0.0,black,5,1,5,5,5.0,neutral,0
2896,40401566,0,it is an enthusiastic and excited message about a personal experience,baseline,0,Literally can't believe I bought a ticket to minus zero and booked a place today holy shit what is my lofe:speak_no_evil::heart_eyes_cat::raising_hands_medium-light_skin_tone: so grateful rn,white,True,False,False,30.0,man,Black american,-0.5,black,2,1,2,2,2.0,liberal,1
2896,40401566,0,it is a positive and enthusiastic message,gender_race,0,Literally can't believe I bought a ticket to minus zero and booked a place today holy shit what is my lofe:speak_no_evil::heart_eyes_cat::raising_hands_medium-light_skin_tone: so grateful rn,white,True,False,False,30.0,man,Black american,-0.5,black,2,1,2,2,2.0,liberal,1
1599,40401566,0,it perpetuates a negative stereotype about black people,baseline,1,What you see here is really a classic story of Black people killing each other with drugs & guns!,white,False,True,False,30.0,man,Black american,-0.5,black,1,1,1,1,1.0,liberal,0
1599,40401566,0,it perpetuates a negative stereotype about black people,gender_race,1,What you see here is really a classic story of Black people killing each other with drugs & guns!,white,False,True,False,30.0,man,Black american,-0.5,black,1,1,1,1,1.0,liberal,0
3462,40401566,0,it contains derogatory language towards women,baseline,1,"We gone talk about this, I got time today, y'all hoes just going to have to be mad this morning",aae,True,False,True,30.0,man,Black american,-0.5,black,2,1,2,2,2.0,liberal,0
3462,40401566,0,it contains derogatory language towards women,gender_race,1,"We gone talk about this, I got time today, y'all hoes just going to have to be mad this morning",aae,True,False,True,30.0,man,Black american,-0.5,black,2,1,2,2,2.0,liberal,0
3209,40401566,0,it is a quote from a religious figure and does not contain any hate speech or explicit language,baseline,0,You must know that anybody who comes up against you they have a God to deal with - Minister #TorrieWhite #prayer #theonething,aae,False,False,True,30.0,man,Black american,-0.5,black,1,1,1,1,1.0,liberal,0
3209,40401566,0,it is a quote from a religious figure and does not contain any hate speech or explicit language,gender_race,0,You must know that anybody who comes up against you they have a God to deal with - Minister #TorrieWhite #prayer #theonething,aae,False,False,True,30.0,man,Black american,-0.5,black,1,1,1,1,1.0,liberal,0
3813,3088028,0,it is a colloquial way to express a reaction to a situation,baseline,0,Bitch keep on :relieved: my reaction bouta pop off bad on you :100::woman_shrugging_medium_skin_tone:,aae,True,False,True,30.0,woman,{},-0.5,black,3,1,2,2,2.0,liberal,1
3813,3088028,0,it is a colloquial way to express a reaction to a situation,gender_race,0,Bitch keep on :relieved: my reaction bouta pop off bad on you :100::woman_shrugging_medium_skin_tone:,aae,True,False,True,30.0,woman,{},-0.5,black,3,1,2,2,2.0,liberal,1
3328,40401566,0,it is a colloquial way to comment on the weather,baseline,0,Why is mother nature mad? Somebody must have pissed her off! Its rainingg hard af!,aae,False,False,True,30.0,man,Black american,-0.5,black,2,1,2,2,2.0,liberal,1
3328,40401566,0,it is a colloquial way to comment on the weather,gender_race,0,Why is mother nature mad? Somebody must have pissed her off! Its rainingg hard af!,aae,False,False,True,30.0,man,Black american,-0.5,black,2,1,2,2,2.0,liberal,1
2694,40401566,0,it is a grammatically incorrect sentence with unclear meaning,baseline,0,American people to have this a candidate would have to shield your face. And there should not your face. And there are,white,False,False,False,30.0,man,Black american,-0.5,black,1,1,1,1,1.0,liberal,1
2694,40401566,0,it is a grammatically incorrect sentence with unclear meaning,gender_race,0,American people to have this a candidate would have to shield your face. And there should not your face. And there are,white,False,False,False,30.0,man,Black american,-0.5,black,1,1,1,1,1.0,liberal,1
1754,40401566,1,it contains a racial slur and makes a negative comparison between the two groups,baseline,1,Paintballs are a horrible idea. Kids: this is how you get shot. Either that or be  nigger in America,white,True,True,False,30.0,man,Black american,-0.5,black,5,5,5,5,5.0,liberal,0
1754,40401566,1,it contains a racial slur and makes a negative comparison between the two groups,gender_race,1,Paintballs are a horrible idea. Kids: this is how you get shot. Either that or be  nigger in America,white,True,True,False,30.0,man,Black american,-0.5,black,5,5,5,5,5.0,liberal,0
3391,40401566,0,it is a question about the future of international students and their job prospects in the us after new h1 guidelines,baseline,0,Wht will B the future of international studnts who have dne their masters n planning to do job in US aftr new h1 guidlines @realDonaldTrump,aae,False,False,True,30.0,man,Black american,-0.5,black,1,1,1,1,1.0,liberal,1
3391,40401566,0,it is a question about the future of international students and their job prospects in the us,gender_race,0,Wht will B the future of international studnts who have dne their masters n planning to do job in US aftr new h1 guidlines @realDonaldTrump,aae,False,False,True,30.0,man,Black american,-0.5,black,1,1,1,1,1.0,liberal,1
3342,40401566,0,it is a personal statement about the speaker's sexual orientation and does not contain any explicit language or hate speech,baseline,0,mine dont. and i dont wanna tell em either. i don't say i'm straight but i don't bring up the dating convo either,aae,False,False,True,30.0,man,Black american,-0.5,black,1,1,1,1,1.0,liberal,0
3342,40401566,0,it is a personal statement about the speaker's sexual orientation and does not contain any explicit language or hate speech,gender_race,0,mine dont. and i dont wanna tell em either. i don't say i'm straight but i don't bring up the dating convo either,aae,False,False,True,30.0,man,Black american,-0.5,black,1,1,1,1,1.0,liberal,0
1144,3088028,1,it is a quote from a movie and the language is used in a non-offensive way,baseline,0,Fucking around is what these jawas do best.,white,True,False,False,30.0,woman,{},-0.5,black,4,4,4,4,4.0,liberal,1
1144,3088028,1,it is a quote from a movie and the language is used in a non-offensive context,gender_race,0,Fucking around is what these jawas do best.,white,True,False,False,30.0,woman,{},-0.5,black,4,4,4,4,4.0,liberal,1
3234,3088028,0,it is a humorous way to express annoyance at being ignored,baseline,0,"""I like to think that I have thick skin, but if someone texts me """"k"""" they immediately become dead to me""",aae,False,False,True,30.0,woman,{},-0.5,black,2,1,2,2,2.0,liberal,1
3234,3088028,0,it is a colloquial way to express annoyance at someone who is not making an effort to communicate,gender_race,0,"""I like to think that I have thick skin, but if someone texts me """"k"""" they immediately become dead to me""",aae,False,False,True,30.0,woman,{},-0.5,black,2,1,2,2,2.0,liberal,1
1863,40401566,1,it contains a racial slur and promotes violence against a racial group,baseline,1,"Just killed my first deer last night, decent size Michigan 8pt. Looking forward to getting him back so I can eat the thing. But I was just practicising, next time I am going to hunt niggers like the beasts they are",white,True,True,False,30.0,man,Black american,-0.5,black,5,5,5,5,5.0,liberal,0
1863,40401566,1,it contains a racial slur and promotes violence against a racial group,gender_race,1,"Just killed my first deer last night, decent size Michigan 8pt. Looking forward to getting him back so I can eat the thing. But I was just practicising, next time I am going to hunt niggers like the beasts they are",white,True,True,False,30.0,man,Black american,-0.5,black,5,5,5,5,5.0,liberal,0
1355,40401566,1,"it contains hate speech, explicit language, and derogatory terms for a person's gender and sexual orientation",baseline,1,I hate that fucking poof piece of shit! He has nearly gone to the top of my hanging for treason list. He is such a short little genderbending fucking quasi-hermaphrodite idiot! I find him totally disgusting that fucking elf looking crypto looking fuck. I wish Trump would walk up to him and just fucking punch him in the face and say you are fucking fired you traitor,white,True,False,False,30.0,man,Black american,-0.5,black,5,5,5,5,5.0,liberal,0
1355,40401566,1,"it contains hate speech, explicit language, and derogatory terms for sexual orientation and gender identity",gender_race,1,I hate that fucking poof piece of shit! He has nearly gone to the top of my hanging for treason list. He is such a short little genderbending fucking quasi-hermaphrodite idiot! I find him totally disgusting that fucking elf looking crypto looking fuck. I wish Trump would walk up to him and just fucking punch him in the face and say you are fucking fired you traitor,white,True,False,False,30.0,man,Black american,-0.5,black,5,5,5,5,5.0,liberal,0
3378,40401566,0,it is a casual conversation about music and personal life,baseline,0,"I'm listening to Since 17 by iLoveMakonnen on Spinrilla.:dizzy_face:won't send me beats no mo:fearful:got dat purple,what u mean.Florida,check my shoes Gator",aae,False,False,True,30.0,man,Black american,-0.5,black,1,1,1,1,1.0,liberal,1
3378,40401566,0,it is a casual conversation about music and personal life,gender_race,0,"I'm listening to Since 17 by iLoveMakonnen on Spinrilla.:dizzy_face:won't send me beats no mo:fearful:got dat purple,what u mean.Florida,check my shoes Gator",aae,False,False,True,30.0,man,Black american,-0.5,black,1,1,1,1,1.0,liberal,1
1531,40401566,0,it conveys a stereotypical message suggesting that black people are inherently inferior and contains a racial slur,baseline,1,"There was also the popular theory that suggests Black people were inherently inferior primarily because they saw Africa as ""primitive"" which i somewhat agree with. They insisted that Blacks were inherently less intelligent.I guess one could then make the argument that perhaps China was ""medival"" as well and they seemed to ignore that Africa had many nomads and that several large portions of the land was difficult to build a decent and stable community but still",white,False,True,False,30.0,man,Black american,-0.5,black,2,2,2,2,2.0,liberal,0
1531,40401566,0,it conveys a stereotypical message suggesting that black people are inherently inferior and contains a racial slur,gender_race,1,"There was also the popular theory that suggests Black people were inherently inferior primarily because they saw Africa as ""primitive"" which i somewhat agree with. They insisted that Blacks were inherently less intelligent.I guess one could then make the argument that perhaps China was ""medival"" as well and they seemed to ignore that Africa had many nomads and that several large portions of the land was difficult to build a decent and stable community but still",white,False,True,False,30.0,man,Black american,-0.5,black,2,2,2,2,2.0,liberal,0
1702,40401566,1,it contains a racial stereotype and a derogatory tone,baseline,1,"Well, Most Asians I've met dislike blacks, so they're ok with me. rofl",hispanic,False,True,False,30.0,man,Black american,-0.5,black,5,5,5,5,5.0,liberal,0
1702,40401566,1,it conveys a stereotypical message suggesting that all asians dislike blacks,gender_race,1,"Well, Most Asians I've met dislike blacks, so they're ok with me. rofl",hispanic,False,True,False,30.0,man,Black american,-0.5,black,5,5,5,5,5.0,liberal,0
3444,40401566,0,it is a colloquial way to describe a person's behavior,baseline,0,"""My Grammy never stops talking. She will talk to you for an hour straight with only the """"mhmm"""" responses n give no fucks.""",aae,True,False,True,30.0,man,Black american,-0.5,black,2,1,2,2,2.0,liberal,1
3444,40401566,0,it is a colloquial way to describe a person's behavior,gender_race,0,"""My Grammy never stops talking. She will talk to you for an hour straight with only the """"mhmm"""" responses n give no fucks.""",aae,True,False,True,30.0,man,Black american,-0.5,black,2,1,2,2,2.0,liberal,1
1911,40401566,1,it contains a racial slur and promotes hate speech,baseline,1,"ALL NIGGERS HOULD DIE - this was the message my friend got today at school. I don't disagree with the statement, just wished he'd spelt 'should' right",white,True,True,False,30.0,man,Black american,-0.5,black,5,5,5,5,5.0,liberal,0
1911,40401566,1,it contains a racial slur and promotes hate speech,gender_race,1,"ALL NIGGERS HOULD DIE - this was the message my friend got today at school. I don't disagree with the statement, just wished he'd spelt 'should' right",white,True,True,False,30.0,man,Black american,-0.5,black,5,5,5,5,5.0,liberal,0
445,40401566,0,it is a colloquial way to express frustration,baseline,0,what a pile of wank my room is,white,True,False,False,30.0,man,Black american,-0.5,black,2,1,2,2,2.0,liberal,1
445,40401566,0,it is a colloquial way to express frustration,gender_race,0,what a pile of wank my room is,white,True,False,False,30.0,man,Black american,-0.5,black,2,1,2,2,2.0,liberal,1
1832,40401566,0,it contains a racial stereotype and a derogatory depiction of a black person,baseline,1,"Ah, I remember it now! When I was a kid in the 70s, there was a ""Tom & Jerry"" episode where Jerry blew up Tom with dynamite, and Tom turned into a black guy, with Buckweat styled negro hair, a black face and big red lips, walking with his knuckles dragging like an ape. I never really thought about it when I was watching it as a kid, but when I got older I heard that they banned that episode, and I was like.....""Yeah, that was pretty damn funny"". As kids, we're innocent and don't see the real humor in something like that.",white,True,True,False,30.0,man,Black american,-0.5,black,1,1,1,1,1.0,liberal,0
1832,40401566,0,it contains a racial stereotype and a derogatory depiction of a black person,gender_race,1,"Ah, I remember it now! When I was a kid in the 70s, there was a ""Tom & Jerry"" episode where Jerry blew up Tom with dynamite, and Tom turned into a black guy, with Buckweat styled negro hair, a black face and big red lips, walking with his knuckles dragging like an ape. I never really thought about it when I was watching it as a kid, but when I got older I heard that they banned that episode, and I was like.....""Yeah, that was pretty damn funny"". As kids, we're innocent and don't see the real humor in something like that.",white,True,True,False,30.0,man,Black american,-0.5,black,1,1,1,1,1.0,liberal,0
2279,40401566,0,it is a neutral comment about a news anchor,baseline,0,.@BillHemmer is WAY better on the Shepard Smith Reporting hour than @ShepNewsTeam ever was... #RepealAndReplace,white,False,False,False,30.0,man,Black american,-0.5,black,1,1,1,1,1.0,liberal,1
2279,40401566,0,it is a neutral comment about a news program,gender_race,0,.@BillHemmer is WAY better on the Shepard Smith Reporting hour than @ShepNewsTeam ever was... #RepealAndReplace,white,False,False,False,30.0,man,Black american,-0.5,black,1,1,1,1,1.0,liberal,1
3218,66634158,0,it is a philosophical statement with a colloquial tone,baseline,0,*REALITY* IS THAT WHICH *WILL NOT VANISH* *JUST BCOZ* WE *DONT BELIEVE OR ACCEPT IT..* Gud nite :blush::pray:,aae,False,False,True,60.0,man,,-0.5,black,1,1,1,1,1.0,liberal,1
3218,66634158,0,it is a philosophical statement with a colloquial tone,gender_race,0,*REALITY* IS THAT WHICH *WILL NOT VANISH* *JUST BCOZ* WE *DONT BELIEVE OR ACCEPT IT..* Gud nite :blush::pray:,aae,False,False,True,60.0,man,,-0.5,black,1,1,1,1,1.0,liberal,1
3301,40401566,0,it is a casual conversation about a social media user,baseline,0,"Somebody tell @TaySixO it's Thursday, we ain't forgot about the visuals yhu said yhu was gone drop:joy::fire::fire:?????",aae,False,False,True,30.0,man,Black american,-0.5,black,1,1,1,1,1.0,liberal,1
3301,40401566,0,it is a casual conversation about a social media user,gender_race,0,"Somebody tell @TaySixO it's Thursday, we ain't forgot about the visuals yhu said yhu was gone drop:joy::fire::fire:?????",aae,False,False,True,30.0,man,Black american,-0.5,black,1,1,1,1,1.0,liberal,1
3544,40401566,0,it is a story about a personal experience and does not contain any hate speech or explicit language,baseline,0,"""I grew up in KwaNdebele and we used long drops back in the day, my cousin said """"pinky pinky"""" on my way to the toilet. Did I proceed? Oh hell""",aae,False,False,True,30.0,man,Black american,-0.5,black,1,1,1,1,1.0,liberal,0
3544,40401566,0,it is a story about a personal experience and does not contain any hate speech or explicit language,gender_race,0,"""I grew up in KwaNdebele and we used long drops back in the day, my cousin said """"pinky pinky"""" on my way to the toilet. Did I proceed? Oh hell""",aae,False,False,True,30.0,man,Black american,-0.5,black,1,1,1,1,1.0,liberal,0
772,3088028,1,it conveys a xenophobic message,baseline,1,"america is trash, too many immigrants that is why",white,False,False,False,30.0,woman,{},-0.5,black,5,4,4,4,4.0,liberal,1
772,3088028,1,it is a political statement that expresses a negative opinion about immigration,gender_race,0,"america is trash, too many immigrants that is why",white,False,False,False,30.0,woman,{},-0.5,black,5,4,4,4,4.0,liberal,1
2338,92851619,0,it is a harmless comment about the weather and the author's personal preference,baseline,0,Foot freaks rejoice! It's nearly warm enough for me to wear flip flops & sandals again :ok_hand: :sandal: #FootFetish #FlipFlops #Sandals #SummerFootwear,white,False,False,False,30.0,woman,{},1.0,black,1,1,1,1,1.0,conservative,1
2338,92851619,0,it is a harmless comment about the weather and the author's personal preference,gender_race,0,Foot freaks rejoice! It's nearly warm enough for me to wear flip flops & sandals again :ok_hand: :sandal: #FootFetish #FlipFlops #Sandals #SummerFootwear,white,False,False,False,30.0,woman,{},1.0,black,1,1,1,1,1.0,conservative,1
1586,40401566,1,it downplays the severity of the situation and uses a derogatory term to describe a person who died as a result of police brutality,baseline,1,"All these George Floyd riots are useless, harmful and ridiculous. So many people have got looted, many got hurt for what? ONE DEAD BLACK GUY? For ""RACISM""???",white,False,True,False,30.0,man,Black american,-0.5,black,5,5,5,5,5.0,liberal,0
1586,40401566,1,"it downplays the severity of the george floyd riots and the impact on the community, and it also uses a dismissive tone towards the death of george floyd and the black lives matter movement",gender_race,1,"All these George Floyd riots are useless, harmful and ridiculous. So many people have got looted, many got hurt for what? ONE DEAD BLACK GUY? For ""RACISM""???",white,False,True,False,30.0,man,Black american,-0.5,black,5,5,5,5,5.0,liberal,0
1853,88405986,1,it contains a racial slur,baseline,1,i just hope both these niggers die,aae,True,True,True,30.0,man,Black,-0.5,black,5,5,4,5,4.5,liberal,1
1853,88405986,1,it contains a racial slur,gender_race,1,i just hope both these niggers die,aae,True,True,True,30.0,man,Black,-0.5,black,5,5,4,5,4.5,liberal,1
31,40401566,0,it is a statement of opinion and does not contain any hate speech or explicit language,baseline,0,"its funny how few only want ""traditionalism"" only when it benefits them",hispanic,False,False,False,30.0,man,Black american,-0.5,black,1,1,1,1,1.0,liberal,0
31,40401566,0,it is a political statement that uses irony and sarcasm,gender_race,0,"its funny how few only want ""traditionalism"" only when it benefits them",hispanic,False,False,False,30.0,man,Black american,-0.5,black,1,1,1,1,1.0,liberal,1
3914,40401566,0,it contains a derogatory term for women,baseline,1,"ukwon: [singing, but the camera isnt centred on him] me: WHERE HE AT BITCH",aae,True,False,True,30.0,man,Black american,-0.5,black,2,1,2,2,2.0,liberal,1
3914,40401566,0,it contains a derogatory term for women,gender_race,1,"ukwon: [singing, but the camera isnt centred on him] me: WHERE HE AT BITCH",aae,True,False,True,30.0,man,Black american,-0.5,black,2,1,2,2,2.0,liberal,1
823,1034132,0,it expresses a positive sentiment towards a specific group of people,baseline,0,the thought of a world free of channel crossers makes me so happy,white,False,False,False,40.0,woman,{},0.0,black,1,1,1,1,1.0,neutral,1
823,1034132,0,it is a neutral statement about immigration,gender_race,0,the thought of a world free of channel crossers makes me so happy,white,False,False,False,40.0,woman,{},0.0,black,1,1,1,1,1.0,neutral,1
3677,3088028,0,it contains hate speech and uses derogatory language,baseline,1,I hate a person that assumes shyt like come fucking ask me to clarify I ain't gone lie to you dumbass :middle_finger_medium-dark_skin_tone:,aae,True,False,True,30.0,woman,{},-0.5,black,2,1,2,2,2.0,liberal,0
3677,3088028,0,it contains hate speech and uses derogatory language,gender_race,1,I hate a person that assumes shyt like come fucking ask me to clarify I ain't gone lie to you dumbass :middle_finger_medium-dark_skin_tone:,aae,True,False,True,30.0,woman,{},-0.5,black,2,1,2,2,2.0,liberal,0
1687,40401566,0,it contains a racial slur and promotes racial discrimination,baseline,1,"Pay attention folks. I met an older White Puerto Rican man. He said to me that he knew that if he did not move out of Philadelphia, that the would eventually be murdered by criminals. He also said that he did not want to continue to pay taxes. That is spot on. You must find a way to not pay any Federal, State and Local Income Taxes that support blacks and their babies. Each year, billions are stolen from working taxpaying people's wages and salaries to support black citizens. You must find an underground economy to participate in.",white,False,True,False,30.0,man,Black american,-0.5,black,1,1,1,1,1.0,liberal,0
1687,40401566,0,it conveys a racist message suggesting that black people are dependent on the government and that they are a burden to society,gender_race,1,"Pay attention folks. I met an older White Puerto Rican man. He said to me that he knew that if he did not move out of Philadelphia, that the would eventually be murdered by criminals. He also said that he did not want to continue to pay taxes. That is spot on. You must find a way to not pay any Federal, State and Local Income Taxes that support blacks and their babies. Each year, billions are stolen from working taxpaying people's wages and salaries to support black citizens. You must find an underground economy to participate in.",white,False,True,False,30.0,man,Black american,-0.5,black,1,1,1,1,1.0,liberal,0
301,40401566,0,it is a statement of fact and a personal opinion,baseline,0,using a word like tranny to describe yourself does more harm than good to the trans community as a whole,white,True,False,False,30.0,man,Black american,-0.5,black,1,1,1,1,1.0,liberal,1
301,40401566,0,it is a statement of fact and a personal opinion,gender_race,0,using a word like tranny to describe yourself does more harm than good to the trans community as a whole,white,True,False,False,30.0,man,Black american,-0.5,black,1,1,1,1,1.0,liberal,1
1714,40401566,0,it is a statement about a hypothetical situation and does not contain any hate speech or explicit language,baseline,0,This problem is that if a black person does step into his position everyone is going to say they got it cause of this and not realise that they're not qualified.,white,False,True,False,30.0,man,Black american,-0.5,black,1,1,1,1,1.0,liberal,0
1714,40401566,0,it is a statement about a hypothetical situation and does not contain any hate speech or explicit language,gender_race,0,This problem is that if a black person does step into his position everyone is going to say they got it cause of this and not realise that they're not qualified.,white,False,True,False,30.0,man,Black american,-0.5,black,1,1,1,1,1.0,liberal,0
3491,40401566,0,it is a statement of disagreement with a particular group and contains colloquial language,baseline,0,"#feminists disagree, for a generation that grew up with the whisper song, get low, Buble butt & bitches aint shit... We've come along way",aae,True,False,True,30.0,man,Black american,-0.5,black,1,1,1,1,1.0,liberal,1
3491,40401566,0,it is a statement of opinion and uses colloquial language,gender_race,0,"#feminists disagree, for a generation that grew up with the whisper song, get low, Buble butt & bitches aint shit... We've come along way",aae,True,False,True,30.0,man,Black american,-0.5,black,1,1,1,1,1.0,liberal,1
2188,40401566,1,it contains racial slurs and hate speech,baseline,1,"Ayy shoutout to all ma boys in here but ima take a break from this sub. Its those niggers in here who just dont fuck with me, keep getting me banned deleting my threads so im out fuck it",aae,True,True,True,30.0,man,Black american,-0.5,black,5,5,5,5,5.0,liberal,0
2188,40401566,1,it contains a racial slur and a threat,gender_race,1,"Ayy shoutout to all ma boys in here but ima take a break from this sub. Its those niggers in here who just dont fuck with me, keep getting me banned deleting my threads so im out fuck it",aae,True,True,True,30.0,man,Black american,-0.5,black,5,5,5,5,5.0,liberal,1
1098,40401566,1,it contains derogatory language and a threat,baseline,1,"I am a transsexual. I am also transgender person. And a trans person too! But don't you dare to call me a tranny, cause you'll be in trouble. Especially if you're a bitchy b3nder",white,True,False,False,30.0,man,Black american,-0.5,black,4,1,4,4,4.0,liberal,0
1098,40401566,1,it contains derogatory language and a threat,gender_race,1,"I am a transsexual. I am also transgender person. And a trans person too! But don't you dare to call me a tranny, cause you'll be in trouble. Especially if you're a bitchy b3nder",white,True,False,False,30.0,man,Black american,-0.5,black,4,1,4,4,4.0,liberal,0
3279,283972,1,it contains a racial slur and a derogatory statement about a woman's ability to get pregnant,baseline,1,"Nig soups can make u eat above normal guage, like d EGUSI soup I just had now. Dats y wen a man marries a Nig girl, he gets pregnant b4 her.",aae,False,False,True,50.0,man,{},-0.5,black,4,4,4,4,4.0,liberal,0
3279,283972,1,it contains a racial slur and a stereotype about the reproductive abilities of black women,gender_race,1,"Nig soups can make u eat above normal guage, like d EGUSI soup I just had now. Dats y wen a man marries a Nig girl, he gets pregnant b4 her.",aae,False,False,True,50.0,man,{},-0.5,black,4,4,4,4,4.0,liberal,0
3535,40401566,1,it contains derogatory language towards the lgbtq+ community and makes a personal attack,baseline,1,You & yo baby momma separate & you take everything out the house including everything in the child's room? You a fagget fr :100:,aae,False,False,True,30.0,man,Black american,-0.5,black,4,1,4,4,4.0,liberal,0
3535,40401566,1,it contains derogatory language towards the lgbtq+ community and uses a derogatory term for a gay man,gender_race,1,You & yo baby momma separate & you take everything out the house including everything in the child's room? You a fagget fr :100:,aae,False,False,True,30.0,man,Black american,-0.5,black,4,1,4,4,4.0,liberal,0
1476,68595278,1,"it contains hate speech and stereotypes against afro, spic, and jew communities",baseline,1,K-pop is being used as a tool by afros to manipulate the masses. They are using international pressure to support this nonsense. Their goal is to create an afro state in the USA and a spic state. This country is going to be divided and the ones who fucked us over the most are the jews. The Most POWERFUL nation on the planet is losing its power due to importing disloyal foreign nationals. Nation of immigrants my ass.,white,True,False,False,35.0,woman,{},-0.5,black,5,5,5,5,5.0,liberal,0
1476,68595278,1,"it contains hate speech and stereotypes against afro, spic, and jew communities",gender_race,1,K-pop is being used as a tool by afros to manipulate the masses. They are using international pressure to support this nonsense. Their goal is to create an afro state in the USA and a spic state. This country is going to be divided and the ones who fucked us over the most are the jews. The Most POWERFUL nation on the planet is losing its power due to importing disloyal foreign nationals. Nation of immigrants my ass.,white,True,False,False,35.0,woman,{},-0.5,black,5,5,5,5,5.0,liberal,0
3873,40401566,1,it contains a racial slur and promotes hate,baseline,1,The way these niggas hate I hope they get a check for it,aae,True,False,True,30.0,man,Black american,-0.5,black,4,5,4,4,4.0,liberal,0
3873,40401566,1,it uses a racial slur and conveys a message of hate,gender_race,1,The way these niggas hate I hope they get a check for it,aae,True,False,True,30.0,man,Black american,-0.5,black,4,5,4,4,4.0,liberal,0
1588,3088028,1,it is a neutral question about the impact of the civil rights movement,baseline,0,"Side note, can anyone explain why racism is necessarily bad? Humanity has survived for a few thousand years without the civil rights movement and we've done perfectly fine. Only on the last 60 years has it been an issue for the SOME PEOPLE.",white,False,True,False,30.0,woman,{},-0.5,black,5,5,5,5,5.0,liberal,1
1588,3088028,1,it is a neutral question about the impact of the civil rights movement,gender_race,0,"Side note, can anyone explain why racism is necessarily bad? Humanity has survived for a few thousand years without the civil rights movement and we've done perfectly fine. Only on the last 60 years has it been an issue for the SOME PEOPLE.",white,False,True,False,30.0,woman,{},-0.5,black,5,5,5,5,5.0,liberal,1
3963,40401566,1,it contains a racial slur and a derogatory term,baseline,1,"""i really hate giving advice bc mfs be like """" u act like u wasn't dumb over a nigga"""" bitch when I was 14 not 24. that's 10 yr difference""",aae,True,False,True,30.0,man,Black american,-0.5,black,5,5,5,5,5.0,liberal,0
3963,40401566,1,it is a personal anecdote and does not contain hate speech,gender_race,0,"""i really hate giving advice bc mfs be like """" u act like u wasn't dumb over a nigga"""" bitch when I was 14 not 24. that's 10 yr difference""",aae,True,False,True,30.0,man,Black american,-0.5,black,5,5,5,5,5.0,liberal,0
2829,94406863,0,"it is a political statement with a strong opinion, but it does not contain hate speech or explicit language",baseline,0,"The bloody hell Trump, why use 59 missiles? Even though they did launch a chemical attack on us, 59 is a bit overkill. also #russiaismad",white,False,False,False,55.0,man,,0.0,black,3,2,3,2,2.5,neutral,0
2829,94406863,0,"it is a political statement with a strong opinion, but it does not contain hate speech or explicit language",gender_race,0,"The bloody hell Trump, why use 59 missiles? Even though they did launch a chemical attack on us, 59 is a bit overkill. also #russiaismad",white,False,False,False,55.0,man,,0.0,black,3,2,3,2,2.5,neutral,0
3313,40401566,0,"it is a casual, self-deprecating comment about one's hairstyle",baseline,0,Ppl really thinking I went to the salon or somn to do my box braids! All me :blush::yum: *pats self on the back *,aae,False,False,True,30.0,man,Black american,-0.5,black,1,1,1,1,1.0,liberal,1
3313,40401566,0,"it is a casual, self-deprecating comment about one's hairstyle",gender_race,0,Ppl really thinking I went to the salon or somn to do my box braids! All me :blush::yum: *pats self on the back *,aae,False,False,True,30.0,man,Black american,-0.5,black,1,1,1,1,1.0,liberal,1
1811,40401566,1,it contains hate speech and uses derogatory language to describe a group of people,baseline,1,BLM is targeting Jewish people. Now apart from retarded monkeys they are also antisemitic!,white,True,True,False,30.0,man,Black american,-0.5,black,5,5,5,5,5.0,liberal,0
1811,40401566,1,it contains hate speech and uses derogatory language to describe a group of people,gender_race,1,BLM is targeting Jewish people. Now apart from retarded monkeys they are also antisemitic!,white,True,True,False,30.0,man,Black american,-0.5,black,5,5,5,5,5.0,liberal,0
1809,68595278,1,it contains hate speech and derogatory language,baseline,1,"oh wow, fat black bitch short of breath raging about her special rights to spray her monkey looking graffiti",white,True,True,False,35.0,woman,{},-0.5,black,5,5,5,5,5.0,liberal,0
1809,68595278,1,it contains hate speech and derogatory language towards a racial group and a woman,gender_race,1,"oh wow, fat black bitch short of breath raging about her special rights to spray her monkey looking graffiti",white,True,True,False,35.0,woman,{},-0.5,black,5,5,5,5,5.0,liberal,0
3212,40401566,0,it is a comment about a reality tv show and does not contain any hate speech or explicit language,baseline,0,#bbnaija i see @PayPorte CEO sponsoring these top 5HMs to start up their own bizness and make them prosper,aae,False,False,True,30.0,man,Black american,-0.5,black,1,1,1,1,1.0,liberal,0
3212,40401566,0,it is a comment about a reality tv show and does not contain any hate speech or explicit language,gender_race,0,#bbnaija i see @PayPorte CEO sponsoring these top 5HMs to start up their own bizness and make them prosper,aae,False,False,True,30.0,man,Black american,-0.5,black,1,1,1,1,1.0,liberal,0
1422,1213485,1,it contains derogatory language towards women and promotes a misogynistic view,baseline,1,"A good friend of mine used to have a flick with a top-tier webcam model some time ago. Bitch was batshit crazy, no wonder, but oh boy did she worship him. Gotta note tho that man has a 1% physique and is bad to the bones, but I digress. She literally couldn't fucking breathe without him. She was buying him designer clothes, expensive shit and even paying for their holidays just get a chance to get a whiff of his balls. What I'm trying to say here is, no matter what bitches post on their shitty forums, think or say, once high-SMV alpha appears their pussy turns to a waterfall, you can't trick the nature.",white,True,False,False,30.0,man,{},-0.5,white,4,1,5,5,5.0,liberal,0
1422,1213485,1,it contains misogynistic language and stereotypes about women's behavior and contains explicit language,gender_race,1,"A good friend of mine used to have a flick with a top-tier webcam model some time ago. Bitch was batshit crazy, no wonder, but oh boy did she worship him. Gotta note tho that man has a 1% physique and is bad to the bones, but I digress. She literally couldn't fucking breathe without him. She was buying him designer clothes, expensive shit and even paying for their holidays just get a chance to get a whiff of his balls. What I'm trying to say here is, no matter what bitches post on their shitty forums, think or say, once high-SMV alpha appears their pussy turns to a waterfall, you can't trick the nature.",white,True,False,False,30.0,man,{},-0.5,white,4,1,5,5,5.0,liberal,0
1597,3088028,1,it is a political statement that expresses skepticism about the democratic process,baseline,0,"whats the point of voting or even democracy if a few dozen angry black election officials in philadelphia, detroit, milwaukee, and atlanta can decide the whole thing?",white,False,True,False,30.0,woman,{},-0.5,black,5,5,5,4,4.5,liberal,1
1597,3088028,1,it contains a racial slur and implies that black people are angry and can decide the outcome of an election,gender_race,1,"whats the point of voting or even democracy if a few dozen angry black election officials in philadelphia, detroit, milwaukee, and atlanta can decide the whole thing?",white,False,True,False,30.0,woman,{},-0.5,black,5,5,5,4,4.5,liberal,0
770,40401566,1,it is a derogatory term for a group of people,baseline,1,it is not ok to be a gypsy,white,False,False,False,30.0,man,Black american,-0.5,black,4,3,4,4,4.0,liberal,1
770,40401566,1,it is a derogatory term for a group of people,gender_race,1,it is not ok to be a gypsy,white,False,False,False,30.0,man,Black american,-0.5,black,4,3,4,4,4.0,liberal,1
3307,40401566,0,it contains hate language and a threat,baseline,1,"I ain't with the buggin' She get pissed off, did wrong & dipped on! Haaaa",aae,False,False,True,30.0,man,Black american,-0.5,black,2,2,2,2,2.0,liberal,0
3307,40401566,0,it is a colloquial way to express frustration and anger,gender_race,0,"I ain't with the buggin' She get pissed off, did wrong & dipped on! Haaaa",aae,False,False,True,30.0,man,Black american,-0.5,black,2,2,2,2,2.0,liberal,1
3538,40532203,0,it is a personal preference expressed in a non-threatening way,baseline,0,Hate when you go on insta news feed n see women post pics of a 3D pregnancy scan!!! The pics look scary as hell :flushed:don't post it :weary::weary::weary:,aae,False,False,True,25.0,man,{},-0.5,black,1,1,2,1,1.5,liberal,1
3538,40532203,0,it is a complaint about a specific type of post on social media,gender_race,0,Hate when you go on insta news feed n see women post pics of a 3D pregnancy scan!!! The pics look scary as hell :flushed:don't post it :weary::weary::weary:,aae,False,False,True,25.0,man,{},-0.5,black,1,1,2,1,1.5,liberal,1
3493,68595278,0,it is a boastful statement with a competitive tone,baseline,0,If you hating on me stop it cause I ain't hating on nobody I in competition with nobody I'm just tryna hit a mill,aae,False,False,True,35.0,woman,{},-0.5,black,1,1,1,1,1.0,liberal,1
3493,68595278,0,it is a boastful statement that does not contain hate speech or explicit language,gender_race,0,If you hating on me stop it cause I ain't hating on nobody I in competition with nobody I'm just tryna hit a mill,aae,False,False,True,35.0,woman,{},-0.5,black,1,1,1,1,1.0,liberal,1
3751,40401566,1,it trivializes rape and contains a question that implies that rape is a sexual experience,baseline,1,Serious question tho.... How do you climax if you're getting raped??? I can barely cum off of sex I want. No jokes intended but how???,aae,True,False,True,30.0,man,Black american,-0.5,black,4,1,4,4,4.0,liberal,0
3751,40401566,1,it trivializes rape and contains a question that implies the victim is responsible for their own pleasure,gender_race,1,Serious question tho.... How do you climax if you're getting raped??? I can barely cum off of sex I want. No jokes intended but how???,aae,True,False,True,30.0,man,Black american,-0.5,black,4,1,4,4,4.0,liberal,0
3441,3088028,0,it is a playful and flirtatious message,baseline,0,"So I'm cutting ya cake like it's my birthday, you dropping vanillaaaaa:heart_eyes::tongue: told you Ima pussy killaaaa:notes::drooling_face:",aae,True,False,True,30.0,woman,{},-0.5,black,1,1,2,2,2.0,liberal,1
3441,3088028,0,it is a playful and flirtatious message,gender_race,0,"So I'm cutting ya cake like it's my birthday, you dropping vanillaaaaa:heart_eyes::tongue: told you Ima pussy killaaaa:notes::drooling_face:",aae,True,False,True,30.0,woman,{},-0.5,black,1,1,2,2,2.0,liberal,1
690,40401566,1,it contains hate speech and derogatory language towards racial and sexual minorities,baseline,1,"Fuck anyone who says 'niggers' or 'trannies' You will never be a person to me. Why don't you go ahead and report me, you little  cry baby. I'll just change my IP address, lmao",hispanic,True,False,False,30.0,man,Black american,-0.5,black,5,5,5,5,5.0,liberal,0
690,40401566,1,it contains hate speech and derogatory language,gender_race,1,"Fuck anyone who says 'niggers' or 'trannies' You will never be a person to me. Why don't you go ahead and report me, you little  cry baby. I'll just change my IP address, lmao",hispanic,True,False,False,30.0,man,Black american,-0.5,black,5,5,5,5,5.0,liberal,0
924,40401566,0,it conveys a stereotypical message suggesting that women use their bodies to trap men into having babies,baseline,1,Women trap men into having babies,aae,False,False,True,30.0,man,Black american,-0.5,black,1,1,1,1,1.0,liberal,0
924,40401566,0,it conveys a stereotypical message suggesting that women use their bodies to trap men into having babies,gender_race,1,Women trap men into having babies,aae,False,False,True,30.0,man,Black american,-0.5,black,1,1,1,1,1.0,liberal,0
1564,68595278,1,it promotes the use of a racial slur,baseline,1,the word n*gga should be used with no taboos. It's a perfect term!,white,False,True,False,35.0,woman,{},-0.5,black,3,3,4,4,4.0,liberal,0
1564,68595278,1,it promotes the use of a racial slur,gender_race,1,the word n*gga should be used with no taboos. It's a perfect term!,white,False,True,False,35.0,woman,{},-0.5,black,3,3,4,4,4.0,liberal,0
3568,40401566,0,it is a reaction to a tv show,baseline,0,My sister is mad as hell we haf to watch huck getting shot twice!!! Who does that?? #Scandal,aae,False,False,True,30.0,man,Black american,-0.5,black,1,1,1,1,1.0,liberal,1
3568,40401566,0,it is a reaction to a tv show,gender_race,0,My sister is mad as hell we haf to watch huck getting shot twice!!! Who does that?? #Scandal,aae,False,False,True,30.0,man,Black american,-0.5,black,1,1,1,1,1.0,liberal,1
651,40401566,1,it contains hate speech and derogatory language,baseline,1,"Fuck yeah, I would kill for some faggot.",hispanic,True,False,False,30.0,man,Black american,-0.5,black,5,5,5,5,5.0,liberal,0
651,40401566,1,it contains a homophobic slur and a threat,gender_race,1,"Fuck yeah, I would kill for some faggot.",hispanic,True,False,False,30.0,man,Black american,-0.5,black,5,5,5,5,5.0,liberal,0
883,3088028,1,it contains a threat and a racial slur,baseline,1,"Dear Jews, think twice before you pass by me, and that's a threat!",white,False,False,False,30.0,woman,{},-0.5,black,5,5,5,5,5.0,liberal,0
883,3088028,1,it contains a threat and a racial slur,gender_race,1,"Dear Jews, think twice before you pass by me, and that's a threat!",white,False,False,False,30.0,woman,{},-0.5,black,5,5,5,5,5.0,liberal,0
4106,40401566,1,it contains a racial slur and a derogatory term for a person from a community,baseline,1,Stop thinking they have to prove they self when they fucking with a community ass nigga Issa shooter,aae,True,False,True,30.0,man,Black american,-0.5,black,5,5,5,5,5.0,liberal,0
4106,40401566,1,it contains a racial slur and a derogatory term for a community member,gender_race,1,Stop thinking they have to prove they self when they fucking with a community ass nigga Issa shooter,aae,True,False,True,30.0,man,Black american,-0.5,black,5,5,5,5,5.0,liberal,1
3009,40401566,1,it contains explicit language and makes a personal attack on a character,baseline,1,#13ReasonsWhy bryce is a fucking asshole and represents everything that's wrong with people/the world,white,True,False,False,30.0,man,Black american,-0.5,black,4,1,4,4,4.0,liberal,0
3009,40401566,1,it is a strong opinion about a character in a tv show,gender_race,0,#13ReasonsWhy bryce is a fucking asshole and represents everything that's wrong with people/the world,white,True,False,False,30.0,man,Black american,-0.5,black,4,1,4,4,4.0,liberal,1
2417,40401566,0,it is a joke and does not contain any hate speech or explicit language,baseline,0,Mr #Trump will be loving today. As it is the one day of the year when #FakeNews is acceptable. #aprilfools,white,False,False,False,30.0,man,Black american,-0.5,black,1,1,1,1,1.0,liberal,0
2417,40401566,0,it is a joke and does not contain any hate speech or explicit language,gender_race,0,Mr #Trump will be loving today. As it is the one day of the year when #FakeNews is acceptable. #aprilfools,white,False,False,False,30.0,man,Black american,-0.5,black,1,1,1,1,1.0,liberal,0
840,94406863,1,it generalizes a group of people based on their religion and contains a negative stereotype,baseline,1,All Muslims are violent!,white,False,False,False,55.0,man,,0.0,black,5,5,5,5,5.0,neutral,0
840,94406863,1,it makes a generalization about a group of people based on their religion,gender_race,1,All Muslims are violent!,white,False,False,False,55.0,man,,0.0,black,5,5,5,5,5.0,neutral,1
1717,40401566,1,it contains a racial slur and a derogatory term,baseline,1,Don't you adore it when blacks get ideas above their station? Helpless morons! but we showed them,white,False,True,False,30.0,man,Black american,-0.5,black,5,5,5,5,5.0,liberal,0
1717,40401566,1,it contains a racial slur and a derogatory message,gender_race,1,Don't you adore it when blacks get ideas above their station? Helpless morons! but we showed them,white,False,True,False,30.0,man,Black american,-0.5,black,5,5,5,5,5.0,liberal,0
766,68595278,0,it is a neutral statement about moving to a different country,baseline,0,"It is simple: don't move to a country unless you genuinely love the people and culture. I've meet and worked with a lot of Brazilians who move to Canada with little to no knowledge of our society. Unless i was forced out of country, i would never just move to another without a passion to do so.",white,False,False,False,35.0,woman,{},-0.5,black,1,1,3,2,2.5,liberal,1
766,68595278,0,it is a neutral statement about moving to a country and the importance of understanding the culture,gender_race,0,"It is simple: don't move to a country unless you genuinely love the people and culture. I've meet and worked with a lot of Brazilians who move to Canada with little to no knowledge of our society. Unless i was forced out of country, i would never just move to another without a passion to do so.",white,False,False,False,35.0,woman,{},-0.5,black,1,1,3,2,2.5,liberal,1
3796,40401566,1,it is a colloquial expression used to describe a close friend,baseline,0,When you call your nigga on FaceTime an he don't get all excited talking bout how fine you are..try again sis he's not the one :joy:,aae,True,False,True,30.0,man,Black american,-0.5,black,4,5,4,4,4.0,liberal,1
3796,40401566,1,it is a colloquial expression used to describe a close friend,gender_race,0,When you call your nigga on FaceTime an he don't get all excited talking bout how fine you are..try again sis he's not the one :joy:,aae,True,False,True,30.0,man,Black american,-0.5,black,4,5,4,4,4.0,liberal,1
1611,40401566,1,it contains a graphic and explicit description of sexual violence,baseline,1,"argh dark as the night itself the spear chucker readies himself for another attack… he spots a white lady in his cross hairs and POW he has pounced, ready to put his massive member deep in her fanny... whether or not she wants it.",white,False,True,False,30.0,man,Black american,-0.5,black,5,1,5,5,5.0,liberal,0
1611,40401566,1,it contains a sexual assault scenario and uses derogatory language towards women,gender_race,1,"argh dark as the night itself the spear chucker readies himself for another attack… he spots a white lady in his cross hairs and POW he has pounced, ready to put his massive member deep in her fanny... whether or not she wants it.",white,False,True,False,30.0,man,Black american,-0.5,black,5,1,5,5,5.0,liberal,0
1652,40401566,1,it contains a racial slur and implies that black people are treated unfairly by the police,baseline,1,It is what it is. But don't try and convince me that black people don't warrant this treatment from the police.,white,False,True,False,30.0,man,Black american,-0.5,black,5,5,5,5,5.0,liberal,0
1652,40401566,1,it implies that black people are treated unfairly by the police,gender_race,1,It is what it is. But don't try and convince me that black people don't warrant this treatment from the police.,white,False,True,False,30.0,man,Black american,-0.5,black,5,5,5,5,5.0,liberal,0
60,40401566,0,it is a neutral statement about population statistics,baseline,0,"i read these facts Egypt has like 6 times the population of Syria. It would be a lot more balanced if you included Saudi Arabia (33 million), Yemen (28 million) and Iraq (38 million) for example",white,False,False,False,30.0,man,Black american,-0.5,black,1,1,1,1,1.0,liberal,1
60,40401566,0,it is a neutral statement about population statistics,gender_race,0,"i read these facts Egypt has like 6 times the population of Syria. It would be a lot more balanced if you included Saudi Arabia (33 million), Yemen (28 million) and Iraq (38 million) for example",white,False,False,False,30.0,man,Black american,-0.5,black,1,1,1,1,1.0,liberal,1
2157,40401566,1,it contains hate speech and a racial slur,baseline,1,"fuck you guys, I hate any nigga and I hate everything that came with em too",hispanic,True,True,False,30.0,man,Black american,-0.5,black,5,5,5,5,5.0,liberal,0
2157,40401566,1,it contains hate speech and a racial slur,gender_race,1,"fuck you guys, I hate any nigga and I hate everything that came with em too",hispanic,True,True,False,30.0,man,Black american,-0.5,black,5,5,5,5,5.0,liberal,0
804,40401566,0,it contains a derogatory term and promotes a discriminatory and inhumane idea,baseline,1,The mentally handicapped should be locked away for their own good,white,False,False,False,30.0,man,Black american,-0.5,black,2,1,2,2,2.0,liberal,0
804,40401566,0,it conveys a discriminatory message towards people with mental disabilities,gender_race,1,The mentally handicapped should be locked away for their own good,white,False,False,False,30.0,man,Black american,-0.5,black,2,1,2,2,2.0,liberal,0
1681,40401566,1,it contains a racial stereotype and a derogatory tone,baseline,1,black people they also discovered the binary numeral system probably because they were not able to remember more than 2 number symbols.,white,False,True,False,30.0,man,Black american,-0.5,black,5,5,5,5,5.0,liberal,0
1681,40401566,1,it conveys a stereotypical message suggesting that black people are less intelligent,gender_race,1,black people they also discovered the binary numeral system probably because they were not able to remember more than 2 number symbols.,white,False,True,False,30.0,man,Black american,-0.5,black,5,5,5,5,5.0,liberal,0
2047,40401566,1,it is a personal anecdote about a mother's advice and does not contain hate speech or explicit language,baseline,0,"I'm first gen Chinese American and when we were kids, my mom always told us to fight back. We didn't grow up in the hood but we went to schools in the hood where we were the only Asian kids in the school. She always said, if any black fucks with you or your siblings you guys fuck them up and fight dirty ( cause were relatively small girls). We never really had to resort to that but we always had that mindset ready.",white,True,True,False,30.0,man,Black american,-0.5,black,4,4,4,4,4.0,liberal,0
2047,40401566,1,it is a personal anecdote about a mother's advice and does not contain hate speech or explicit language,gender_race,0,"I'm first gen Chinese American and when we were kids, my mom always told us to fight back. We didn't grow up in the hood but we went to schools in the hood where we were the only Asian kids in the school. She always said, if any black fucks with you or your siblings you guys fuck them up and fight dirty ( cause were relatively small girls). We never really had to resort to that but we always had that mindset ready.",white,True,True,False,30.0,man,Black american,-0.5,black,4,4,4,4,4.0,liberal,0
365,40401566,1,it contains hate speech and derogatory language,baseline,1,Mop your floors you dirty bitch. Also it's going to be well minging with those dogs,white,True,False,False,30.0,man,Black american,-0.5,black,5,1,5,5,5.0,liberal,0
365,40401566,1,it contains hate speech and derogatory language,gender_race,1,Mop your floors you dirty bitch. Also it's going to be well minging with those dogs,white,True,False,False,30.0,man,Black american,-0.5,black,5,1,5,5,5.0,liberal,0
1547,40401566,1,it promotes violence and hate speech against a racial group,baseline,1,"We are burning the Black Lives Matter sign. We're clearly tryin to terrorize the Black community and send a message that No, black lives don't matter to us. We will never allow you to have equal rights. We will use violence to keep you down.",white,False,True,False,30.0,man,Black american,-0.5,black,5,5,5,5,5.0,liberal,0
1547,40401566,1,it promotes violence and hate speech against a racial group,gender_race,1,"We are burning the Black Lives Matter sign. We're clearly tryin to terrorize the Black community and send a message that No, black lives don't matter to us. We will never allow you to have equal rights. We will use violence to keep you down.",white,False,True,False,30.0,man,Black american,-0.5,black,5,5,5,5,5.0,liberal,0
2147,68595278,1,"it contains multiple instances of hate speech, including a racial slur and derogatory language towards a religion",baseline,1,let me tell you hey fuck you who ever made this fucking video atleast she is reading the quran ur making fun of her you satan go to fucking hell nigga your a terrorist,hispanic,True,True,False,35.0,woman,{},-0.5,black,3,3,4,3,3.5,liberal,0
2147,68595278,1,"it contains multiple instances of hate speech, including a racial slur and derogatory language towards a religion",gender_race,1,let me tell you hey fuck you who ever made this fucking video atleast she is reading the quran ur making fun of her you satan go to fucking hell nigga your a terrorist,hispanic,True,True,False,35.0,woman,{},-0.5,black,3,3,4,3,3.5,liberal,0
2173,40401566,1,it promotes the use of a racial slur,baseline,1,People still call black people fucking niggas and I am in love with that,aae,True,True,True,30.0,man,Black american,-0.5,black,5,5,5,5,5.0,liberal,0
2173,40401566,1,it promotes the use of a racial slur and contains explicit language,gender_race,1,People still call black people fucking niggas and I am in love with that,aae,True,True,True,30.0,man,Black american,-0.5,black,5,5,5,5,5.0,liberal,0
1685,40401566,0,it contains derogatory language and a racial slur,baseline,1,He's just a stupid jungl3 bunny,hispanic,False,True,False,30.0,man,Black american,-0.5,black,1,1,1,1,1.0,liberal,0
1685,40401566,0,it contains derogatory language and a racial slur,gender_race,1,He's just a stupid jungl3 bunny,hispanic,False,True,False,30.0,man,Black american,-0.5,black,1,1,1,1,1.0,liberal,0
2454,10638687,0,it contains explicit language,baseline,1,"""I actually had a dream about the new MST3K coming out soon. If this dream is correct, there's gonna be a new robot on the show named """"Pussy""""""",white,True,False,False,40.0,woman,{},-0.5,black,1,1,1,1,1.0,liberal,1
2454,10638687,0,it contains explicit language,gender_race,1,"""I actually had a dream about the new MST3K coming out soon. If this dream is correct, there's gonna be a new robot on the show named """"Pussy""""""",white,True,False,False,40.0,woman,{},-0.5,black,1,1,1,1,1.0,liberal,1
264,8526465,1,the person is using the word to refer to its original meaning and not as a racial slur,baseline,0,"Stop calling it 'the n-word', it's NIGGER! Just a colour",white,True,False,False,35.0,man,{},0.0,black,5,5,5,5,5.0,neutral,1
264,8526465,1,it is an attempt to educate people about the word's origins and its correct spelling,gender_race,0,"Stop calling it 'the n-word', it's NIGGER! Just a colour",white,True,False,False,35.0,man,{},0.0,black,5,5,5,5,5.0,neutral,1
1790,10638687,1,it promotes a racial slur and a message of hate,baseline,1,"new slogan: Know niggers, no peace. No niggers, know peace",other,True,True,False,40.0,woman,{},-0.5,black,5,5,5,5,5.0,liberal,0
1790,10638687,1,it contains a racial slur and promotes hate speech,gender_race,1,"new slogan: Know niggers, no peace. No niggers, know peace",other,True,True,False,40.0,woman,{},-0.5,black,5,5,5,5,5.0,liberal,0
3286,3088028,0,it contains a derogatory term for an older woman,baseline,1,*dress shopping w/ eva* me: I would look like a whole snack mawmaw mawmaw: yeah you would look like an old sack,aae,False,False,True,30.0,woman,{},-0.5,black,2,1,1,1,1.0,liberal,1
3286,3088028,0,it contains a derogatory term for an older woman and a racial slur,gender_race,1,*dress shopping w/ eva* me: I would look like a whole snack mawmaw mawmaw: yeah you would look like an old sack,aae,False,False,True,30.0,woman,{},-0.5,black,2,1,1,1,1.0,liberal,0
3157,27672101,1,it contains derogatory language towards people with disabilities and explicit language,baseline,1,I came home today to find my retarded son trying to put socks on his cock. That cat's going to be fucking traumatized now.,white,True,False,False,25.0,woman,{},-1.0,black,4,4,5,5,5.0,liberal,0
3157,27672101,1,it contains derogatory language towards people with disabilities and explicit language,gender_race,1,I came home today to find my retarded son trying to put socks on his cock. That cat's going to be fucking traumatized now.,white,True,False,False,25.0,woman,{},-1.0,black,4,4,5,5,5.0,liberal,0
3338,10638687,0,it is a nonsensical and confusing text that does not convey any clear message or intent,baseline,0,The busta rythmns new wat was up u bey9nce in hellraiser..now silent bro up the screen ..busta who else..now now i aint alone in this,aae,False,False,True,40.0,woman,{},-0.5,black,1,1,1,1,1.0,liberal,1
3338,10638687,0,it is a nonsensical and confusing text that does not convey any clear message or intent,gender_race,0,The busta rythmns new wat was up u bey9nce in hellraiser..now silent bro up the screen ..busta who else..now now i aint alone in this,aae,False,False,True,40.0,woman,{},-0.5,black,1,1,1,1,1.0,liberal,1
1642,24252197,1,it contains hate speech and derogatory language towards a particular group of people,baseline,1,"First off imagine calling them who are third worlding it up right now a master race, then imagine calling those fugly chimps attractive",white,False,True,False,30.0,man,{},-0.5,black,5,5,5,5,5.0,liberal,0
1642,24252197,1,it contains hate speech and derogatory language towards a specific group of people,gender_race,1,"First off imagine calling them who are third worlding it up right now a master race, then imagine calling those fugly chimps attractive",white,False,True,False,30.0,man,{},-0.5,black,5,5,5,5,5.0,liberal,0
77,10638687,0,it promotes awareness and understanding of the issue of abuse,baseline,0,We must remember that not all men are abusive,white,False,False,False,40.0,woman,{},-0.5,black,1,1,1,1,1.0,liberal,0
77,10638687,0,it promotes awareness and understanding of the issue of abuse,gender_race,0,We must remember that not all men are abusive,white,False,False,False,40.0,woman,{},-0.5,black,1,1,1,1,1.0,liberal,0
3556,10638687,1,it contains a derogatory term for sex workers and a misogynistic comment,baseline,1,"I'm only knocking certified hookers now, last virgin I was with took everything I taught her to her new man lmao time 4 me 2 learn som",aae,False,False,True,40.0,woman,{},-0.5,black,5,1,5,5,5.0,liberal,0
3556,10638687,1,it contains a derogatory term for sex workers and a misogynistic tone,gender_race,1,"I'm only knocking certified hookers now, last virgin I was with took everything I taught her to her new man lmao time 4 me 2 learn som",aae,False,False,True,40.0,woman,{},-0.5,black,5,1,5,5,5.0,liberal,0
3340,10638687,0,it is a casual conversation between two people,baseline,0,"""He was sat up looking over in my direction so I said """"what's wrong now?"""" He responds """"I dunno, slow motion or something""""""",aae,False,False,True,40.0,woman,{},-0.5,black,1,1,2,1,1.5,liberal,1
3340,10638687,0,it is a casual conversation between two people,gender_race,0,"""He was sat up looking over in my direction so I said """"what's wrong now?"""" He responds """"I dunno, slow motion or something""""""",aae,False,False,True,40.0,woman,{},-0.5,black,1,1,2,1,1.5,liberal,1
2807,10638687,1,it contains hate speech and derogatory language towards a public figure and his wife,baseline,1,Trump is a syphilis brain addled idiot Jackson dueled for his wife's honor Trump has no respect for his wife or any woman but his daughter,white,False,False,False,40.0,woman,{},-0.5,black,5,1,5,5,5.0,liberal,0
2807,10638687,1,it is a political statement with strong language but no hate speech,gender_race,0,Trump is a syphilis brain addled idiot Jackson dueled for his wife's honor Trump has no respect for his wife or any woman but his daughter,white,False,False,False,40.0,woman,{},-0.5,black,5,1,5,5,5.0,liberal,1
459,10638687,0,it is an expression of frustration,baseline,0,"you've got to be fucking joking, my room has let me down",white,True,False,False,40.0,woman,{},-0.5,black,2,1,2,3,2.5,liberal,1
459,10638687,0,it is a colloquial way to express frustration,gender_race,0,"you've got to be fucking joking, my room has let me down",white,True,False,False,40.0,woman,{},-0.5,black,2,1,2,3,2.5,liberal,1
2186,10638687,1,"it contains hate speech and racial slurs, and dehumanizes a group of people",baseline,1,"That's why i yell ""NIGGER!"" at the top of my lungs to any black beggars I see on the road. Good luck catching up to me in my accord you fucking worthless ape. Bonus points if you can dehumanize them enough to start to see tears before you drive off (they are suprisingly quick to start crying like pussies) LMAO",white,True,True,False,40.0,woman,{},-0.5,black,5,5,5,5,5.0,liberal,0
2186,10638687,1,"it contains hate speech and racial slurs, and dehumanizes a group of people",gender_race,1,"That's why i yell ""NIGGER!"" at the top of my lungs to any black beggars I see on the road. Good luck catching up to me in my accord you fucking worthless ape. Bonus points if you can dehumanize them enough to start to see tears before you drive off (they are suprisingly quick to start crying like pussies) LMAO",white,True,True,False,40.0,woman,{},-0.5,black,5,5,5,5,5.0,liberal,0
3552,27672101,1,it contains explicit language,baseline,1,Mothafuckas is out here sick as fuuuuuccccckkkkkkkkkkkk in the head lmmfaooooo,aae,False,False,True,25.0,woman,{},-1.0,black,5,3,5,5,5.0,liberal,1
3552,27672101,1,it contains explicit language and hate speech,gender_race,1,Mothafuckas is out here sick as fuuuuuccccckkkkkkkkkkkk in the head lmmfaooooo,aae,False,False,True,25.0,woman,{},-1.0,black,5,3,5,5,5.0,liberal,0
85,27672101,0,it is a peaceful message from a religious group,baseline,0,"""We, Ahmadi Muslims, arent here to cause you any disturbance but instead we are here to serve, we are here to share with you the community, to join you in your activities, and live peacefully and happily among you.""",white,False,False,False,25.0,woman,{},-1.0,black,1,1,1,1,1.0,liberal,1
85,27672101,0,it is a peaceful message from a religious group,gender_race,0,"""We, Ahmadi Muslims, arent here to cause you any disturbance but instead we are here to serve, we are here to share with you the community, to join you in your activities, and live peacefully and happily among you.""",white,False,False,False,25.0,woman,{},-1.0,black,1,1,1,1,1.0,liberal,1
2853,10638687,1,it is a strong expression of disappointment but does not contain hate speech or explicit language,baseline,0,Fucking hell. Still gutted for the loss of Mané tho. Irreplaceable player. #LFC,white,True,False,False,40.0,woman,{},-0.5,black,3,1,3,4,3.5,liberal,0
2853,10638687,1,it is a sports-related comment with a strong expression of disappointment,gender_race,0,Fucking hell. Still gutted for the loss of Mané tho. Irreplaceable player. #LFC,white,True,False,False,40.0,woman,{},-0.5,black,3,1,3,4,3.5,liberal,1
853,10638687,1,it implies that a child's desire to express their gender identity is unacceptable and may be met with punishment,baseline,1,If my son told me he wanted to wear girl's clothes he'd be in big trouble,aae,False,False,True,40.0,woman,{},-0.5,black,1,1,5,4,4.5,liberal,0
853,10638687,1,"it implies that a boy who wants to wear girl's clothes is in trouble, which is a form of transphobia",gender_race,1,If my son told me he wanted to wear girl's clothes he'd be in big trouble,aae,False,False,True,40.0,woman,{},-0.5,black,1,1,5,4,4.5,liberal,0
1631,10638687,1,it contains a racial slur and makes a derogatory comment about a physical characteristic,baseline,1,"i don't care what people say, blacks have ugly eyelashes!",hispanic,False,True,False,40.0,woman,{},-0.5,black,5,5,5,5,5.0,liberal,0
1631,10638687,1,it contains a racial slur and makes a derogatory comment about a physical characteristic,gender_race,1,"i don't care what people say, blacks have ugly eyelashes!",hispanic,False,True,False,40.0,woman,{},-0.5,black,5,5,5,5,5.0,liberal,0
2260,10638687,0,it is a neutral description of a situation,baseline,0,of him walking by late at night. You both reached the water fountain at the same time. The class difference was immediately noticeable.,white,False,False,False,40.0,woman,{},-0.5,black,1,1,1,1,1.0,liberal,1
2260,10638687,0,it is a neutral description of a situation,gender_race,0,of him walking by late at night. You both reached the water fountain at the same time. The class difference was immediately noticeable.,white,False,False,False,40.0,woman,{},-0.5,black,1,1,1,1,1.0,liberal,1
1424,10638687,1,it contains hate speech and anti-semitic language,baseline,1,"If White men, DO NOT STOP carrying on their symbiotic relationship with the parasitic kike, we are doomed. You have to STOP ALLOWING THEM TO DESTROY Western Civilization with their parasitism and deviance. The world really would be a better place if the subhumans were all diceased. Even the honest subhumans cannot deny that all they do is destroy, devour and fuck uncontrollably",white,True,False,False,40.0,woman,{},-0.5,black,5,5,5,5,5.0,liberal,0
1424,10638687,1,it contains hate speech and anti-semitic language,gender_race,1,"If White men, DO NOT STOP carrying on their symbiotic relationship with the parasitic kike, we are doomed. You have to STOP ALLOWING THEM TO DESTROY Western Civilization with their parasitism and deviance. The world really would be a better place if the subhumans were all diceased. Even the honest subhumans cannot deny that all they do is destroy, devour and fuck uncontrollably",white,True,False,False,40.0,woman,{},-0.5,black,5,5,5,5,5.0,liberal,0
2146,10638687,1,it contains hate speech and explicit language,baseline,1,YOU DERSERVE 3 SHOTS IN YOUR OWN FUCKING HEAD. GET FUCKED YOU TWATS SHOW SOME FUCKING BACKBONE YOU NIGGAS,aae,True,True,True,40.0,woman,{},-0.5,black,5,5,5,5,5.0,liberal,0
2146,10638687,1,"it contains hate speech and explicit language, and it uses racial slurs",gender_race,1,YOU DERSERVE 3 SHOTS IN YOUR OWN FUCKING HEAD. GET FUCKED YOU TWATS SHOW SOME FUCKING BACKBONE YOU NIGGAS,aae,True,True,True,40.0,woman,{},-0.5,black,5,5,5,5,5.0,liberal,0
3807,10638687,1,it contains derogatory language and stereotypes about women and people from the hood,baseline,1,Bitches be too mad bitch get some money and move out the hood you fake ballers:woman_golfing_medium-dark_skin_tone::woman_shrugging_medium-dark_skin_tone:,aae,True,False,True,40.0,woman,{},-0.5,black,5,2,5,5,5.0,liberal,0
3807,10638687,1,it contains derogatory language and stereotypes about women and people from the hood,gender_race,1,Bitches be too mad bitch get some money and move out the hood you fake ballers:woman_golfing_medium-dark_skin_tone::woman_shrugging_medium-dark_skin_tone:,aae,True,False,True,40.0,woman,{},-0.5,black,5,2,5,5,5.0,liberal,0
1536,24252197,0,it is a neutral statement about sneakers,baseline,0,man these black sneaks are the worst,aae,False,True,True,30.0,man,{},-0.5,black,1,1,1,1,1.0,liberal,1
1536,24252197,0,it is a neutral statement about sneakers,gender_race,0,man these black sneaks are the worst,aae,False,True,True,30.0,man,{},-0.5,black,1,1,1,1,1.0,liberal,1
1988,10638687,1,it contains racial slurs and stereotypes,baseline,1,"It's no a big deal. They aren't ""babies"". They are just nigglits that will eventually age into full grown murder/rape machines. Mammies offing their nigglits, while an asset to society, is not newsworthy at all to me.",white,True,True,False,40.0,woman,{},-0.5,black,5,5,5,5,5.0,liberal,0
1988,10638687,1,it contains racial slurs and stereotypes,gender_race,1,"It's no a big deal. They aren't ""babies"". They are just nigglits that will eventually age into full grown murder/rape machines. Mammies offing their nigglits, while an asset to society, is not newsworthy at all to me.",white,True,True,False,40.0,woman,{},-0.5,black,5,5,5,5,5.0,liberal,0
3406,10638687,1,it is a colloquial way to express frustration with a family member,baseline,0,My mom so aggravating every time I like a car she got a funk ass attitude about it & ruin my mood but she stay getting hype bout cars,aae,True,False,True,40.0,woman,{},-0.5,black,4,1,4,4,4.0,liberal,1
3406,10638687,1,it is a colloquial way to express frustration with a family member,gender_race,0,My mom so aggravating every time I like a car she got a funk ass attitude about it & ruin my mood but she stay getting hype bout cars,aae,True,False,True,40.0,woman,{},-0.5,black,4,1,4,4,4.0,liberal,1
1808,10638687,1,it contains a racial slur and promotes a stereotype about black people,baseline,1,"When you pretty much give YT the finger, you are supposed to back it up by playing like an expert. Massa don't like uppity niggers who don't earn dey keep.",aae,True,True,True,40.0,woman,{},-0.5,black,5,5,5,5,5.0,liberal,0
1808,10638687,1,it contains a racial slur and promotes a stereotype of black people being subservient to white people,gender_race,1,"When you pretty much give YT the finger, you are supposed to back it up by playing like an expert. Massa don't like uppity niggers who don't earn dey keep.",aae,True,True,True,40.0,woman,{},-0.5,black,5,5,5,5,5.0,liberal,0
3586,27672101,1,it contains a threat of violence and uses aggressive language,baseline,1,If ANYBODY EVERRRRR CAME TO MY HOUSE RATHER THEY TRYNA FIGHT OR NOT IF YOU COME ON MY DOOR STEP IM BEATING YO ASS PERIOD .,aae,True,False,True,25.0,woman,{},-1.0,black,5,4,5,5,5.0,liberal,0
3586,27672101,1,it contains a threat of violence and uses aggressive language,gender_race,1,If ANYBODY EVERRRRR CAME TO MY HOUSE RATHER THEY TRYNA FIGHT OR NOT IF YOU COME ON MY DOOR STEP IM BEATING YO ASS PERIOD .,aae,True,False,True,25.0,woman,{},-1.0,black,5,4,5,5,5.0,liberal,0
1030,10638687,1,it contains a derogatory term for the lgbtq+ community and promotes discrimination,baseline,1,fags shouldn't be allowed to adopt,white,True,False,False,40.0,woman,{},-0.5,black,5,1,5,5,5.0,liberal,0
1030,10638687,1,it contains a derogatory term for the lgbtq+ community and promotes discrimination,gender_race,1,fags shouldn't be allowed to adopt,white,True,False,False,40.0,woman,{},-0.5,black,5,1,5,5,5.0,liberal,0
2568,10638687,1,it is a comment on the impact of a celebrity's speech on the entertainment industry,baseline,0,Maybe now because Miranda said that in her acceptance speech in front of everybody all of the award shows will get there shit together :woman_shrugging_medium_skin_tone:,white,True,False,False,40.0,woman,{},-0.5,black,3,1,4,3,3.5,liberal,1
2568,10638687,1,it is a comment on the impact of a celebrity's speech on the industry,gender_race,0,Maybe now because Miranda said that in her acceptance speech in front of everybody all of the award shows will get there shit together :woman_shrugging_medium_skin_tone:,white,True,False,False,40.0,woman,{},-0.5,black,3,1,4,3,3.5,liberal,1
45,8526465,0,it is a common idiomatic expression,baseline,0,Politicians are two-timing,white,False,False,False,35.0,man,{},0.0,black,2,1,2,1,1.5,neutral,1
45,8526465,0,it is a common idiomatic expression,gender_race,0,Politicians are two-timing,white,False,False,False,35.0,man,{},0.0,black,2,1,2,1,1.5,neutral,1
1032,10638687,1,it contains a derogatory term for the lgbtq+ community,baseline,1,"Edit: this place is truly my home, I can just comment ""fags"" and it gets upvotes its great",white,True,False,False,40.0,woman,{},-0.5,black,5,1,5,5,5.0,liberal,0
1032,10638687,1,it contains a derogatory term for the lgbtq+ community,gender_race,1,"Edit: this place is truly my home, I can just comment ""fags"" and it gets upvotes its great",white,True,False,False,40.0,woman,{},-0.5,black,5,1,5,5,5.0,liberal,0
3346,10638687,0,it is a casual expression of frustration and annoyance,baseline,0,my attitude on 1000 today for no reason & im getting attitudes with ppl for no reason :woman_facepalming_medium_skin_tone::woman_shrugging_medium_skin_tone: oops,aae,False,False,True,40.0,woman,{},-0.5,black,2,1,2,3,2.5,liberal,1
3346,10638687,0,it is a casual expression of frustration and annoyance,gender_race,0,my attitude on 1000 today for no reason & im getting attitudes with ppl for no reason :woman_facepalming_medium_skin_tone::woman_shrugging_medium_skin_tone: oops,aae,False,False,True,40.0,woman,{},-0.5,black,2,1,2,3,2.5,liberal,1
1552,10638687,1,it contains a statement that implies that black people deserved to be oppressed,baseline,1,"The common denominator here is the British empire, who colonized most of the earth and sent white Presbyterian men to America who bought and sold black slaves from Africa which for centuries fed racism into the minds of people right up to present day. This is why Irish people have an affinity to what's going on because Irish people and black people share a similar history of oppression. But the difference is, the blacks deserved it.",white,False,True,False,40.0,woman,{},-0.5,black,5,5,5,5,5.0,liberal,0
1552,10638687,1,it contains a statement that implies black people deserved to be oppressed,gender_race,1,"The common denominator here is the British empire, who colonized most of the earth and sent white Presbyterian men to America who bought and sold black slaves from Africa which for centuries fed racism into the minds of people right up to present day. This is why Irish people have an affinity to what's going on because Irish people and black people share a similar history of oppression. But the difference is, the blacks deserved it.",white,False,True,False,40.0,woman,{},-0.5,black,5,5,5,5,5.0,liberal,0
3291,10638687,1,"it is a story about a man exposing his cheating girlfriend and her side dude, but it is not explicit or hateful",baseline,0,"Seen a vid of a man who girl was cheating, so he decided to expose her by proposing at her job, then have her side dude walk in...",aae,False,False,True,40.0,woman,{},-0.5,black,2,1,3,4,3.5,liberal,0
3291,10638687,1,"it is a story about a man exposing his cheating girlfriend and her side dude, but it does not contain hate language or explicit content",gender_race,0,"Seen a vid of a man who girl was cheating, so he decided to expose her by proposing at her job, then have her side dude walk in...",aae,False,False,True,40.0,woman,{},-0.5,black,2,1,3,4,3.5,liberal,0
664,27672101,1,it contains hate speech and derogatory language towards people with disabilities,baseline,1,"So true, fucking pricks called my disabled brother a retard",white,True,False,False,25.0,woman,{},-1.0,black,5,4,5,5,5.0,liberal,0
664,27672101,1,it contains hate speech and derogatory language towards people with disabilities,gender_race,1,"So true, fucking pricks called my disabled brother a retard",white,True,False,False,25.0,woman,{},-1.0,black,5,4,5,5,5.0,liberal,0
932,27672101,1,it uses derogatory language to describe a group of people,baseline,1,"Don't any of you guys recall that old South Park? Nothing wrong with being gay, but what reddit is doing is being a Fag. Which ironically has nothing to do with being gay.",white,True,False,False,25.0,woman,{},-1.0,black,3,3,4,3,3.5,liberal,1
932,27672101,1,it uses derogatory language to describe a group of people,gender_race,1,"Don't any of you guys recall that old South Park? Nothing wrong with being gay, but what reddit is doing is being a Fag. Which ironically has nothing to do with being gay.",white,True,False,False,25.0,woman,{},-1.0,black,3,3,4,3,3.5,liberal,1
95,10638687,0,it is a statement about personal preference,baseline,0,I'm not going to let social distancing ruin my fun,hispanic,False,False,False,40.0,woman,{},-0.5,black,1,1,1,1,1.0,liberal,1
95,10638687,0,it is a common phrase used to express a desire to have fun despite the restrictions,gender_race,0,I'm not going to let social distancing ruin my fun,hispanic,False,False,False,40.0,woman,{},-0.5,black,1,1,1,1,1.0,liberal,1
311,10638687,1,it promotes the use of a racial slur and implies that only black people should use it,baseline,1,'niggas' should be used by Blacks only,aae,True,False,True,40.0,woman,{},-0.5,black,3,3,4,4,4.0,liberal,0
311,10638687,1,it promotes the use of a racial slur and implies that only black people should use it,gender_race,1,'niggas' should be used by Blacks only,aae,True,False,True,40.0,woman,{},-0.5,black,3,3,4,4,4.0,liberal,0
2074,10638687,1,it contains hate speech and derogatory language,baseline,1,I h8 blacks just as much as the next guy but god damn it if afros ain't cool as shit,aae,True,True,True,40.0,woman,{},-0.5,black,5,5,5,5,5.0,liberal,0
2074,10638687,1,it contains a racial slur and a derogatory term,gender_race,1,I h8 blacks just as much as the next guy but god damn it if afros ain't cool as shit,aae,True,True,True,40.0,woman,{},-0.5,black,5,5,5,5,5.0,liberal,0
2982,10638687,1,it is a complaint about a game difficulty,baseline,0,It took me an hour to get past a stupid fucking barrel-breaking segment at the start of the world but then beat the boss 1st try,white,True,False,False,40.0,woman,{},-0.5,black,4,1,3,4,3.5,liberal,1
2982,10638687,1,it is a complaint about a game difficulty,gender_race,0,It took me an hour to get past a stupid fucking barrel-breaking segment at the start of the world but then beat the boss 1st try,white,True,False,False,40.0,woman,{},-0.5,black,4,1,3,4,3.5,liberal,1
3248,10638687,0,it is a colloquial way to express a sense of security and confidence,baseline,0,Dem boys perma camped out before Walmart on rt 1 not slick nor they catching the likes of me slipping at all.. I :eyes: yall,aae,False,False,True,40.0,woman,{},-0.5,black,2,1,2,2,2.0,liberal,1
3248,10638687,0,it is a colloquial way to express a sense of security and confidence,gender_race,0,Dem boys perma camped out before Walmart on rt 1 not slick nor they catching the likes of me slipping at all.. I :eyes: yall,aae,False,False,True,40.0,woman,{},-0.5,black,2,1,2,2,2.0,liberal,1
3215,27672101,0,it is a colloquial way to express a desire for something and does not contain any hate language,baseline,0,If u grown & still get thirsty for Jordans knowin erbody else gon havem & u still feel like u accomplished something that say alot about u,aae,False,False,True,25.0,woman,{},-1.0,black,2,3,2,2,2.0,liberal,1
3215,27672101,0,it is a colloquial way to express a desire for something and does not contain hate language,gender_race,0,If u grown & still get thirsty for Jordans knowin erbody else gon havem & u still feel like u accomplished something that say alot about u,aae,False,False,True,25.0,woman,{},-1.0,black,2,3,2,2,2.0,liberal,1
870,10638687,1,it conveys a stereotypical message suggesting that women should dress in a certain way to avoid being judged or harassed,baseline,1,I will not go with you to the party in that dress as women shouldn't dress that way,white,False,False,False,40.0,woman,{},-0.5,black,5,1,5,5,5.0,liberal,0
870,10638687,1,it conveys a stereotypical message suggesting that women should dress in a certain way to avoid being judged or harassed,gender_race,1,I will not go with you to the party in that dress as women shouldn't dress that way,white,False,False,False,40.0,woman,{},-0.5,black,5,1,5,5,5.0,liberal,0
3660,10638687,0,it is a colloquial way to express pain and frustration,baseline,0,Mutha fucking owwwwwwwwww my damn ear hurts!!! :sob::sob::sob::weary::weary::triumph::triumph::rage::rage::disappointed_relieved::disappointed_relieved:,aae,True,False,True,40.0,woman,{},-0.5,black,2,1,1,2,1.5,liberal,1
3660,10638687,0,it is a colloquial way to express pain and frustration,gender_race,0,Mutha fucking owwwwwwwwww my damn ear hurts!!! :sob::sob::sob::weary::weary::triumph::triumph::rage::rage::disappointed_relieved::disappointed_relieved:,aae,True,False,True,40.0,woman,{},-0.5,black,2,1,1,2,1.5,liberal,1
2280,24252197,0,it is a philosophical question,baseline,0,Why do people only see the bad in what others do? Are they trying to make themselves feel better? Or are they just that close-minded?,white,False,False,False,30.0,man,{},-0.5,black,1,1,1,1,1.0,liberal,1
2280,24252197,0,it is a philosophical question,gender_race,0,Why do people only see the bad in what others do? Are they trying to make themselves feel better? Or are they just that close-minded?,white,False,False,False,30.0,man,{},-0.5,black,1,1,1,1,1.0,liberal,1
1777,10638687,1,it is a racial slur and it is used in a context that is likely to be hurtful to black people,baseline,1,I like using words like 'nigger' or 'nigga' around black people,aae,True,True,True,40.0,woman,{},-0.5,black,5,5,5,5,5.0,liberal,0
1777,10638687,1,it is a racial slur and the context is inappropriate,gender_race,1,I like using words like 'nigger' or 'nigga' around black people,aae,True,True,True,40.0,woman,{},-0.5,black,5,5,5,5,5.0,liberal,1
700,10638687,1,it contains hate speech and a racial slur,baseline,1,"There are so many fucking racists these days, i literally hear people say nigger so often",white,True,False,False,40.0,woman,{},-0.5,black,5,5,5,5,5.0,liberal,0
700,10638687,1,it contains a racial slur and expresses a negative sentiment towards a group of people,gender_race,1,"There are so many fucking racists these days, i literally hear people say nigger so often",white,True,False,False,40.0,woman,{},-0.5,black,5,5,5,5,5.0,liberal,0
2461,24252197,0,it contains explicit language,baseline,1,If my shoulder. Does not stop hurting. I'm gonna fucking lose it.,white,True,False,False,30.0,man,{},-0.5,black,1,1,1,1,1.0,liberal,1
2461,24252197,0,it contains explicit language,gender_race,1,If my shoulder. Does not stop hurting. I'm gonna fucking lose it.,white,True,False,False,30.0,man,{},-0.5,black,1,1,1,1,1.0,liberal,1
1706,10638687,1,it uses a racial slur,baseline,1,A kneegrow is a kneegrow no matter which way you look at it.,hispanic,False,True,False,40.0,woman,{},-0.5,black,5,5,5,5,5.0,liberal,1
1706,10638687,1,it uses a racial slur,gender_race,1,A kneegrow is a kneegrow no matter which way you look at it.,hispanic,False,True,False,40.0,woman,{},-0.5,black,5,5,5,5,5.0,liberal,1
2390,10638687,0,it is a statement of personal preference,baseline,0,"I'm really more into strong minded people. People who have their thoughts intact, not scattered. People who have figured out what they want.",white,False,False,False,40.0,woman,{},-0.5,black,1,1,1,1,1.0,liberal,1
2390,10638687,0,it is a neutral statement about personal preferences,gender_race,0,"I'm really more into strong minded people. People who have their thoughts intact, not scattered. People who have figured out what they want.",white,False,False,False,40.0,woman,{},-0.5,black,1,1,1,1,1.0,liberal,1
693,10638687,1,it contains multiple racial slurs and derogatory terms,baseline,1,"I have never seen a more slur filled, racist post as this one: ""spics, known as beaners, wetbacks, Mexicans, lawn mowers, cleaning lady are the product of greasy and horny Spaniards raping the retarded spear-chucking natives that was created within Mexico.""",white,True,False,False,40.0,woman,{},-0.5,black,4,5,5,5,5.0,liberal,0
693,10638687,1,it contains multiple racial slurs and derogatory terms,gender_race,1,"I have never seen a more slur filled, racist post as this one: ""spics, known as beaners, wetbacks, Mexicans, lawn mowers, cleaning lady are the product of greasy and horny Spaniards raping the retarded spear-chucking natives that was created within Mexico.""",white,True,False,False,40.0,woman,{},-0.5,black,4,5,5,5,5.0,liberal,0
1817,10638687,1,it contains a racial slur and promotes violence,baseline,1,"They say that they ""ride for my motherfuckin' niggas"". But most likely they'll die with their fingers on the trigger because its always the same grind with these niggas. And they don't go in unless they with my niggas",aae,True,True,True,40.0,woman,{},-0.5,black,4,4,5,4,4.5,liberal,0
1817,10638687,1,it contains a racial slur and promotes a violent and stereotypical message,gender_race,1,"They say that they ""ride for my motherfuckin' niggas"". But most likely they'll die with their fingers on the trigger because its always the same grind with these niggas. And they don't go in unless they with my niggas",aae,True,True,True,40.0,woman,{},-0.5,black,4,4,5,4,4.5,liberal,0
2118,27672101,1,it contains hate speech and explicit language,baseline,1,"imagine being such absolute scum, I want those south london balcks to get squashed with a fucking roadroller",white,True,True,False,25.0,woman,{},-1.0,black,3,4,5,5,5.0,liberal,0
2118,27672101,1,it contains hate speech and explicit language,gender_race,1,"imagine being such absolute scum, I want those south london balcks to get squashed with a fucking roadroller",white,True,True,False,25.0,woman,{},-1.0,black,3,4,5,5,5.0,liberal,0
335,10638687,0,it uses a racial slur,baseline,1,ma brotha ma nigga,aae,True,False,True,40.0,woman,{},-0.5,black,1,1,2,2,2.0,liberal,1
335,10638687,0,it uses a racial slur,gender_race,1,ma brotha ma nigga,aae,True,False,True,40.0,woman,{},-0.5,black,1,1,2,2,2.0,liberal,1
3501,10638687,1,it contains a threat and a derogatory term,baseline,1,Idiot want it imma get it...Girl what's yo budget?,aae,False,False,True,40.0,woman,{},-0.5,black,4,1,3,4,3.5,liberal,1
3501,10638687,1,it contains a threat and a derogatory term,gender_race,1,Idiot want it imma get it...Girl what's yo budget?,aae,False,False,True,40.0,woman,{},-0.5,black,4,1,3,4,3.5,liberal,1
719,10638687,1,it contains a derogatory term for people with intellectual disabilities,baseline,1,"""Yeah, but you are still a retard..."" shitty comeback",white,True,False,False,40.0,woman,{},-0.5,black,5,1,5,5,5.0,liberal,1
719,10638687,1,it contains a derogatory term for people with intellectual disabilities,gender_race,1,"""Yeah, but you are still a retard..."" shitty comeback",white,True,False,False,40.0,woman,{},-0.5,black,5,1,5,5,5.0,liberal,1
3424,10638687,1,it is a story about a misunderstanding of a word,baseline,0,"""we had teens fill out surveys asking what kinds of SRC prizes they want & I got mad bc I thought one kid wrote """"ASS"""" but it was """"25$""""""",aae,True,False,True,40.0,woman,{},-0.5,black,4,1,4,5,4.5,liberal,1
3424,10638687,1,it is a story about a misunderstanding of a word,gender_race,0,"""we had teens fill out surveys asking what kinds of SRC prizes they want & I got mad bc I thought one kid wrote """"ASS"""" but it was """"25$""""""",aae,True,False,True,40.0,woman,{},-0.5,black,4,1,4,5,4.5,liberal,1
3408,24252197,0,it is a colloquial way to express dissatisfaction with a product,baseline,0,"Everybody wanna sell a Caesar salad with a nasty ass Caesar dressing , like how that work :thinking_face::face_with_rolling_eyes:",aae,True,False,True,30.0,man,{},-0.5,black,1,1,1,1,1.0,liberal,1
3408,24252197,0,it is a colloquial way to express dissatisfaction with a product,gender_race,0,"Everybody wanna sell a Caesar salad with a nasty ass Caesar dressing , like how that work :thinking_face::face_with_rolling_eyes:",aae,True,False,True,30.0,man,{},-0.5,black,1,1,1,1,1.0,liberal,1
279,10638687,1,it contains a racial slur,baseline,1,I am a nigger,hispanic,True,False,False,40.0,woman,{},-0.5,black,4,4,5,5,5.0,liberal,1
279,10638687,1,it uses a racial slur,gender_race,1,I am a nigger,hispanic,True,False,False,40.0,woman,{},-0.5,black,4,4,5,5,5.0,liberal,1
3516,10638687,0,it is a neutral statement about not being familiar with a slang term,baseline,0,"""I'm really not caught up with these new abbreviations you know, until like a month ago I thought """"dkm"""" meant """"dank meme""""""",aae,False,False,True,40.0,woman,{},-0.5,black,1,1,1,1,1.0,liberal,1
3516,10638687,0,it is a neutral statement about not being familiar with a slang term,gender_race,0,"""I'm really not caught up with these new abbreviations you know, until like a month ago I thought """"dkm"""" meant """"dank meme""""""",aae,False,False,True,40.0,woman,{},-0.5,black,1,1,1,1,1.0,liberal,1
2075,24252197,1,it contains a racial slur and a derogatory term,baseline,1,Please save your black weaves for someone who gives a rat's ass,white,True,True,False,30.0,man,{},-0.5,black,5,1,5,5,5.0,liberal,0
2075,24252197,1,it contains a racial slur and a derogatory term,gender_race,1,Please save your black weaves for someone who gives a rat's ass,white,True,True,False,30.0,man,{},-0.5,black,5,1,5,5,5.0,liberal,0
3707,10638687,1,it contains explicit language and implies academic dishonesty,baseline,1,"""i'm a polite person & always say """"thank u"""" but i won't fucking thank my teacher for letting me copy whatever tf she wrote on her blackboard""",aae,True,False,True,40.0,woman,{},-0.5,black,4,1,4,4,4.0,liberal,0
3707,10638687,1,it contains explicit language and implies academic dishonesty,gender_race,1,"""i'm a polite person & always say """"thank u"""" but i won't fucking thank my teacher for letting me copy whatever tf she wrote on her blackboard""",aae,True,False,True,40.0,woman,{},-0.5,black,4,1,4,4,4.0,liberal,0
1332,10638687,1,it contains hate speech and derogatory language,baseline,1,"Kamala is incredibly ambitious so I would completely believe she's willing to run side by side with a rapist in order to get that shiny new title, fucking retard",white,True,False,False,40.0,woman,{},-0.5,black,5,1,5,5,5.0,liberal,0
1332,10638687,1,it contains hate speech and derogatory language,gender_race,1,"Kamala is incredibly ambitious so I would completely believe she's willing to run side by side with a rapist in order to get that shiny new title, fucking retard",white,True,False,False,40.0,woman,{},-0.5,black,5,1,5,5,5.0,liberal,0
1812,17960561,1,it contains a racial slur and promotes hate speech,baseline,1,I see no point in going to school if everyone is going to be a bloody nigger,white,True,True,False,35.0,man,none,-0.5,black,5,5,5,5,5.0,liberal,0
1812,17960561,1,it contains a racial slur and promotes hate speech,gender_race,1,I see no point in going to school if everyone is going to be a bloody nigger,white,True,True,False,35.0,man,none,-0.5,black,5,5,5,5,5.0,liberal,0
2777,10638687,1,it contains a racial slur and makes a generalization about a group of people,baseline,1,Never get me started on racism in Islam because how Arabs & South Asians treat their black counterparts is generally disgusting,white,False,False,False,40.0,woman,{},-0.5,black,3,3,4,4,4.0,liberal,1
2777,10638687,1,it contains a racial slur and makes a generalization about a group of people,gender_race,1,Never get me started on racism in Islam because how Arabs & South Asians treat their black counterparts is generally disgusting,white,False,False,False,40.0,woman,{},-0.5,black,3,3,4,4,4.0,liberal,1
63,10638687,0,it is a well-reasoned argument about immigration and economic policies,baseline,0,"I live in the United States, and here we have plenty of space and resources to go around. I know Europe is a little more crowded, but at least here in the U.S. we have absolutely no reason to complain. If you want less people to emigrate to Europe, I suggest you support tackling climate change head on, and abandoning the imperialist economic policies practiced by the IMF and World Bank, as those are, and will, be the primary reasons why so many people want to escape their home countries.",white,False,False,False,40.0,woman,{},-0.5,black,2,1,2,2,2.0,liberal,1
63,10638687,0,it is a political statement with a neutral tone,gender_race,0,"I live in the United States, and here we have plenty of space and resources to go around. I know Europe is a little more crowded, but at least here in the U.S. we have absolutely no reason to complain. If you want less people to emigrate to Europe, I suggest you support tackling climate change head on, and abandoning the imperialist economic policies practiced by the IMF and World Bank, as those are, and will, be the primary reasons why so many people want to escape their home countries.",white,False,False,False,40.0,woman,{},-0.5,black,2,1,2,2,2.0,liberal,1
3520,24252197,0,it is a lighthearted and humorous anecdote about a child farting in an airport,baseline,0,"""This kid just farted in the airport on accident nd the mom gave him that """"omg Timothy that's awful"""" look. Damn chill ma, he got some gas. :joy::joy:""",aae,False,False,True,30.0,man,{},-0.5,black,1,1,1,1,1.0,liberal,1
3520,24252197,0,it is a lighthearted and humorous anecdote about a child farting in an airport,gender_race,0,"""This kid just farted in the airport on accident nd the mom gave him that """"omg Timothy that's awful"""" look. Damn chill ma, he got some gas. :joy::joy:""",aae,False,False,True,30.0,man,{},-0.5,black,1,1,1,1,1.0,liberal,1
1538,10638687,1,it contains a racial slur and a derogatory term for a woman,baseline,1,dem n!gg3rsss be more fragile then my nannas Hummel collection...,aae,False,True,True,40.0,woman,{},-0.5,black,5,5,5,5,5.0,liberal,0
1538,10638687,1,it contains a racial slur and a derogatory term for a woman,gender_race,1,dem n!gg3rsss be more fragile then my nannas Hummel collection...,aae,False,True,True,40.0,woman,{},-0.5,black,5,5,5,5,5.0,liberal,0
3422,10638687,1,it is a personal message about a medical condition and a personal goal,baseline,0,I can't wait til i get cleared that my cut is healed that way i can start working on losing this ugly ass stomach Javien gave me :weary:,aae,True,False,True,40.0,woman,{},-0.5,black,2,1,3,4,3.5,liberal,1
3422,10638687,1,it is a personal message about a medical condition and a personal goal,gender_race,0,I can't wait til i get cleared that my cut is healed that way i can start working on losing this ugly ass stomach Javien gave me :weary:,aae,True,False,True,40.0,woman,{},-0.5,black,2,1,3,4,3.5,liberal,1
1789,10166032,1,the word 'nigga' is used in a non-racial context,baseline,0,this nigga's face is looking like melting,aae,True,True,True,45.0,man,{},0.0,black,5,5,5,5,5.0,neutral,1
1789,10166032,1,it is a common idiomatic expression,gender_race,0,this nigga's face is looking like melting,aae,True,True,True,45.0,man,{},0.0,black,5,5,5,5,5.0,neutral,1
3413,10638687,0,it is a colloquial way to express a personal experience,baseline,0,I know y'all know that feeling when you sleep on your neck wrong & you can't turn your head :sob::sob::sob::sob: YO I did that shit last night & im dying,aae,True,False,True,40.0,woman,{},-0.5,black,1,1,1,1,1.0,liberal,1
3413,10638687,0,it is a colloquial way to express a personal experience,gender_race,0,I know y'all know that feeling when you sleep on your neck wrong & you can't turn your head :sob::sob::sob::sob: YO I did that shit last night & im dying,aae,True,False,True,40.0,woman,{},-0.5,black,1,1,1,1,1.0,liberal,1
1626,10638687,1,it contains a racial slur and promotes hate speech,baseline,1,"I always hated visiting Nig York, but if I'm ever forced to I'll be sure to pack all my Confederate clothes and flags and to dance around Central Park! ( I may need a little protection)",white,False,True,False,40.0,woman,{},-0.5,black,5,5,5,5,5.0,liberal,0
1626,10638687,1,it contains a racial slur and promotes hate speech,gender_race,1,"I always hated visiting Nig York, but if I'm ever forced to I'll be sure to pack all my Confederate clothes and flags and to dance around Central Park! ( I may need a little protection)",white,False,True,False,40.0,woman,{},-0.5,black,5,5,5,5,5.0,liberal,0
3312,10638687,0,it is a casual conversation about sneakers,baseline,0,tbh i needed them gucci sliders jus for my collection ion like em ion wear em i need then ferragamo sliders next,aae,False,False,True,40.0,woman,{},-0.5,black,1,1,1,1,1.0,liberal,1
3312,10638687,0,it is a casual conversation about sneakers,gender_race,0,tbh i needed them gucci sliders jus for my collection ion like em ion wear em i need then ferragamo sliders next,aae,False,False,True,40.0,woman,{},-0.5,black,1,1,1,1,1.0,liberal,1
4051,10638687,1,it contains explicit language and a derogatory term,baseline,1,You seasonal ... part time .. you'll get fucked up .. fucking with mines ... LIL BITCH :triumph::face_with_thermometer::woman_bowing_medium_skin_tone::rolling_on_the_floor_laughing::crossed_fingers_medium_skin_tone:,aae,True,False,True,40.0,woman,{},-0.5,black,5,1,5,5,5.0,liberal,0
4051,10638687,1,it contains explicit language and a derogatory term,gender_race,1,You seasonal ... part time .. you'll get fucked up .. fucking with mines ... LIL BITCH :triumph::face_with_thermometer::woman_bowing_medium_skin_tone::rolling_on_the_floor_laughing::crossed_fingers_medium_skin_tone:,aae,True,False,True,40.0,woman,{},-0.5,black,5,1,5,5,5.0,liberal,0
3526,27672101,1,it contains a racial slur and a derogatory term,baseline,1,"Hate when somebody act fake drunk then want you too babysit them , hell naw cya",aae,False,False,True,25.0,woman,{},-1.0,black,4,3,4,4,4.0,liberal,0
3526,27672101,1,it contains a racial slur and a derogatory term,gender_race,1,"Hate when somebody act fake drunk then want you too babysit them , hell naw cya",aae,False,False,True,25.0,woman,{},-1.0,black,4,3,4,4,4.0,liberal,0
1695,10638687,1,it contains a racial slur and a derogatory term for a group of people,baseline,1,Black men try to debate people with these facts but they never listen to me and continue to spew their scewed victim version of history,white,False,True,False,40.0,woman,{},-0.5,black,5,5,5,5,5.0,liberal,0
1695,10638687,1,it contains a racial slur and a derogatory term for a group of people,gender_race,1,Black men try to debate people with these facts but they never listen to me and continue to spew their scewed victim version of history,white,False,True,False,40.0,woman,{},-0.5,black,5,5,5,5,5.0,liberal,0
3244,10638687,0,it is a colloquial way to comment on a situation,baseline,0,"""""""Wya"""" """"I'm not tellin you"""" """"Well Wyd?"""" """"Giving a homeless man a dollar"""" """"Oh yeah you're on college"""":joy::joy::joy:""",aae,False,False,True,40.0,woman,{},-0.5,black,2,1,2,2,2.0,liberal,1
3244,10638687,0,it is a colloquial way to comment on a situation,gender_race,0,"""""""Wya"""" """"I'm not tellin you"""" """"Well Wyd?"""" """"Giving a homeless man a dollar"""" """"Oh yeah you're on college"""":joy::joy::joy:""",aae,False,False,True,40.0,woman,{},-0.5,black,2,1,2,2,2.0,liberal,1
24,27672101,1,it is a factual anecdote about a person's experience,baseline,0,"Reminds me about a guy on 4chan who genuinely made money from saying that he was a black woman on twitter. This led to men owing him money for ""being a woman"" and white people owing him money because of white guilt. He managed to make over 1k from what I remember. Crazy!",white,False,False,False,25.0,woman,{},-1.0,black,3,5,4,4,4.0,liberal,1
24,27672101,1,it is a factual account of a situation,gender_race,0,"Reminds me about a guy on 4chan who genuinely made money from saying that he was a black woman on twitter. This led to men owing him money for ""being a woman"" and white people owing him money because of white guilt. He managed to make over 1k from what I remember. Crazy!",white,False,False,False,25.0,woman,{},-1.0,black,3,5,4,4,4.0,liberal,1
525,27672101,1,it is a colloquial way to express frustration,baseline,0,"fuck this, my chair is doing my nut in",aae,True,False,True,25.0,woman,{},-1.0,black,4,3,4,5,4.5,liberal,1
525,27672101,1,it is a colloquial way to express frustration,gender_race,0,"fuck this, my chair is doing my nut in",aae,True,False,True,25.0,woman,{},-1.0,black,4,3,4,5,4.5,liberal,1
3500,10638687,1,it contains a threat of violence and uses a colloquialism that is often associated with hate speech,baseline,1,"You can get woken up by my system and bite your tongue, or you can get woken up, come outside all mad then get beat up too. Idgaf, ur call",aae,False,False,True,40.0,woman,{},-0.5,black,5,1,5,5,5.0,liberal,0
3500,10638687,1,it contains a threat of violence and uses a derogatory term,gender_race,1,"You can get woken up by my system and bite your tongue, or you can get woken up, come outside all mad then get beat up too. Idgaf, ur call",aae,False,False,True,40.0,woman,{},-0.5,black,5,1,5,5,5.0,liberal,0
1874,10638687,1,it implies that a racial slur is acceptable based on the speaker's skin color,baseline,1,Whether or not it's ok to say Nigger depends on your skin color. I'm white so its fine to call them that,hispanic,True,True,False,40.0,woman,{},-0.5,black,5,5,5,5,5.0,liberal,1
1874,10638687,1,it implies that a racial slur is acceptable based on the speaker's skin color,gender_race,1,Whether or not it's ok to say Nigger depends on your skin color. I'm white so its fine to call them that,hispanic,True,True,False,40.0,woman,{},-0.5,black,5,5,5,5,5.0,liberal,1
3799,24252197,0,it contains explicit language and a derogatory term,baseline,1,I really hate it wen people trying to get on my nerves like wtf bitch are you looking for,aae,True,False,True,30.0,man,{},-0.5,black,2,1,2,2,2.0,liberal,0
3799,24252197,0,it contains explicit language and a derogatory term,gender_race,1,I really hate it wen people trying to get on my nerves like wtf bitch are you looking for,aae,True,False,True,30.0,man,{},-0.5,black,2,1,2,2,2.0,liberal,0
2776,24252197,0,it is a neutral statement about a national day and a personal reflection,baseline,0,Today us #NationalReadARoadMapDay I wonder how many of the people I know actually know how to read a road map #sorrygooglemaps,white,False,False,False,30.0,man,{},-0.5,black,1,1,1,1,1.0,liberal,1
2776,24252197,0,it is a neutral statement about a national day and a personal reflection,gender_race,0,Today us #NationalReadARoadMapDay I wonder how many of the people I know actually know how to read a road map #sorrygooglemaps,white,False,False,False,30.0,man,{},-0.5,black,1,1,1,1,1.0,liberal,1
296,10638687,1,it contains derogatory language towards the lgbtq+ community,baseline,1,I hate being called a fag,hispanic,True,False,False,40.0,woman,{},-0.5,black,1,1,5,5,5.0,liberal,0
296,10638687,1,it contains derogatory language towards the lgbtq+ community,gender_race,1,I hate being called a fag,hispanic,True,False,False,40.0,woman,{},-0.5,black,1,1,5,5,5.0,liberal,0
3900,10638687,1,it contains a racial slur and promotes violence,baseline,1,This nigga wanna shoot rocket launchers on Thursday nights I hate niggas.,aae,True,False,True,40.0,woman,{},-0.5,black,5,5,5,5,5.0,liberal,0
3900,10638687,1,it contains a racial slur and promotes violence,gender_race,1,This nigga wanna shoot rocket launchers on Thursday nights I hate niggas.,aae,True,False,True,40.0,woman,{},-0.5,black,5,5,5,5,5.0,liberal,0
189,8526465,1,it is a statement of fact,baseline,0,"Imagine someone telling you that you're banned from life. Well, no need because I'm telling you.",white,False,False,False,35.0,man,{},0.0,black,4,1,4,3,3.5,neutral,1
189,8526465,1,it is a metaphorical expression,gender_race,0,"Imagine someone telling you that you're banned from life. Well, no need because I'm telling you.",white,False,False,False,35.0,man,{},0.0,black,4,1,4,3,3.5,neutral,1
1370,27672101,1,it contains hate speech and derogatory language towards people with autism and the lgbtq+ community,baseline,1,I feel autistic so *utmost also fuck you and that ginger fag from minnesota,white,True,False,False,25.0,woman,{},-1.0,black,3,3,4,3,3.5,liberal,0
1370,27672101,1,it contains hate speech and derogatory language towards people with autism and the lgbtq+ community,gender_race,1,I feel autistic so *utmost also fuck you and that ginger fag from minnesota,white,True,False,False,25.0,woman,{},-1.0,black,3,3,4,3,3.5,liberal,0
2984,10638687,0,it is a sports commentary,baseline,0,#drawntodeath bronco is almost inmortal with the fucking drone,white,True,False,False,40.0,woman,{},-0.5,black,1,1,1,1,1.0,liberal,1
2984,10638687,0,it is a sports-related comment with strong language,gender_race,0,#drawntodeath bronco is almost inmortal with the fucking drone,white,True,False,False,40.0,woman,{},-0.5,black,1,1,1,1,1.0,liberal,1
3463,10638687,1,it contains explicit language and derogatory terms,baseline,1,Be Walking Around Hea Wit Chlamydia Nshit But Worried About What Somebody Else Got Going BYE HOE :victory_hand_medium-light_skin_tone::sneezing_face:,aae,True,False,True,40.0,woman,{},-0.5,black,5,1,5,5,5.0,liberal,0
3463,10638687,1,it contains explicit language and derogatory terms,gender_race,1,Be Walking Around Hea Wit Chlamydia Nshit But Worried About What Somebody Else Got Going BYE HOE :victory_hand_medium-light_skin_tone::sneezing_face:,aae,True,False,True,40.0,woman,{},-0.5,black,5,1,5,5,5.0,liberal,0
682,10638687,1,it contains a racial slur and promotes a negative stereotype about black people,baseline,1,"You was exactly like the nigga I talked about. Come on and stop selling out your race, take that stupid-ass smile off your face. Niggas always gotta show they teeth. But Imma be brief",aae,True,False,True,40.0,woman,{},-0.5,black,5,5,5,5,5.0,liberal,0
682,10638687,1,it contains a racial slur and conveys a derogatory message about black people,gender_race,1,"You was exactly like the nigga I talked about. Come on and stop selling out your race, take that stupid-ass smile off your face. Niggas always gotta show they teeth. But Imma be brief",aae,True,False,True,40.0,woman,{},-0.5,black,5,5,5,5,5.0,liberal,0
1972,10638687,1,it contains hate speech and targets a specific culture,baseline,1,fuck black culture and its shitty ass values,aae,True,True,True,40.0,woman,{},-0.5,black,5,5,5,5,5.0,liberal,0
1972,10638687,1,it is a hate speech against black culture and contains explicit language,gender_race,1,fuck black culture and its shitty ass values,aae,True,True,True,40.0,woman,{},-0.5,black,5,5,5,5,5.0,liberal,0
2143,10638687,1,it promotes the use of a racial slur and encourages lawlessness,baseline,1,"You a street nigga so its fuck the law, if you're broke nigga don't go breakin against the law",aae,True,True,True,40.0,woman,{},-0.5,black,5,5,5,5,5.0,liberal,0
2143,10638687,1,it promotes the use of a racial slur and encourages lawlessness,gender_race,1,"You a street nigga so its fuck the law, if you're broke nigga don't go breakin against the law",aae,True,True,True,40.0,woman,{},-0.5,black,5,5,5,5,5.0,liberal,0
4043,10638687,1,it contains hate language and promotes the use of a racial slur,baseline,1,Oh you must be MAD that your nigga got caught sucking dick for money lmfaooo and you still fw him,aae,True,False,True,40.0,woman,{},-0.5,black,5,5,5,5,5.0,liberal,0
4043,10638687,1,it contains a racial slur and promotes the use of derogatory language to describe a sexual act,gender_race,1,Oh you must be MAD that your nigga got caught sucking dick for money lmfaooo and you still fw him,aae,True,False,True,40.0,woman,{},-0.5,black,5,5,5,5,5.0,liberal,0
3475,10638687,0,it is a colloquial expression of affection and admiration,baseline,0,MY BITCH SO BAD ION WANNA CHEAT :heart_eyes::ring: I MISS LICKIN HA FROM HEAD TO FEET :speaking_head_in_silhouette::tongue::sweat_drops:,aae,True,False,True,40.0,woman,{},-0.5,black,1,1,1,1,1.0,liberal,1
3475,10638687,0,it is a colloquial expression of affection and admiration,gender_race,0,MY BITCH SO BAD ION WANNA CHEAT :heart_eyes::ring: I MISS LICKIN HA FROM HEAD TO FEET :speaking_head_in_silhouette::tongue::sweat_drops:,aae,True,False,True,40.0,woman,{},-0.5,black,1,1,1,1,1.0,liberal,1
3808,10166032,1,it contains derogatory language and a stereotype about women,baseline,1,"""I'm mindin my business buyin eyelashes& this girl was talking to her gf like """"Bitch everyone says my baby cute u a hater if u say she ugly""""""",aae,True,False,True,45.0,man,{},0.0,black,5,1,5,5,5.0,neutral,0
3808,10166032,1,it contains derogatory language and a stereotype about women,gender_race,1,"""I'm mindin my business buyin eyelashes& this girl was talking to her gf like """"Bitch everyone says my baby cute u a hater if u say she ugly""""""",aae,True,False,True,45.0,man,{},0.0,black,5,1,5,5,5.0,neutral,0
3411,27672101,1,it contains explicit language and a derogatory term,baseline,1,"He said you shooting blanks, I'm fucking cryinggggg",aae,True,False,True,25.0,woman,{},-1.0,black,3,4,5,4,4.5,liberal,0
3411,27672101,1,it contains explicit language and a derogatory term for a man's genitals,gender_race,1,"He said you shooting blanks, I'm fucking cryinggggg",aae,True,False,True,25.0,woman,{},-1.0,black,3,4,5,4,4.5,liberal,0
881,8526465,1,it conveys a xenophobic message,baseline,1,"if you think about it, foreigners are the real danger to society",white,False,False,False,35.0,man,{},0.0,black,4,4,5,3,4.0,neutral,1
881,8526465,1,it conveys a xenophobic message,gender_race,1,"if you think about it, foreigners are the real danger to society",white,False,False,False,35.0,man,{},0.0,black,4,4,5,3,4.0,neutral,1
978,8526465,1,it contains a racial slur,baseline,1,Cairo Coons are friendly? Surely not!,aae,True,False,True,35.0,man,{},0.0,black,5,5,5,5,5.0,neutral,1
978,8526465,1,it contains a racial slur and a stereotype,gender_race,1,Cairo Coons are friendly? Surely not!,aae,True,False,True,35.0,man,{},0.0,black,5,5,5,5,5.0,neutral,0
398,10638687,1,it contains a racial slur and promotes a stereotype about black people being horny,baseline,1,We horny niggas matter too!!,aae,True,False,True,40.0,woman,{},-0.5,black,2,2,4,5,4.5,liberal,0
398,10638687,1,it contains a racial slur and promotes a stereotype about black people being overly sexualized,gender_race,1,We horny niggas matter too!!,aae,True,False,True,40.0,woman,{},-0.5,black,2,2,4,5,4.5,liberal,0
2176,27672101,1,it contains a racial slur and a threat of violence,baseline,1,Yo some niggas coming out of jail tomorrow and im stoked to beat their ass,aae,True,True,True,25.0,woman,{},-1.0,black,5,3,4,4,4.0,liberal,0
2176,27672101,1,it contains a racial slur and promotes violence,gender_race,1,Yo some niggas coming out of jail tomorrow and im stoked to beat their ass,aae,True,True,True,25.0,woman,{},-1.0,black,5,3,4,4,4.0,liberal,0
3453,68595278,1,it contains derogatory language towards women,baseline,1,How u hoes keep y'all hair done but shoes be dirty :sob::woman_facepalming_medium_skin_tone:,aae,True,False,True,35.0,woman,{},-0.5,black,4,1,4,3,3.5,liberal,0
3453,68595278,1,it contains derogatory language towards women and uses a stereotype about their personal hygiene,gender_race,1,How u hoes keep y'all hair done but shoes be dirty :sob::woman_facepalming_medium_skin_tone:,aae,True,False,True,35.0,woman,{},-0.5,black,4,1,4,3,3.5,liberal,0
1928,67558416,1,it contains hate speech and racial slurs,baseline,1,I HATE ALL YOU DIRTY NIGGERS - that's what I  told my coon employer,aae,True,True,True,30.0,woman,"Black, female",-1.0,black,5,5,5,5,5.0,liberal,0
1928,67558416,1,it contains hate speech and racial slurs,gender_race,1,I HATE ALL YOU DIRTY NIGGERS - that's what I  told my coon employer,aae,True,True,True,30.0,woman,"Black, female",-1.0,black,5,5,5,5,5.0,liberal,0
2167,67558416,1,it contains hate speech and derogatory language,baseline,1,"I never had that happen, I did have this one fucking annoying shit who was a republican nigger cause trouble everyday in fifth grade",white,True,True,False,30.0,woman,Black,-1.0,black,5,5,5,5,5.0,liberal,0
2167,67558416,1,it contains a racial slur and uses derogatory language,gender_race,1,"I never had that happen, I did have this one fucking annoying shit who was a republican nigger cause trouble everyday in fifth grade",white,True,True,False,30.0,woman,Black,-1.0,black,5,5,5,5,5.0,liberal,0
3843,35379134,0,it contains a derogatory term for a woman and a colloquialism that can be perceived as dismissive of her feelings,baseline,1,Bad part about taking trips with ya homie is all he gotta say is lets slide out ya jump but ya bitch been waiting on a vacay about a year na,aae,True,False,True,30.0,man,{},-1.0,black,2,1,3,1,2.0,liberal,1
3843,35379134,0,"it contains a derogatory term for a woman and a colloquial way to refer to a friend, but the sentence is also offensive because it implies that the woman is waiting for a vacation, which may be seen as a stereotype",gender_race,1,Bad part about taking trips with ya homie is all he gotta say is lets slide out ya jump but ya bitch been waiting on a vacay about a year na,aae,True,False,True,30.0,man,{},-1.0,black,2,1,3,1,2.0,liberal,0
4017,92024956,0,it is a colloquial expression and the use of the racial slur 'nigga' is contextual and does not promote hate speech,baseline,0,":joy::joy: that's some real hood shit, I'll never forget heading out wit my niggas & realizing that someone stole his gas cap",aae,True,False,True,35.0,man,"pansexual, disabled",-1.0,black,1,1,3,1,2.0,liberal,0
4017,92024956,0,it is a colloquial expression and the racial slur 'nigga' is used in a non-offensive context,gender_race,0,":joy::joy: that's some real hood shit, I'll never forget heading out wit my niggas & realizing that someone stole his gas cap",aae,True,False,True,35.0,man,"pansexual, disabled",-1.0,black,1,1,3,1,2.0,liberal,1
3402,68595278,0,it is a colloquial way to express frustration about noise,baseline,0,Yo these 2 grown ass adults is sitting in the fucking living room makin hella noise to fucking WWE wrestlemania like ion have school in am,aae,True,False,True,35.0,woman,{},-0.5,black,2,1,2,1,1.5,liberal,1
3402,68595278,0,it is a colloquial way to express frustration about noise,gender_race,0,Yo these 2 grown ass adults is sitting in the fucking living room makin hella noise to fucking WWE wrestlemania like ion have school in am,aae,True,False,True,35.0,woman,{},-0.5,black,2,1,2,1,1.5,liberal,1
3633,42267923,1,it conveys a stereotypical message suggesting that women are childish and immature,baseline,1,"""i can't stand these """"grown"""" ass females :woman_facepalming_medium_skin_tone::woman_facepalming_medium_skin_tone: how you """" grown """" but childish as hell ?! :weary::joy::woman_facepalming_medium_skin_tone::woman_facepalming_medium_skin_tone:""",aae,True,False,True,30.0,woman,{},1.0,black,5,1,5,5,5.0,conservative,0
3633,42267923,1,it conveys a stereotypical message suggesting that women are childish and immature,gender_race,1,"""i can't stand these """"grown"""" ass females :woman_facepalming_medium_skin_tone::woman_facepalming_medium_skin_tone: how you """" grown """" but childish as hell ?! :weary::joy::woman_facepalming_medium_skin_tone::woman_facepalming_medium_skin_tone:""",aae,True,False,True,30.0,woman,{},1.0,black,5,1,5,5,5.0,conservative,0
2221,92024956,0,it contains explicit language and a racial slur,baseline,1,Fuck it y'all do what y'all want but once this sub go down ik me and that niggas got her shit and we got her private messages that nobody else got,aae,True,True,True,35.0,man,"pansexual, disabled, trans",-1.0,black,1,1,4,1,2.5,liberal,0
2221,92024956,0,it contains explicit language and a racial slur,gender_race,1,Fuck it y'all do what y'all want but once this sub go down ik me and that niggas got her shit and we got her private messages that nobody else got,aae,True,True,True,35.0,man,"pansexual, disabled, trans",-1.0,black,1,1,4,1,2.5,liberal,0
1865,92024956,1,it contains a racial slur and a derogatory term,baseline,1,offft who does that blm nigga think he is??,aae,True,True,True,35.0,man,"pansexual, disabled",-1.0,black,2,2,4,3,3.5,liberal,0
1865,92024956,1,it contains a racial slur and a derogatory term,gender_race,1,offft who does that blm nigga think he is??,aae,True,True,True,35.0,man,"pansexual, disabled",-1.0,black,2,2,4,3,3.5,liberal,0
381,42267923,0,it promotes violence against women,baseline,1,we should kill the word bitch,aae,True,False,True,30.0,woman,{},1.0,black,1,1,1,1,1.0,conservative,0
381,42267923,0,it promotes violence against women,gender_race,1,we should kill the word bitch,aae,True,False,True,30.0,woman,{},1.0,black,1,1,1,1,1.0,conservative,0
1899,92024956,1,it contains a racial slur and makes a generalization about a racial group,baseline,1,"Exactly. Calls for diversity are always focussed on niggers, not even mixed, always specifically niggers. Niggers are 3% of the population in england.",white,True,True,False,35.0,man,"pansexual, disabled, trans",-1.0,black,5,5,5,5,5.0,liberal,0
1899,92024956,1,it contains a racial slur and makes a generalization about a racial group,gender_race,1,"Exactly. Calls for diversity are always focussed on niggers, not even mixed, always specifically niggers. Niggers are 3% of the population in england.",white,True,True,False,35.0,man,"pansexual, disabled, trans",-1.0,black,5,5,5,5,5.0,liberal,0
3747,92024956,0,it contains hate language and derogatory terms,baseline,1,I b dtfl @ how yall jazz yall ugly ass friends :sob::sob::sob:,aae,True,False,True,35.0,man,"pansexual, disabled, trans",-1.0,black,1,1,3,1,2.0,liberal,0
3747,92024956,0,it is a colloquial way to express sadness and frustration about a social situation,gender_race,0,I b dtfl @ how yall jazz yall ugly ass friends :sob::sob::sob:,aae,True,False,True,35.0,man,"pansexual, disabled, trans",-1.0,black,1,1,3,1,2.0,liberal,1
4013,92024956,0,it contains explicit language and a threat,baseline,1,"So Tom called me ugly I said bitch where, he said under all that communism I said bitch I wilL FUCK YOU UP",aae,True,False,True,35.0,man,"pansexual, disabled, trans",-1.0,black,2,1,4,1,2.5,liberal,1
4013,92024956,0,it contains explicit language and a threat,gender_race,1,"So Tom called me ugly I said bitch where, he said under all that communism I said bitch I wilL FUCK YOU UP",aae,True,False,True,35.0,man,"pansexual, disabled, trans",-1.0,black,2,1,4,1,2.5,liberal,1
697,92024956,1,it contains derogatory language and insults towards a person,baseline,1,"Crying ffs Claire get a fucking grip what did she expect to happen, she obviously could not keep going the way she was. she was manic at times ranting on that page I think she thought she was being funny but she just sounds like an angry spiteful bitch",white,True,False,False,35.0,man,"pansexual, disabled, trans",-1.0,black,5,1,4,4,4.0,liberal,0
697,92024956,1,it contains derogatory language and insults towards a person,gender_race,1,"Crying ffs Claire get a fucking grip what did she expect to happen, she obviously could not keep going the way she was. she was manic at times ranting on that page I think she thought she was being funny but she just sounds like an angry spiteful bitch",white,True,False,False,35.0,man,"pansexual, disabled, trans",-1.0,black,5,1,4,4,4.0,liberal,0
3119,92024956,0,it contains a derogatory term for women and implies that the speaker is objectifying them,baseline,1,This girl was like I ain't know you was into bitches like that and I chuckled. And said if only you knew the half of it :sob:,white,True,False,False,35.0,man,"pansexual, disabled",-1.0,black,1,1,4,1,2.5,liberal,0
3119,92024956,0,it conveys a stereotypical message suggesting that women are objects of sexual desire and contains colloquial language,gender_race,1,This girl was like I ain't know you was into bitches like that and I chuckled. And said if only you knew the half of it :sob:,white,True,False,False,35.0,man,"pansexual, disabled",-1.0,black,1,1,4,1,2.5,liberal,0
4082,92024956,0,it contains a racial slur and promotes hate speech,baseline,1,Can't fuck with these niggas they too fake all they do is hate,aae,True,False,True,35.0,man,"pansexual, disabled, trans",-1.0,black,2,1,4,1,2.5,liberal,0
4082,92024956,0,it uses a racial slur and promotes hate speech,gender_race,1,Can't fuck with these niggas they too fake all they do is hate,aae,True,False,True,35.0,man,"pansexual, disabled, trans",-1.0,black,2,1,4,1,2.5,liberal,0
1849,92024956,1,it uses a racial slur and perpetuates a negative stereotype,baseline,1,niggas love to commit crime,aae,True,True,True,35.0,man,"pansexual, disabled",-1.0,black,3,2,4,3,3.5,liberal,0
1849,92024956,1,it uses a racial slur and perpetuates a negative stereotype,gender_race,1,niggas love to commit crime,aae,True,True,True,35.0,man,"pansexual, disabled",-1.0,black,3,2,4,3,3.5,liberal,0
1862,42267923,1,it uses a racial slur,baseline,1,"My goodness, niggas are so pretentious these days, aren't they?",white,True,True,False,30.0,woman,{},1.0,black,5,5,5,5,5.0,conservative,1
1862,42267923,1,it uses a racial slur,gender_race,1,"My goodness, niggas are so pretentious these days, aren't they?",white,True,True,False,30.0,woman,{},1.0,black,5,5,5,5,5.0,conservative,1
4143,42267923,1,it contains explicit language and threats of violence,baseline,1,my step mother? u r fucking hopeless. i hope u die. I hate U. bitch bitch bitch bitch bitch bitch bitch bitch bitch bitch bitch bitch bitch!,aae,True,False,True,30.0,woman,{},1.0,black,5,1,5,5,5.0,conservative,0
4143,42267923,1,it contains explicit language and threats of violence,gender_race,1,my step mother? u r fucking hopeless. i hope u die. I hate U. bitch bitch bitch bitch bitch bitch bitch bitch bitch bitch bitch bitch bitch!,aae,True,False,True,30.0,woman,{},1.0,black,5,1,5,5,5.0,conservative,0
1821,49021087,1,it contains a racial slur,baseline,1,I would happily lay out a nigga,aae,True,True,True,25.0,man,{},-1.0,black,5,5,5,5,5.0,liberal,1
1821,49021087,1,it contains a racial slur,gender_race,1,I would happily lay out a nigga,aae,True,True,True,25.0,man,{},-1.0,black,5,5,5,5,5.0,liberal,1
204,42267923,0,it is a neutral question about the origin of a term,baseline,0,Why are female dogs known as bitches?,aae,True,False,True,30.0,woman,{},1.0,black,1,1,1,1,1.0,conservative,1
204,42267923,0,it is a neutral question about the origin of a term,gender_race,0,Why are female dogs known as bitches?,aae,True,False,True,30.0,woman,{},1.0,black,1,1,1,1,1.0,conservative,1
631,92024956,0,it is a colloquial expression of concern for a friend,baseline,0,my nigga should care bout losing me period. All the nonchalant shit is corny fr. stop.,aae,True,False,True,35.0,man,"pansexual, disabled, trans",-1.0,black,1,1,4,1,2.5,liberal,1
631,92024956,0,it is a colloquial expression of concern for a friend,gender_race,0,my nigga should care bout losing me period. All the nonchalant shit is corny fr. stop.,aae,True,False,True,35.0,man,"pansexual, disabled, trans",-1.0,black,1,1,4,1,2.5,liberal,1
206,42267923,0,the person is expressing a preference for not hearing certain words,baseline,0,Stop using words like 'nigger' or 'nigga' around me because of my skin colour.,aae,True,False,True,30.0,woman,{},1.0,black,1,5,2,2,2.0,conservative,1
206,42267923,0,the person is expressing a preference for not hearing certain words due to their personal connection to the racial slur,gender_race,0,Stop using words like 'nigger' or 'nigga' around me because of my skin colour.,aae,True,False,True,30.0,woman,{},1.0,black,1,5,2,2,2.0,conservative,1
325,92024956,0,it is a colloquial expression and does not contain hate language,baseline,0,Bruh y'all some broke niggas tryanna sell it for bare notes don't worry about me I got u free my brothas,aae,True,False,True,35.0,man,"pansexual, disabled, trans",-1.0,black,1,1,4,1,2.5,liberal,1
325,92024956,0,it is a colloquial expression and does not contain any hate speech,gender_race,0,Bruh y'all some broke niggas tryanna sell it for bare notes don't worry about me I got u free my brothas,aae,True,False,True,35.0,man,"pansexual, disabled, trans",-1.0,black,1,1,4,1,2.5,liberal,0
1890,92024956,1,it contains a racial slur and a threat of violence,baseline,1,"if I see any nigger, I will pull the trigger",white,True,True,False,35.0,man,"pansexual, disabled, trans",-1.0,black,5,5,5,5,5.0,liberal,0
1890,92024956,1,it contains a racial slur and a threat,gender_race,1,"if I see any nigger, I will pull the trigger",white,True,True,False,35.0,man,"pansexual, disabled, trans",-1.0,black,5,5,5,5,5.0,liberal,1
1917,92024956,1,it contains a racial slur and a derogatory term for a racial group,baseline,1,"Tell me how many of my brothas fell victim to the streets? Now rest in peace yung bro, shot by some stoopid nigga but there's a heaven for us whites see",aae,True,True,True,35.0,man,"pansexual, disabled",-1.0,black,5,5,4,5,4.5,liberal,0
1917,92024956,1,it contains a racial slur and a derogatory term for black people,gender_race,1,"Tell me how many of my brothas fell victim to the streets? Now rest in peace yung bro, shot by some stoopid nigga but there's a heaven for us whites see",aae,True,True,True,35.0,man,"pansexual, disabled",-1.0,black,5,5,4,5,4.5,liberal,0
1842,92024956,1,the person is expressing an opinion about the misuse of the racial slur 'nigga',baseline,0,I think its fully possible to sing along without being a nigger,white,True,True,False,35.0,man,"pansexual, disabled, trans",-1.0,black,5,5,5,5,5.0,liberal,1
1842,92024956,1,it uses a racial slur,gender_race,1,I think its fully possible to sing along without being a nigger,white,True,True,False,35.0,man,"pansexual, disabled, trans",-1.0,black,5,5,5,5,5.0,liberal,1
2624,67558416,1,it contains derogatory language towards a woman,baseline,1,i just watched a video of @joisnotonfire being an annoying hoe on skype i'm laughing,white,True,False,False,30.0,woman,"Black, female",-1.0,black,2,1,4,4,4.0,liberal,1
2624,67558416,1,it contains derogatory language and a stereotype about women,gender_race,1,i just watched a video of @joisnotonfire being an annoying hoe on skype i'm laughing,white,True,False,False,30.0,woman,"Black, female",-1.0,black,2,1,4,4,4.0,liberal,0
3051,67558416,1,it contains derogatory language and a pejorative term,baseline,1,It's usually the people who've never had to lift a finger that complain the most. Entitled little bitches.,white,True,False,False,30.0,woman,Black,-1.0,black,5,1,5,5,5.0,liberal,1
3051,67558416,1,it contains derogatory language and a stereotype about people who are entitled,gender_race,1,It's usually the people who've never had to lift a finger that complain the most. Entitled little bitches.,white,True,False,False,30.0,woman,Black,-1.0,black,5,1,5,5,5.0,liberal,0
3472,92024956,1,it contains derogatory language and a threat,baseline,1,"If it didn't work out, then it didn't work out, stop bein a mad hoe and move on",aae,True,False,True,35.0,man,"pansexual, disabled",-1.0,black,4,2,4,3,3.5,liberal,0
3472,92024956,1,it contains derogatory language and a threat,gender_race,1,"If it didn't work out, then it didn't work out, stop bein a mad hoe and move on",aae,True,False,True,35.0,man,"pansexual, disabled",-1.0,black,4,2,4,3,3.5,liberal,0
3859,92024956,0,it contains a racial slur and a derogatory term,baseline,1,"Like niggas always lying thinking I'm stupid , like you don't have to lie to me baby you ain't my nigga",aae,True,False,True,35.0,man,"pansexual, disabled, trans",-1.0,black,1,1,3,1,2.0,liberal,0
3859,92024956,0,it contains a racial slur and a derogatory message,gender_race,1,"Like niggas always lying thinking I'm stupid , like you don't have to lie to me baby you ain't my nigga",aae,True,False,True,35.0,man,"pansexual, disabled, trans",-1.0,black,1,1,3,1,2.0,liberal,0
3167,92024956,0,it contains a threat of violence and a derogatory term,baseline,1,I will become a cold ass bitch because of my treatment,white,True,False,False,35.0,man,"pansexual, disabled",-1.0,black,2,1,3,1,2.0,liberal,1
3167,92024956,0,it is a metaphorical expression of anger and frustration,gender_race,0,I will become a cold ass bitch because of my treatment,white,True,False,False,35.0,man,"pansexual, disabled",-1.0,black,2,1,3,1,2.0,liberal,1
348,67558416,1,it uses a racial slur,baseline,1,whats up my niggas,aae,True,False,True,30.0,woman,Black,-1.0,black,2,3,4,3,3.5,liberal,1
348,67558416,1,it uses a racial slur,gender_race,1,whats up my niggas,aae,True,False,True,30.0,woman,Black,-1.0,black,2,3,4,3,3.5,liberal,1
1802,49021087,0,it is a statement of fact and does not contain any hate speech,baseline,0,I believe that the future of niggas in America resides in this factoid. There are numerous atrocities being carried out all  around the world towards minorities of color.,white,True,True,False,25.0,man,{},-1.0,black,1,1,3,1,2.0,liberal,0
1802,49021087,0,it is a statement of fact and does not contain any derogatory language,gender_race,0,I believe that the future of niggas in America resides in this factoid. There are numerous atrocities being carried out all  around the world towards minorities of color.,white,True,True,False,25.0,man,{},-1.0,black,1,1,3,1,2.0,liberal,1
4079,67558416,1,"it contains hate speech, vulgar language, and a racial slur",baseline,1,i hate seeing my baby hurt :weary: whoever tf hit my car & ran is a bitch ass fucking nigga,aae,True,False,True,30.0,woman,"Black, female",-1.0,black,4,3,4,4,4.0,liberal,0
4079,67558416,1,"it contains hate speech, vulgar language, and a racial slur",gender_race,1,i hate seeing my baby hurt :weary: whoever tf hit my car & ran is a bitch ass fucking nigga,aae,True,False,True,30.0,woman,"Black, female",-1.0,black,4,3,4,4,4.0,liberal,0
1810,92024956,1,it contains a racial slur and promotes a negative stereotype about the ghetto and the law,baseline,1,We be growin up hip hop in here. Yo like a Nigger let it sound like ghetto in here. He be selling crack like tracks with no fear of the law,aae,True,True,True,35.0,man,"pansexual, disabled",-1.0,black,5,5,5,4,4.5,liberal,0
1810,92024956,1,it contains a racial slur and promotes a negative stereotype about the black community,gender_race,1,We be growin up hip hop in here. Yo like a Nigger let it sound like ghetto in here. He be selling crack like tracks with no fear of the law,aae,True,True,True,35.0,man,"pansexual, disabled",-1.0,black,5,5,5,4,4.5,liberal,0
366,32992109,0,it conveys a negative emotion towards a particular word,baseline,1,I hate being called a bitch,hispanic,True,False,False,25.0,man,,-1.0,black,1,1,1,1,1.0,liberal,1
366,32992109,0,it conveys a negative emotion towards a gendered slur,gender_race,1,I hate being called a bitch,hispanic,True,False,False,25.0,man,,-1.0,black,1,1,1,1,1.0,liberal,1
371,67558416,0,it is a colloquial expression of affection and does not contain hate language,baseline,0,I don't even wanna get married but you know if my nigga propose to me imma say yes plz,aae,True,False,True,30.0,woman,Black,-1.0,black,1,1,1,1,1.0,liberal,1
371,67558416,0,it is a colloquial expression of affection and does not contain hate language,gender_race,0,I don't even wanna get married but you know if my nigga propose to me imma say yes plz,aae,True,False,True,30.0,woman,Black,-1.0,black,1,1,1,1,1.0,liberal,1
393,92024956,0,it contains derogatory language towards women,baseline,1,women are not dumb bitches,aae,True,False,True,35.0,man,"pansexual, disabled, trans",-1.0,black,1,1,4,1,2.5,liberal,0
393,92024956,0,it conveys a stereotypical message suggesting that women are dumb and uses derogatory language,gender_race,1,women are not dumb bitches,aae,True,False,True,35.0,man,"pansexual, disabled, trans",-1.0,black,1,1,4,1,2.5,liberal,0
963,92024956,1,it conveys a stereotypical message suggesting that a person's ethnicity is defined by their last name and contains derogatory language,baseline,1,"Last year I met this bitch ''Kaori' and her last name was Hispanic  her dad was a White guy from Latin America, wtf.",hispanic,True,False,False,35.0,man,"pansexual, disabled, trans",-1.0,black,4,5,5,4,4.5,liberal,0
963,92024956,1,it conveys a stereotypical message suggesting that a person's ethnicity is defined by their last name and contains derogatory language,gender_race,1,"Last year I met this bitch ''Kaori' and her last name was Hispanic  her dad was a White guy from Latin America, wtf.",hispanic,True,False,False,35.0,man,"pansexual, disabled, trans",-1.0,black,4,5,5,4,4.5,liberal,0
1503,92024956,1,it contains explicit language and derogatory term for lgbtq+ individuals,baseline,1,"I started this thing first I think, unless you're that guy who wrote that whole ass fucking book about thos faggots once",hispanic,True,False,False,35.0,man,"pansexual, disabled",-1.0,black,5,1,5,5,5.0,liberal,0
1503,92024956,1,it contains explicit language and derogatory terms for the lgbtq+ community,gender_race,1,"I started this thing first I think, unless you're that guy who wrote that whole ass fucking book about thos faggots once",hispanic,True,False,False,35.0,man,"pansexual, disabled",-1.0,black,5,1,5,5,5.0,liberal,0
1562,32992109,0,it is a factual description of a situation,baseline,0,"The minks mentioned in the headline are indeed ""rising"" from where they were based, but that is due to them being buried in shallow mass graves (Africa) and filling with gas that causes them to rise out.  Rest assured, they're still very much dead, thankfully!.",white,False,True,False,25.0,man,,-1.0,black,1,1,1,1,1.0,liberal,1
1562,32992109,0,it is a factual statement about the rising of minks from mass graves,gender_race,0,"The minks mentioned in the headline are indeed ""rising"" from where they were based, but that is due to them being buried in shallow mass graves (Africa) and filling with gas that causes them to rise out.  Rest assured, they're still very much dead, thankfully!.",white,False,True,False,25.0,man,,-1.0,black,1,1,1,1,1.0,liberal,1
310,42267923,1,it is a common idiomatic expression,baseline,0,This camera is a bitch,aae,True,False,True,30.0,woman,{},1.0,black,3,1,4,4,4.0,conservative,1
310,42267923,1,it is a common idiomatic expression,gender_race,0,This camera is a bitch,aae,True,False,True,30.0,woman,{},1.0,black,3,1,4,4,4.0,conservative,1
1125,92024956,1,it is a play on words and does not contain hate speech,baseline,0,"not all women are bitches, but all bitches are women",aae,True,False,True,35.0,man,"pansexual, disabled, trans",-1.0,black,5,1,5,3,4.0,liberal,0
1125,92024956,1,it is a play on words and does not contain hate speech,gender_race,0,"not all women are bitches, but all bitches are women",aae,True,False,True,35.0,man,"pansexual, disabled, trans",-1.0,black,5,1,5,3,4.0,liberal,0
1295,92024956,1,it contains hate speech and explicit language,baseline,1,"The hilarious report summary read as follows (warning: it hits the nail on the head about most women):  'She is a dirty filthy whore and you need to get checked for STDs ASAP. Kick her ass to the curb, swiftly. Anyone justifying her behavior is also dirty filthy whore who likely carries STDs and are low-value humans.'""",white,True,False,False,35.0,man,"pansexual, disabled, trans",-1.0,black,5,1,5,5,5.0,liberal,0
1295,92024956,1,it contains hate speech and explicit language,gender_race,1,"The hilarious report summary read as follows (warning: it hits the nail on the head about most women):  'She is a dirty filthy whore and you need to get checked for STDs ASAP. Kick her ass to the curb, swiftly. Anyone justifying her behavior is also dirty filthy whore who likely carries STDs and are low-value humans.'""",white,True,False,False,35.0,man,"pansexual, disabled, trans",-1.0,black,5,1,5,5,5.0,liberal,0
654,64721988,1,it contains hate speech and derogatory language towards women and a specific ethnic group,baseline,1,"Fat spickettes are fat Mexican bitches like me n ma gals that go out wearing tight clothes, fucking everything that moves.",aae,True,False,True,30.0,man,{},-1.0,black,5,5,5,5,5.0,liberal,0
654,64721988,1,it contains hate speech and derogatory language towards a specific ethnic group and women,gender_race,1,"Fat spickettes are fat Mexican bitches like me n ma gals that go out wearing tight clothes, fucking everything that moves.",aae,True,False,True,30.0,man,{},-1.0,black,5,5,5,5,5.0,liberal,0
967,92024956,1,it contains racial slurs and stereotypes,baseline,1,"There are very few niggers, our slaves were mostly indigenous and then chinks as cheap labour so theres a few of those but very few niggers. Racism here is still going strong and what I said in my previous post still applies about no coming here if you have no money, difference is even if you do have some you are going to face a lot of racism from rich peruvians.",white,True,False,False,35.0,man,"pansexual, disabled, trans",-1.0,black,4,5,5,5,5.0,liberal,0
967,92024956,1,it contains racial slurs and stereotypes,gender_race,1,"There are very few niggers, our slaves were mostly indigenous and then chinks as cheap labour so theres a few of those but very few niggers. Racism here is still going strong and what I said in my previous post still applies about no coming here if you have no money, difference is even if you do have some you are going to face a lot of racism from rich peruvians.",white,True,False,False,35.0,man,"pansexual, disabled, trans",-1.0,black,4,5,5,5,5.0,liberal,0
1797,32992109,0,the person is using the racial slur 'nigga' in a context that is not derogatory,baseline,0,"I'm saying nigga, what are you going to do about it?",hispanic,True,True,False,25.0,man,,-1.0,black,1,2,2,1,1.5,liberal,1
1797,32992109,0,the person is using the racial slur 'nigga' in a context that is not derogatory,gender_race,0,"I'm saying nigga, what are you going to do about it?",hispanic,True,True,False,25.0,man,,-1.0,black,1,2,2,1,1.5,liberal,1
3405,92024956,0,it is a colloquial way to express frustration and sarcasm,baseline,0,Imma have to explain to these grown ass men how to play Cover 3 today cuz obviously they lost in the sauce,aae,True,False,True,35.0,man,"pansexual, disabled, trans",-1.0,black,1,1,2,1,1.5,liberal,1
3405,92024956,0,it is a colloquial way to express frustration with people who are not good at something,gender_race,0,Imma have to explain to these grown ass men how to play Cover 3 today cuz obviously they lost in the sauce,aae,True,False,True,35.0,man,"pansexual, disabled, trans",-1.0,black,1,1,2,1,1.5,liberal,1
2219,68595278,1,it contains hate speech and promotes violence against a group of people,baseline,1,I saw yesterday a group of nigger cops hold white people down and inject them with shit. SA needs a genocide,white,True,True,False,35.0,woman,{},-0.5,black,5,5,5,5,5.0,liberal,0
2219,68595278,1,it contains hate speech and promotes violence against a group of people,gender_race,1,I saw yesterday a group of nigger cops hold white people down and inject them with shit. SA needs a genocide,white,True,True,False,35.0,woman,{},-0.5,black,5,5,5,5,5.0,liberal,0
1818,67558416,1,it uses a racial slur and is also aggressive,baseline,1,why are these suit wearing niggas so loud? Sssssh!,aae,True,True,True,30.0,woman,Black,-1.0,black,3,2,3,4,3.5,liberal,0
1818,67558416,1,it uses a racial slur and is derogatory towards a group of people based on their attire,gender_race,1,why are these suit wearing niggas so loud? Sssssh!,aae,True,True,True,30.0,woman,Black,-1.0,black,3,2,3,4,3.5,liberal,0
3476,42267923,1,"it is a colloquial way to address a group of people, although it may be perceived as informal or unprofessional",baseline,0,Y'all niggas annoying I'm bout to start calling y'all sis :woman_facepalming_medium_skin_tone:,aae,True,False,True,30.0,woman,{},1.0,black,5,5,5,5,5.0,conservative,1
3476,42267923,1,"it is a colloquial way to address a group of people, although it may be perceived as informal or unprofessional",gender_race,0,Y'all niggas annoying I'm bout to start calling y'all sis :woman_facepalming_medium_skin_tone:,aae,True,False,True,30.0,woman,{},1.0,black,5,5,5,5,5.0,conservative,1
4018,35379134,0,it contains a racial slur and a derogatory term for women,baseline,1,Niggas keep talking about women wearing weave but be sick when a bitch up a fro on they ass. :sob:,aae,True,False,True,30.0,man,{},-1.0,black,2,2,3,1,2.0,liberal,0
4018,35379134,0,it contains a racial slur and a derogatory term for women,gender_race,1,Niggas keep talking about women wearing weave but be sick when a bitch up a fro on they ass. :sob:,aae,True,False,True,30.0,man,{},-1.0,black,2,2,3,1,2.0,liberal,0
1894,42267923,1,it uses a racial slur,baseline,1,These niggers breed like rabbits,aae,True,True,True,30.0,woman,{},1.0,black,5,5,5,5,5.0,conservative,1
1894,42267923,1,it uses a racial slur and conveys a derogatory message,gender_race,1,These niggers breed like rabbits,aae,True,True,True,30.0,woman,{},1.0,black,5,5,5,5,5.0,conservative,0
3443,35379134,0,it is a comment about a song and a country's performance in a competition,baseline,0,pls dont let poland qualify with a boring ass ballad like they did in 2015,aae,True,False,True,30.0,man,{},-1.0,black,3,1,2,2,2.0,liberal,1
3443,35379134,0,it is a comment about a song and a country's performance in a competition,gender_race,0,pls dont let poland qualify with a boring ass ballad like they did in 2015,aae,True,False,True,30.0,man,{},-1.0,black,3,1,2,2,2.0,liberal,1
2586,92024956,0,it is a prayer for people who are homeless,baseline,0,praying for all those who don't have a home in this crazy ass Georgia weather,white,True,False,False,35.0,man,"pansexual, disabled, trans",-1.0,black,1,1,1,1,1.0,liberal,1
2586,92024956,0,it is a prayer for people who are homeless,gender_race,0,praying for all those who don't have a home in this crazy ass Georgia weather,white,True,False,False,35.0,man,"pansexual, disabled, trans",-1.0,black,1,1,1,1,1.0,liberal,1
717,32992109,0,it perpetuates a stereotype that black people are overrepresented in porn and uses a racial slur,baseline,1,Shoutout to my niggas who feel even more like failures bc of the way we're always getting stereotyped in porn,white,True,False,False,25.0,man,,-1.0,black,1,1,2,1,1.5,liberal,0
717,32992109,0,it perpetuates a stereotype about black people and their involvement in the porn industry,gender_race,1,Shoutout to my niggas who feel even more like failures bc of the way we're always getting stereotyped in porn,white,True,False,False,25.0,man,,-1.0,black,1,1,2,1,1.5,liberal,0
969,92024956,1,it contains a derogatory term for the lgbtq+ community,baseline,1,I hope my kids never associate with fags,hispanic,True,False,False,35.0,man,"pansexual, disabled, trans",-1.0,black,5,1,5,5,5.0,liberal,0
969,92024956,1,it contains a derogatory term for the lgbtq+ community,gender_race,1,I hope my kids never associate with fags,hispanic,True,False,False,35.0,man,"pansexual, disabled, trans",-1.0,black,5,1,5,5,5.0,liberal,0
2164,92024956,1,it contains hate speech and a racial slur,baseline,1,fuck off nigger lovers,aae,True,True,True,35.0,man,"pansexual, disabled, trans",-1.0,black,5,5,5,5,5.0,liberal,0
2164,92024956,1,it contains a racial slur and an insult,gender_race,1,fuck off nigger lovers,aae,True,True,True,35.0,man,"pansexual, disabled, trans",-1.0,black,5,5,5,5,5.0,liberal,0
2187,42267923,1,it contains a racial slur and explicit language,baseline,1,A nigga was killed and zero fucking flying fucks were given by anyone,white,True,True,False,30.0,woman,{},1.0,black,5,3,5,5,5.0,conservative,0
2187,42267923,1,it contains a racial slur and explicit language,gender_race,1,A nigga was killed and zero fucking flying fucks were given by anyone,white,True,True,False,30.0,woman,{},1.0,black,5,3,5,5,5.0,conservative,0
1880,92024956,1,it contains a racial slur and a derogatory term,baseline,1,"I swear to God above I love ya and when ya be with this brotha, I swear I love you my bro as long as you not a nigga",aae,True,True,True,35.0,man,"pansexual, disabled, trans",-1.0,black,4,5,4,5,4.5,liberal,0
1880,92024956,1,it conveys a stereotypical message suggesting that being a 'nigga' is something negative and contains a racial slur,gender_race,1,"I swear to God above I love ya and when ya be with this brotha, I swear I love you my bro as long as you not a nigga",aae,True,True,True,35.0,man,"pansexual, disabled, trans",-1.0,black,4,5,4,5,4.5,liberal,0
3973,49021087,0,it contains a racial slur and a threat,baseline,1,"When you fucking on that nigga, hope you thinking about me...",aae,True,False,True,25.0,man,{},-1.0,black,1,1,3,2,2.5,liberal,1
3973,49021087,0,it contains a racial slur and a threat,gender_race,1,"When you fucking on that nigga, hope you thinking about me...",aae,True,False,True,25.0,man,{},-1.0,black,1,1,3,2,2.5,liberal,1
1393,68595278,1,it contains derogatory language and stereotypes about women and their behavior,baseline,1,"Same thing happened to me, and this was a bulldyke-looking one who had a free hand while she was yapping on her cellphone. Bitches just want and crave something to moan about. Bitch if you hold the door, bitch if you don't. moan if you say hi, moan if you ignore them. complain about the way you sit (manspreading?!), while her giant backside takes two seats. Bitch! Bitch! Then moan some more. I just flipped her the birdie, and kept on walking.",white,True,False,False,35.0,woman,{},-0.5,black,5,1,5,4,4.5,liberal,0
1393,68595278,1,it contains derogatory language and stereotypes about women and their behavior,gender_race,1,"Same thing happened to me, and this was a bulldyke-looking one who had a free hand while she was yapping on her cellphone. Bitches just want and crave something to moan about. Bitch if you hold the door, bitch if you don't. moan if you say hi, moan if you ignore them. complain about the way you sit (manspreading?!), while her giant backside takes two seats. Bitch! Bitch! Then moan some more. I just flipped her the birdie, and kept on walking.",white,True,False,False,35.0,woman,{},-0.5,black,5,1,5,4,4.5,liberal,0
2142,42267923,1,it contains hate language and a racial slur,baseline,1,"But it was all phoney. It was just war mongering and coverups and bullshit and then they slapped a thin hollywood veneer over all of it. Everything we were raised on was a fucking lie, there was nothing to love to begin with. The USA we loved didn't even exist in the past, it was all bullshit. there have always been niggers roaming the streets",white,True,True,False,30.0,woman,{},1.0,black,5,5,5,5,5.0,conservative,0
2142,42267923,1,it contains hate language and a racial slur,gender_race,1,"But it was all phoney. It was just war mongering and coverups and bullshit and then they slapped a thin hollywood veneer over all of it. Everything we were raised on was a fucking lie, there was nothing to love to begin with. The USA we loved didn't even exist in the past, it was all bullshit. there have always been niggers roaming the streets",white,True,True,False,30.0,woman,{},1.0,black,5,5,5,5,5.0,conservative,0
4069,67558416,0,it contains multiple instances of the racial slur 'nigga' and explicit language,baseline,1,"All my niggas wear crowns, all my niggas bossed up, all my niggas got bad bitches don't none of us give a fuck.",aae,True,False,True,30.0,woman,"Black, female",-1.0,black,5,1,1,1,1.0,liberal,0
4069,67558416,0,it contains a racial slur and promotes a misogynistic attitude,gender_race,1,"All my niggas wear crowns, all my niggas bossed up, all my niggas got bad bitches don't none of us give a fuck.",aae,True,False,True,30.0,woman,"Black, female",-1.0,black,5,1,1,1,1.0,liberal,0
1954,67558416,1,it contains hate speech and racial slur,baseline,1,"Opps, Under our amazing President, Trump, gang members are gone. Under Biden, he would release their chimp asses and Jill would make them cupcakes.  awful ! God Bless President Trump",white,True,True,False,30.0,woman,"Black, female",-1.0,black,5,5,5,5,5.0,liberal,0
1954,67558416,1,it contains a racial slur and a derogatory comparison of a political figure's policies,gender_race,1,"Opps, Under our amazing President, Trump, gang members are gone. Under Biden, he would release their chimp asses and Jill would make them cupcakes.  awful ! God Bless President Trump",white,True,True,False,30.0,woman,"Black, female",-1.0,black,5,5,5,5,5.0,liberal,0
3623,35379134,1,it contains hate speech and explicit language,baseline,1,"Disgusting part is, females want these trash ass acidic pussies ate :mask:",aae,True,False,True,30.0,man,{},-1.0,black,5,1,5,5,5.0,liberal,0
3623,35379134,1,it contains hate speech and explicit language,gender_race,1,"Disgusting part is, females want these trash ass acidic pussies ate :mask:",aae,True,False,True,30.0,man,{},-1.0,black,5,1,5,5,5.0,liberal,0
1884,68595278,1,it uses a racial slur and a derogatory term to describe a person's appearance and behavior,baseline,1,When I get my hair twisted and my energy seriously goes from white trash to nigga lol,aae,True,True,True,35.0,woman,{},-0.5,black,3,4,4,4,4.0,liberal,0
1884,68595278,1,it uses a racial slur and makes a derogatory comparison between two racial groups,gender_race,1,When I get my hair twisted and my energy seriously goes from white trash to nigga lol,aae,True,True,True,35.0,woman,{},-0.5,black,3,4,4,4,4.0,liberal,0
239,67558416,0,it is a call to action for women's empowerment,baseline,0,There should be such thing as a bitch resistance for us women,white,True,False,False,30.0,woman,"Black, female",-1.0,black,2,1,2,2,2.0,liberal,1
239,67558416,0,it is a call to action for women's empowerment,gender_race,0,There should be such thing as a bitch resistance for us women,white,True,False,False,30.0,woman,"Black, female",-1.0,black,2,1,2,2,2.0,liberal,1
2222,67558416,1,it contains a racial slur and derogatory language,baseline,1,Myy friend really fucking love mes to be coming out at this time of night to pick me up cause bitch there's too many balckies,hispanic,True,True,False,30.0,woman,"Black, female",-1.0,black,5,5,5,5,5.0,liberal,0
2222,67558416,1,it contains a racial slur and derogatory language,gender_race,1,Myy friend really fucking love mes to be coming out at this time of night to pick me up cause bitch there's too many balckies,hispanic,True,True,False,30.0,woman,"Black, female",-1.0,black,5,5,5,5,5.0,liberal,0
2180,42267923,1,it contains a racial slur and a derogatory term,baseline,1,"My neighbour's tree is fucking big. He refuses to cut it down, as the inconsiderate nigger he is.",white,True,True,False,30.0,woman,{},1.0,black,5,5,5,5,5.0,conservative,0
2180,42267923,1,it contains a racial slur and a derogatory term,gender_race,1,"My neighbour's tree is fucking big. He refuses to cut it down, as the inconsiderate nigger he is.",white,True,True,False,30.0,woman,{},1.0,black,5,5,5,5,5.0,conservative,0
78,49021087,1,it contains a derogatory term for a sexual orientation,baseline,1,immorality is a concept with which lesbos cannot be associated,white,False,False,False,25.0,man,{},-1.0,black,4,1,5,4,4.5,liberal,1
78,49021087,1,it contains a derogatory term for a sexual orientation,gender_race,1,immorality is a concept with which lesbos cannot be associated,white,False,False,False,25.0,man,{},-1.0,black,4,1,5,4,4.5,liberal,1
4145,67558416,1,it contains a racial slur and explicit language,baseline,1,nigga I wish the fuck you would hit me so I could sue ya ugly ass :middle_finger_medium-light_skin_tone:,aae,True,False,True,30.0,woman,"Black, female",-1.0,black,5,4,5,5,5.0,liberal,0
4145,67558416,1,it contains a racial slur and explicit language,gender_race,1,nigga I wish the fuck you would hit me so I could sue ya ugly ass :middle_finger_medium-light_skin_tone:,aae,True,False,True,30.0,woman,"Black, female",-1.0,black,5,4,5,5,5.0,liberal,0
2132,92024956,1,it contains a racial slur and a derogatory term,baseline,1,what a fucking low ass nigger move,aae,True,True,True,35.0,man,"pansexual, disabled, trans",-1.0,black,5,5,5,5,5.0,liberal,0
2132,92024956,1,it contains a racial slur and uses profanity,gender_race,1,what a fucking low ass nigger move,aae,True,True,True,35.0,man,"pansexual, disabled, trans",-1.0,black,5,5,5,5,5.0,liberal,0
698,92024956,1,it contains derogatory language and a personal attack on a woman,baseline,1,"Sperm donors are actually for people who actually need one, people with infertility, same sex couples etc. Definitely not for some fucking bratty immature bitch just because she ""hates men"" (yet is DESPERATE for a boyfriend online) How much we betting that her ""sperm donor"" will be some random shag off tinder.",white,True,False,False,35.0,man,"pansexual, disabled, trans",-1.0,black,4,1,5,5,5.0,liberal,0
698,92024956,1,it contains derogatory language and a personal attack on a woman,gender_race,1,"Sperm donors are actually for people who actually need one, people with infertility, same sex couples etc. Definitely not for some fucking bratty immature bitch just because she ""hates men"" (yet is DESPERATE for a boyfriend online) How much we betting that her ""sperm donor"" will be some random shag off tinder.",white,True,False,False,35.0,man,"pansexual, disabled, trans",-1.0,black,4,1,5,5,5.0,liberal,0
2159,67558416,1,it contains multiple racial slurs and derogatory language,baseline,1,Big groidal of NY AA niggers wiff badges work to show their loyalty lies NOT with law enforcement but with filthy shit-ape mutant has-been Colon Kappernigger.,white,True,True,False,30.0,woman,"Black, female",-1.0,black,5,5,5,5,5.0,liberal,0
2159,67558416,1,it contains multiple racial slurs and derogatory language,gender_race,1,Big groidal of NY AA niggers wiff badges work to show their loyalty lies NOT with law enforcement but with filthy shit-ape mutant has-been Colon Kappernigger.,white,True,True,False,30.0,woman,"Black, female",-1.0,black,5,5,5,5,5.0,liberal,0
344,49021087,0,it contains hate speech and derogatory language,baseline,1,""" you ugly bitch!!!""- that seems to be my real name these days",aae,True,False,True,25.0,man,{},-1.0,black,1,1,3,2,2.5,liberal,0
344,49021087,0,it contains hate speech and derogatory language,gender_race,1,""" you ugly bitch!!!""- that seems to be my real name these days",aae,True,False,True,25.0,man,{},-1.0,black,1,1,3,2,2.5,liberal,0
2152,35379134,1,it contains a racial slur and a derogatory term,baseline,1,Fuck me i had to stand in line with yet another creepy nigger person today,white,True,True,False,30.0,man,{},-1.0,black,5,5,5,5,5.0,liberal,0
2152,35379134,1,it contains a racial slur and a derogatory term,gender_race,1,Fuck me i had to stand in line with yet another creepy nigger person today,white,True,True,False,30.0,man,{},-1.0,black,5,5,5,5,5.0,liberal,0
1927,92024956,1,it promotes the use of a racial slur and contains a hate message,baseline,1,"Can we just ship all these niggas back to Africa, and call it lovely?",aae,True,True,True,35.0,man,"pansexual, disabled, trans",-1.0,black,4,4,5,4,4.5,liberal,0
1927,92024956,1,it promotes the use of a racial slur and contains a xenophobic message,gender_race,1,"Can we just ship all these niggas back to Africa, and call it lovely?",aae,True,True,True,35.0,man,"pansexual, disabled, trans",-1.0,black,4,4,5,4,4.5,liberal,0
2205,92024956,1,it contains a racial slur and uses derogatory language to describe people from a specific neighborhood,baseline,1,"Truth! All you dumb niggas in the hood fucked with dbz, yuyu hakusho, inuyasha, and all of that",aae,True,True,True,35.0,man,"pansexual, disabled, trans",-1.0,black,4,1,5,3,4.0,liberal,0
2205,92024956,1,it contains a racial slur and conveys a stereotypical message about people in the hood,gender_race,1,"Truth! All you dumb niggas in the hood fucked with dbz, yuyu hakusho, inuyasha, and all of that",aae,True,True,True,35.0,man,"pansexual, disabled, trans",-1.0,black,4,1,5,3,4.0,liberal,0
218,42267923,0,it uses derogatory language to address women,baseline,1,to all my beautiful bitches: i love you all,hispanic,True,False,False,30.0,woman,{},1.0,black,2,1,2,3,2.5,conservative,0
218,42267923,0,it is a colloquial way to express affection to women,gender_race,0,to all my beautiful bitches: i love you all,hispanic,True,False,False,30.0,woman,{},1.0,black,2,1,2,3,2.5,conservative,1
3341,35379134,0,it is a casual conversation about buying shoes,baseline,0,"Going to buy some timbs, Air Force 1s, other Nike shoes and idk. I feel the need to expand. OK goodnight for real now",aae,False,False,True,30.0,man,{},-1.0,black,1,1,1,1,1.0,liberal,1
3341,35379134,0,it is a casual conversation about buying shoes,gender_race,0,"Going to buy some timbs, Air Force 1s, other Nike shoes and idk. I feel the need to expand. OK goodnight for real now",aae,False,False,True,30.0,man,{},-1.0,black,1,1,1,1,1.0,liberal,1
636,35379134,0,it contains a racial slur and uses explicit language,baseline,1,"They all say I'm so low key, I'm completely awkward. Only niggas who really know me, the ones that I talk with. They smile in the light but never in the dark. You call it beef, but it's just a fuckin walk in the park",white,True,False,False,30.0,man,{},-1.0,black,3,1,3,1,2.0,liberal,0
636,35379134,0,it is a metaphorical expression of the speaker's feelings and does not contain explicit language,gender_race,0,"They all say I'm so low key, I'm completely awkward. Only niggas who really know me, the ones that I talk with. They smile in the light but never in the dark. You call it beef, but it's just a fuckin walk in the park",white,True,False,False,30.0,man,{},-1.0,black,3,1,3,1,2.0,liberal,1
630,92024956,1,it contains hate speech and explicit language,baseline,1,Shoot yourself in the head you hypersensitive fuckin bitch.,aae,True,False,True,35.0,man,"pansexual, disabled",-1.0,black,5,1,5,5,5.0,liberal,0
630,92024956,1,it contains explicit language and a threat,gender_race,1,Shoot yourself in the head you hypersensitive fuckin bitch.,aae,True,False,True,35.0,man,"pansexual, disabled",-1.0,black,5,1,5,5,5.0,liberal,1
3831,67558416,0,it contains explicit language and objectifies women,baseline,1,"Stop, drop, and roll it I like bad bitches in the club that control it",aae,True,False,True,30.0,woman,"Black, female",-1.0,black,1,1,2,1,1.5,liberal,0
3831,67558416,0,it contains a derogatory term for women and promotes objectification,gender_race,1,"Stop, drop, and roll it I like bad bitches in the club that control it",aae,True,False,True,30.0,woman,"Black, female",-1.0,black,1,1,2,1,1.5,liberal,0
3480,35379134,0,it is a colloquial expression of solidarity and support,baseline,0,"they want me gone, out of the picture.. bury me now and only get bigger that's word to my nigga.. :sign_of_the_horns_medium-dark_skin_tone:",aae,True,False,True,30.0,man,{},-1.0,black,1,1,1,1,1.0,liberal,1
3480,35379134,0,it is a colloquial expression of solidarity and friendship,gender_race,0,"they want me gone, out of the picture.. bury me now and only get bigger that's word to my nigga.. :sign_of_the_horns_medium-dark_skin_tone:",aae,True,False,True,30.0,man,{},-1.0,black,1,1,1,1,1.0,liberal,1
3442,67558416,0,it contains a derogatory comment about a deceased person's physical appearance,baseline,1,"""pac probably lookin down at us from heaven, watchin the all eyez on me trailer thinkin """"lmao that man got a big ass head what is u doin""""""",aae,True,False,True,30.0,woman,"Black, female",-1.0,black,1,1,1,1,1.0,liberal,1
3442,67558416,0,it contains a derogatory comment about a deceased person's physical appearance,gender_race,1,"""pac probably lookin down at us from heaven, watchin the all eyez on me trailer thinkin """"lmao that man got a big ass head what is u doin""""""",aae,True,False,True,30.0,woman,"Black, female",-1.0,black,1,1,1,1,1.0,liberal,1
1886,92024956,1,it contains a racial slur and is a call to action that could be perceived as mocking or belittling,baseline,1,someone plz get this nigger some help. He's playing up like mad,hispanic,True,True,False,35.0,man,"pansexual, disabled",-1.0,black,5,5,5,5,5.0,liberal,0
1886,92024956,1,it uses a racial slur and contains a threat,gender_race,1,someone plz get this nigger some help. He's playing up like mad,hispanic,True,True,False,35.0,man,"pansexual, disabled",-1.0,black,5,5,5,5,5.0,liberal,0
313,92024956,1,it is a question about a sensitive topic and does not contain hate language,baseline,0,How do I convince my parents that it's not ok to say nigger and they need to stop saying nigger?,hispanic,True,False,False,35.0,man,"pansexual, disabled, trans",-1.0,black,2,5,4,3,3.5,liberal,0
313,92024956,1,it is a question about a sensitive topic and does not contain hate language,gender_race,0,How do I convince my parents that it's not ok to say nigger and they need to stop saying nigger?,hispanic,True,False,False,35.0,man,"pansexual, disabled, trans",-1.0,black,2,5,4,3,3.5,liberal,0
1787,49021087,1,it contains a racial slur and promotes the use of derogatory language,baseline,1,"Sly And The Family Stone - Don't Call Me Nigger, Whitey. I love that song!probs just cos it says nigger, I also love the word coon",white,True,True,False,25.0,man,{},-1.0,black,3,5,4,4,4.0,liberal,0
1787,49021087,1,it contains a racial slur and promotes the use of another racial slur,gender_race,1,"Sly And The Family Stone - Don't Call Me Nigger, Whitey. I love that song!probs just cos it says nigger, I also love the word coon",white,True,True,False,25.0,man,{},-1.0,black,3,5,4,4,4.0,liberal,0
1763,92024956,0,it uses a racial slur and promotes a negative stereotype about black people,baseline,1,If a nigga is entertaining you well he aint mine SIMPLE. He belongs to the streets.. or zoo,aae,True,True,True,35.0,man,"pansexual, disabled, trans",-1.0,black,1,1,4,1,2.5,liberal,0
1763,92024956,0,it uses a racial slur and promotes a negative stereotype about black people,gender_race,1,If a nigga is entertaining you well he aint mine SIMPLE. He belongs to the streets.. or zoo,aae,True,True,True,35.0,man,"pansexual, disabled, trans",-1.0,black,1,1,4,1,2.5,liberal,0
1739,67558416,1,it contains a racial slur and promotes hate speech,baseline,1,You are white and should not mix with nigger scum,white,True,True,False,30.0,woman,"Black, female",-1.0,black,5,5,5,5,5.0,liberal,0
1739,67558416,1,it contains a racial slur and promotes racial segregation,gender_race,1,You are white and should not mix with nigger scum,white,True,True,False,30.0,woman,"Black, female",-1.0,black,5,5,5,5,5.0,liberal,0
2145,67558416,0,it is a narrative about a personal experience and does not contain hate speech,baseline,0,This nigga TJ sat in prison with me for two years for some shit he aint even do... and for some shit he told me not to do.,aae,True,True,True,30.0,woman,"Black, female",-1.0,black,2,2,1,1,1.0,liberal,0
2145,67558416,0,it is a narrative about a personal experience and does not contain hate speech,gender_race,0,This nigga TJ sat in prison with me for two years for some shit he aint even do... and for some shit he told me not to do.,aae,True,True,True,30.0,woman,"Black, female",-1.0,black,2,2,1,1,1.0,liberal,0
2185,49021087,1,it contains a racial slur and a derogatory term for a person from africa,baseline,1,"Her vanity is seriously out of control. And sharing London is the best city in the world? If she likes it so much then why doesnt she MOVE THERE! Stop traveling from a higher risk area into London for unnecessary photo ops. Get off your arse and move there, otherwise STAY AWAY until it""'s safe to come and go as you please. or just fuck off back to africa where other niggers like you can be weird together",white,True,True,False,25.0,man,{},-1.0,black,5,5,5,5,5.0,liberal,0
2185,49021087,1,it contains a racial slur and a derogatory message towards a specific group of people,gender_race,1,"Her vanity is seriously out of control. And sharing London is the best city in the world? If she likes it so much then why doesnt she MOVE THERE! Stop traveling from a higher risk area into London for unnecessary photo ops. Get off your arse and move there, otherwise STAY AWAY until it""'s safe to come and go as you please. or just fuck off back to africa where other niggers like you can be weird together",white,True,True,False,25.0,man,{},-1.0,black,5,5,5,5,5.0,liberal,0
1854,35379134,1,it contains a racial slur and promotes a stereotype,baseline,1,this is a goddess on a throne with a nigger at her feet,white,True,True,False,30.0,man,{},-1.0,black,5,5,5,5,5.0,liberal,0
1854,35379134,1,it contains a racial slur and promotes a stereotype,gender_race,1,this is a goddess on a throne with a nigger at her feet,white,True,True,False,30.0,man,{},-1.0,black,5,5,5,5,5.0,liberal,0
3437,35379134,0,it contains a derogatory term and a stereotype about parents using umbrella strollers for their babies,baseline,1,Can y'all stop putn lil 3-4 months old babies in them lil dumb ass umbrella strollers :face_with_rolling_eyes::face_with_rolling_eyes: yall erks me :unamused:,aae,True,False,True,30.0,man,{},-1.0,black,3,1,2,2,2.0,liberal,0
3437,35379134,0,it is a colloquial way to express frustration about a particular practice,gender_race,0,Can y'all stop putn lil 3-4 months old babies in them lil dumb ass umbrella strollers :face_with_rolling_eyes::face_with_rolling_eyes: yall erks me :unamused:,aae,True,False,True,30.0,man,{},-1.0,black,3,1,2,2,2.0,liberal,1
3062,49021087,0,it is a quote from a song and the language used is a part of the song's style,baseline,0,When I'm doing good niggas wanna hate. That's why I only got myself. The rest don't give a f:moneybag:ck I grind for better not for the same result:100:,white,True,False,False,25.0,man,{},-1.0,black,1,1,2,1,1.5,liberal,1
3062,49021087,0,it is a quote from a song and the use of the racial slur 'nigga' is part of the lyrics,gender_race,0,When I'm doing good niggas wanna hate. That's why I only got myself. The rest don't give a f:moneybag:ck I grind for better not for the same result:100:,white,True,False,False,25.0,man,{},-1.0,black,1,1,2,1,1.5,liberal,0
2212,92024956,1,it contains hate speech and racial slurs,baseline,1,"this is a nigger thing to say, keep sucking black cock",aae,True,True,True,35.0,man,"pansexual, disabled",-1.0,black,5,5,5,5,5.0,liberal,0
2212,92024956,1,it contains a racial slur and promotes a sexual act,gender_race,1,"this is a nigger thing to say, keep sucking black cock",aae,True,True,True,35.0,man,"pansexual, disabled",-1.0,black,5,5,5,5,5.0,liberal,0
4133,42267923,1,it contains a racial slur and a derogatory term,baseline,1,You a nigga fucked ip if he wake up with his socks on and one earring in:sob:,aae,True,False,True,30.0,woman,{},1.0,black,5,5,5,5,5.0,conservative,0
4133,42267923,1,it contains a racial slur and a derogatory term,gender_race,1,You a nigga fucked ip if he wake up with his socks on and one earring in:sob:,aae,True,False,True,30.0,woman,{},1.0,black,5,5,5,5,5.0,conservative,0
2207,67558416,1,it uses a racial slur and perpetuates a stereotype,baseline,1,"And yet people still think its OK to call grown ass niggers, ""african americans"".",aae,True,True,True,30.0,woman,"Black, female",-1.0,black,5,5,5,5,5.0,liberal,0
2207,67558416,1,it uses a racial slur and conveys a negative stereotype,gender_race,1,"And yet people still think its OK to call grown ass niggers, ""african americans"".",aae,True,True,True,30.0,woman,"Black, female",-1.0,black,5,5,5,5,5.0,liberal,0
415,92024956,1,it contains hate speech and derogatory language towards a specific group of people and their behavior,baseline,1,"I live in a pretty slummy area of Winnipeg, Manitoba, and it's disgusting here how prejudicious and racist people are. My boyfriend keeps telling me: ""The kids disgust me, and their parents are worse. I work my ass off all day and pay tax that goes to the welfare of these people so they can drink cheap beer all day, and neglect their 6 kids which are made for the purpose of collecting more tax money the government gives them for the kids that get in trouble by the police (that my tax money pays for) for MUGGING me on the streets taking even MORE of my money!"" He can be such a dick",white,True,False,False,35.0,man,"pansexual, disabled, trans",-1.0,black,1,3,4,4,4.0,liberal,0
415,92024956,1,it is a personal account of a situation and the language used is strong but not hate speech,gender_race,0,"I live in a pretty slummy area of Winnipeg, Manitoba, and it's disgusting here how prejudicious and racist people are. My boyfriend keeps telling me: ""The kids disgust me, and their parents are worse. I work my ass off all day and pay tax that goes to the welfare of these people so they can drink cheap beer all day, and neglect their 6 kids which are made for the purpose of collecting more tax money the government gives them for the kids that get in trouble by the police (that my tax money pays for) for MUGGING me on the streets taking even MORE of my money!"" He can be such a dick",white,True,False,False,35.0,man,"pansexual, disabled, trans",-1.0,black,1,3,4,4,4.0,liberal,1
3409,35379134,0,it is a casual conversation between two people about a game,baseline,0,me: im gonna try im@s again maybe the ugly ass art style will grow on me im@s: takes 20 hours to download me: :upside__down_face:,aae,True,False,True,30.0,man,{},-1.0,black,5,1,2,3,2.5,liberal,1
3409,35379134,0,it is a casual conversation between two people about a game,gender_race,0,me: im gonna try im@s again maybe the ugly ass art style will grow on me im@s: takes 20 hours to download me: :upside__down_face:,aae,True,False,True,30.0,man,{},-1.0,black,5,1,2,3,2.5,liberal,1
3457,32992109,0,it is a statement about the preference of some people to be known and broke rather than unknown and poor,baseline,0,Niggas rather be known and broke instead of low-key and getting chicken,aae,True,False,True,25.0,man,,-1.0,black,1,1,2,1,1.5,liberal,1
3457,32992109,0,it is a colloquial expression that uses a racial slur but in a way that is not derogatory,gender_race,0,Niggas rather be known and broke instead of low-key and getting chicken,aae,True,False,True,25.0,man,,-1.0,black,1,1,2,1,1.5,liberal,1
1788,67558416,1,it conveys a racist message and contains a racial slur,baseline,1,& you best believe im never marrying a dirty nigga no matter how rich he might be. Not happenning!,aae,True,True,True,30.0,woman,"Black, female",-1.0,black,5,5,5,4,4.5,liberal,0
1788,67558416,1,it conveys a racial slur and a stereotype about people of a certain race being dirty,gender_race,1,& you best believe im never marrying a dirty nigga no matter how rich he might be. Not happenning!,aae,True,True,True,30.0,woman,"Black, female",-1.0,black,5,5,5,4,4.5,liberal,0
3893,35379134,0,it uses a racial slur and implies that people who are different will be hated,baseline,1,know them niggas lookin so you know they gon hate :smiling_imp:,aae,True,False,True,30.0,man,{},-1.0,black,1,1,3,1,2.0,liberal,0
3893,35379134,0,it uses a racial slur and implies that people who are different will be hated,gender_race,1,know them niggas lookin so you know they gon hate :smiling_imp:,aae,True,False,True,30.0,man,{},-1.0,black,1,1,3,1,2.0,liberal,0
304,49021087,0,it is a personal story about a person's experience with racism,baseline,0,"My mom yelled at me and called me a ""nigger lover"" when I told her that I oppose racism, what can I do?",hispanic,True,False,False,25.0,man,{},-1.0,black,2,2,2,2,2.0,liberal,1
304,49021087,0,it is a personal story about a family conflict,gender_race,0,"My mom yelled at me and called me a ""nigger lover"" when I told her that I oppose racism, what can I do?",hispanic,True,False,False,25.0,man,{},-1.0,black,2,2,2,2,2.0,liberal,1
2213,92024956,1,it contains explicit language and a racial slur,baseline,1,FUCKING NIGGERS!,hispanic,True,True,False,35.0,man,"pansexual, disabled, trans",-1.0,black,5,5,5,5,5.0,liberal,0
2213,92024956,1,it contains explicit language and a racial slur,gender_race,1,FUCKING NIGGERS!,hispanic,True,True,False,35.0,man,"pansexual, disabled, trans",-1.0,black,5,5,5,5,5.0,liberal,0
1396,42267923,1,it contains a derogatory term for women and makes a generalization about a group of people based on their birth year,baseline,1,The real problem is defiantly with modern women. Any woman born after the 80s is a fucking bitch,white,True,False,False,30.0,woman,{},1.0,black,5,1,5,5,5.0,conservative,1
1396,42267923,1,it contains a derogatory term for women and makes a generalization about a group of people based on their birth year,gender_race,1,The real problem is defiantly with modern women. Any woman born after the 80s is a fucking bitch,white,True,False,False,30.0,woman,{},1.0,black,5,1,5,5,5.0,conservative,1
2220,42267923,1,it contains a racial slur and uses derogatory language,baseline,1,"I saw that fucking shitbag standing in the dark, the coward ran away, surprised I could see the nigger in the dark",white,True,True,False,30.0,woman,{},1.0,black,5,5,5,5,5.0,conservative,0
2220,42267923,1,it contains a racial slur and uses derogatory language,gender_race,1,"I saw that fucking shitbag standing in the dark, the coward ran away, surprised I could see the nigger in the dark",white,True,True,False,30.0,woman,{},1.0,black,5,5,5,5,5.0,conservative,0
1757,42267923,1,it promotes the use of a racial slur and contains a message of hate towards a specific group of people,baseline,1,"Seeing niggas getting sent back home to the damn hellholes they came from is my true oxygen, I live for it",aae,True,True,True,30.0,woman,{},1.0,black,5,5,5,5,5.0,conservative,0
1757,42267923,1,it conveys a message of hatred and racism towards people from certain countries,gender_race,1,"Seeing niggas getting sent back home to the damn hellholes they came from is my true oxygen, I live for it",aae,True,True,True,30.0,woman,{},1.0,black,5,5,5,5,5.0,conservative,0
324,92024956,0,it contains a racial slur and a derogatory term,baseline,1,"Hey Bad Boy come ride with me my nigga, car super clean, one two or three screens, watch a nigga be, to the left I lean",white,True,False,False,35.0,man,"pansexual, disabled",-1.0,black,1,1,4,1,2.5,liberal,0
324,92024956,0,it contains a racial slur and a derogatory term,gender_race,1,"Hey Bad Boy come ride with me my nigga, car super clean, one two or three screens, watch a nigga be, to the left I lean",white,True,False,False,35.0,man,"pansexual, disabled",-1.0,black,1,1,4,1,2.5,liberal,0
729,42267923,1,it contains explicit language and a racial slur,baseline,1,Fuck it y'all do what y'all want but once this sub go down ik me and my niggas got her shit and we got her private messages that nobody else got,aae,True,False,True,30.0,woman,{},1.0,black,5,5,5,5,5.0,conservative,0
729,42267923,1,it contains explicit language and a racial slur,gender_race,1,Fuck it y'all do what y'all want but once this sub go down ik me and my niggas got her shit and we got her private messages that nobody else got,aae,True,False,True,30.0,woman,{},1.0,black,5,5,5,5,5.0,conservative,0
4077,42267923,1,it contains explicit language and a racial slur,baseline,1,Once you let me in it imma get the switching different positions having that ass wishing that I was your nigga,aae,True,False,True,30.0,woman,{},1.0,black,3,3,4,3,3.5,conservative,0
4077,42267923,1,it contains explicit language and a racial slur,gender_race,1,Once you let me in it imma get the switching different positions having that ass wishing that I was your nigga,aae,True,False,True,30.0,woman,{},1.0,black,3,3,4,3,3.5,conservative,0
655,92024956,1,it contains explicit language and derogatory terms,baseline,1,Chamwich you can make your own fucking sandwich lazy arsed bitch,hispanic,True,False,False,35.0,man,"pansexual, disabled, trans",-1.0,black,5,1,5,5,5.0,liberal,0
655,92024956,1,it contains explicit language and derogatory terms,gender_race,1,Chamwich you can make your own fucking sandwich lazy arsed bitch,hispanic,True,False,False,35.0,man,"pansexual, disabled, trans",-1.0,black,5,1,5,5,5.0,liberal,0
3505,43606178,1,it is a casual conversation between friends,baseline,0,I'm about to turn my read receipts back on. Mfs keep hollin I know you got my text. Yep & I'm going to let you know I did :relaxed:,aae,False,False,True,30.0,man,,-0.5,black,5,1,3,4,3.5,liberal,1
3505,43606178,1,it is a casual conversation between friends,gender_race,0,I'm about to turn my read receipts back on. Mfs keep hollin I know you got my text. Yep & I'm going to let you know I did :relaxed:,aae,False,False,True,30.0,man,,-0.5,black,5,1,3,4,3.5,liberal,1
3522,24252197,0,it is a nonsensical sentence,baseline,0,"I'm a thumbs up, pissed off when you (of all over my time where Rocky stepped right type of what they full of heat seekers",aae,False,False,True,30.0,man,{},-0.5,black,1,1,1,1,1.0,liberal,1
3522,24252197,0,it is a nonsensical sentence,gender_race,0,"I'm a thumbs up, pissed off when you (of all over my time where Rocky stepped right type of what they full of heat seekers",aae,False,False,True,30.0,man,{},-0.5,black,1,1,1,1,1.0,liberal,1
3396,43606178,1,"it is a personal attack on a person, but it does not contain hate speech or explicit language",baseline,0,I cant stand that Jamie all through this not 1 person has mentioned the bird hes with get ova it leave @dan_edgar1 alone. Ur ex bird cheated,aae,False,False,True,30.0,man,,-0.5,black,5,1,4,4,4.0,liberal,0
3396,43606178,1,"it is a personal attack on a person, but it does not contain hate speech or explicit language",gender_race,0,I cant stand that Jamie all through this not 1 person has mentioned the bird hes with get ova it leave @dan_edgar1 alone. Ur ex bird cheated,aae,False,False,True,30.0,man,,-0.5,black,5,1,4,4,4.0,liberal,0
3395,24252197,0,it is a personal reflection and does not contain any hate speech or explicit language,baseline,0,I just try to be nice to people and share my positive spirit but some mfs gon start seeing my mean side & it's a whole diff story:neutral_face:,aae,False,False,True,30.0,man,{},-0.5,black,1,1,2,1,1.5,liberal,0
3395,24252197,0,it is a personal reflection and does not contain any hate speech or explicit language,gender_race,0,I just try to be nice to people and share my positive spirit but some mfs gon start seeing my mean side & it's a whole diff story:neutral_face:,aae,False,False,True,30.0,man,{},-0.5,black,1,1,2,1,1.5,liberal,0
3276,34083197,0,it is a colloquial way to comment on the social media,baseline,0,All I see down my time line on Facebook errday is perks! And it's even hella hypes 2day down my time line smh lookin fa perks,aae,False,False,True,30.0,man,{},-0.5,white,1,1,1,1,1.0,liberal,1
3276,34083197,0,it is a colloquial way to comment on the social media,gender_race,0,All I see down my time line on Facebook errday is perks! And it's even hella hypes 2day down my time line smh lookin fa perks,aae,False,False,True,30.0,man,{},-0.5,white,1,1,1,1,1.0,liberal,1
3380,24252197,0,it is a fictional dialogue and does not contain any explicit language or hate speech,baseline,0,"{@ClonedDeviant} « probably would have done the same for Darrien if he /had/ a grave, but that wasn't what was bothering her so »",aae,False,False,True,30.0,man,{},-0.5,black,1,1,1,1,1.0,liberal,0
3380,24252197,0,it is a fictional dialogue and does not contain any explicit language or hate speech,gender_race,0,"{@ClonedDeviant} « probably would have done the same for Darrien if he /had/ a grave, but that wasn't what was bothering her so »",aae,False,False,True,30.0,man,{},-0.5,black,1,1,1,1,1.0,liberal,0
3295,24252197,0,it is a joke about masculinity and the use of a hashtag does not make the sentence offensive,baseline,0,Real men go to the nail salon w their girlfriends just to keep company :slightly_smiling_face: @Scruzzerrrr #raybelaintreal,aae,False,False,True,30.0,man,{},-0.5,black,1,1,1,1,1.0,liberal,0
3295,24252197,0,it is a joke about masculinity and the use of a hashtag does not make the sentence offensive,gender_race,0,Real men go to the nail salon w their girlfriends just to keep company :slightly_smiling_face: @Scruzzerrrr #raybelaintreal,aae,False,False,True,30.0,man,{},-0.5,black,1,1,1,1,1.0,liberal,0
3517,24252197,0,it is a playful use of language and contains a typo,baseline,0,Idk why ppl think I am fuckwitable but...I'm not lol it's tew bad.,aae,False,False,True,30.0,man,{},-0.5,black,1,1,1,1,1.0,liberal,1
3517,24252197,0,it is a playful use of language and contains a typo,gender_race,0,Idk why ppl think I am fuckwitable but...I'm not lol it's tew bad.,aae,False,False,True,30.0,man,{},-0.5,black,1,1,1,1,1.0,liberal,1
3649,24252197,0,it is a colloquial way to describe a situation and does not contain hate language,baseline,0,Called my mom cause I fucked my gravy on my chicken fried steak and I needed her advice to help me fix it...,aae,True,False,True,30.0,man,{},-0.5,black,1,1,1,1,1.0,liberal,1
3649,24252197,0,it is a colloquial way to describe a situation and does not contain hate language,gender_race,0,Called my mom cause I fucked my gravy on my chicken fried steak and I needed her advice to help me fix it...,aae,True,False,True,30.0,man,{},-0.5,black,1,1,1,1,1.0,liberal,1
3430,43606178,1,it is a statement about personal boundaries and consequences of hurtful behavior,baseline,0,Stg if any of my friends said some hurtful shit to me about my personal life 1) we not friends anymore & 2) you getting smacked,aae,True,False,True,30.0,man,,-0.5,black,5,1,5,4,4.5,liberal,1
3430,43606178,1,it is a hypothetical scenario about a personal boundary and a threat of physical violence,gender_race,0,Stg if any of my friends said some hurtful shit to me about my personal life 1) we not friends anymore & 2) you getting smacked,aae,True,False,True,30.0,man,,-0.5,black,5,1,5,4,4.5,liberal,1
3534,24252197,0,it conveys a stereotypical message suggesting that black communities are not benefiting from the ben & jerry's money and contains a racial slur,baseline,1,"That Ben & Jerry money ain't going to black communities, black schools, black centers, black churches, black Nonprofits lol",aae,False,False,True,30.0,man,{},-0.5,black,1,1,1,1,1.0,liberal,0
3534,24252197,0,it conveys a stereotypical message suggesting that black communities are not benefiting from the ben & jerry money and contains a racial slur,gender_race,1,"That Ben & Jerry money ain't going to black communities, black schools, black centers, black churches, black Nonprofits lol",aae,False,False,True,30.0,man,{},-0.5,black,1,1,1,1,1.0,liberal,0
3540,24252197,0,it is a colloquial way to express frustration in a relationship,baseline,0,Dnt yhu hate it wen youz babe go to sleep on yhu without lettin uk cx ik tht piss mhe tf off:rage::rage::rage::pensive::pensive:,aae,False,False,True,30.0,man,{},-0.5,black,1,1,1,1,1.0,liberal,1
3540,24252197,0,it is a colloquial way to express frustration in a relationship,gender_race,0,Dnt yhu hate it wen youz babe go to sleep on yhu without lettin uk cx ik tht piss mhe tf off:rage::rage::rage::pensive::pensive:,aae,False,False,True,30.0,man,{},-0.5,black,1,1,1,1,1.0,liberal,1
3359,43606178,1,it is a statement about a hypothetical situation,baseline,0,boy i've never been in a fight before but i fr just wanted to start one w some hartshorne kids at subway,aae,False,False,True,30.0,man,,-0.5,black,2,1,3,4,3.5,liberal,1
3359,43606178,1,it is a statement about a hypothetical situation,gender_race,0,boy i've never been in a fight before but i fr just wanted to start one w some hartshorne kids at subway,aae,False,False,True,30.0,man,,-0.5,black,2,1,3,4,3.5,liberal,1
3300,43606178,0,it is a poetic phrase with no explicit language or hate speech,baseline,0,"Surely they to themselves are foes, who 'gainst My Words Rebel: And they who My Instructions hate, Do Count The Road To Hell. Selah..._",aae,False,False,True,30.0,man,,-0.5,black,1,1,1,1,1.0,liberal,1
3300,43606178,0,it is a poetic phrase,gender_race,0,"Surely they to themselves are foes, who 'gainst My Words Rebel: And they who My Instructions hate, Do Count The Road To Hell. Selah..._",aae,False,False,True,30.0,man,,-0.5,black,1,1,1,1,1.0,liberal,1
3693,24252197,0,it contains explicit language and a threat,baseline,1,This uniform can come off and y'all can get fucked up.,aae,True,False,True,30.0,man,{},-0.5,black,1,1,2,1,1.5,liberal,1
3693,24252197,0,it contains explicit language and a threat,gender_race,1,This uniform can come off and y'all can get fucked up.,aae,True,False,True,30.0,man,{},-0.5,black,1,1,2,1,1.5,liberal,1
3254,24252197,0,it is a neutral statement about cutting people off,baseline,0,ain't no problem in cutting ppl off. save that space for somebody who'll benefit from u and vice versa,aae,False,False,True,30.0,man,{},-0.5,black,1,1,1,1,1.0,liberal,1
3254,24252197,0,it is a neutral statement about cutting people off,gender_race,0,ain't no problem in cutting ppl off. save that space for somebody who'll benefit from u and vice versa,aae,False,False,True,30.0,man,{},-0.5,black,1,1,1,1,1.0,liberal,1
3284,43606178,0,it is a poetic way to express a feeling,baseline,0,"'We ll have two diff ways after about 2 yrs'-she whispered. Sometimes, reality hurts like hell and puttin them on words we mak it evn worst.",aae,False,False,True,30.0,man,,-0.5,black,1,1,1,1,1.0,liberal,1
3284,43606178,0,it is a poetic way to express a feeling,gender_race,0,"'We ll have two diff ways after about 2 yrs'-she whispered. Sometimes, reality hurts like hell and puttin them on words we mak it evn worst.",aae,False,False,True,30.0,man,,-0.5,black,1,1,1,1,1.0,liberal,1
3536,24252197,1,it contains hate speech and derogatory language towards the lgbtq+ community,baseline,1,Shut your BLOODCLART mouth not every country a promote gays like di UK dem have a small smutty mind can't cook an everyting bout dem DEAD,aae,False,False,True,30.0,man,{},-0.5,black,5,1,5,5,5.0,liberal,0
3536,24252197,1,it contains hate speech and derogatory language towards the lgbtq+ community,gender_race,1,Shut your BLOODCLART mouth not every country a promote gays like di UK dem have a small smutty mind can't cook an everyting bout dem DEAD,aae,False,False,True,30.0,man,{},-0.5,black,5,1,5,5,5.0,liberal,0
3521,43606178,1,it contains explicit language and is directed at a public figure,baseline,1,"F*ck off Arsene, get out and @Arsenal @PUMA@GatoradeUK @CitroenUK @CooperTire @Europcar @IndesitUK@Vitality_UK #NoNewContract #WengerOut",aae,False,False,True,30.0,man,,-0.5,black,5,1,5,4,4.5,liberal,0
3521,43606178,1,it contains explicit language and is a personal attack on arsene wenger,gender_race,1,"F*ck off Arsene, get out and @Arsenal @PUMA@GatoradeUK @CitroenUK @CooperTire @Europcar @IndesitUK@Vitality_UK #NoNewContract #WengerOut",aae,False,False,True,30.0,man,,-0.5,black,5,1,5,4,4.5,liberal,0
3385,43606178,0,it is a colloquial way to express excitement and anticipation about a situation,baseline,0,"""When I go on Maury, I want all my friend me cutting up saying """"Dass right sis, he know he that baby papi, yup,he lying, he know it"""" :joy::joy::joy::woman_shrugging_medium-dark_skin_tone:""",aae,False,False,True,30.0,man,,-0.5,black,1,1,3,2,2.5,liberal,1
3385,43606178,0,it is a colloquial way to express a personal opinion about a friend's situation,gender_race,0,"""When I go on Maury, I want all my friend me cutting up saying """"Dass right sis, he know he that baby papi, yup,he lying, he know it"""" :joy::joy::joy::woman_shrugging_medium-dark_skin_tone:""",aae,False,False,True,30.0,man,,-0.5,black,1,1,3,2,2.5,liberal,1
3481,43606178,1,it contains vulgar language and a derogatory term for women,baseline,1,Y THESE BITCHES ACTIN LIKE I AINT NEVA BREEZE PAST EM!!!!,aae,True,False,True,30.0,man,,-0.5,black,4,1,3,4,3.5,liberal,0
3481,43606178,1,it contains vulgar language and a derogatory term for women,gender_race,1,Y THESE BITCHES ACTIN LIKE I AINT NEVA BREEZE PAST EM!!!!,aae,True,False,True,30.0,man,,-0.5,black,4,1,3,4,3.5,liberal,0
3294,43606178,0,it is a poetic expression of frustration and dissatisfaction,baseline,0,"No sleep, no rest, so I'm feeling like I ain't blessed. It's true I got more than most but I'm caged up like the rest",aae,False,False,True,30.0,man,,-0.5,black,1,1,2,1,1.5,liberal,1
3294,43606178,0,it is a poetic expression of frustration and hardship,gender_race,0,"No sleep, no rest, so I'm feeling like I ain't blessed. It's true I got more than most but I'm caged up like the rest",aae,False,False,True,30.0,man,,-0.5,black,1,1,2,1,1.5,liberal,1
3665,43606178,0,it contains explicit language and implies a romantic relationship with a character who is a serial killer,baseline,1,when people discuss death note with me they try to discuss how much they love L and I'm like oh gosh no im fucking with Light hunni,aae,True,False,True,30.0,man,,-0.5,black,2,1,1,1,1.0,liberal,0
3665,43606178,0,it contains explicit language and a derogatory term for a character in the death note series,gender_race,1,when people discuss death note with me they try to discuss how much they love L and I'm like oh gosh no im fucking with Light hunni,aae,True,False,True,30.0,man,,-0.5,black,2,1,1,1,1.0,liberal,0
3676,43606178,0,it is a compliment to the artist and does not contain any hate speech,baseline,0,Man say @MilaJ just fucked my head up with this #mixtape :princess_medium-dark_skin_tone: stop sleeping on ma,aae,True,False,True,30.0,man,,-0.5,black,1,1,1,1,1.0,liberal,0
3676,43606178,0,it is a compliment to the artist and does not contain any hate speech,gender_race,0,Man say @MilaJ just fucked my head up with this #mixtape :princess_medium-dark_skin_tone: stop sleeping on ma,aae,True,False,True,30.0,man,,-0.5,black,1,1,1,1,1.0,liberal,0
3239,43606178,0,it is a quote from a song and a comment about a news article,baseline,0,"""Hey Daytin you know what the old saying is """"if you don't beat it join it"""" congrats on hiring a VCU insider @DavidPJablonski""",aae,False,False,True,30.0,man,,-0.5,black,1,1,1,1,1.0,liberal,1
3239,43606178,0,it is a quote from a song and a comment about a news article,gender_race,0,"""Hey Daytin you know what the old saying is """"if you don't beat it join it"""" congrats on hiring a VCU insider @DavidPJablonski""",aae,False,False,True,30.0,man,,-0.5,black,1,1,1,1,1.0,liberal,1
3765,24252197,0,it contains explicit language and objectifies women,baseline,1,"All I look for in a man is to make me laugh, b loyal, get that $, smoke with me and make me cum. It's so simple.",aae,True,False,True,30.0,man,{},-0.5,black,1,1,1,1,1.0,liberal,0
3765,24252197,0,it conveys a stereotypical message suggesting that women are only interested in men who can provide them with material and sexual benefits,gender_race,1,"All I look for in a man is to make me laugh, b loyal, get that $, smoke with me and make me cum. It's so simple.",aae,True,False,True,30.0,man,{},-0.5,black,1,1,1,1,1.0,liberal,0
3545,43606178,0,it is a subjective opinion about a movie,baseline,0,Kevin hart was stupid as hell in think like a man 1,aae,False,False,True,30.0,man,,-0.5,black,4,1,1,2,1.5,liberal,1
3545,43606178,0,it is a subjective opinion about a movie,gender_race,0,Kevin hart was stupid as hell in think like a man 1,aae,False,False,True,30.0,man,,-0.5,black,4,1,1,2,1.5,liberal,1
3562,43606178,1,it contains a slang term for a derogatory word and uses profanity,baseline,1,Sometimes I'll cut a jawn off just for being so damn stupid,aae,False,False,True,30.0,man,,-0.5,black,5,1,3,4,3.5,liberal,0
3562,43606178,1,it contains a slang term that can be interpreted as derogatory and the use of the word'stupid' to describe someone,gender_race,1,Sometimes I'll cut a jawn off just for being so damn stupid,aae,False,False,True,30.0,man,,-0.5,black,5,1,3,4,3.5,liberal,0
3560,24252197,0,it is a frustrated comment about a celebrity not responding to a question,baseline,0,I'm sick of @JoeBudden not answering my damn questions :joy::joy::joy:,aae,False,False,True,30.0,man,{},-0.5,black,1,1,1,1,1.0,liberal,1
3560,24252197,0,it is a frustrated comment about a celebrity not responding to a question,gender_race,0,I'm sick of @JoeBudden not answering my damn questions :joy::joy::joy:,aae,False,False,True,30.0,man,{},-0.5,black,1,1,1,1,1.0,liberal,1
3389,24252197,0,it is a colloquial way to express frustration and contains informal language,baseline,0,"trip stop bein a nob, wat r u like, 5 or smth we aint at nursery also say please dnt forget ur manners",aae,False,False,True,30.0,man,{},-0.5,black,1,1,3,1,2.0,liberal,1
3389,24252197,0,it is a colloquial way to express frustration and contains informal language,gender_race,0,"trip stop bein a nob, wat r u like, 5 or smth we aint at nursery also say please dnt forget ur manners",aae,False,False,True,30.0,man,{},-0.5,black,1,1,3,1,2.0,liberal,1
3570,24252197,0,it conveys a message that suggests that someone who shares intimate content with you has lost their right to privacy and contains explicit language,baseline,1,if someone trust you and send you nudes.. why expose them like that just because y'all fall out. that's FUCKED up!:100::middle_finger_medium-dark_skin_tone:,aae,True,False,True,30.0,man,{},-0.5,black,1,1,1,1,1.0,liberal,0
3570,24252197,0,it conveys a message that suggests that women who send nudes are responsible for being exposed and contains explicit language,gender_race,1,if someone trust you and send you nudes.. why expose them like that just because y'all fall out. that's FUCKED up!:100::middle_finger_medium-dark_skin_tone:,aae,True,False,True,30.0,man,{},-0.5,black,1,1,1,1,1.0,liberal,0
3550,43606178,1,it is a metaphorical expression of a person's frustration and does not contain hate speech or explicit language,baseline,0,No clout. I WONT GIVE A RAT NO FAME I WON'T GIVE A RAT NO CLOUT. Why you throwing stones at houses? Have u got a bullet proof house? Nah,aae,False,False,True,30.0,man,,-0.5,black,5,1,4,4,4.0,liberal,0
3550,43606178,1,it is a metaphorical expression of not wanting to engage in a conflict,gender_race,0,No clout. I WONT GIVE A RAT NO FAME I WON'T GIVE A RAT NO CLOUT. Why you throwing stones at houses? Have u got a bullet proof house? Nah,aae,False,False,True,30.0,man,,-0.5,black,5,1,4,4,4.0,liberal,1
3531,24252197,0,it is a subjective statement that expresses a personal opinion,baseline,0,Some of y'all lives don't even be bad..y'all jus either ungrateful or just don't know how to put things in perspective,aae,False,False,True,30.0,man,{},-0.5,black,1,1,1,1,1.0,liberal,1
3531,24252197,0,it is a subjective statement that expresses a personal opinion,gender_race,0,Some of y'all lives don't even be bad..y'all jus either ungrateful or just don't know how to put things in perspective,aae,False,False,True,30.0,man,{},-0.5,black,1,1,1,1,1.0,liberal,1
3533,43606178,0,"it is a frustrated statement about a job, but it does not contain hate speech or explicit language",baseline,0,I hate this damn job. But who gon supply me my Chick Fil A and drumkits if I quit? Not a damn soul. :joy:,aae,False,False,True,30.0,man,,-0.5,black,3,1,3,2,2.5,liberal,0
3533,43606178,0,it is a frustrated statement about a job and contains colloquial language,gender_race,0,I hate this damn job. But who gon supply me my Chick Fil A and drumkits if I quit? Not a damn soul. :joy:,aae,False,False,True,30.0,man,,-0.5,black,3,1,3,2,2.5,liberal,1
3399,24252197,0,"it is a joke about a person named cree and her actions, and the tone is playful and affectionate",baseline,0,cree gets on my nerves cause she be putting gas in my car but i love her cause she be putting gas in my car lol :sob:,aae,False,False,True,30.0,man,{},-0.5,black,1,1,1,1,1.0,liberal,0
3399,24252197,0,"it is a joke about a person named cree and her actions, but it is not derogatory or hurtful",gender_race,0,cree gets on my nerves cause she be putting gas in my car but i love her cause she be putting gas in my car lol :sob:,aae,False,False,True,30.0,man,{},-0.5,black,1,1,1,1,1.0,liberal,0
3508,43606178,0,it is an expression of anger and frustration,baseline,0,done got so mad damn ears done silenced everything around me :rage:,aae,False,False,True,30.0,man,,-0.5,black,1,1,1,1,1.0,liberal,1
3508,43606178,0,it is an expression of anger and frustration,gender_race,0,done got so mad damn ears done silenced everything around me :rage:,aae,False,False,True,30.0,man,,-0.5,black,1,1,1,1,1.0,liberal,1
3240,24252197,0,it is a personal expression of vulnerability and frustration,baseline,0,i just can't record or take a picture of myself crying :skull: like hell nah . . ion know how you fees do it :woman_shrugging_medium-dark_skin_tone:,aae,False,False,True,30.0,man,{},-0.5,black,1,1,2,1,1.5,liberal,1
3240,24252197,0,it is a personal expression of vulnerability and frustration,gender_race,0,i just can't record or take a picture of myself crying :skull: like hell nah . . ion know how you fees do it :woman_shrugging_medium-dark_skin_tone:,aae,False,False,True,30.0,man,{},-0.5,black,1,1,2,1,1.5,liberal,1
3233,24252197,0,it is a metaphorical expression of sadness and frustration,baseline,0,He killed me when he said it was over .. Now I'm in the middle of nowhere And got no space to breath,aae,False,False,True,30.0,man,{},-0.5,black,1,1,1,1,1.0,liberal,1
3233,24252197,0,it is a metaphorical expression of sadness and frustration,gender_race,0,He killed me when he said it was over .. Now I'm in the middle of nowhere And got no space to breath,aae,False,False,True,30.0,man,{},-0.5,black,1,1,1,1,1.0,liberal,1
3420,43606178,0,it is a message of self-empowerment and self-love,baseline,0,I'm too broke to buy anything angry... Hot heads ain't sexy. Calling names ain't sexy.. How would a queen address problems? Not wit anger,aae,True,False,True,30.0,man,,-0.5,black,1,1,2,1,1.5,liberal,1
3420,43606178,0,it is a message of self-empowerment and self-love,gender_race,0,I'm too broke to buy anything angry... Hot heads ain't sexy. Calling names ain't sexy.. How would a queen address problems? Not wit anger,aae,True,False,True,30.0,man,,-0.5,black,1,1,2,1,1.5,liberal,1
3468,24252197,1,it contains derogatory language and a misogynistic message,baseline,1,Bitches get mad when you get the attention they want,aae,True,False,True,30.0,man,{},-0.5,black,3,1,4,3,3.5,liberal,0
3468,24252197,1,it contains a derogatory term for women and implies that women are jealous of attention,gender_race,1,Bitches get mad when you get the attention they want,aae,True,False,True,30.0,man,{},-0.5,black,3,1,4,3,3.5,liberal,0
3390,24252197,0,it is a list of people to follow on social media,baseline,0,:100:@AleFernandezRoa:point_right:follow:point_right:@priscila_doII:100:@przuppo :100:@jet_new:100:@oda_f :100:@oce2005:100:@shoteck:100:@william_1713 :100:@faisal_khan4:100:@patyie66:100:@JHMO23:100:@gkc2073,aae,False,False,True,30.0,man,{},-0.5,black,1,1,1,1,1.0,liberal,1
3390,24252197,0,it is a list of people to follow on social media,gender_race,0,:100:@AleFernandezRoa:point_right:follow:point_right:@priscila_doII:100:@przuppo :100:@jet_new:100:@oda_f :100:@oce2005:100:@shoteck:100:@william_1713 :100:@faisal_khan4:100:@patyie66:100:@JHMO23:100:@gkc2073,aae,False,False,True,30.0,man,{},-0.5,black,1,1,1,1,1.0,liberal,1
3502,43606178,0,it contains explicit language and a sexual reference,baseline,1,That's on my whole life with you) Lil mama bust a sexual thing Can u know our time is really precious And u get with you),aae,False,False,True,30.0,man,,-0.5,black,2,1,1,1,1.0,liberal,0
3502,43606178,0,it contains explicit language and a sexual innuendo,gender_race,1,That's on my whole life with you) Lil mama bust a sexual thing Can u know our time is really precious And u get with you),aae,False,False,True,30.0,man,,-0.5,black,2,1,1,1,1.0,liberal,0
3345,24252197,0,it is a casual conversation about a personal matter,baseline,0,Thought about putting my phone on dnd but my phone stays dry regardless so:sleeping::joy:gotta babysit in a couple house so goodnight/morning:sunflower:,aae,False,False,True,30.0,man,{},-0.5,black,1,1,1,1,1.0,liberal,1
3345,24252197,0,it is a casual conversation about phone settings and personal life,gender_race,0,Thought about putting my phone on dnd but my phone stays dry regardless so:sleeping::joy:gotta babysit in a couple house so goodnight/morning:sunflower:,aae,False,False,True,30.0,man,{},-0.5,black,1,1,1,1,1.0,liberal,1
3473,43606178,1,it contains derogatory language towards women and uses a colloquial expression that is often associated with hate speech,baseline,1,Let Me Go By My Man Girl ; You Hoes Miserable On God :joy_cat::kissing_heart:,aae,True,False,True,30.0,man,,-0.5,black,4,1,4,5,4.5,liberal,0
3473,43606178,1,it contains derogatory language towards women and uses a racial slur,gender_race,1,Let Me Go By My Man Girl ; You Hoes Miserable On God :joy_cat::kissing_heart:,aae,True,False,True,30.0,man,,-0.5,black,4,1,4,5,4.5,liberal,0
4066,24252197,1,it contains explicit language and a derogatory term,baseline,1,BITCH I MIGHT BE GOING TO ARIZONA IM FUCKING L I V I N G,aae,True,False,True,30.0,man,{},-0.5,black,3,1,4,3,3.5,liberal,0
4066,24252197,1,it is a colloquial way to express excitement,gender_race,0,BITCH I MIGHT BE GOING TO ARIZONA IM FUCKING L I V I N G,aae,True,False,True,30.0,man,{},-0.5,black,3,1,4,3,3.5,liberal,1
3625,43606178,1,it is a colloquial way to express a personal sentiment,baseline,0,"And anybody that know me personally know i actually be tryna make this shit work with her,but shit just sad.",aae,True,False,True,30.0,man,,-0.5,black,5,1,4,3,3.5,liberal,1
3625,43606178,1,it is a colloquial way to express a personal sentiment,gender_race,0,"And anybody that know me personally know i actually be tryna make this shit work with her,but shit just sad.",aae,True,False,True,30.0,man,,-0.5,black,5,1,4,3,3.5,liberal,1
4127,43606178,1,it contains explicit language and a derogatory term for a woman,baseline,1,lings for a swinger I fucked I refuse to catch feelings for a swinger I fucked BITCH I REPEAT I REFUSE TO CATCH FEELINGS FOR THIS MF SWINGER,aae,True,False,True,30.0,man,,-0.5,black,2,1,3,4,3.5,liberal,0
4127,43606178,1,it contains explicit language and a derogatory term for a woman,gender_race,1,lings for a swinger I fucked I refuse to catch feelings for a swinger I fucked BITCH I REPEAT I REFUSE TO CATCH FEELINGS FOR THIS MF SWINGER,aae,True,False,True,30.0,man,,-0.5,black,2,1,3,4,3.5,liberal,0
3657,43606178,0,it is a statement about a personal experience,baseline,0,They been doing that for years now. Cheerleading fucked my joints up,aae,True,False,True,30.0,man,,-0.5,black,1,1,1,1,1.0,liberal,1
3657,43606178,0,it is a statement about a personal experience,gender_race,0,They been doing that for years now. Cheerleading fucked my joints up,aae,True,False,True,30.0,man,,-0.5,black,1,1,1,1,1.0,liberal,1
3243,24252197,0,it is a statement about the physical resemblance of the jackson family members,baseline,0,Aint none of them kids really MJ's man show me A true blood Jackson that don't look like all the rest of the Jacksons.it's like 1000 of em,aae,False,False,True,30.0,man,{},-0.5,black,1,1,1,1,1.0,liberal,1
3243,24252197,0,it is a statement about the prevalence of a particular surname and does not contain any hate speech or explicit language,gender_race,0,Aint none of them kids really MJ's man show me A true blood Jackson that don't look like all the rest of the Jacksons.it's like 1000 of em,aae,False,False,True,30.0,man,{},-0.5,black,1,1,1,1,1.0,liberal,0
3559,24252197,0,it is a common expression of frustration,baseline,0,I hate when people cancel on me. Irks my damn soul.,aae,False,False,True,30.0,man,{},-0.5,black,1,1,1,1,1.0,liberal,1
3559,24252197,0,it is a common expression of frustration,gender_race,0,I hate when people cancel on me. Irks my damn soul.,aae,False,False,True,30.0,man,{},-0.5,black,1,1,1,1,1.0,liberal,1
3225,24252197,0,it is a positive comment about a performance,baseline,0,I was mesmerized by @sammangubat and kuys froilan mash up (say you wont let go & the man who can't be move ) ang galing nun bigayan nila!,aae,False,False,True,30.0,man,{},-0.5,black,1,1,1,1,1.0,liberal,1
3225,24252197,0,it is a positive comment about a performance,gender_race,0,I was mesmerized by @sammangubat and kuys froilan mash up (say you wont let go & the man who can't be move ) ang galing nun bigayan nila!,aae,False,False,True,30.0,man,{},-0.5,black,1,1,1,1,1.0,liberal,1
3603,43606178,0,it is an enthusiastic expression of a personal experience,baseline,0,Fuck yesssss... I had this power man 5000 song in my head and it randomly came on!!!,aae,True,False,True,30.0,man,,-0.5,black,1,1,1,1,1.0,liberal,1
3603,43606178,0,it is an enthusiastic expression of a personal experience,gender_race,0,Fuck yesssss... I had this power man 5000 song in my head and it randomly came on!!!,aae,True,False,True,30.0,man,,-0.5,black,1,1,1,1,1.0,liberal,1
3205,24252197,0,it is a neutral comment about the silence of a group of people,baseline,0,When u put woozi.joshua.vernon&jun together u just can hear they breath.they talk nothing.they too silent ~~ :joy:,aae,False,False,True,30.0,man,{},-0.5,black,1,1,1,1,1.0,liberal,1
3205,24252197,0,it is a neutral comment about the silence of a group of people,gender_race,0,When u put woozi.joshua.vernon&jun together u just can hear they breath.they talk nothing.they too silent ~~ :joy:,aae,False,False,True,30.0,man,{},-0.5,black,1,1,1,1,1.0,liberal,1
3563,24252197,0,it is a factual statement about a chant,baseline,0,"""I learned the """"bald head scaly wag..ain't got no hair in the back"""" chant from a group of black women..... this is just a fact.""",aae,False,False,True,30.0,man,{},-0.5,black,1,1,2,1,1.5,liberal,1
3563,24252197,0,it is a factual statement about a chant,gender_race,0,"""I learned the """"bald head scaly wag..ain't got no hair in the back"""" chant from a group of black women..... this is just a fact.""",aae,False,False,True,30.0,man,{},-0.5,black,1,1,2,1,1.5,liberal,1
3541,43606178,0,it contains hate speech towards a group of people based on their sexual orientation,baseline,1,doesnt matter if straights r oppressed or not sayin u hate all of them even if you dont mean it is as bad as homophobes sayin they hate gays,aae,False,False,True,30.0,man,,-0.5,black,1,1,3,2,2.5,liberal,0
3541,43606178,0,it contains a hate speech towards a group of people,gender_race,1,doesnt matter if straights r oppressed or not sayin u hate all of them even if you dont mean it is as bad as homophobes sayin they hate gays,aae,False,False,True,30.0,man,,-0.5,black,1,1,3,2,2.5,liberal,0
3321,24252197,0,it is a sports-related phrase,baseline,0,SOMEBODY SET ME FREEEE @TheTideAustin @TheTideDrew @TheTideNate @TheTide @TheTideLevi #PutTheCuffsOnMe,aae,False,False,True,30.0,man,{},-0.5,black,1,1,1,1,1.0,liberal,1
3321,24252197,0,it is a sports-related phrase,gender_race,0,SOMEBODY SET ME FREEEE @TheTideAustin @TheTideDrew @TheTideNate @TheTide @TheTideLevi #PutTheCuffsOnMe,aae,False,False,True,30.0,man,{},-0.5,black,1,1,1,1,1.0,liberal,1
3567,43606178,1,it is a playful conversation between friends using colloquial language,baseline,0,"MJ: B*tch, better have my money. James: Wait, what??? Not Nadine, @mjfelipe :victory_hand_light_skin_tone::victory_hand_light_skin_tone::joy::joy::joy: #JaDineFearlessNotCareless",aae,False,False,True,30.0,man,,-0.5,black,3,1,3,4,3.5,liberal,1
3567,43606178,1,it is a colloquial expression used in a playful context,gender_race,0,"MJ: B*tch, better have my money. James: Wait, what??? Not Nadine, @mjfelipe :victory_hand_light_skin_tone::victory_hand_light_skin_tone::joy::joy::joy: #JaDineFearlessNotCareless",aae,False,False,True,30.0,man,,-0.5,black,3,1,3,4,3.5,liberal,1
3305,43606178,0,it is a neutral comment about a celebrity's music,baseline,0,Yes ashanti's old music was just played on radio stations! But we still want new music from Ashanti @Love_5hack,aae,False,False,True,30.0,man,,-0.5,black,1,1,1,1,1.0,liberal,1
3305,43606178,0,it is a neutral comment about a celebrity's music,gender_race,0,Yes ashanti's old music was just played on radio stations! But we still want new music from Ashanti @Love_5hack,aae,False,False,True,30.0,man,,-0.5,black,1,1,1,1,1.0,liberal,1
3735,24252197,0,it is a colloquial expression of frustration and a statement of faith,baseline,0,this shit terrible. but god got me so i'm never worried.,aae,True,False,True,30.0,man,{},-0.5,black,1,1,1,1,1.0,liberal,1
3735,24252197,0,it is a colloquial expression of frustration and a statement of faith,gender_race,0,this shit terrible. but god got me so i'm never worried.,aae,True,False,True,30.0,man,{},-0.5,black,1,1,1,1,1.0,liberal,1
3492,43606178,1,it is a statement about a person's emotional state and contains a mild expletive,baseline,0,"Wasniak was doing Donnie, his wife, and Julia I mean damn. He was just crying over his wife leaving wtf",aae,False,False,True,30.0,man,,-0.5,black,5,1,3,5,4.0,liberal,1
3492,43606178,1,it is a colloquial way to express shock and disappointment,gender_race,0,"Wasniak was doing Donnie, his wife, and Julia I mean damn. He was just crying over his wife leaving wtf",aae,False,False,True,30.0,man,,-0.5,black,5,1,3,5,4.0,liberal,1
3261,43606178,0,it is a list of user handles,baseline,0,Follow Marvelous People @2girls1pupshow @DebbieCyber @monicahotts @Jkburke21Jim @LAKingsfan2016 @ScottClendaniel @JimmysPlaceBar RT,aae,False,False,True,30.0,man,,-0.5,black,1,1,1,1,1.0,liberal,1
3261,43606178,0,it is a list of user handles,gender_race,0,Follow Marvelous People @2girls1pupshow @DebbieCyber @monicahotts @Jkburke21Jim @LAKingsfan2016 @ScottClendaniel @JimmysPlaceBar RT,aae,False,False,True,30.0,man,,-0.5,black,1,1,1,1,1.0,liberal,1
3255,43606178,1,it contains hate language and a threat against a public figure,baseline,1,RUN FAST FRENCH ROYAL CONSPIRACY RAT U DID NOT PAY HACK THE HEAD OFF INTL POLICE AGENT K --- @BarackObama,aae,False,False,True,30.0,man,,-0.5,black,5,3,4,4,4.0,liberal,0
3255,43606178,1,it contains hate language and a threat,gender_race,1,RUN FAST FRENCH ROYAL CONSPIRACY RAT U DID NOT PAY HACK THE HEAD OFF INTL POLICE AGENT K --- @BarackObama,aae,False,False,True,30.0,man,,-0.5,black,5,3,4,4,4.0,liberal,0
3296,10402287,0,it is a positive message with a hashtag and mentions of friends,baseline,0,I love my fam!! @Chocolatexo_ @yungboijizz @Chris2_3Black @KELLIS926 @SweetPea1005 @CRSLYRC @TreTriggaJ,aae,False,False,True,30.0,man,none,-1.0,white,1,1,1,1,1.0,liberal,1
3296,10402287,0,it is a friendly message to friends,gender_race,0,I love my fam!! @Chocolatexo_ @yungboijizz @Chris2_3Black @KELLIS926 @SweetPea1005 @CRSLYRC @TreTriggaJ,aae,False,False,True,30.0,man,none,-1.0,white,1,1,1,1,1.0,liberal,1
4005,43606178,1,it contains multiple instances of hate speech and explicit language,baseline,1,"YOU LIL STUPID ASS BITCH, I AIN'T FUCKIN WIT YOU! Sorry y'all. I needed that.",aae,True,False,True,30.0,man,,-0.5,black,5,1,5,5,5.0,liberal,0
4005,43606178,1,it contains multiple instances of hate speech and explicit language,gender_race,1,"YOU LIL STUPID ASS BITCH, I AIN'T FUCKIN WIT YOU! Sorry y'all. I needed that.",aae,True,False,True,30.0,man,,-0.5,black,5,1,5,5,5.0,liberal,0
3574,43606178,1,it contains explicit language and hate speech,baseline,1,"FUCK Y'ALL, GOD DAMN AND CURSE Y'ALL, DIE AND GO TO HELL!!!!!!!!!!!!!!!!!!!!!",aae,True,False,True,30.0,man,,-0.5,black,5,1,5,5,5.0,liberal,0
3574,43606178,1,it contains explicit language and hate speech,gender_race,1,"FUCK Y'ALL, GOD DAMN AND CURSE Y'ALL, DIE AND GO TO HELL!!!!!!!!!!!!!!!!!!!!!",aae,True,False,True,30.0,man,,-0.5,black,5,1,5,5,5.0,liberal,0
3645,24252197,0,it contains explicit language and a reference to a song with a misogynistic tone,baseline,1,"Shorty Fucked My Friend, But I Like I Ain't Know - @2chainz voice #MoneyMadeMeDoIt x @PostMalone",aae,True,False,True,30.0,man,{},-0.5,black,2,1,2,2,2.0,liberal,0
3645,24252197,0,it contains explicit language and a reference to a song with a misogynistic tone,gender_race,1,"Shorty Fucked My Friend, But I Like I Ain't Know - @2chainz voice #MoneyMadeMeDoIt x @PostMalone",aae,True,False,True,30.0,man,{},-0.5,black,2,1,2,2,2.0,liberal,0
3514,24252197,0,it is a casual conversation between family members,baseline,0,Damn Last Day Here In Mississippi. Had A Good Time Visiting My Momma.. Will B Back Down Soon He'll Maybe Even Move Down Dis Bih Frfr,aae,False,False,True,30.0,man,{},-0.5,black,1,1,1,1,1.0,liberal,1
3514,24252197,0,it is a casual conversation between family members,gender_race,0,Damn Last Day Here In Mississippi. Had A Good Time Visiting My Momma.. Will B Back Down Soon He'll Maybe Even Move Down Dis Bih Frfr,aae,False,False,True,30.0,man,{},-0.5,black,1,1,1,1,1.0,liberal,1
3757,24252197,0,it contains explicit language and excessive use of emojis,baseline,1,WHO FUCKING WITH ME TONIGHT & TOMORROW!?!!! BIRTHDAY IS HERE LIL' BX!:stuck_out_tongue_closed_eyes::stuck_out_tongue_closed_eyes::stuck_out_tongue_closed_eyes::stuck_out_tongue_closed_eyes::stuck_out_tongue_closed_eyes:,aae,True,False,True,30.0,man,{},-0.5,black,1,1,1,1,1.0,liberal,0
3757,24252197,0,it contains explicit language and excessive use of emojis,gender_race,1,WHO FUCKING WITH ME TONIGHT & TOMORROW!?!!! BIRTHDAY IS HERE LIL' BX!:stuck_out_tongue_closed_eyes::stuck_out_tongue_closed_eyes::stuck_out_tongue_closed_eyes::stuck_out_tongue_closed_eyes::stuck_out_tongue_closed_eyes:,aae,True,False,True,30.0,man,{},-0.5,black,1,1,1,1,1.0,liberal,0
1938,24252197,1,it contains hate speech and a racial slur,baseline,1,"That low IQ niggur, instant punishment, it makes me happy to see him down and fucked up",white,True,True,False,30.0,man,{},-0.5,black,5,5,5,5,5.0,liberal,0
1938,24252197,1,it contains a racial slur and promotes violence,gender_race,1,"That low IQ niggur, instant punishment, it makes me happy to see him down and fucked up",white,True,True,False,30.0,man,{},-0.5,black,5,5,5,5,5.0,liberal,0
2094,43606178,1,it contains a racial slur and makes a generalization about a group of people,baseline,1,Our economy is in the fucking dark and all black people care about is black lives matter,white,True,True,False,30.0,man,,-0.5,black,5,5,5,5,5.0,liberal,1
2094,43606178,1,"it implies that black people are only concerned with their own issues and not with the economy, which is a stereotype and a form of racism",gender_race,1,Our economy is in the fucking dark and all black people care about is black lives matter,white,True,True,False,30.0,man,,-0.5,black,5,5,5,5,5.0,liberal,0
1435,43606178,1,it contains hate speech and stereotypes about different ethnic groups,baseline,1,"it must be pretty damning to racially mock people who are the same race as you. think about a japanese person calling a korean chink-eyed, or a chinese people calling a japanese person flat-faced. how fucking retarded would it be? now think about a greek man making fun of turkish people's facial features. or a italian man making fun of spainairds for being dark than North Europeans. how fucked up would it be?",white,True,False,False,30.0,man,,-0.5,black,2,5,2,5,3.5,liberal,0
1435,43606178,1,it contains hate speech and stereotypes against people of different races and ethnicities,gender_race,1,"it must be pretty damning to racially mock people who are the same race as you. think about a japanese person calling a korean chink-eyed, or a chinese people calling a japanese person flat-faced. how fucking retarded would it be? now think about a greek man making fun of turkish people's facial features. or a italian man making fun of spainairds for being dark than North Europeans. how fucked up would it be?",white,True,False,False,30.0,man,,-0.5,black,2,5,2,5,3.5,liberal,0
1266,43606178,1,it contains a sexist message suggesting that women are inferior and will become obsolete with the rise of sex bots,baseline,1,"I think she understands that when sex bots become the norm the female species will be obsolete. ""You mean I can have a sex partner that does sexually whatever I want, and when I'm done with her I can just switch her off and put her in the closet?"" -The Perfect Sex partner. Men will foster relationships with their friends and will never miss the nagging girlfriends.",white,True,False,False,30.0,man,,-0.5,black,4,1,3,5,4.0,liberal,0
1266,43606178,1,"it conveys a stereotypical message suggesting that women are inferior and will be replaced by sex robots, and contains misogynistic language",gender_race,1,"I think she understands that when sex bots become the norm the female species will be obsolete. ""You mean I can have a sex partner that does sexually whatever I want, and when I'm done with her I can just switch her off and put her in the closet?"" -The Perfect Sex partner. Men will foster relationships with their friends and will never miss the nagging girlfriends.",white,True,False,False,30.0,man,,-0.5,black,4,1,3,5,4.0,liberal,0
152,24252197,0,it contains a derogatory term for a male genitalia,baseline,1,my basement is full of those nasty cockroaches,white,False,False,False,30.0,man,{},-0.5,black,1,1,1,1,1.0,liberal,1
152,24252197,0,it contains derogatory language towards a group of insects,gender_race,1,my basement is full of those nasty cockroaches,white,False,False,False,30.0,man,{},-0.5,black,1,1,1,1,1.0,liberal,1
2022,43606178,1,it contains a racial slur and promotes violence,baseline,1,Damnnn. All these guys 234 beefing with used to be their mates. This shit is dumb confusing. They need to squash these beefs south Philly ain't that big yo niggahs,aae,True,True,True,30.0,man,,-0.5,black,2,2,4,3,3.5,liberal,0
2022,43606178,1,it contains a racial slur and promotes violence,gender_race,1,Damnnn. All these guys 234 beefing with used to be their mates. This shit is dumb confusing. They need to squash these beefs south Philly ain't that big yo niggahs,aae,True,True,True,30.0,man,,-0.5,black,2,2,4,3,3.5,liberal,0
701,43606178,1,it contains hate speech and derogatory language towards women,baseline,1,"read a post that said: 'If you are convinced that you're a decent woman, really fucking think hard about it. Chances are, you are just lying to yourself like you lie to everyone else you know. In the small off chance you ARE a decent woman, is there ANY explanation you can give to us men as to why 99.999% of you are disgusting retarded sluts? Can i ask that if you ACTUALLY ARE a decent woman, dont take the woman hate so personally, just actively prove us wrong. (And being a stupid mouthy cunt isnt the way to do it helena).' whats wrong with this people?",white,True,False,False,30.0,man,,-0.5,black,5,1,5,5,5.0,liberal,0
701,43606178,1,it contains hate speech and derogatory language towards women,gender_race,1,"read a post that said: 'If you are convinced that you're a decent woman, really fucking think hard about it. Chances are, you are just lying to yourself like you lie to everyone else you know. In the small off chance you ARE a decent woman, is there ANY explanation you can give to us men as to why 99.999% of you are disgusting retarded sluts? Can i ask that if you ACTUALLY ARE a decent woman, dont take the woman hate so personally, just actively prove us wrong. (And being a stupid mouthy cunt isnt the way to do it helena).' whats wrong with this people?",white,True,False,False,30.0,man,,-0.5,black,5,1,5,5,5.0,liberal,0
1555,43606178,0,it is a neutral statement about a person's heritage and their relationship with their neighbor,baseline,0,"unlike me, my neighbour is dual heritage so we have nothing in common",white,False,True,False,30.0,man,,-0.5,black,3,2,2,3,2.5,liberal,1
1555,43606178,0,it is a neutral statement about a person's heritage and their relationship with their neighbor,gender_race,0,"unlike me, my neighbour is dual heritage so we have nothing in common",white,False,True,False,30.0,man,,-0.5,black,3,2,2,3,2.5,liberal,1
1612,43606178,1,it contains a racist statement suggesting that black people are inferior and cannot survive without white people's help,baseline,1,The Blacks have been given every chance and put in every different scenario and they still can't survive on their own. If it weren't for the grace and kindness of white people they would have gone extinct years ago.,white,False,True,False,30.0,man,,-0.5,black,5,5,4,5,4.5,liberal,0
1612,43606178,1,it contains a racist statement suggesting that black people are inferior and cannot survive without white people's help,gender_race,1,The Blacks have been given every chance and put in every different scenario and they still can't survive on their own. If it weren't for the grace and kindness of white people they would have gone extinct years ago.,white,False,True,False,30.0,man,,-0.5,black,5,5,4,5,4.5,liberal,0
756,43606178,1,it contains hate speech and dehumanizing language,baseline,1,Troons are worse than animals,white,False,False,False,30.0,man,,-0.5,black,5,4,5,5,5.0,liberal,0
756,43606178,1,it uses derogatory language to describe a group of people,gender_race,1,Troons are worse than animals,white,False,False,False,30.0,man,,-0.5,black,5,4,5,5,5.0,liberal,1
1657,34083197,1,"it is a rant about the media, but it does not contain hate speech or explicit language",baseline,0,"I can't abide the TV news to begin with, talking heads spouting untrue inanities at me. I stopped watching TV a long time ago. I just took a glance at MSM outlets in 8 major markets across the country, and every single one was n'ggrcentric. Since when is it news that a one of their famblys had a burrfday potty? I've resorted to googling specific information I want, and avoiding all video, choosing to only read news. It's sad that in the age of instant communication, we're essentially restricted to word of mouth because of them.",white,False,True,False,30.0,man,{},-0.5,white,5,5,5,5,5.0,liberal,0
1657,34083197,1,"it is a rant about the media, but it does not contain hate speech or explicit language",gender_race,0,"I can't abide the TV news to begin with, talking heads spouting untrue inanities at me. I stopped watching TV a long time ago. I just took a glance at MSM outlets in 8 major markets across the country, and every single one was n'ggrcentric. Since when is it news that a one of their famblys had a burrfday potty? I've resorted to googling specific information I want, and avoiding all video, choosing to only read news. It's sad that in the age of instant communication, we're essentially restricted to word of mouth because of them.",white,False,True,False,30.0,man,{},-0.5,white,5,5,5,5,5.0,liberal,0
1748,43606178,1,it contains a racial slur and promotes violence,baseline,1,To endorse the death penalty is to endorse the rightful killing of those thuggish negroes,white,True,True,False,30.0,man,,-0.5,black,5,5,4,5,4.5,liberal,0
1748,43606178,1,it contains a racial slur and promotes violence,gender_race,1,To endorse the death penalty is to endorse the rightful killing of those thuggish negroes,white,True,True,False,30.0,man,,-0.5,black,5,5,4,5,4.5,liberal,0
1001,24252197,1,it uses derogatory language to describe a person with a disability,baseline,1,"the whole world was in awe at the disabled man with a phd and 3 masters degrees, proving that even if you're a retard you can get a piece of paper if you pay enough tuition",white,True,False,False,30.0,man,{},-0.5,black,5,1,5,5,5.0,liberal,1
1001,24252197,1,it uses derogatory language to describe a person with a disability,gender_race,1,"the whole world was in awe at the disabled man with a phd and 3 masters degrees, proving that even if you're a retard you can get a piece of paper if you pay enough tuition",white,True,False,False,30.0,man,{},-0.5,black,5,1,5,5,5.0,liberal,1
1195,24252197,1,it contains hate speech and derogatory language towards a racial group,baseline,1,"mortgage backed securities fucked up the finance industry and lost all of our economies, and guess who first come up with them? Some rando non-white shitlord",white,True,False,False,30.0,man,{},-0.5,black,5,5,5,5,5.0,liberal,0
1195,24252197,1,it contains a racial slur and a derogatory term,gender_race,1,"mortgage backed securities fucked up the finance industry and lost all of our economies, and guess who first come up with them? Some rando non-white shitlord",white,True,False,False,30.0,man,{},-0.5,black,5,5,5,5,5.0,liberal,0
665,43606178,1,it contains hate speech and racial slurs,baseline,1,One of our own fans was calling me a black bastard and a fucking disgrace to the club and saying 'Fuck off back to your country' and 'You're a coon' and the whole lot.,white,True,False,False,30.0,man,,-0.5,black,2,5,5,2,3.5,liberal,0
665,43606178,1,it contains hate speech and racial slurs,gender_race,1,One of our own fans was calling me a black bastard and a fucking disgrace to the club and saying 'Fuck off back to your country' and 'You're a coon' and the whole lot.,white,True,False,False,30.0,man,,-0.5,black,2,5,5,2,3.5,liberal,0
1636,24252197,1,it contains a racial stereotype and a reference to illegal drug use,baseline,1,"This area is very popular with the black community, probably because there are a lot of crack dens",white,False,True,False,30.0,man,{},-0.5,black,5,3,5,5,5.0,liberal,0
1636,24252197,1,it contains a racial stereotype and a reference to illegal drug use,gender_race,1,"This area is very popular with the black community, probably because there are a lot of crack dens",white,False,True,False,30.0,man,{},-0.5,black,5,3,5,5,5.0,liberal,0
1727,43606178,1,it implies that race is a factor in the evaluation of a person's abilities,baseline,1,if i am being honest Jordan is also a good contender too bad hes black,white,False,True,False,30.0,man,,-0.5,black,3,5,5,5,5.0,liberal,1
1727,43606178,1,it implies that race is a factor in the evaluation of a person's abilities,gender_race,1,if i am being honest Jordan is also a good contender too bad hes black,white,False,True,False,30.0,man,,-0.5,black,3,5,5,5,5.0,liberal,1
733,43606178,1,it contains a derogatory term for jewish people,baseline,1,yids are not as honest as the rest of us,white,False,False,False,30.0,man,,-0.5,black,5,5,5,5,5.0,liberal,1
733,43606178,1,it conveys a stereotypical message about a racial group,gender_race,1,yids are not as honest as the rest of us,white,False,False,False,30.0,man,,-0.5,black,5,5,5,5,5.0,liberal,1
172,24252197,1,it is a statement about the financial dynamics of marriage and the speaker's personal experience,baseline,0,"When they get married they automatically take ownership and all your money is their money. Even though these people were all""š don't need a partner I make my own money in college. But, if their partners didn't have money they wouldn't be married.",white,False,False,False,30.0,man,{},-0.5,black,3,1,5,3,4.0,liberal,1
172,24252197,1,it is a statement about the financial dynamics of marriage and the importance of financial independence,gender_race,0,"When they get married they automatically take ownership and all your money is their money. Even though these people were all""š don't need a partner I make my own money in college. But, if their partners didn't have money they wouldn't be married.",white,False,False,False,30.0,man,{},-0.5,black,3,1,5,3,4.0,liberal,1
1711,24252197,0,it perpetuates a negative stereotype about black people,baseline,1,if you watch tv you just see top boy and other stuff… youd quickly start thinking that black people are all just gangstas and drug peddlers. There's a reason for that!!,white,False,True,False,30.0,man,{},-0.5,black,1,1,1,1,1.0,liberal,0
1711,24252197,0,it perpetuates a negative stereotype about black people,gender_race,1,if you watch tv you just see top boy and other stuff… youd quickly start thinking that black people are all just gangstas and drug peddlers. There's a reason for that!!,white,False,True,False,30.0,man,{},-0.5,black,1,1,1,1,1.0,liberal,0
806,24252197,1,it conveys a stereotypical message suggesting that women are untrustworthy,baseline,1,And they say all women can't be trusted. Lol TRUE,aae,False,False,True,30.0,man,{},-0.5,black,5,1,4,4,4.0,liberal,1
806,24252197,1,it conveys a stereotypical message suggesting that women are untrustworthy,gender_race,1,And they say all women can't be trusted. Lol TRUE,aae,False,False,True,30.0,man,{},-0.5,black,5,1,4,4,4.0,liberal,1
479,43606178,1,it contains derogatory language and insults towards a person,baseline,1,"Rick the dick is a complete prick! Whenever he appears or picks up the camera to say somethingI want to hit my head against the wall. Why do the husbands always think they can get involved in the wives channels?! Bore off mate, go to work!",white,True,False,False,30.0,man,,-0.5,black,5,1,4,5,4.5,liberal,0
479,43606178,1,it contains derogatory language and insults towards a person,gender_race,1,"Rick the dick is a complete prick! Whenever he appears or picks up the camera to say somethingI want to hit my head against the wall. Why do the husbands always think they can get involved in the wives channels?! Bore off mate, go to work!",white,True,False,False,30.0,man,,-0.5,black,5,1,4,5,4.5,liberal,0
2034,43606178,1,it conveys a racial bias and contains vulgar language,baseline,1,"This is pretty fucked up PC shit. We saw them let the black man go, but not the white man, before grabbing the black woman",aae,True,True,True,30.0,man,,-0.5,black,4,3,3,5,4.0,liberal,0
2034,43606178,1,it conveys a stereotypical message suggesting that black people are more likely to be let go than white people and contains vulgar language,gender_race,1,"This is pretty fucked up PC shit. We saw them let the black man go, but not the white man, before grabbing the black woman",aae,True,True,True,30.0,man,,-0.5,black,4,3,3,5,4.0,liberal,0
1697,43606178,1,it is a scientific discussion about the evolution of humans and does not contain any hate speech or explicit language,baseline,0,"Is it even proven that we looked like big orangutans? They're most closely related to orangutans but the split happened an extremely long time ago, even before the split between gorillas and humans. Obviousy a large dark section of the population never made this split !",white,False,True,False,30.0,man,,-0.5,black,5,5,5,5,5.0,liberal,0
1697,43606178,1,it is a scientific discussion about the evolution of humans and does not contain any hate speech or explicit language,gender_race,0,"Is it even proven that we looked like big orangutans? They're most closely related to orangutans but the split happened an extremely long time ago, even before the split between gorillas and humans. Obviousy a large dark section of the population never made this split !",white,False,True,False,30.0,man,,-0.5,black,5,5,5,5,5.0,liberal,0
2107,24252197,1,it downplays the severity of the transatlantic slave trade and implies that the enslavement of africans was not as bad as the enslavement of other people,baseline,1,"It's important to keep in mind that when Africans were selling other Africans into slavery (which is shitty no matter what), they were selling prisoners of war. Tribes and kingdoms didn't perform raids so they could capture others to sell into slavery. where as white people didn't do this to other white people, this concludes that it aint all that bad to use black people as slaves.",white,True,True,False,30.0,man,{},-0.5,black,3,1,5,3,4.0,liberal,0
2107,24252197,1,it downplays the severity of the transatlantic slave trade and implies that the enslavement of black people was not as bad as the enslavement of white people,gender_race,1,"It's important to keep in mind that when Africans were selling other Africans into slavery (which is shitty no matter what), they were selling prisoners of war. Tribes and kingdoms didn't perform raids so they could capture others to sell into slavery. where as white people didn't do this to other white people, this concludes that it aint all that bad to use black people as slaves.",white,True,True,False,30.0,man,{},-0.5,black,3,1,5,3,4.0,liberal,0
780,24252197,1,it contains a racial slur and a stereotype,baseline,1,Eastern Europeans sure are dirty folks!,white,False,False,False,30.0,man,{},-0.5,black,5,5,5,5,5.0,liberal,0
780,24252197,1,it conveys a stereotypical message about a group of people based on their ethnicity,gender_race,1,Eastern Europeans sure are dirty folks!,white,False,False,False,30.0,man,{},-0.5,black,5,5,5,5,5.0,liberal,1
1104,43606178,1,it contains hate speech and a racial slur,baseline,1,KIKE KIKE KIKE KIKE KIKE KIKE KIKE KIKE KIKE KIKE KIKE KIKE KIKE KIKE KIKE KIKE KIKE KIKE KIKE KIKE KIKE KIKE KIKE KIKE KIKE KIKE KIKE KIKE KIKE KIKE KIKE KIKE KIKE KIKE KIKE KIKE KIKE KIKE KIKE KIKE KIKE KIKE KIKE KIKE KIKE KIKE KIKE KIKE KIKE KIKE KIKE KIKE KIKE KIKE KIKE KIKE KIKE KIKE KIKE KIKE KIKE KIKE KIKE KIKE KIKE KIKE *retarded screeching* Such a lovely word!,hispanic,True,False,False,30.0,man,,-0.5,black,5,5,5,5,5.0,liberal,0
1104,43606178,1,it contains hate speech and a racial slur,gender_race,1,KIKE KIKE KIKE KIKE KIKE KIKE KIKE KIKE KIKE KIKE KIKE KIKE KIKE KIKE KIKE KIKE KIKE KIKE KIKE KIKE KIKE KIKE KIKE KIKE KIKE KIKE KIKE KIKE KIKE KIKE KIKE KIKE KIKE KIKE KIKE KIKE KIKE KIKE KIKE KIKE KIKE KIKE KIKE KIKE KIKE KIKE KIKE KIKE KIKE KIKE KIKE KIKE KIKE KIKE KIKE KIKE KIKE KIKE KIKE KIKE KIKE KIKE KIKE KIKE KIKE KIKE *retarded screeching* Such a lovely word!,hispanic,True,False,False,30.0,man,,-0.5,black,5,5,5,5,5.0,liberal,0
1726,34083197,1,"it is a statement about a group and its members, but it does not contain hate speech or explicit language",baseline,0,Well I'm glad that I haven't seen any of their black members in this proud boys crowd..isn't the whole point of this group is to keep their sooty noses out!,white,False,True,False,30.0,man,{},-0.5,white,5,5,5,5,5.0,liberal,0
1726,34083197,1,it contains a racial slur and a derogatory term,gender_race,1,Well I'm glad that I haven't seen any of their black members in this proud boys crowd..isn't the whole point of this group is to keep their sooty noses out!,white,False,True,False,30.0,man,{},-0.5,white,5,5,5,5,5.0,liberal,0
751,24252197,1,it contains a derogatory term for the polish language and implies that it is vile,baseline,1,"Why do they even offer Polish lessons in this school, it makes no sense who wants to learn that vile language",white,False,False,False,30.0,man,{},-0.5,black,5,3,5,4,4.5,liberal,1
751,24252197,1,it conveys a stereotypical message suggesting that the polish language is vile,gender_race,1,"Why do they even offer Polish lessons in this school, it makes no sense who wants to learn that vile language",white,False,False,False,30.0,man,{},-0.5,black,5,3,5,4,4.5,liberal,1
305,43606178,1,it is a neutral statement about a slang term,baseline,0,"I knew of ""burn a fag"", any time I've heard of using the word ""bum"" is when you're getting a smoke from someone else.",white,True,False,False,30.0,man,,-0.5,black,2,1,2,5,3.5,liberal,1
305,43606178,1,it is a neutral conversation about a slang term,gender_race,0,"I knew of ""burn a fag"", any time I've heard of using the word ""bum"" is when you're getting a smoke from someone else.",white,True,False,False,30.0,man,,-0.5,black,2,1,2,5,3.5,liberal,1
2722,44250250,1,it is a political statement that uses strong language but does not contain hate speech,baseline,0,Black and Brown activists: ICE & police are terrorizing our people White liberals: We won't give up until we get Trump's tax returns!,white,False,False,False,30.0,man,{},0.5,white,3,3,4,3,3.5,conservative,0
3348,40321857,0,it is a casual conversation about a personal experience,baseline,0,You know what it's cool... :joy: Dee gonna get signed bruh I know it! We was robbed once again :expressionless: #TheRapGame,aae,False,False,True,40.0,woman,{},0.0,white,1,1,1,1,1.0,neutral,1
3348,40321857,0,it is a casual conversation about a personal experience and does not contain any hate speech or explicit language,gender_race,0,You know what it's cool... :joy: Dee gonna get signed bruh I know it! We was robbed once again :expressionless: #TheRapGame,aae,False,False,True,40.0,woman,{},0.0,white,1,1,1,1,1.0,neutral,0
1705,17414298,0,it contains a racial slur and promotes a discriminatory message,baseline,1,"lets be honest, if I said I cant stand blacks you wouldn't say a thing. It's the truth and you wouldn't mind cos you know it too. Im glad we can be open and honest with each other.",white,False,True,False,35.0,man,{},0.0,white,2,2,3,2,2.5,neutral,0
49,94108971,0,it contains a message that is harmful to the lgbtq+ community and marginalizes the idea of women loving women,baseline,1,"I fully support artists who freely express themselves and applaud male and female artists who are opening up more and more about their sexual identities, but every so often there come certain songs with messaging that is just downright tone-deaf, which does more harm than good for the LGBTQ+ community. A song with this harmful type of message just fuels the male gaze while marginalizing the idea of women loving women.",white,False,False,False,40.0,man,{},0.5,white,1,1,2,1,1.5,conservative,0
1830,61283819,1,it contains a racial slur and promotes violence,baseline,1,Those niggers should kill themselves,hispanic,True,True,False,35.0,man,,1.0,white,4,5,5,5,5.0,conservative,0
67,40321857,0,it contains a word that is often used to describe a violent or aggressive act and is used in a derogatory manner towards a specific group of people,baseline,1,"the fact is that I love winding them up, they are so easy to triggerv",white,False,False,False,40.0,woman,{},0.0,white,2,1,2,2,2.0,neutral,1
3594,86257299,0,it is a colloquial way to express frustration and contains mild profanity,baseline,0,I just want my fucking hair done :woman_facepalming_medium-dark_skin_tone: guess I gotta try to do it myself cause I know another mf aint gone do it :face_with_rolling_eyes:,aae,True,False,True,45.0,man,{},0.5,white,1,1,1,1,1.0,conservative,1
3412,63428654,0,it is a sarcastic comment about promposals and contains colloquial language,baseline,0,"""These promposals make me mad even at my age because my promosal was my exboyfriend saying """"Can I wear a cane to prom"""" :face_with_rolling_eyes::face_with_rolling_eyes::face_with_rolling_eyes: Aggy ass :joy::joy::joy:""",aae,True,False,True,30.0,man,{},0.0,white,3,2,2,2,2.0,neutral,1
1799,83062091,1,it contains a racial slur,baseline,1,i bet this nigga knows,aae,True,True,True,40.0,man,{},0.0,white,4,4,5,4,4.5,neutral,1
1799,83062091,1,it contains a racial slur,gender_race,1,i bet this nigga knows,aae,True,True,True,40.0,man,{},0.0,white,4,4,5,4,4.5,neutral,1
377,93788928,0,it uses a racial slur,baseline,1,"Ayo, yall check it my niggas, wanna know how I achieved this body?",aae,True,False,True,35.0,man,{},0.5,white,1,1,1,1,1.0,conservative,1
3289,7288661,0,it is a quote from a song and a post about a person's daily life,baseline,0,"""""""We gon' sit on an airplane~ gon' sit on airplane~"""" Sings happily on the way to the airport with @_LanceHunter_.""",aae,False,False,True,40.0,man,{},0.5,white,1,1,1,1,1.0,conservative,1
3289,7288661,0,it is a quote from a song and a post about a person's happiness,gender_race,0,"""""""We gon' sit on an airplane~ gon' sit on airplane~"""" Sings happily on the way to the airport with @_LanceHunter_.""",aae,False,False,True,40.0,man,{},0.5,white,1,1,1,1,1.0,conservative,1
724,86257299,1,it contains hate speech and derogatory language towards a person's physical appearance and personality,baseline,1,"Ragyo is deadass so ugly. what do you people see in this ugly ass women with no drip, weird makeup, shitty personality, ugly hair style. Yall mfs must be down bad for milfs #ragyo",aae,True,False,True,45.0,man,{},0.5,white,5,1,5,2,3.5,conservative,0
2256,5428237,0,it is a social media post that is not derogatory or explicit,baseline,0,#BBnaija time to give out airtime to all bossnation.we are taking this. The dopest team ever. Tboss 4 the mula.,white,False,False,False,35.0,woman,{},0.5,white,1,1,1,1,1.0,conservative,1
1530,86257299,1,it contains derogatory language towards the lgbtq+ community and promotes the spread of misinformation about a specific group,baseline,1,"I mean, I dont care if all the gays are infected to the nines. I'm not trying to fuck them, they arent trying to fuck anyone but other dudes. Just making doctors rich raw dogging their twink boys.Who cares what they got or do, its an insular culture anyway.

",white,True,False,False,45.0,man,{},0.5,white,3,1,4,3,3.5,conservative,0
1530,86257299,1,it contains derogatory language towards the lgbtq+ community and promotes the spread of misinformation about a specific group,gender_race,1,"I mean, I dont care if all the gays are infected to the nines. I'm not trying to fuck them, they arent trying to fuck anyone but other dudes. Just making doctors rich raw dogging their twink boys.Who cares what they got or do, its an insular culture anyway.

",white,True,False,False,45.0,man,{},0.5,white,3,1,4,3,3.5,conservative,0
2912,86257299,1,it contains a racial slur and a stereotype about black men and their relationships with women of other races,baseline,1,"black men fight alongside their non-black exxotical queens against the white man, is really the black male wet dream, so again not surprised",white,True,False,False,45.0,man,{},0.5,white,4,5,4,3,3.5,conservative,0
2912,86257299,1,it contains a racial slur and a stereotype about black men and their relationships with women of other races,gender_race,1,"black men fight alongside their non-black exxotical queens against the white man, is really the black male wet dream, so again not surprised",white,True,False,False,45.0,man,{},0.5,white,4,5,4,3,3.5,conservative,0
3356,5428237,0,it is a sports-related conversation with a tone of excitement and frustration,baseline,0,No confidence!! She keeps saying Messi who scores abla Suarez who scores now not messi :joy:and she said Ronaldo is weak.haters keep watching us,aae,False,False,True,35.0,woman,{},0.5,white,1,1,1,1,1.0,conservative,1
3527,59678733,1,it contains hate language and derogatory terms,baseline,1,"""""""This Jestxh idiot keeps riding me in dms, the kids a freak"""" -Scruffyy""",aae,False,False,True,45.0,woman,No i do not,0.5,white,1,2,4,3,3.5,conservative,0
3527,59678733,1,it contains hate speech and derogatory language,gender_race,1,"""""""This Jestxh idiot keeps riding me in dms, the kids a freak"""" -Scruffyy""",aae,False,False,True,45.0,woman,No i do not,0.5,white,1,2,4,3,3.5,conservative,0
3335,5428237,0,it is a funny and playful comment on a picture,baseline,0,"""Jamice caption this picture *shows a picture from show* """"So u dressed like Sherlock Holmes but im embarrassing u?"""" Lmaooooo love her""",aae,False,False,True,35.0,woman,{},0.5,white,1,1,1,1,1.0,conservative,1
3585,86257299,0,it is a boastful statement about the person's fashion sense and financial success,baseline,0,They fucked up when they gave me money to support my fashion sense. Now I'm outchea flyer than a Forbes list member with jet lag.,aae,True,False,True,45.0,man,{},0.5,white,1,1,1,1,1.0,conservative,1
3585,86257299,0,it is a boastful statement about the author's fashion sense,gender_race,0,They fucked up when they gave me money to support my fashion sense. Now I'm outchea flyer than a Forbes list member with jet lag.,aae,True,False,True,45.0,man,{},0.5,white,1,1,1,1,1.0,conservative,1
872,86257299,1,it contains a threat of violence against a religious group,baseline,1,I'll bring the chainsaw to destroy this sheikh's face,white,False,False,False,45.0,man,{},0.5,white,5,5,5,5,5.0,conservative,0
872,86257299,1,it contains hate speech and a threat of violence against a religious group,gender_race,1,I'll bring the chainsaw to destroy this sheikh's face,white,False,False,False,45.0,man,{},0.5,white,5,5,5,5,5.0,conservative,0
2896,15918959,0,it is a positive and enthusiastic message,baseline,0,Literally can't believe I bought a ticket to minus zero and booked a place today holy shit what is my lofe:speak_no_evil::heart_eyes_cat::raising_hands_medium-light_skin_tone: so grateful rn,white,True,False,False,35.0,man,{},0.5,white,1,1,3,2,2.5,conservative,1
3234,45678981,0,it is a colloquial way to express annoyance at someone who is not making an effort to communicate,baseline,0,"""I like to think that I have thick skin, but if someone texts me """"k"""" they immediately become dead to me""",aae,False,False,True,50.0,woman,{},1.0,white,1,1,1,1,1.0,conservative,1
1355,15918959,1,"it contains hate speech, explicit language, and derogatory terms for a gender identity",baseline,1,I hate that fucking poof piece of shit! He has nearly gone to the top of my hanging for treason list. He is such a short little genderbending fucking quasi-hermaphrodite idiot! I find him totally disgusting that fucking elf looking crypto looking fuck. I wish Trump would walk up to him and just fucking punch him in the face and say you are fucking fired you traitor,white,True,False,False,35.0,man,{},0.5,white,4,2,3,5,4.0,conservative,0
1531,15918959,0,it conveys a stereotypical message suggesting that black people are inherently inferior and less intelligent,baseline,1,"There was also the popular theory that suggests Black people were inherently inferior primarily because they saw Africa as ""primitive"" which i somewhat agree with. They insisted that Blacks were inherently less intelligent.I guess one could then make the argument that perhaps China was ""medival"" as well and they seemed to ignore that Africa had many nomads and that several large portions of the land was difficult to build a decent and stable community but still",white,False,True,False,35.0,man,{},0.5,white,2,2,2,3,2.5,conservative,0
1531,15918959,0,it conveys a stereotypical message suggesting that black people are inherently inferior and less intelligent,gender_race,1,"There was also the popular theory that suggests Black people were inherently inferior primarily because they saw Africa as ""primitive"" which i somewhat agree with. They insisted that Blacks were inherently less intelligent.I guess one could then make the argument that perhaps China was ""medival"" as well and they seemed to ignore that Africa had many nomads and that several large portions of the land was difficult to build a decent and stable community but still",white,False,True,False,35.0,man,{},0.5,white,2,2,2,3,2.5,conservative,0
982,15918959,1,it contains a derogatory term for a muslim and a pejorative term for a person who betrays their country,baseline,1,This raghead colleague is such a traitor!,white,True,False,False,35.0,man,{},0.5,white,4,4,3,5,4.0,conservative,0
982,15918959,1,it uses a derogatory term to describe a colleague and implies that they are a traitor,gender_race,1,This raghead colleague is such a traitor!,white,True,False,False,35.0,man,{},0.5,white,4,4,3,5,4.0,conservative,1
3301,15918959,0,it is a casual conversation about a social media user and their content,baseline,0,"Somebody tell @TaySixO it's Thursday, we ain't forgot about the visuals yhu said yhu was gone drop:joy::fire::fire:?????",aae,False,False,True,35.0,man,{},0.5,white,1,1,3,1,2.0,conservative,1
2338,15918959,0,it is a harmless statement about the weather and the author's preferences,baseline,0,Foot freaks rejoice! It's nearly warm enough for me to wear flip flops & sandals again :ok_hand: :sandal: #FootFetish #FlipFlops #Sandals #SummerFootwear,white,False,False,False,35.0,man,{},0.5,white,1,1,1,1,1.0,conservative,1
823,14105244,0,it is a neutral statement about a political topic,baseline,0,the thought of a world free of channel crossers makes me so happy,white,False,False,False,35.0,woman,{},0.5,white,1,1,1,1,1.0,conservative,1
3491,15918959,1,it contains derogatory language towards women and uses a racial slur,baseline,1,"#feminists disagree, for a generation that grew up with the whisper song, get low, Buble butt & bitches aint shit... We've come along way",aae,True,False,True,35.0,man,{},0.5,white,4,1,4,3,3.5,conservative,0
2188,14105244,1,it contains a racial slur and a threat,baseline,1,"Ayy shoutout to all ma boys in here but ima take a break from this sub. Its those niggers in here who just dont fuck with me, keep getting me banned deleting my threads so im out fuck it",aae,True,True,True,35.0,woman,{},0.5,white,4,3,4,4,4.0,conservative,1
3279,45678981,1,it contains a racial slur and a derogatory statement about a woman's reproductive abilities,baseline,1,"Nig soups can make u eat above normal guage, like d EGUSI soup I just had now. Dats y wen a man marries a Nig girl, he gets pregnant b4 her.",aae,False,False,True,50.0,woman,{},1.0,white,5,5,5,5,5.0,conservative,0
3279,45678981,1,it contains a racial slur and a stereotype about a racial group,gender_race,1,"Nig soups can make u eat above normal guage, like d EGUSI soup I just had now. Dats y wen a man marries a Nig girl, he gets pregnant b4 her.",aae,False,False,True,50.0,woman,{},1.0,white,5,5,5,5,5.0,conservative,0
3279,35508468,1,it contains a racial slur and a derogatory stereotype about a particular ethnic group,baseline,1,"Nig soups can make u eat above normal guage, like d EGUSI soup I just had now. Dats y wen a man marries a Nig girl, he gets pregnant b4 her.",aae,False,False,True,40.0,man,,0.5,white,4,5,5,4,4.5,conservative,0
4088,45678981,1,it contains hate language and promotes the use of a racial slur,baseline,1,"Running after some pussy that cheated on and left you for another nigga , now she cheating on that nigga with you ? Lmfao Fucking dumb asses",aae,True,False,True,50.0,woman,{},1.0,white,3,4,2,5,3.5,conservative,0
4088,45678981,1,it contains hate language and promotes the use of a racial slur,gender_race,1,"Running after some pussy that cheated on and left you for another nigga , now she cheating on that nigga with you ? Lmfao Fucking dumb asses",aae,True,False,True,50.0,woman,{},1.0,white,3,4,2,5,3.5,conservative,0
3963,14105244,1,it is a personal anecdote and does not contain hate speech,baseline,0,"""i really hate giving advice bc mfs be like """" u act like u wasn't dumb over a nigga"""" bitch when I was 14 not 24. that's 10 yr difference""",aae,True,False,True,35.0,woman,{},0.5,white,4,4,4,3,3.5,conservative,0
2126,15918959,1,it contains a racial slur and a derogatory term,baseline,1,"They all say these people are so low key, that they are completely awkward to have a conversation with. Only ni@g%s who really know them the ones that are in their own circle. They smile in the light but never in the dark. Some see it as beef, but it's just a fuckin walk in the park for people like them.",white,True,True,False,35.0,man,{},0.5,white,5,5,3,4,3.5,conservative,0
2126,15918959,1,it contains a racial slur and a derogatory term,gender_race,1,"They all say these people are so low key, that they are completely awkward to have a conversation with. Only ni@g%s who really know them the ones that are in their own circle. They smile in the light but never in the dark. Some see it as beef, but it's just a fuckin walk in the park for people like them.",white,True,True,False,35.0,man,{},0.5,white,5,5,3,4,3.5,conservative,0
3493,35508468,0,it is a boastful statement but does not contain hate speech or explicit language,baseline,0,If you hating on me stop it cause I ain't hating on nobody I in competition with nobody I'm just tryna hit a mill,aae,False,False,True,40.0,man,,0.5,white,2,1,2,1,1.5,conservative,1
3493,35508468,0,it is a boastful statement but does not contain hate speech or explicit language,gender_race,0,If you hating on me stop it cause I ain't hating on nobody I in competition with nobody I'm just tryna hit a mill,aae,False,False,True,40.0,man,,0.5,white,2,1,2,1,1.5,conservative,1
651,45678981,1,it contains a derogatory term for the lgbtq+ community and a threat of violence,baseline,1,"Fuck yeah, I would kill for some faggot.",hispanic,True,False,False,50.0,woman,{},1.0,white,5,5,5,5,5.0,conservative,0
651,45678981,1,it contains a derogatory term for the lgbtq+ community and a threat of violence,gender_race,1,"Fuck yeah, I would kill for some faggot.",hispanic,True,False,False,50.0,woman,{},1.0,white,5,5,5,5,5.0,conservative,0
4106,15918959,1,it contains a racial slur and a derogatory term for a woman,baseline,1,Stop thinking they have to prove they self when they fucking with a community ass nigga Issa shooter,aae,True,False,True,35.0,man,{},0.5,white,3,5,4,4,4.0,conservative,0
4106,15918959,1,it contains a racial slur and a derogatory term for a woman,gender_race,1,Stop thinking they have to prove they self when they fucking with a community ass nigga Issa shooter,aae,True,False,True,35.0,man,{},0.5,white,3,5,4,4,4.0,conservative,0
1717,15918959,1,it contains a racial slur and conveys a derogatory message,baseline,1,Don't you adore it when blacks get ideas above their station? Helpless morons! but we showed them,white,False,True,False,35.0,man,{},0.5,white,4,5,4,5,4.5,conservative,0
766,15918959,0,it is a neutral statement about moving to a foreign country,baseline,0,"It is simple: don't move to a country unless you genuinely love the people and culture. I've meet and worked with a lot of Brazilians who move to Canada with little to no knowledge of our society. Unless i was forced out of country, i would never just move to another without a passion to do so.",white,False,False,False,35.0,man,{},0.5,white,1,3,3,2,2.5,conservative,1
766,15918959,0,it is a neutral statement about moving to a different country and the importance of understanding the culture,gender_race,0,"It is simple: don't move to a country unless you genuinely love the people and culture. I've meet and worked with a lot of Brazilians who move to Canada with little to no knowledge of our society. Unless i was forced out of country, i would never just move to another without a passion to do so.",white,False,False,False,35.0,man,{},0.5,white,1,3,3,2,2.5,conservative,1
1611,45678981,1,it contains a sexual assault scenario and objectifies a woman,baseline,1,"argh dark as the night itself the spear chucker readies himself for another attack… he spots a white lady in his cross hairs and POW he has pounced, ready to put his massive member deep in her fanny... whether or not she wants it.",white,False,True,False,50.0,woman,{},1.0,white,5,1,5,5,5.0,conservative,0
3338,40321857,0,it is a nonsensical and confusing text,baseline,0,The busta rythmns new wat was up u bey9nce in hellraiser..now silent bro up the screen ..busta who else..now now i aint alone in this,aae,False,False,True,40.0,woman,{},0.0,white,1,1,1,1,1.0,neutral,1
1642,40321857,1,it contains hate speech and derogatory language towards a specific group of people,baseline,1,"First off imagine calling them who are third worlding it up right now a master race, then imagine calling those fugly chimps attractive",white,False,True,False,40.0,woman,{},0.0,white,5,5,5,5,5.0,neutral,0
3248,40321857,0,it is a colloquial way to express a statement about people camping out before walmart,baseline,0,Dem boys perma camped out before Walmart on rt 1 not slick nor they catching the likes of me slipping at all.. I :eyes: yall,aae,False,False,True,40.0,woman,{},0.0,white,1,1,1,1,1.0,neutral,1
3215,40321857,0,it is a colloquial way to express a desire for something and does not contain any hate speech or explicit language,baseline,0,If u grown & still get thirsty for Jordans knowin erbody else gon havem & u still feel like u accomplished something that say alot about u,aae,False,False,True,40.0,woman,{},0.0,white,1,1,1,1,1.0,neutral,0
4043,45870433,1,it contains hate speech and explicit language,baseline,1,Oh you must be MAD that your nigga got caught sucking dick for money lmfaooo and you still fw him,aae,True,False,True,35.0,woman,{},0.5,white,5,4,5,5,5.0,conservative,0
4043,45870433,1,it contains hate speech and explicit language,gender_race,1,Oh you must be MAD that your nigga got caught sucking dick for money lmfaooo and you still fw him,aae,True,False,True,35.0,woman,{},0.5,white,5,4,5,5,5.0,conservative,0
116,66593239,0,it is a neutral statement about politicians,baseline,0,Politicians are useless,white,False,False,False,50.0,man,none,-0.5,white,1,1,1,1,1.0,liberal,1
116,66593239,0,it is a neutral statement about politicians,gender_race,0,Politicians are useless,white,False,False,False,50.0,man,none,-0.5,white,1,1,1,1,1.0,liberal,1
2176,61283819,1,it promotes violence against people who have been released from jail,baseline,1,Yo some niggas coming out of jail tomorrow and im stoked to beat their ass,aae,True,True,True,35.0,man,,1.0,white,4,3,4,3,3.5,conservative,1
1821,94108971,1,"the person is expressing a willingness to engage in a physical activity with someone, without any intent to offend",baseline,0,I would happily lay out a nigga,aae,True,True,True,40.0,man,{},0.5,white,3,3,5,3,4.0,conservative,1
230,94108971,0,it is a statement that highlights the difference between a derogatory term and a neutral term,baseline,0,There's a big difference between being a bitch and being a woman,white,True,False,False,40.0,man,{},0.5,white,2,1,2,2,2.0,conservative,1
230,94108971,0,it is a statement that highlights the difference between a derogatory term and a neutral term,gender_race,0,There's a big difference between being a bitch and being a woman,white,True,False,False,40.0,man,{},0.5,white,2,1,2,2,2.0,conservative,1
355,36400600,1,it is a response to a racial slur and the person is correcting the other kid,baseline,0,"This kid called me a nigger today, so I corrected him saying ""that's African American to you, kid"".",white,True,False,False,25.0,woman,{},0.5,white,5,5,5,4,4.5,conservative,1
355,36400600,1,it is a response to a racial slur and the speaker is correcting the person who used the slur,gender_race,0,"This kid called me a nigger today, so I corrected him saying ""that's African American to you, kid"".",white,True,False,False,25.0,woman,{},0.5,white,5,5,5,4,4.5,conservative,1
1562,36400600,1,it is a factual statement about the minks and does not contain any hate speech or explicit language,baseline,0,"The minks mentioned in the headline are indeed ""rising"" from where they were based, but that is due to them being buried in shallow mass graves (Africa) and filling with gas that causes them to rise out.  Rest assured, they're still very much dead, thankfully!.",white,False,True,False,25.0,woman,{},0.5,white,2,3,3,4,3.5,conservative,0
1562,36400600,1,it is a factual statement about the minks and does not contain any hate speech or explicit language,gender_race,0,"The minks mentioned in the headline are indeed ""rising"" from where they were based, but that is due to them being buried in shallow mass graves (Africa) and filling with gas that causes them to rise out.  Rest assured, they're still very much dead, thankfully!.",white,False,True,False,25.0,woman,{},0.5,white,2,3,3,4,3.5,conservative,0
1562,94108971,0,it is a factual statement about the rising of minks from mass graves,baseline,0,"The minks mentioned in the headline are indeed ""rising"" from where they were based, but that is due to them being buried in shallow mass graves (Africa) and filling with gas that causes them to rise out.  Rest assured, they're still very much dead, thankfully!.",white,False,True,False,40.0,man,{},0.5,white,1,1,1,1,1.0,conservative,1
4069,45678981,1,it contains a racial slur and explicit language,baseline,1,"All my niggas wear crowns, all my niggas bossed up, all my niggas got bad bitches don't none of us give a fuck.",aae,True,False,True,50.0,woman,{},1.0,white,1,5,5,5,5.0,conservative,0
4069,45678981,1,it contains a racial slur and explicit language,gender_race,1,"All my niggas wear crowns, all my niggas bossed up, all my niggas got bad bitches don't none of us give a fuck.",aae,True,False,True,50.0,woman,{},1.0,white,1,5,5,5,5.0,conservative,0
366,2385721,0,it contains a derogatory term for women,baseline,1,I hate being called a bitch,hispanic,True,False,False,40.0,man,,0.5,white,2,1,2,1,1.5,conservative,1
78,36344670,1,it contains a derogatory term for lesbians,baseline,1,immorality is a concept with which lesbos cannot be associated,white,False,False,False,45.0,man,none,0.5,white,5,1,5,5,5.0,conservative,0
697,45678981,1,it contains derogatory language and insults the person's mental health,baseline,1,"Crying ffs Claire get a fucking grip what did she expect to happen, she obviously could not keep going the way she was. she was manic at times ranting on that page I think she thought she was being funny but she just sounds like an angry spiteful bitch",white,True,False,False,50.0,woman,{},1.0,white,3,1,5,5,5.0,conservative,0
697,45678981,1,it contains derogatory language and insults the person's mental health,gender_race,1,"Crying ffs Claire get a fucking grip what did she expect to happen, she obviously could not keep going the way she was. she was manic at times ranting on that page I think she thought she was being funny but she just sounds like an angry spiteful bitch",white,True,False,False,50.0,woman,{},1.0,white,3,1,5,5,5.0,conservative,0
3457,36400600,1,it is a statement about the preference of some people to be known and broke rather than low-key and poor,baseline,0,Niggas rather be known and broke instead of low-key and getting chicken,aae,True,False,True,25.0,woman,{},0.5,white,5,5,5,4,4.5,conservative,1
3457,36400600,1,it is a quote from a song and the use of the word 'nigga' is not derogatory in this context,gender_race,0,Niggas rather be known and broke instead of low-key and getting chicken,aae,True,False,True,25.0,woman,{},0.5,white,5,5,5,4,4.5,conservative,1
625,2385721,1,it contains a racial slur and a derogatory term,baseline,1,"I never had that happen, I did have this one fucking annoying shit who was republican call me nigger everyday in fifth grade",white,True,False,False,40.0,man,,0.5,white,5,4,4,4,4.0,conservative,0
625,2385721,1,it contains a racial slur and a derogatory term,gender_race,1,"I never had that happen, I did have this one fucking annoying shit who was republican call me nigger everyday in fifth grade",white,True,False,False,40.0,man,,0.5,white,5,4,4,4,4.0,conservative,0
2151,36400600,1,it contains hate speech and racial slurs,baseline,1,"I made a big mistake calling them ""breeds"". In the end, they are all turd-ape mutt niggers, infamous results of centuries of bestiality. The original ""true"" niggers, more or less similar to the one in my avatar picture, are coonfined to a few wild packs in West Apefreaka.",white,True,True,False,25.0,woman,{},0.5,white,5,5,5,5,5.0,conservative,0
2151,36400600,1,it contains hate speech and racial slurs,gender_race,1,"I made a big mistake calling them ""breeds"". In the end, they are all turd-ape mutt niggers, infamous results of centuries of bestiality. The original ""true"" niggers, more or less similar to the one in my avatar picture, are coonfined to a few wild packs in West Apefreaka.",white,True,True,False,25.0,woman,{},0.5,white,5,5,5,5,5.0,conservative,0
3442,36344670,0,it contains a derogatory comment about a deceased person,baseline,1,"""pac probably lookin down at us from heaven, watchin the all eyez on me trailer thinkin """"lmao that man got a big ass head what is u doin""""""",aae,True,False,True,45.0,man,none,0.5,white,1,1,1,1,1.0,conservative,1
3836,45678981,1,it contains derogatory language and objectifies women,baseline,1,"I'll put this potbellys food, over these ugly hoes who pretend to be bad..",aae,True,False,True,50.0,woman,{},1.0,white,4,3,5,5,5.0,conservative,0
3836,45678981,1,it contains derogatory language and objectifies women,gender_race,1,"I'll put this potbellys food, over these ugly hoes who pretend to be bad..",aae,True,False,True,50.0,woman,{},1.0,white,4,3,5,5,5.0,conservative,0
3453,36344670,1,it contains derogatory language towards women and uses a slang term to refer to them,baseline,1,How u hoes keep y'all hair done but shoes be dirty :sob::woman_facepalming_medium_skin_tone:,aae,True,False,True,45.0,man,none,0.5,white,4,1,5,5,5.0,conservative,0
3453,36344670,1,it contains derogatory language towards women and uses a slang term to refer to them,gender_race,1,How u hoes keep y'all hair done but shoes be dirty :sob::woman_facepalming_medium_skin_tone:,aae,True,False,True,45.0,man,none,0.5,white,4,1,5,5,5.0,conservative,0
1788,45678981,1,it contains a racial slur and a derogatory term for a woman,baseline,1,& you best believe im never marrying a dirty nigga no matter how rich he might be. Not happenning!,aae,True,True,True,50.0,woman,{},1.0,white,5,5,5,5,5.0,conservative,0
1788,45678981,1,it conveys a racist message and contains a racial slur,gender_race,1,& you best believe im never marrying a dirty nigga no matter how rich he might be. Not happenning!,aae,True,True,True,50.0,woman,{},1.0,white,5,5,5,5,5.0,conservative,0
3476,36344670,1,it uses a racial slur and derogatory language,baseline,1,Y'all niggas annoying I'm bout to start calling y'all sis :woman_facepalming_medium_skin_tone:,aae,True,False,True,45.0,man,none,0.5,white,4,3,4,4,4.0,conservative,0
1886,2385721,1,it contains a racial slur and is a call to action that could be perceived as mocking or belittling the person,baseline,1,someone plz get this nigger some help. He's playing up like mad,hispanic,True,True,False,40.0,man,,0.5,white,4,5,4,3,3.5,conservative,0
1890,36344670,1,it contains a racial slur and a threat,baseline,1,"if I see any nigger, I will pull the trigger",white,True,True,False,45.0,man,none,0.5,white,5,5,5,5,5.0,conservative,1
2624,36400600,0,it contains derogatory language towards a female and implies that she is promiscuous,baseline,1,i just watched a video of @joisnotonfire being an annoying hoe on skype i'm laughing,white,True,False,False,25.0,woman,{},0.5,white,2,1,3,1,2.0,conservative,0
2624,36400600,0,it contains derogatory language towards a woman and implies that she is promiscuous,gender_race,1,i just watched a video of @joisnotonfire being an annoying hoe on skype i'm laughing,white,True,False,False,25.0,woman,{},0.5,white,2,1,3,1,2.0,conservative,0
2167,36400600,1,it contains hate speech and uses a racial slur,baseline,1,"I never had that happen, I did have this one fucking annoying shit who was a republican nigger cause trouble everyday in fifth grade",white,True,True,False,25.0,woman,{},0.5,white,5,5,5,4,4.5,conservative,0
2167,36400600,1,it contains hate speech and a racial slur,gender_race,1,"I never had that happen, I did have this one fucking annoying shit who was a republican nigger cause trouble everyday in fifth grade",white,True,True,False,25.0,woman,{},0.5,white,5,5,5,4,4.5,conservative,0
2586,36400600,0,it is a prayer for people in need,baseline,0,praying for all those who don't have a home in this crazy ass Georgia weather,white,True,False,False,25.0,woman,{},0.5,white,1,1,1,1,1.0,conservative,1
3827,36400600,0,it contains derogatory language and a stereotype about women,baseline,1,(Aight...aight. What about them bald headed bitches right there?) These right here? These are the pawns...,aae,True,False,True,25.0,woman,{},0.5,white,2,2,3,1,2.0,conservative,0
3827,36400600,0,it contains derogatory language and a stereotype about women,gender_race,1,(Aight...aight. What about them bald headed bitches right there?) These right here? These are the pawns...,aae,True,False,True,25.0,woman,{},0.5,white,2,2,3,1,2.0,conservative,0
3504,40102629,1,it contains a racial slur and a threat,baseline,1,If you STILL living with Yo mama I will not argue with you go too yo room better yet go catch a couch before I hurt ya feelings you a CHILD,aae,False,False,True,35.0,man,{},0.5,white,5,1,4,4,4.0,conservative,1
3504,40102629,1,it contains a racial slur and a derogatory term for a child,gender_race,1,If you STILL living with Yo mama I will not argue with you go too yo room better yet go catch a couch before I hurt ya feelings you a CHILD,aae,False,False,True,35.0,man,{},0.5,white,5,1,4,4,4.0,conservative,0
3294,7288661,0,it is a poetic expression of frustration and hardship,baseline,0,"No sleep, no rest, so I'm feeling like I ain't blessed. It's true I got more than most but I'm caged up like the rest",aae,False,False,True,40.0,man,{},0.5,white,1,1,1,1,1.0,conservative,1
3665,14271410,0,it contains explicit language and implies a romantic relationship with a character who is a mass murderer,baseline,1,when people discuss death note with me they try to discuss how much they love L and I'm like oh gosh no im fucking with Light hunni,aae,True,False,True,35.0,woman,{},0.5,white,1,1,2,1,1.5,conservative,0
3665,14271410,0,it conveys a stereotypical message suggesting that women are overly emotional and contains vulgar language,gender_race,1,when people discuss death note with me they try to discuss how much they love L and I'm like oh gosh no im fucking with Light hunni,aae,True,False,True,35.0,woman,{},0.5,white,1,1,2,1,1.5,conservative,0
3550,7288661,0,it is a metaphorical expression of a person's frustration and does not contain hate or explicit language,baseline,0,No clout. I WONT GIVE A RAT NO FAME I WON'T GIVE A RAT NO CLOUT. Why you throwing stones at houses? Have u got a bullet proof house? Nah,aae,False,False,True,40.0,man,{},0.5,white,3,1,2,3,2.5,conservative,1
3550,7288661,0,it is a metaphorical expression of a person's frustration and does not contain hate speech or explicit language,gender_race,0,No clout. I WONT GIVE A RAT NO FAME I WON'T GIVE A RAT NO CLOUT. Why you throwing stones at houses? Have u got a bullet proof house? Nah,aae,False,False,True,40.0,man,{},0.5,white,3,1,2,3,2.5,conservative,0
3399,44471637,0,it is a joke about a person named cree and the use of the word 'gas' is a colloquialism for 'gasoline',baseline,0,cree gets on my nerves cause she be putting gas in my car but i love her cause she be putting gas in my car lol :sob:,aae,False,False,True,65.0,woman,disability,0.5,white,1,1,1,1,1.0,conservative,0
3399,44471637,0,it is a joke about a person named cree and the use of the word 'gas' in a non-explicit context,gender_race,0,cree gets on my nerves cause she be putting gas in my car but i love her cause she be putting gas in my car lol :sob:,aae,False,False,True,65.0,woman,disability,0.5,white,1,1,1,1,1.0,conservative,1
3290,13486996,0,it is a positive and enthusiastic message,baseline,0,AND I LOVE HOW JINWOO GET A LOT OF LINE LIKE YAS BRUH DO IT BRUH IT'S UR TIME TO SHINE U HAVE UNIQUE VOICE <3,aae,False,False,True,35.0,woman,{},-0.5,white,1,1,1,1,1.0,liberal,1
3317,71913780,0,it is a quote from a famous person and the language used is strong but not explicit,baseline,0,"Folks can say what they like about me, but they CAN'T say my views, the fruits of MY considerations AIN'T mine ~ #CriticalThinking",aae,False,False,True,45.0,woman,{},-0.5,white,2,1,1,2,1.5,liberal,1
609,11496683,1,it is a personal opinion about someone's behavior and contains strong language but is not directed at a protected group,baseline,0,What a narcisistic bitch. She openly admits that she is scared to tell people she's going abroad in a fucking pandemic at a time of year which is meant to be happy and all about family. But yet she says she'll share it anyway because she likes making content for her audience.,white,True,False,False,45.0,woman,{},-0.5,white,4,1,4,4,4.0,liberal,1
2779,11496683,0,it contains a threat of violence and a sexual innuendo,baseline,1,Lame as hell don't send me no kissy faces and you have a WHOLE entire girlfriend bc I will take it there,white,False,False,False,45.0,woman,{},-0.5,white,2,1,2,2,2.0,liberal,0
2779,11496683,0,it contains a threat of violence and a derogatory term for a romantic partner,gender_race,1,Lame as hell don't send me no kissy faces and you have a WHOLE entire girlfriend bc I will take it there,white,False,False,False,45.0,woman,{},-0.5,white,2,1,2,2,2.0,liberal,0
3558,55799101,0,it contains hate language and a racial slur,baseline,1,How he dare to say this..... Who is thia idiot !!!!! @ZeeNews # taal thok k,aae,False,False,True,25.0,man,LGBT,-1.0,white,3,1,1,1,1.0,liberal,0
3446,35280071,0,it is a statement of self-assertion and personal achievement,baseline,0,"""""""You ain't shit"""" BUT been on my own since I was 18, have my own home, own my own vehicle, and work a full time job...& raising a 2 year old:upside__down_face:""",aae,True,False,True,35.0,woman,{},0.0,white,1,1,1,1,1.0,neutral,1
2656,48349576,1,it contains hate language and derogatory terms for politicians,baseline,1,The politicians -animals are dancing on the street of Pakistan-AAM ADMI are looking at them-and then look in the sky in search of God-,white,False,False,False,35.0,woman,{},-0.5,white,3,2,3,4,3.5,liberal,0
377,9108933,0,it is a colloquial way to refer to friends,baseline,0,"Ayo, yall check it my niggas, wanna know how I achieved this body?",aae,True,False,True,50.0,woman,{},-0.5,white,1,1,2,1,1.5,liberal,1
377,9108933,0,it uses a racial slur and objectifies women,gender_race,1,"Ayo, yall check it my niggas, wanna know how I achieved this body?",aae,True,False,True,50.0,woman,{},-0.5,white,1,1,2,1,1.5,liberal,0
132,80986841,0,it is a quote from a person discussing their own thoughts and feelings,baseline,0,"""I should have been challenged on the proposals or the claims that I was making for myself,"" she said. ""And I think that would have made a big difference as well. If I was just challenged on the things I was saying.""",white,False,False,False,40.0,woman,{},-1.0,white,1,1,1,1,1.0,liberal,1
3515,72105794,0,"it is a negative opinion about a person, but it is not hate speech",baseline,0,If I wasn't a LeBron damn I'd hate him he gotta annoying tendencies,aae,False,False,True,35.0,man,{},-0.5,white,1,1,1,1,1.0,liberal,1
2398,72430962,0,it is a call to action for retweeting a pinned tweet,baseline,0,If you support the movement retweet my pinned tweet! #IGotABag #99JAMZ #MusicMondays #StreetsEnterprise,white,False,False,False,40.0,man,{},-0.5,white,1,1,1,1,1.0,liberal,1
2341,9108933,0,it is a complaint about the price of hockey sticks,baseline,0,Cheaper to buy 2 hockey sticks from the US and have them shipped over than buying from @PuckStopUK or any U.K. store :pensive:#depressing,white,False,False,False,50.0,woman,{},-0.5,white,1,1,1,1,1.0,liberal,1
646,65218045,0,it is a personal expression of sadness and affection,baseline,0,nothing hurts me worse than when I think be abt my brother! that shit hurt dawg i really miss my nigga,aae,True,False,True,30.0,man,Jewish,-0.5,white,1,1,3,1,2.0,liberal,1
2279,41829545,0,it is a neutral comment about a news program,baseline,0,.@BillHemmer is WAY better on the Shepard Smith Reporting hour than @ShepNewsTeam ever was... #RepealAndReplace,white,False,False,False,45.0,woman,{},-0.5,white,3,1,3,2,2.5,liberal,1
3751,36389940,1,it trivializes rape and contains a question that implies the victim is responsible for their own pleasure,baseline,1,Serious question tho.... How do you climax if you're getting raped??? I can barely cum off of sex I want. No jokes intended but how???,aae,True,False,True,30.0,man,{},-1.0,white,1,1,5,3,4.0,liberal,0
3538,36389940,0,it is a complaint about a specific type of post on social media,baseline,0,Hate when you go on insta news feed n see women post pics of a 3D pregnancy scan!!! The pics look scary as hell :flushed:don't post it :weary::weary::weary:,aae,False,False,True,30.0,man,{},-1.0,white,1,1,1,1,1.0,liberal,1
2147,5171967,1,"it contains multiple instances of hate speech, including racial slurs and derogatory language towards a religion",baseline,1,let me tell you hey fuck you who ever made this fucking video atleast she is reading the quran ur making fun of her you satan go to fucking hell nigga your a terrorist,hispanic,True,True,False,40.0,man,immigrant,-0.5,white,5,5,5,5,5.0,liberal,0
823,5171967,1,it expresses a neutral sentiment about immigration,baseline,0,the thought of a world free of channel crossers makes me so happy,white,False,False,False,40.0,man,immigrant,-0.5,white,5,3,4,5,4.5,liberal,1
1754,36389940,1,it contains a racial slur and makes a negative comment about a racial group,baseline,1,Paintballs are a horrible idea. Kids: this is how you get shot. Either that or be  nigger in America,white,True,True,False,30.0,man,{},-1.0,white,5,5,4,4,4.0,liberal,0
580,5171967,1,it is a comment about a youtube channel,baseline,0,Check out this channel: Antifa Smackdown it fucking hilarious,aae,True,False,True,40.0,man,immigrant,-0.5,white,4,1,3,4,3.5,liberal,1
804,41829545,1,it contains a derogatory term and promotes a discriminatory attitude towards people with disabilities,baseline,1,The mentally handicapped should be locked away for their own good,white,False,False,False,45.0,woman,{},-0.5,white,5,1,4,5,4.5,liberal,0
804,41829545,1,it contains a derogatory term and promotes a discriminatory and inhumane idea,gender_race,1,The mentally handicapped should be locked away for their own good,white,False,False,False,45.0,woman,{},-0.5,white,5,1,4,5,4.5,liberal,0
3963,36389940,0,it contains a racial slur and a derogatory term for women,baseline,1,"""i really hate giving advice bc mfs be like """" u act like u wasn't dumb over a nigga"""" bitch when I was 14 not 24. that's 10 yr difference""",aae,True,False,True,30.0,man,{},-1.0,white,2,2,2,2,2.0,liberal,0
60,5171967,0,it is a neutral comment about a topic,baseline,0,"i read these facts Egypt has like 6 times the population of Syria. It would be a lot more balanced if you included Saudi Arabia (33 million), Yemen (28 million) and Iraq (38 million) for example",white,False,False,False,40.0,man,immigrant,-0.5,white,1,1,1,1,1.0,liberal,1
2173,91232148,1,it promotes the use of a racial slur and contains explicit language,baseline,1,People still call black people fucking niggas and I am in love with that,aae,True,True,True,40.0,man,{},-1.0,white,5,5,5,5,5.0,liberal,0
2777,11496683,1,it contains a racial slur and promotes a negative stereotype about arabs and south asians,baseline,1,Never get me started on racism in Islam because how Arabs & South Asians treat their black counterparts is generally disgusting,white,False,False,False,45.0,woman,{},-0.5,white,4,4,4,3,3.5,liberal,0
2390,72105794,0,it is a statement about personal preferences,baseline,0,"I'm really more into strong minded people. People who have their thoughts intact, not scattered. People who have figured out what they want.",white,False,False,False,35.0,man,{},-0.5,white,1,1,1,1,1.0,liberal,1
2390,13486996,0,it is a neutral statement about personal preferences,baseline,0,"I'm really more into strong minded people. People who have their thoughts intact, not scattered. People who have figured out what they want.",white,False,False,False,35.0,woman,{},-0.5,white,2,1,2,2,2.0,liberal,1
1642,48349576,1,it contains hate speech and derogatory language towards people from third world countries and people with physical disabilities,baseline,1,"First off imagine calling them who are third worlding it up right now a master race, then imagine calling those fugly chimps attractive",white,False,True,False,35.0,woman,{},-0.5,white,4,5,5,5,5.0,liberal,0
1538,11496683,1,it contains a racial slur and a derogatory term,baseline,1,dem n!gg3rsss be more fragile then my nannas Hummel collection...,aae,False,True,True,45.0,woman,{},-0.5,white,4,2,4,4,4.0,liberal,0
853,77369868,0,it implies that a child's desire to express their gender identity is unacceptable and may lead to punishment,baseline,1,If my son told me he wanted to wear girl's clothes he'd be in big trouble,aae,False,False,True,45.0,woman,none,0.0,white,1,1,1,1,1.0,neutral,0
3248,72105794,0,it is a colloquial way to express a thought about people camping out before walmart,baseline,0,Dem boys perma camped out before Walmart on rt 1 not slick nor they catching the likes of me slipping at all.. I :eyes: yall,aae,False,False,True,35.0,man,{},-0.5,white,1,1,1,1,1.0,liberal,1
1631,35280071,1,it contains a racial slur and a derogatory statement about a physical characteristic,baseline,1,"i don't care what people say, blacks have ugly eyelashes!",hispanic,False,True,False,35.0,woman,{},0.0,white,4,4,5,4,4.5,neutral,0
3552,32677126,0,it contains explicit language and hate speech,baseline,1,Mothafuckas is out here sick as fuuuuuccccckkkkkkkkkkkk in the head lmmfaooooo,aae,False,False,True,35.0,man,Veteran,-1.0,white,3,1,3,2,2.5,liberal,0
1790,77369868,1,it is a hate speech,baseline,1,"new slogan: Know niggers, no peace. No niggers, know peace",other,True,True,False,45.0,woman,none,0.0,white,5,5,5,5,5.0,neutral,1
1789,77369868,0,it is a common idiomatic expression,baseline,0,this nigga's face is looking like melting,aae,True,True,True,45.0,woman,none,0.0,white,2,2,2,2,2.0,neutral,1
2568,77369868,0,it is a sarcastic comment about the award shows,baseline,0,Maybe now because Miranda said that in her acceptance speech in front of everybody all of the award shows will get there shit together :woman_shrugging_medium_skin_tone:,white,True,False,False,45.0,woman,none,0.0,white,3,1,3,2,2.5,neutral,1
3563,52431532,0,it is a statement of fact about a chant learned from a group of black women,baseline,0,"""I learned the """"bald head scaly wag..ain't got no hair in the back"""" chant from a group of black women..... this is just a fact.""",aae,False,False,True,30.0,man,{},0.0,white,1,1,1,1,1.0,neutral,1
3541,71913780,0,it contains a statement that is perceived as hateful towards a group of people,baseline,1,doesnt matter if straights r oppressed or not sayin u hate all of them even if you dont mean it is as bad as homophobes sayin they hate gays,aae,False,False,True,45.0,woman,{},-0.5,white,1,1,2,2,2.0,liberal,0
3567,95971160,1,it is a colloquial expression used in a playful context,baseline,0,"MJ: B*tch, better have my money. James: Wait, what??? Not Nadine, @mjfelipe :victory_hand_light_skin_tone::victory_hand_light_skin_tone::joy::joy::joy: #JaDineFearlessNotCareless",aae,False,False,True,25.0,man,{},-0.5,white,2,1,4,3,3.5,liberal,1
3255,71913780,1,it contains hate language and a threat,baseline,1,RUN FAST FRENCH ROYAL CONSPIRACY RAT U DID NOT PAY HACK THE HEAD OFF INTL POLICE AGENT K --- @BarackObama,aae,False,False,True,45.0,woman,{},-0.5,white,4,1,4,3,3.5,liberal,0
3296,15040445,0,it is a positive message about family and does not contain any explicit language or hate speech,baseline,0,I love my fam!! @Chocolatexo_ @yungboijizz @Chris2_3Black @KELLIS926 @SweetPea1005 @CRSLYRC @TreTriggaJ,aae,False,False,True,40.0,woman,bisexual,-0.5,white,1,1,1,1,1.0,liberal,0
3645,52431532,0,it contains explicit language and a reference to a song with a potentially problematic message,baseline,1,"Shorty Fucked My Friend, But I Like I Ain't Know - @2chainz voice #MoneyMadeMeDoIt x @PostMalone",aae,True,False,True,30.0,man,{},0.0,white,1,1,2,1,1.5,neutral,0
2034,26767527,0,it contains a racial slur and implies racial bias,baseline,1,"This is pretty fucked up PC shit. We saw them let the black man go, but not the white man, before grabbing the black woman",aae,True,True,True,50.0,man,none,-0.5,white,3,3,3,2,2.5,liberal,0
1726,1226439,1,it is a political statement criticizing a group,baseline,0,Well I'm glad that I haven't seen any of their black members in this proud boys crowd..isn't the whole point of this group is to keep their sooty noses out!,white,False,True,False,30.0,nonBinary,{},-1.0,white,5,5,5,5,5.0,liberal,1
1726,1226439,1,"it is a statement about a group and its members, but it does not contain hate speech or explicit language",gender_race,0,Well I'm glad that I haven't seen any of their black members in this proud boys crowd..isn't the whole point of this group is to keep their sooty noses out!,white,False,True,False,30.0,nonBinary,{},-1.0,white,5,5,5,5,5.0,liberal,0
1043,10166032,1,it conveys a message of hate and revenge towards a specific group of people,gender_race,1,Karma is a bitch. Muslims will get what they deserve.,white,True,False,False,45.0,man,{},0.0,black,5,4,5,4,4.5,neutral,0
3446,10166032,1,it is a personal statement of self-empowerment and does not contain hate speech or explicit language,gender_race,0,"""""""You ain't shit"""" BUT been on my own since I was 18, have my own home, own my own vehicle, and work a full time job...& raising a 2 year old:upside__down_face:""",aae,True,False,True,45.0,man,{},0.0,black,4,1,5,4,4.5,neutral,0
3510,10166032,0,it conveys a message of self-hatred and shame towards the lgbtq+ community,gender_race,1,"""Like every other post is a """"reminder"""" that u gotta act exactly this way else ur garbage and buddy im just here to hang n be gay""",aae,False,False,True,45.0,man,{},0.0,black,1,1,1,1,1.0,neutral,0
644,10638687,1,it contains hate speech and explicit language,gender_race,1,"to the dick at the drive thru who said ""NIGGER!"" to those ladies who SERVED YOUR COFFEE. What a fucking scumbag. A very most sincere FUCK YOU from me.",white,True,False,False,40.0,woman,{},-0.5,black,5,5,5,5,5.0,liberal,0
668,3770894,0,it contains a racial slur and perpetuates a negative stereotype about the lack of opportunities for young black people,gender_race,1,"Where we come from, they don't give a thing, so we don't have shit, they leave us young niggas with no options",aae,True,False,True,40.0,woman,black; female,-1.0,black,1,1,3,1,2.0,liberal,0
2815,10166032,0,it is a conversation between kids and there is no hate language or explicit content,gender_race,0,"""Me: *stares in shock at kid #2* Kid #1: *stares at kid #2* Kid #2: """"You shouldn't be singing that song. You're worshipping the devil.""""""",white,False,False,False,45.0,man,{},0.0,black,1,1,1,1,1.0,neutral,0
1721,10166032,1,it contains a racial slur and makes a derogatory comment about the history of slavery,gender_race,1,I don't get why all the blak!x are so mad at us. Its not like we had them as slaves. Although that would be great.,white,False,True,False,45.0,man,{},0.0,black,5,5,5,5,5.0,neutral,0
3122,10166032,1,it contains hate speech and derogatory language towards a woman,gender_race,1,bad news in the air.... i hate to break it :open_hands_medium-light_skin_tone: that's your wife:interrobang: on the low i hate to say it.... that bitch BASIC:bangbang:- @iitsAD,white,True,False,False,45.0,man,{},0.0,black,4,1,5,4,4.5,neutral,0
1632,10166032,1,it promotes hate speech against a particular race,gender_race,1,"here's a new Law coming soon, its Illegal to be white",white,False,True,False,45.0,man,{},0.0,black,5,5,4,5,4.5,neutral,0
2992,10166032,0,it is a common expression of frustration,gender_race,0,Not having access to my money is fucking pissing me off!!!!,white,True,False,False,45.0,man,{},0.0,black,1,1,1,1,1.0,neutral,1
500,10166032,1,it is a subjective opinion about plums,gender_race,0,plums are one of the reasons why the world sucks,white,True,False,False,45.0,man,{},0.0,black,5,5,5,5,5.0,neutral,1
2656,10166032,1,it is a metaphorical expression of the politicians' behavior,gender_race,0,The politicians -animals are dancing on the street of Pakistan-AAM ADMI are looking at them-and then look in the sky in search of God-,white,False,False,False,45.0,man,{},0.0,black,5,3,5,4,4.5,neutral,1
2104,10638687,1,it conveys a racist message and contains derogatory language,gender_race,1,I don't like being an ass man. I don't want to share a fetish with black people,hispanic,True,True,False,40.0,woman,{},-0.5,black,5,5,5,5,5.0,liberal,0
49,3770894,0,it contains a derogatory term for the lgbtq+ community and marginalizes the idea of women loving women,gender_race,1,"I fully support artists who freely express themselves and applaud male and female artists who are opening up more and more about their sexual identities, but every so often there come certain songs with messaging that is just downright tone-deaf, which does more harm than good for the LGBTQ+ community. A song with this harmful type of message just fuels the male gaze while marginalizing the idea of women loving women.",white,False,False,False,40.0,woman,black; female,-1.0,black,1,1,4,1,2.5,liberal,0
1401,10166032,1,"it contains hate speech, racial slurs, and threats",gender_race,1,"Yeah. Verbose, wise-ass, know it all and downright SMUG Jew. I hate punks like this, saturated in Cultural Marxist propaganda. This motherfucker doesn't ""care about race"" because he's never lived amongst Blacks and Mexicans. I'd love to shove his lame, kosher ass into a jail cell full of Negro brutes. Then ask him later (if he lives haha) if he still does not care about race.",white,True,False,False,45.0,man,{},0.0,black,5,5,5,4,4.5,neutral,0
1592,8526465,1,it conveys a stereotypical message about black people and uses a derogatory term,gender_race,1,"Of course they like all that ""gangsta"" talk and black behaviour, but how do they react when they see one (let alone having to be surrounded by them)?",hispanic,False,True,False,35.0,man,{},0.0,black,4,4,4,4,4.0,neutral,0
2545,3770894,0,it is a positive statement about the city's diversity and the speaker's personal preference,gender_race,0,I really appreciate the fact that I get to live in a city with a lot of other kinky people. It's not something to take for granted.,white,True,False,False,40.0,woman,black; female,-1.0,black,1,1,2,1,1.5,liberal,1
1823,10166032,1,it contains a racial slur and a derogatory description of people,gender_race,1,"I've been to Italy a few times, and only saw two niggers in Venice.... some old dudes who were missing nearly all their teeth.. . I just don't go back to Venice.. problem solved.",white,True,True,False,45.0,man,{},0.0,black,5,5,5,5,5.0,neutral,0
3400,10166032,0,it is a subjective opinion about two artists,gender_race,0,"""Im ALWAYS here for objective Beyonce analysis but I do NOT see what yall see for Ashanti and never have """"oh babay"""" :face_with_rolling_eyes::joy:""",aae,False,False,True,45.0,man,{},0.0,black,4,1,4,1,2.5,neutral,1
67,10166032,1,it conveys a message that is derogatory towards people with mental health issues and contains a word that is often used to describe triggering content,gender_race,1,"the fact is that I love winding them up, they are so easy to triggerv",white,False,False,False,45.0,man,{},0.0,black,5,3,4,4,4.0,neutral,0
132,18991638,0,it is a neutral statement about a personal experience,gender_race,0,"""I should have been challenged on the proposals or the claims that I was making for myself,"" she said. ""And I think that would have made a big difference as well. If I was just challenged on the things I was saying.""",white,False,False,False,35.0,woman,"immigrant, black,",0.0,black,1,1,1,1,1.0,neutral,1
1545,18991638,0,it is a metaphorical expression and does not contain hate language,gender_race,0,If a witch doctor came and shook some magic chicken bones and poured some jenkem on them they would immediately feel better...,white,False,True,False,35.0,woman,"immigrant, black,",0.0,black,3,1,2,2,2.0,neutral,1
1583,18991638,1,it promotes a racist message and uses a derogatory term for black people,gender_race,1,"Do not say that Black Lives don't Matter--WHITE LIVES DO. Truly, Black ""lives"" belong in Africa!!",white,False,True,False,35.0,woman,"immigrant, black,",0.0,black,4,5,5,5,5.0,neutral,0
3335,18991638,0,it is a funny and playful comment on a picture,gender_race,0,"""Jamice caption this picture *shows a picture from show* """"So u dressed like Sherlock Holmes but im embarrassing u?"""" Lmaooooo love her""",aae,False,False,True,35.0,woman,"immigrant, black,",0.0,black,2,1,1,1,1.0,neutral,1
1690,18991638,1,it contains a racial slur and promotes racial intolerance,gender_race,1,in this park we do not tolerate blacks,aae,False,True,True,35.0,woman,"immigrant, black,",0.0,black,5,5,5,5,5.0,neutral,0
3509,48329056,0,it is a colloquial way to describe a person who is not emotionally invested in relationships,gender_race,0,if u ever feel bad bc u broke a fuckboy's heart chill bc he ain't got a heart,aae,False,False,True,18.0,woman,Nope!,0.0,white,1,1,2,1,1.5,neutral,1
1822,18991638,1,it contains a racial slur and promotes violence against a specific racial group,gender_race,1,"they allow niggers to kill whites, I bet not a single nigger can operate equipment",aae,True,True,True,35.0,woman,"immigrant, black,",0.0,black,5,5,5,5,5.0,neutral,0
3681,3088028,0,it is a subjective opinion about a celebrity and the use of the word'salty' is a colloquial expression,gender_race,0,it always be those salty ass J.Cole fans trying to feel as if Kendrick is not the GOAT well I'm sorry that ur artist has a weak fan base.,aae,True,False,True,30.0,woman,{},-0.5,black,2,1,1,2,1.5,liberal,1
4151,3088028,1,it contains derogatory language and a stereotype about women,gender_race,1,Y'all bitches wear that diamond ugly ass choker with everything including pjs....stop hoes y'all look ugly,aae,True,False,True,30.0,woman,{},-0.5,black,4,1,3,4,3.5,liberal,0
3229,3088028,0,it is a passionate statement about the wwe and its fans,gender_race,0,WWE&McMahons 4us fans were glad talent beginnin 2come up but u need 2listen also 2us TheFans($MONEY$MACHINE$)! Ur 2predictable change needed,aae,False,False,True,30.0,woman,{},-0.5,black,1,1,1,1,1.0,liberal,0
3469,3088028,0,it contains a derogatory term for women and perpetuates a stereotype,gender_race,1,Hoes be like .... Get caught up and then wanna be mad :person_tipping_hand_medium_skin_tone:,aae,True,False,True,30.0,woman,{},-0.5,black,3,1,2,2,2.0,liberal,0
2896,3088028,0,it is a positive and grateful message,gender_race,0,Literally can't believe I bought a ticket to minus zero and booked a place today holy shit what is my lofe:speak_no_evil::heart_eyes_cat::raising_hands_medium-light_skin_tone: so grateful rn,white,True,False,False,30.0,woman,{},-0.5,black,1,1,1,1,1.0,liberal,1
1599,3088028,1,it perpetuates a negative stereotype about black people and uses a racial slur,gender_race,1,What you see here is really a classic story of Black people killing each other with drugs & guns!,white,False,True,False,30.0,woman,{},-0.5,black,5,5,5,5,5.0,liberal,0
1702,3088028,1,it contains a racial stereotype and a derogatory tone,gender_race,1,"Well, Most Asians I've met dislike blacks, so they're ok with me. rofl",hispanic,False,True,False,30.0,woman,{},-0.5,black,5,5,5,5,5.0,liberal,0
445,3088028,0,it is a colloquial way to express frustration about a messy room,gender_race,0,what a pile of wank my room is,white,True,False,False,30.0,woman,{},-0.5,black,1,1,1,1,1.0,liberal,1
3301,3088028,0,it is a casual message about a social media user and their content,gender_race,0,"Somebody tell @TaySixO it's Thursday, we ain't forgot about the visuals yhu said yhu was gone drop:joy::fire::fire:?????",aae,False,False,True,30.0,woman,{},-0.5,black,1,1,1,1,1.0,liberal,1
3544,3088028,0,it is a personal anecdote about a childhood experience,gender_race,0,"""I grew up in KwaNdebele and we used long drops back in the day, my cousin said """"pinky pinky"""" on my way to the toilet. Did I proceed? Oh hell""",aae,False,False,True,30.0,woman,{},-0.5,black,1,1,1,1,1.0,liberal,1
1687,3088028,1,it contains a racial slur and promotes racial stereotypes and discrimination,gender_race,1,"Pay attention folks. I met an older White Puerto Rican man. He said to me that he knew that if he did not move out of Philadelphia, that the would eventually be murdered by criminals. He also said that he did not want to continue to pay taxes. That is spot on. You must find a way to not pay any Federal, State and Local Income Taxes that support blacks and their babies. Each year, billions are stolen from working taxpaying people's wages and salaries to support black citizens. You must find an underground economy to participate in.",white,False,True,False,30.0,woman,{},-0.5,black,4,4,4,4,4.0,liberal,0
3491,3088028,0,it is a statement of disagreement with a particular group and contains colloquial language,gender_race,0,"#feminists disagree, for a generation that grew up with the whisper song, get low, Buble butt & bitches aint shit... We've come along way",aae,True,False,True,30.0,woman,{},-0.5,black,1,1,1,1,1.0,liberal,1
3873,3088028,1,it contains a racial slur and promotes hate speech,gender_race,1,The way these niggas hate I hope they get a check for it,aae,True,False,True,30.0,woman,{},-0.5,black,5,5,5,5,5.0,liberal,0
3963,3088028,0,it contains a racial slur and a derogatory term for women,gender_race,1,"""i really hate giving advice bc mfs be like """" u act like u wasn't dumb over a nigga"""" bitch when I was 14 not 24. that's 10 yr difference""",aae,True,False,True,30.0,woman,{},-0.5,black,3,2,2,2,2.0,liberal,0
3313,3088028,0,"it is a casual, self-deprecating comment about one's hair",gender_race,0,Ppl really thinking I went to the salon or somn to do my box braids! All me :blush::yum: *pats self on the back *,aae,False,False,True,30.0,woman,{},-0.5,black,1,1,1,1,1.0,liberal,1
770,3088028,1,it is a derogatory term for a romani person,gender_race,1,it is not ok to be a gypsy,white,False,False,False,30.0,woman,{},-0.5,black,5,4,4,4,4.0,liberal,1
3538,3088028,1,it is a personal preference expressed in a non-threatening way,gender_race,0,Hate when you go on insta news feed n see women post pics of a 3D pregnancy scan!!! The pics look scary as hell :flushed:don't post it :weary::weary::weary:,aae,False,False,True,30.0,woman,{},-0.5,black,3,1,4,4,4.0,liberal,1
690,3088028,0,it contains hate speech and derogatory language towards racial and sexual minorities,gender_race,1,"Fuck anyone who says 'niggers' or 'trannies' You will never be a person to me. Why don't you go ahead and report me, you little  cry baby. I'll just change my IP address, lmao",hispanic,True,False,False,30.0,woman,{},-0.5,black,3,2,2,1,1.5,liberal,0
2417,3088028,0,it is a joke and does not contain any hate speech,gender_race,0,Mr #Trump will be loving today. As it is the one day of the year when #FakeNews is acceptable. #aprilfools,white,False,False,False,30.0,woman,{},-0.5,black,3,1,2,2,2.0,liberal,0
840,3088028,1,it generalizes a group of people based on their religion and contains a negative stereotype,gender_race,1,All Muslims are violent!,white,False,False,False,30.0,woman,{},-0.5,black,5,5,5,5,5.0,liberal,0
1611,3088028,1,it contains a sexual assault scenario and objectifies a woman,gender_race,1,"argh dark as the night itself the spear chucker readies himself for another attack… he spots a white lady in his cross hairs and POW he has pounced, ready to put his massive member deep in her fanny... whether or not she wants it.",white,False,True,False,30.0,woman,{},-0.5,black,5,5,5,5,5.0,liberal,0
1652,3088028,1,it implies that black people are more likely to be treated poorly by the police,gender_race,1,It is what it is. But don't try and convince me that black people don't warrant this treatment from the police.,white,False,True,False,30.0,woman,{},-0.5,black,4,5,4,5,4.5,liberal,0
60,3088028,0,it is a neutral comment about a topic,gender_race,0,"i read these facts Egypt has like 6 times the population of Syria. It would be a lot more balanced if you included Saudi Arabia (33 million), Yemen (28 million) and Iraq (38 million) for example",white,False,False,False,30.0,woman,{},-0.5,black,1,1,1,1,1.0,liberal,1
804,3088028,1,it contains a derogatory term and promotes a discriminatory idea,gender_race,1,The mentally handicapped should be locked away for their own good,white,False,False,False,30.0,woman,{},-0.5,black,5,1,5,5,5.0,liberal,0
1681,3088028,1,it implies that black people are less intelligent than others,gender_race,1,black people they also discovered the binary numeral system probably because they were not able to remember more than 2 number symbols.,white,False,True,False,30.0,woman,{},-0.5,black,5,5,5,5,5.0,liberal,1
2047,3088028,0,it is a personal anecdote about a mother's advice to her children,gender_race,0,"I'm first gen Chinese American and when we were kids, my mom always told us to fight back. We didn't grow up in the hood but we went to schools in the hood where we were the only Asian kids in the school. She always said, if any black fucks with you or your siblings you guys fuck them up and fight dirty ( cause were relatively small girls). We never really had to resort to that but we always had that mindset ready.",white,True,True,False,30.0,woman,{},-0.5,black,2,3,3,2,2.5,liberal,1
2173,3088028,1,it promotes the use of a racial slur,gender_race,1,People still call black people fucking niggas and I am in love with that,aae,True,True,True,30.0,woman,{},-0.5,black,5,5,5,5,5.0,liberal,0
1790,8526465,1,it uses a racial slur and promotes hate speech,gender_race,1,"new slogan: Know niggers, no peace. No niggers, know peace",other,True,True,False,35.0,man,{},0.0,black,5,5,5,5,5.0,neutral,0
1642,27672101,1,it contains hate speech and derogatory language towards people from third world countries and people with physical disabilities,gender_race,1,"First off imagine calling them who are third worlding it up right now a master race, then imagine calling those fugly chimps attractive",white,False,True,False,25.0,woman,{},-1.0,black,4,3,4,4,4.0,liberal,0
3340,10166032,0,it is a normal conversation between two people,gender_race,0,"""He was sat up looking over in my direction so I said """"what's wrong now?"""" He responds """"I dunno, slow motion or something""""""",aae,False,False,True,45.0,man,{},0.0,black,1,1,1,1,1.0,neutral,1
853,24252197,0,it conveys a message that a child's gender identity is not accepted and contains a threat,gender_race,1,If my son told me he wanted to wear girl's clothes he'd be in big trouble,aae,False,False,True,30.0,man,{},-0.5,black,2,1,3,2,2.5,liberal,0
1424,10166032,1,it contains hate speech and uses derogatory language to describe a specific ethnic group,gender_race,1,"If White men, DO NOT STOP carrying on their symbiotic relationship with the parasitic kike, we are doomed. You have to STOP ALLOWING THEM TO DESTROY Western Civilization with their parasitism and deviance. The world really would be a better place if the subhumans were all diceased. Even the honest subhumans cannot deny that all they do is destroy, devour and fuck uncontrollably",white,True,False,False,45.0,man,{},0.0,black,5,5,5,5,5.0,neutral,0
2146,8526465,1,"it contains hate speech and explicit language, and uses racial slurs",gender_race,1,YOU DERSERVE 3 SHOTS IN YOUR OWN FUCKING HEAD. GET FUCKED YOU TWATS SHOW SOME FUCKING BACKBONE YOU NIGGAS,aae,True,True,True,35.0,man,{},0.0,black,5,4,5,5,5.0,neutral,0
2568,8526465,0,it is a comment on the impact of a celebrity's speech on the entertainment industry,gender_race,0,Maybe now because Miranda said that in her acceptance speech in front of everybody all of the award shows will get there shit together :woman_shrugging_medium_skin_tone:,white,True,False,False,35.0,man,{},0.0,black,1,1,2,2,2.0,neutral,1
3291,8526465,0,"it is a story about a man exposing his cheating girlfriend and her side dude, but it does not contain any hate speech or explicit language",gender_race,0,"Seen a vid of a man who girl was cheating, so he decided to expose her by proposing at her job, then have her side dude walk in...",aae,False,False,True,35.0,man,{},0.0,black,1,1,2,1,1.5,neutral,0
2982,8526465,0,it is a complaint about a game,gender_race,0,It took me an hour to get past a stupid fucking barrel-breaking segment at the start of the world but then beat the boss 1st try,white,True,False,False,35.0,man,{},0.0,black,1,1,1,1,1.0,neutral,1
3248,8526465,0,it is a colloquial way to express a thought about people camping out before walmart,gender_race,0,Dem boys perma camped out before Walmart on rt 1 not slick nor they catching the likes of me slipping at all.. I :eyes: yall,aae,False,False,True,35.0,man,{},0.0,black,1,1,1,1,1.0,neutral,1
3215,8526465,0,it is a colloquial way to express a desire for something and does not contain any hate speech or explicit language,gender_race,0,If u grown & still get thirsty for Jordans knowin erbody else gon havem & u still feel like u accomplished something that say alot about u,aae,False,False,True,35.0,man,{},0.0,black,2,1,2,2,2.0,neutral,0
700,10166032,0,it contains a racial slur and conveys a negative sentiment towards a particular group of people,gender_race,1,"There are so many fucking racists these days, i literally hear people say nigger so often",white,True,False,False,45.0,man,{},0.0,black,1,1,1,1,1.0,neutral,0
1817,8526465,0,it contains a racial slur and promotes a stereotype about black people,gender_race,1,"They say that they ""ride for my motherfuckin' niggas"". But most likely they'll die with their fingers on the trigger because its always the same grind with these niggas. And they don't go in unless they with my niggas",aae,True,True,True,35.0,man,{},0.0,black,2,1,2,2,2.0,neutral,0
3424,8526465,0,it is a misunderstanding of a word,gender_race,0,"""we had teens fill out surveys asking what kinds of SRC prizes they want & I got mad bc I thought one kid wrote """"ASS"""" but it was """"25$""""""",aae,True,False,True,35.0,man,{},0.0,black,1,1,2,2,2.0,neutral,1
3707,8526465,1,it contains explicit language and implies dishonesty,gender_race,1,"""i'm a polite person & always say """"thank u"""" but i won't fucking thank my teacher for letting me copy whatever tf she wrote on her blackboard""",aae,True,False,True,35.0,man,{},0.0,black,4,1,4,3,3.5,neutral,0
2777,8526465,1,it contains a racial slur and promotes a negative stereotype about arabs and south asians,gender_race,1,Never get me started on racism in Islam because how Arabs & South Asians treat their black counterparts is generally disgusting,white,False,False,False,35.0,man,{},0.0,black,3,3,4,3,3.5,neutral,0
1538,10166032,1,it contains a racial slur and uses it in a derogatory manner,gender_race,1,dem n!gg3rsss be more fragile then my nannas Hummel collection...,aae,False,True,True,45.0,man,{},0.0,black,5,5,5,5,5.0,neutral,0
3422,8526465,0,it is a personal message about health and body image,gender_race,0,I can't wait til i get cleared that my cut is healed that way i can start working on losing this ugly ass stomach Javien gave me :weary:,aae,True,False,True,35.0,man,{},0.0,black,1,1,1,1,1.0,neutral,1
1874,8526465,1,it implies that the racial slur 'nigga' is acceptable when used by a white person,gender_race,1,Whether or not it's ok to say Nigger depends on your skin color. I'm white so its fine to call them that,hispanic,True,True,False,35.0,man,{},0.0,black,5,5,5,5,5.0,neutral,1
2984,8526465,0,it is a sports commentary,gender_race,0,#drawntodeath bronco is almost inmortal with the fucking drone,white,True,False,False,35.0,man,{},0.0,black,1,1,1,1,1.0,neutral,1
1972,8526465,1,it is a hate speech against black culture,gender_race,1,fuck black culture and its shitty ass values,aae,True,True,True,35.0,man,{},0.0,black,5,5,5,5,5.0,neutral,0
398,8526465,0,it uses a racial slur and contains explicit language,gender_race,1,We horny niggas matter too!!,aae,True,False,True,35.0,man,{},0.0,black,2,1,2,2,2.0,neutral,0
2176,8526465,1,it promotes violence against people who have been released from jail,gender_race,1,Yo some niggas coming out of jail tomorrow and im stoked to beat their ass,aae,True,True,True,35.0,man,{},0.0,black,4,3,4,4,4.0,neutral,1
325,67558416,1,it is a colloquial expression and does not contain hate language,gender_race,0,Bruh y'all some broke niggas tryanna sell it for bare notes don't worry about me I got u free my brothas,aae,True,False,True,30.0,woman,Black,-1.0,black,4,3,4,4,4.0,liberal,1
1890,42267923,1,it contains a racial slur and a threat of violence,gender_race,1,"if I see any nigger, I will pull the trigger",white,True,True,False,30.0,woman,{},1.0,black,5,5,5,5,5.0,conservative,0
3472,67558416,1,it contains derogatory language and a stereotype about women,gender_race,1,"If it didn't work out, then it didn't work out, stop bein a mad hoe and move on",aae,True,False,True,30.0,woman,Black,-1.0,black,5,1,4,4,4.0,liberal,0
3859,42267923,1,it contains a racial slur and a derogatory term,gender_race,1,"Like niggas always lying thinking I'm stupid , like you don't have to lie to me baby you ain't my nigga",aae,True,False,True,30.0,woman,{},1.0,black,5,5,5,5,5.0,conservative,0
3167,67558416,1,it contains a threat of violence and a derogatory term,gender_race,1,I will become a cold ass bitch because of my treatment,white,True,False,False,30.0,woman,Black,-1.0,black,3,1,4,4,4.0,liberal,1
393,42267923,1,it contains derogatory language towards women,gender_race,1,women are not dumb bitches,aae,True,False,True,30.0,woman,{},1.0,black,5,1,5,5,5.0,conservative,0
654,42267923,1,it contains hate speech and derogatory language towards women and a specific ethnic group,gender_race,1,"Fat spickettes are fat Mexican bitches like me n ma gals that go out wearing tight clothes, fucking everything that moves.",aae,True,False,True,30.0,woman,{},1.0,black,5,5,5,5,5.0,conservative,0
3405,67558416,0,it is a colloquial way to express frustration with people who are not competent in a particular area,gender_race,0,Imma have to explain to these grown ass men how to play Cover 3 today cuz obviously they lost in the sauce,aae,True,False,True,30.0,woman,"Black, female",-1.0,black,1,1,2,2,2.0,liberal,1
717,42267923,1,it perpetuates a stereotype that black people are overrepresented in porn and uses a racial slur,gender_race,1,Shoutout to my niggas who feel even more like failures bc of the way we're always getting stereotyped in porn,white,True,False,False,30.0,woman,{},1.0,black,4,4,5,5,5.0,conservative,0
1880,42267923,1,"it conveys a stereotypical message suggesting that there is a difference between being a 'brother' and a 'nigga', and the use of the racial slur 'nigga' is derogatory",gender_race,1,"I swear to God above I love ya and when ya be with this brotha, I swear I love you my bro as long as you not a nigga",aae,True,True,True,30.0,woman,{},1.0,black,5,5,5,5,5.0,conservative,0
78,67558416,1,it contains a derogatory term for a sexual orientation and conveys a discriminatory message,gender_race,1,immorality is a concept with which lesbos cannot be associated,white,False,False,False,30.0,woman,Black,-1.0,black,5,1,5,5,5.0,liberal,0
630,42267923,1,it contains hate speech and explicit language,gender_race,1,Shoot yourself in the head you hypersensitive fuckin bitch.,aae,True,False,True,30.0,woman,{},1.0,black,5,1,5,5,5.0,conservative,0
3480,42267923,0,it is a colloquial expression of solidarity and support,gender_race,0,"they want me gone, out of the picture.. bury me now and only get bigger that's word to my nigga.. :sign_of_the_horns_medium-dark_skin_tone:",aae,True,False,True,30.0,woman,{},1.0,black,2,2,2,2,2.0,conservative,1
2185,42267923,1,it contains a racial slur and a derogatory term for a person from africa,gender_race,1,"Her vanity is seriously out of control. And sharing London is the best city in the world? If she likes it so much then why doesnt she MOVE THERE! Stop traveling from a higher risk area into London for unnecessary photo ops. Get off your arse and move there, otherwise STAY AWAY until it""'s safe to come and go as you please. or just fuck off back to africa where other niggers like you can be weird together",white,True,True,False,30.0,woman,{},1.0,black,5,5,5,5,5.0,conservative,0
3437,42267923,1,it contains a derogatory term and a stereotype about parents with young children,gender_race,1,Can y'all stop putn lil 3-4 months old babies in them lil dumb ass umbrella strollers :face_with_rolling_eyes::face_with_rolling_eyes: yall erks me :unamused:,aae,True,False,True,30.0,woman,{},1.0,black,5,1,4,4,4.0,conservative,0
3062,67558416,1,it is a quote from a song and the language used is a part of the song's style,gender_race,0,When I'm doing good niggas wanna hate. That's why I only got myself. The rest don't give a f:moneybag:ck I grind for better not for the same result:100:,white,True,False,False,30.0,woman,"Black, female",-1.0,black,4,3,4,4,4.0,liberal,1
2212,42267923,1,it contains a racial slur and promotes a sexual act with a racial slur,gender_race,1,"this is a nigger thing to say, keep sucking black cock",aae,True,True,True,30.0,woman,{},1.0,black,5,5,5,5,5.0,conservative,0
324,42267923,1,it contains a racial slur and a stereotypical message,gender_race,1,"Hey Bad Boy come ride with me my nigga, car super clean, one two or three screens, watch a nigga be, to the left I lean",white,True,False,False,30.0,woman,{},1.0,black,4,5,5,5,5.0,conservative,0
3481,34083197,0,it contains a racial slur and uses derogatory language towards women,gender_race,1,Y THESE BITCHES ACTIN LIKE I AINT NEVA BREEZE PAST EM!!!!,aae,True,False,True,30.0,man,{},-0.5,white,2,1,3,1,2.0,liberal,0
3765,34083197,0,it contains explicit language and objectifies women,gender_race,1,"All I look for in a man is to make me laugh, b loyal, get that $, smoke with me and make me cum. It's so simple.",aae,True,False,True,30.0,man,{},-0.5,white,1,1,1,1,1.0,liberal,0
3562,41088410,0,it contains a colloquialism that can be interpreted as a racial slur and uses profanity,gender_race,1,Sometimes I'll cut a jawn off just for being so damn stupid,aae,False,False,True,30.0,woman,{},-0.5,black,1,1,1,1,1.0,liberal,0
3502,34083197,0,it contains a sexual innuendo and a colloquialism that can be perceived as derogatory towards women,gender_race,1,That's on my whole life with you) Lil mama bust a sexual thing Can u know our time is really precious And u get with you),aae,False,False,True,30.0,man,{},-0.5,white,1,1,2,2,2.0,liberal,0
3657,34083197,0,it is a personal statement about the impact of cheerleading on the speaker's joints,gender_race,0,They been doing that for years now. Cheerleading fucked my joints up,aae,True,False,True,30.0,man,{},-0.5,white,1,1,1,1,1.0,liberal,1
3243,34083197,0,it is a statement about the physical resemblance of the jackson family members,gender_race,0,Aint none of them kids really MJ's man show me A true blood Jackson that don't look like all the rest of the Jacksons.it's like 1000 of em,aae,False,False,True,30.0,man,{},-0.5,white,1,1,1,1,1.0,liberal,1
172,34083197,0,it is a statement about the societal expectations of marriage and financial responsibilities,gender_race,0,"When they get married they automatically take ownership and all your money is their money. Even though these people were all""š don't need a partner I make my own money in college. But, if their partners didn't have money they wouldn't be married.",white,False,False,False,30.0,man,{},-0.5,white,2,1,2,2,2.0,liberal,1
1104,34083197,1,"it contains hate speech and a racial slur, and the use of the word'retarded' is derogatory and stigmatizing",gender_race,1,KIKE KIKE KIKE KIKE KIKE KIKE KIKE KIKE KIKE KIKE KIKE KIKE KIKE KIKE KIKE KIKE KIKE KIKE KIKE KIKE KIKE KIKE KIKE KIKE KIKE KIKE KIKE KIKE KIKE KIKE KIKE KIKE KIKE KIKE KIKE KIKE KIKE KIKE KIKE KIKE KIKE KIKE KIKE KIKE KIKE KIKE KIKE KIKE KIKE KIKE KIKE KIKE KIKE KIKE KIKE KIKE KIKE KIKE KIKE KIKE KIKE KIKE KIKE KIKE KIKE KIKE *retarded screeching* Such a lovely word!,hispanic,True,False,False,30.0,man,{},-0.5,white,5,5,5,5,5.0,liberal,0
751,34083197,1,it contains a derogatory term for the polish language and implies that it is worthless,gender_race,1,"Why do they even offer Polish lessons in this school, it makes no sense who wants to learn that vile language",white,False,False,False,30.0,man,{},-0.5,white,5,5,5,5,5.0,liberal,1
3368,40321857,0,it is a colloquial expression of a social media practice,gender_race,0,Elite Sub level RT @DanaeLovesYou: Putting a song on your MySpace to sub whoever you were beefing with >>>>>>>>>>,aae,False,False,True,40.0,woman,{},0.0,white,1,1,1,1,1.0,neutral,1
668,94108971,0,it contains a racial slur and a derogatory term for people from a certain region,gender_race,1,"Where we come from, they don't give a thing, so we don't have shit, they leave us young niggas with no options",aae,True,False,True,40.0,man,{},0.5,white,2,1,3,2,2.5,conservative,0
2815,17414298,0,it is a conversation between kids and one of them is expressing a personal opinion about a song,gender_race,0,"""Me: *stares in shock at kid #2* Kid #1: *stares at kid #2* Kid #2: """"You shouldn't be singing that song. You're worshipping the devil.""""""",white,False,False,False,35.0,man,{},0.0,white,2,1,2,1,1.5,neutral,1
3317,66593239,0,it is a quote from a famous person and the language used is a quote from a famous person,gender_race,0,"Folks can say what they like about me, but they CAN'T say my views, the fruits of MY considerations AIN'T mine ~ #CriticalThinking",aae,False,False,True,50.0,man,none,-0.5,white,1,1,1,1,1.0,liberal,1
1721,98987708,1,it contains a racial slur and makes a flippant comment about slavery,gender_race,1,I don't get why all the blak!x are so mad at us. Its not like we had them as slaves. Although that would be great.,white,False,True,False,40.0,woman,{},0.5,white,5,5,5,5,5.0,conservative,0
3410,94108971,0,it contains explicit language and implies a desire to engage in a physical altercation,gender_race,1,Soooo fuckin mad I couldn't check out wit da @supreme,aae,True,False,True,40.0,man,{},0.5,white,2,1,3,2,2.5,conservative,0
2317,44250250,0,it is a criticism of the actors in a tv show,gender_race,0,I can understand criticizing the story or not liking a track but getting personal with the actors is where you cross the lines #Ishqbaaaz,white,False,False,False,30.0,man,{},0.5,white,1,1,1,1,1.0,conservative,1
155,44250250,0,it is a neutral statement about a country's refugee policy,gender_race,0,apparently Japan has accepted 28 refugees in the past years...28 is that it?,white,False,False,False,30.0,man,{},0.5,white,1,1,1,1,1.0,conservative,1
4121,44250250,1,it contains hate language and a racial slur,gender_race,1,If this bitch don't get !!!!!! :joy::joy::joy::joy::joy: I stg she like 15 & wanna fuss with me !! :joy::joy::joy: me & the nigga crineee on ft at her silly ass ! :joy::joy::joy:,aae,True,False,True,30.0,man,{},0.5,white,3,3,4,3,3.5,conservative,0
1641,98987708,1,it conveys a stereotypical message suggesting that black people are unintelligent and unengaging,gender_race,1,black people normally would not even bother engaging in these conversations because they know they are tough as a brick wall and cannot understand them,white,False,True,False,40.0,woman,{},0.5,white,4,5,4,4,4.0,conservative,0
2155,40321857,1,it contains hate speech and uses derogatory language to describe a racial group,gender_race,1,"This is great man, because I hate niggers too...those jenkem-sucking, welfare-worshiping, shit-skinned, sickle-celled, ass-raping, vine-swinging, bongo-beating bush monkeys Literally apes dirty apes all of them",white,True,True,False,40.0,woman,{},0.0,white,5,5,5,5,5.0,neutral,0
3122,44250250,0,it contains hate speech and derogatory language towards women,gender_race,1,bad news in the air.... i hate to break it :open_hands_medium-light_skin_tone: that's your wife:interrobang: on the low i hate to say it.... that bitch BASIC:bangbang:- @iitsAD,white,True,False,False,30.0,man,{},0.5,white,4,1,2,2,2.0,conservative,0
1663,98987708,1,it contains a racial slur and a stereotype about a racial group,gender_race,1,"well I think everyone should have the right to see it up close and personal, in a zoo, where all blacks belong",white,False,True,False,40.0,woman,{},0.5,white,5,5,5,5,5.0,conservative,0
1663,44250250,1,it contains a racial slur and a stereotype,gender_race,1,"well I think everyone should have the right to see it up close and personal, in a zoo, where all blacks belong",white,False,True,False,30.0,man,{},0.5,white,5,5,5,5,5.0,conservative,0
3558,66593239,0,it contains hate speech and abusive language,gender_race,1,How he dare to say this..... Who is thia idiot !!!!! @ZeeNews # taal thok k,aae,False,False,True,50.0,man,none,-0.5,white,1,1,1,1,1.0,liberal,0
500,61283819,0,it is a subjective statement about the world,gender_race,0,plums are one of the reasons why the world sucks,white,True,False,False,35.0,man,,1.0,white,2,1,3,2,2.5,conservative,1
2656,44250250,0,it contains hate speech and derogatory language towards politicians and a religious group,gender_race,1,The politicians -animals are dancing on the street of Pakistan-AAM ADMI are looking at them-and then look in the sky in search of God-,white,False,False,False,30.0,man,{},0.5,white,1,1,1,1,1.0,conservative,0
1381,61283819,1,it contains a racial slur and makes a derogatory comparison between cats and a racial group,gender_race,1,all cats do is shit and lick their balls. Just like some niggers I know.,white,True,False,False,35.0,man,,1.0,white,4,5,5,2,3.5,conservative,0
1725,40321857,1,"it contains racial slurs and stereotypes, including the use of the term 'whiteaho' to describe a place, and derogatory terms to describe people of color, including 'halfie', 'poor black me whine', and 'wetbacks'",gender_race,1,"I was raised in Idaho, amazing place. There is a reason they call it whiteaho. There was 1 single black in my town growing up. He was a halfie and wasn't too bad. Though still did the whole poor black me whine. I don't remember ever meeting a J3w my entire life until I left the state. But. The Mexicans did infiltrate and there are quite a few wetbacks there. Only downfall.",white,False,True,False,40.0,woman,{},0.0,white,5,5,5,5,5.0,neutral,0
1574,94108971,1,it contains a racial stereotype and a negative generalization about a racial group,gender_race,1,"Unfortunately, Black people's behavior demonstrates they are disproportionately corrupt.",white,False,True,False,40.0,man,{},0.5,white,2,2,5,3,4.0,conservative,0
2931,61283819,0,it is a comment about a song and contains a mild profanity,gender_race,0,"""This """"Throwing Elbows"""" remix i found is fuckin insane :disappointed_relieved::headphones::musical_note:""",white,True,False,False,35.0,man,,1.0,white,1,1,2,1,1.5,conservative,1
3518,61283819,0,it is a colloquial way to express frustration and contains a mild profanity,gender_race,0,"""Also made this boy bacon and eggs this morning. He picked up his fork and said """"are the waffles still in the oven?"""". Ain't no damn waffles b""",aae,False,False,True,35.0,man,,1.0,white,2,1,2,2,2.0,conservative,1
1592,45870433,1,"it conveys a stereotypical message suggesting that black people are associated with ""gangsta"" talk and behavior and contains a derogatory tone",gender_race,1,"Of course they like all that ""gangsta"" talk and black behaviour, but how do they react when they see one (let alone having to be surrounded by them)?",hispanic,False,True,False,35.0,woman,{},0.5,white,4,4,4,4,4.0,conservative,0
2545,40321857,0,it is a positive statement about the city's diversity and acceptance of alternative lifestyles,gender_race,0,I really appreciate the fact that I get to live in a city with a lot of other kinky people. It's not something to take for granted.,white,True,False,False,40.0,woman,{},0.0,white,1,1,1,1,1.0,neutral,0
2486,66593239,0,it is a joke and a reference to a public figure,gender_race,0,Gray are you sure that you are bigger in every way!? Look at Ethan's nude buddy :joy: @GraysonDolan @EthanDolan,white,True,False,False,50.0,man,none,-0.5,white,1,1,1,1,1.0,liberal,1
1576,61283819,0,it contains a racial slur and promotes a conspiracy theory,gender_race,1,"Exactly, not only that but BLM has been talking about white privilege for awhile now, yet it's the white privilege which is attracting them to our woman and our own woman to whites. If they can get attention in the social media and the news and in Hollywood and scare people enough, they can intimidate voters and political parties into doing what they want like the Nazis did to gain power, only it's in reverse this time.",white,False,True,False,35.0,man,,1.0,white,1,2,4,1,2.5,conservative,0
67,44250250,1,it conveys a stereotypical message suggesting that women are easily upset and contains a derogatory term,gender_race,1,"the fact is that I love winding them up, they are so easy to triggerv",white,False,False,False,30.0,man,{},0.5,white,5,1,4,4,4.0,conservative,0
3302,63428654,0,it is a neutral statement about a person's appearance,gender_race,0,"""I showed him a picture of 21 savage and he said """"yeah he looked like that"""". I think my dad just met 21 savage.""",aae,False,False,True,30.0,man,{},0.0,white,2,2,2,2,2.0,neutral,1
3554,5428237,0,it contains a racial slur and a derogatory term for a political figure,gender_race,1,Cause my money running like Forest gump these niggahs hate me like I'm Donald trump:microphone: @YoungDolph,aae,False,False,True,35.0,woman,{},0.5,white,1,1,2,1,1.5,conservative,0
3519,5428237,0,it is a negative comment about a game character,gender_race,0,I hate the Nimbasa Ferris Wheel... It was hard to trust N after he told me that he was Plasma's king.,aae,False,False,True,35.0,woman,{},0.5,white,1,1,1,1,1.0,conservative,1
3519,86257299,0,it is a negative comment about a character in a game,gender_race,0,I hate the Nimbasa Ferris Wheel... It was hard to trust N after he told me that he was Plasma's king.,aae,False,False,True,45.0,man,{},0.5,white,1,1,1,1,1.0,conservative,1
1719,63428654,0,it is a positive statement about a group of people,gender_race,0,Good to see these guys! We need more white lawyers to fight the good fight!!,aae,False,True,True,30.0,man,{},0.0,white,1,1,1,1,1.0,neutral,1
3415,86257299,0,it is a casual conversation between friends,gender_race,0,i want 2 go 2 the kitchen and snatch some donuts from d fridge but im afraid i might wake them im so gutom n its 1 am ya feel me hekkkkkk,aae,True,False,True,45.0,man,{},0.5,white,1,1,1,1,1.0,conservative,1
132,86257299,0,it is a quote from a public figure discussing her own thoughts and opinions,gender_race,0,"""I should have been challenged on the proposals or the claims that I was making for myself,"" she said. ""And I think that would have made a big difference as well. If I was just challenged on the things I was saying.""",white,False,False,False,45.0,man,{},0.5,white,1,1,1,1,1.0,conservative,1
1545,93788928,0,it is a metaphorical expression and does not contain hate speech or explicit language,gender_race,0,If a witch doctor came and shook some magic chicken bones and poured some jenkem on them they would immediately feel better...,white,False,True,False,35.0,man,{},0.5,white,1,1,1,1,1.0,conservative,0
2683,5428237,0,it contains explicit language and conveys a negative sentiment towards a group of people,gender_race,1,"And now people are threatening the Gotham twitter, I'm done. This fandom is too goddamn disgusting.",white,False,False,False,35.0,woman,{},0.5,white,1,1,1,1,1.0,conservative,0
3333,86257299,0,it is a colloquial way to encourage someone to keep shooting,gender_race,0,Shoot like the coach gave you green light from anywhere even if yo shot look like Shaqs keep shooting away :joy::joy:,aae,False,False,True,45.0,man,{},0.5,white,2,1,3,1,2.0,conservative,1
1347,93788928,1,it contains hate language and conveys a derogatory message towards people with disabilities,gender_race,1,"Wait, wait, wait, a fucking minute! Did this silly bitch really just try to be ""sexy"" doing ASL sign language?! What the fuck is wrong her?! Nothing about disabled is sexy",white,True,False,False,35.0,man,{},0.5,white,5,1,4,4,4.0,conservative,0
3513,91797745,0,it contains hate speech and derogatory language towards a person,gender_race,1,"Briana know she wrong!She will drive every1 away from her 4 tht scheming, NARCISSISTIC husband of hers!@LFM_BrianaRenee @LittleWomenTV",aae,False,False,True,35.0,man,{},0.5,white,2,1,1,2,1.5,conservative,0
1824,86257299,1,it contains hate speech and racial slurs,gender_race,1,We should ask why bedbugs have niggers. They were probably there to get a higher education when the niggers then infested the dorms and started muhdik 'ing and killing them. Any one think that maybe we should sell sniper to bedbugs?,white,True,True,False,45.0,man,{},0.5,white,5,5,5,5,5.0,conservative,0
2217,86257299,1,it contains a racial slur and a derogatory term,gender_race,1,"Where we come from, they don't give a thing, so we don't have shit, they leave us young people with no options and give it all to niggas",aae,True,True,True,45.0,man,{},0.5,white,5,5,5,5,5.0,conservative,0
3523,63428654,0,it is a casual conversation between friends,gender_race,0,""":joy::joy::joy:. """"@Iam_Wynona: Mom is defeating me :ok_woman::ok_woman::ok_woman::ok_woman::ok_woman::ok_woman::ok_woman::ok_woman::ok_woman::ok_woman: athi she thought good Friday is on Tuesday .. Njani? How? Idk man!!! I'm confused""""""",aae,False,False,True,30.0,man,{},0.0,white,2,1,2,2,2.0,neutral,1
3515,5428237,1,"it is a negative opinion about a person, but it does not contain hate speech or explicit language",gender_race,0,If I wasn't a LeBron damn I'd hate him he gotta annoying tendencies,aae,False,False,True,35.0,woman,{},0.5,white,4,1,5,5,5.0,conservative,0
3515,83062091,0,it is a subjective opinion about a public figure,gender_race,0,If I wasn't a LeBron damn I'd hate him he gotta annoying tendencies,aae,False,False,True,40.0,man,{},0.0,white,1,2,1,1,1.0,neutral,1
3525,40102629,0,it contains a racial slur and promotes the use of a racial slur,gender_race,1,"S/O to the Brodie @PornStar_Mookie killing it in Cali getting that money, weed, and weather :flexed_biceps_medium-dark_skin_tone::flexed_biceps_medium-dark_skin_tone::flexed_biceps_medium-dark_skin_tone::flexed_biceps_medium-dark_skin_tone:",aae,False,False,True,35.0,man,{},0.5,white,1,1,1,1,1.0,conservative,0
3525,69198055,0,it contains a racial slur and objectifies a person,gender_race,1,"S/O to the Brodie @PornStar_Mookie killing it in Cali getting that money, weed, and weather :flexed_biceps_medium-dark_skin_tone::flexed_biceps_medium-dark_skin_tone::flexed_biceps_medium-dark_skin_tone::flexed_biceps_medium-dark_skin_tone:",aae,False,False,True,60.0,woman,none,0.5,white,1,1,1,1,1.0,conservative,0
3367,86257299,0,it is a lighthearted and playful comment about family dynamics,gender_race,0,Even tho I'm the oldest we'll second oldest lol cuz auntie old af they still treat me An cater to me like the youngest lol :woman_facepalming_medium-dark_skin_tone::heart_eyes:,aae,False,False,True,45.0,man,{},0.5,white,1,1,2,1,1.5,conservative,1
2093,7288661,1,it conveys a stereotypical message suggesting that black men are promiscuous and women are passive,gender_race,1,are all the women fucking these black fellas?,aae,True,True,True,40.0,man,{},0.5,white,5,3,5,4,4.5,conservative,0
1867,83062091,1,it contains a racial slur and conveys a negative sentiment towards a person of color,gender_race,1,I do not like it when others find out that my boss is a darkie. It makes me feel so ashamed.,white,True,True,False,40.0,man,{},0.0,white,4,4,5,5,5.0,neutral,0
3220,5428237,0,it conveys a stereotypical message suggesting that women are not allowed to touch men's food,gender_race,1,Totally different if I was prepping a meal for him. But y'all on something else if imma reach across he table to cut his chicken...,aae,False,False,True,35.0,woman,{},0.5,white,1,1,1,1,1.0,conservative,0
3450,38894167,0,it is a question about hair braiding and the use of the word 'yank' is an idiomatic expression,gender_race,0,"can @TSDominicanRep braid my hair like @IISuperwomanII ? Snatch my hair, pull my hair, YANK IT OUT. :sob::raising_hands_light_skin_tone:",aae,True,False,True,40.0,man,{},0.5,white,1,1,2,2,2.0,conservative,1
1760,5428237,0,it contains a racial slur and a derogatory term for women,gender_race,1,"""Shieeet mah nigga, free chikinz!"" Dey all luv da fried chikinz!",aae,True,True,True,35.0,woman,{},0.5,white,1,1,1,1,1.0,conservative,0
1760,86257299,1,it contains a racial slur and a stereotypical message,gender_race,1,"""Shieeet mah nigga, free chikinz!"" Dey all luv da fried chikinz!",aae,True,True,True,45.0,man,{},0.5,white,5,5,5,5,5.0,conservative,0
1672,64847403,1,it is a personal story about the author's family and does not contain hate speech,gender_race,0,"I grew up being called a disgrace by other white people, and my dad was rightfully shamed for marrying a black woman",white,False,True,False,50.0,woman,{},0.5,white,4,4,5,4,4.5,conservative,0
1901,5428237,1,it contains a racial slur and promotes the idea of racial superiority,gender_race,1,Did you know there was a time in American when Irish immigrants weren't considered 'white. Next they will start calling niggers 'white',white,True,True,False,35.0,woman,{},0.5,white,5,5,5,5,5.0,conservative,0
1400,5428237,1,it contains hate speech and promotes a harmful stereotype about transgender people,gender_race,1,"Keep in mind that sexual contact of any kind with his ""boyfriend"" before admitting he was a tranny is literal rape.",white,True,False,False,35.0,woman,{},0.5,white,5,3,5,5,5.0,conservative,0
1400,86257299,1,it contains hate speech and promotes a harmful stereotype about the lgbtq+ community,gender_race,1,"Keep in mind that sexual contact of any kind with his ""boyfriend"" before admitting he was a tranny is literal rape.",white,True,False,False,45.0,man,{},0.5,white,3,1,5,3,4.0,conservative,0
2398,7288661,0,it is a call to action for retweeting a pinned tweet,gender_race,0,If you support the movement retweet my pinned tweet! #IGotABag #99JAMZ #MusicMondays #StreetsEnterprise,white,False,False,False,40.0,man,{},0.5,white,1,1,1,1,1.0,conservative,1
688,93788928,1,it contains hate speech and derogatory language towards the lgbtq community,gender_race,1,Lesbians think they're the fucking best because they're female. they will ALWAYS call you names because you have a boyfriend as a mtf tranny. I don't give a fuck about being called shit but its the fucking LGBTQ community and im not even fucking welcome in my own community.,white,True,False,False,35.0,man,{},0.5,white,4,1,4,3,3.5,conservative,0
3499,93788928,0,it is a frustrated expression of a personal opinion,gender_race,0,I'm Convinced That People Fw Me For The Hell Of It ... Bad Idea Scrap :heavy_exclamation_mark:,aae,False,False,True,35.0,man,{},0.5,white,1,1,1,1,1.0,conservative,1
171,86257299,0,it contains a racial slur and derogatory language,gender_race,1,Well I do it because I like thinking up cool-sounding and funny names because creating clever things things is the sort of thing that happens when you've got a BIG OL' MOTHERFUCKING JEW BRAIN like me !,white,False,False,False,45.0,man,{},0.5,white,1,2,3,2,2.5,conservative,0
1585,83062091,1,it contains racial slurs and stereotypes,gender_race,1,"YEAAHHHH, I'M A BLACC MAN, SO MANY LASSES, ALL OF THEM BE YTE . CORNBREAD, FRIED CHICKEN AND WATERMELON RINDS",aae,False,True,True,40.0,man,{},0.0,white,4,4,4,4,4.0,neutral,0
3204,5428237,0,it contains a racial slur and a derogatory term for women,gender_race,1,And said who y'all girlfriends because it ain't us we Joshua girlfriends Everybody in the local&state said you our new girls @CrossXTheLine,aae,False,False,True,35.0,woman,{},0.5,white,1,1,1,1,1.0,conservative,0
3543,86257299,0,it is a quote from a song and the context is not derogatory,gender_race,0,"The way I grew up, real niggaz just don't move like that. If I'm coming to see you I'm just coming to see you.",aae,False,False,True,45.0,man,{},0.5,white,1,3,3,2,2.5,conservative,1
1501,86257299,0,it is a neutral statement about historical views on homosexuality,gender_race,0,"You know what is funny, the 19th century type of people with similar views to you ""civilized Europeans vs savage Africans and Asians"" were very against homosexuality, and viewed gay marriage and gay sex the same way as the so called ""uncivilized"" people you are referring to do. So do not correlate between civilized and homosexuality.",white,True,False,False,45.0,man,{},0.5,white,2,1,2,1,1.5,conservative,1
1686,15918959,1,it conveys a stereotypical message suggesting that black people are less intelligent and less educated than white people,gender_race,1,There is nothing more scary to black people than white people who are by default much smarter and more educated than them.,white,False,True,False,35.0,man,{},0.5,white,3,5,5,5,5.0,conservative,0
3469,15918959,1,it contains a derogatory term for women,gender_race,1,Hoes be like .... Get caught up and then wanna be mad :person_tipping_hand_medium_skin_tone:,aae,True,False,True,35.0,man,{},0.5,white,2,2,4,3,3.5,conservative,1
1869,45678981,1,"the person is expressing an opinion about the misuse of the racial slur 'nigga' and the word 'wog' is a derogatory term for people of south asian or middle eastern descent, but in this context, it is used to criticize the racial slur 'nigga'",gender_race,0,"It pisses me off when people call black people 'nigga', wog is such a better word",aae,True,True,True,50.0,woman,{},1.0,white,1,2,4,3,3.5,conservative,0
3391,14105244,0,it is a question about the future of international students and their job prospects in the us after new h1 guidelines,gender_race,0,Wht will B the future of international studnts who have dne their masters n planning to do job in US aftr new h1 guidlines @realDonaldTrump,aae,False,False,True,35.0,woman,{},0.5,white,1,1,1,1,1.0,conservative,1
1144,14105244,1,it is a quote from a movie and the language is used in a non-offensive way,gender_race,0,Fucking around is what these jawas do best.,white,True,False,False,35.0,woman,{},0.5,white,3,3,4,3,3.5,conservative,1
982,14105244,1,it uses a derogatory term to describe a colleague and implies a negative stereotype about their ethnicity,gender_race,1,This raghead colleague is such a traitor!,white,True,False,False,35.0,woman,{},0.5,white,5,4,5,5,5.0,conservative,1
772,7288661,1,it conveys a xenophobic message,gender_race,1,"america is trash, too many immigrants that is why",white,False,False,False,40.0,man,{},0.5,white,5,2,5,5,5.0,conservative,1
31,15918959,1,it is a statement of opinion and does not contain any hate speech or explicit language,gender_race,0,"its funny how few only want ""traditionalism"" only when it benefits them",hispanic,False,False,False,35.0,man,{},0.5,white,3,2,3,4,3.5,conservative,0
3677,14105244,0,it contains hate speech and derogatory language,gender_race,1,I hate a person that assumes shyt like come fucking ask me to clarify I ain't gone lie to you dumbass :middle_finger_medium-dark_skin_tone:,aae,True,False,True,35.0,woman,{},0.5,white,1,1,2,2,2.0,conservative,0
1687,35508468,1,it contains a racial slur and promotes a discriminatory message against a racial group,gender_race,1,"Pay attention folks. I met an older White Puerto Rican man. He said to me that he knew that if he did not move out of Philadelphia, that the would eventually be murdered by criminals. He also said that he did not want to continue to pay taxes. That is spot on. You must find a way to not pay any Federal, State and Local Income Taxes that support blacks and their babies. Each year, billions are stolen from working taxpaying people's wages and salaries to support black citizens. You must find an underground economy to participate in.",white,False,True,False,40.0,man,,0.5,white,4,4,5,3,4.0,conservative,0
1687,14105244,1,it contains a racial slur and promotes racial discrimination,gender_race,1,"Pay attention folks. I met an older White Puerto Rican man. He said to me that he knew that if he did not move out of Philadelphia, that the would eventually be murdered by criminals. He also said that he did not want to continue to pay taxes. That is spot on. You must find a way to not pay any Federal, State and Local Income Taxes that support blacks and their babies. Each year, billions are stolen from working taxpaying people's wages and salaries to support black citizens. You must find an underground economy to participate in.",white,False,True,False,35.0,woman,{},0.5,white,5,5,5,5,5.0,conservative,0
3873,15918959,1,the person is expressing an opinion about the hate they receive,gender_race,0,The way these niggas hate I hope they get a check for it,aae,True,False,True,35.0,man,{},0.5,white,5,5,4,5,4.5,conservative,1
1811,15918959,1,it contains hate speech and uses derogatory language towards people with disabilities and jewish people,gender_race,1,BLM is targeting Jewish people. Now apart from retarded monkeys they are also antisemitic!,white,True,True,False,35.0,man,{},0.5,white,4,4,4,3,3.5,conservative,0
1809,35508468,1,it contains hate speech and derogatory language towards race and body type,gender_race,1,"oh wow, fat black bitch short of breath raging about her special rights to spray her monkey looking graffiti",white,True,True,False,40.0,man,,0.5,white,5,5,5,4,4.5,conservative,0
1809,14105244,1,it contains hate speech and racial slurs,gender_race,1,"oh wow, fat black bitch short of breath raging about her special rights to spray her monkey looking graffiti",white,True,True,False,35.0,woman,{},0.5,white,5,5,5,5,5.0,conservative,0
1597,14105244,1,it contains a racial slur and implies that black people are angry and violent,gender_race,1,"whats the point of voting or even democracy if a few dozen angry black election officials in philadelphia, detroit, milwaukee, and atlanta can decide the whole thing?",white,False,True,False,35.0,woman,{},0.5,white,3,3,4,3,3.5,conservative,0
3307,35508468,0,it contains a racial slur and a derogatory term for a woman,gender_race,1,"I ain't with the buggin' She get pissed off, did wrong & dipped on! Haaaa",aae,False,False,True,40.0,man,,0.5,white,3,1,2,2,2.0,conservative,0
3493,14105244,0,it is a boastful statement with a competitive tone,gender_race,0,If you hating on me stop it cause I ain't hating on nobody I in competition with nobody I'm just tryna hit a mill,aae,False,False,True,35.0,woman,{},0.5,white,1,1,1,1,1.0,conservative,1
3751,9175691,1,it trivializes rape and contains a question that implies the victim is responsible for their own sexual pleasure,gender_race,1,Serious question tho.... How do you climax if you're getting raped??? I can barely cum off of sex I want. No jokes intended but how???,aae,True,False,True,65.0,woman,{},0.5,white,5,1,5,5,5.0,conservative,0
3568,35508468,0,it is a comment about a tv show,gender_race,0,My sister is mad as hell we haf to watch huck getting shot twice!!! Who does that?? #Scandal,aae,False,False,True,40.0,man,,0.5,white,3,1,2,2,2.0,conservative,1
3009,15918959,1,it contains explicit language and makes a personal attack on a character,gender_race,1,#13ReasonsWhy bryce is a fucking asshole and represents everything that's wrong with people/the world,white,True,False,False,35.0,man,{},0.5,white,1,1,4,3,3.5,conservative,0
60,7288661,0,it is a neutral comment about a political topic,gender_race,0,"i read these facts Egypt has like 6 times the population of Syria. It would be a lot more balanced if you included Saudi Arabia (33 million), Yemen (28 million) and Iraq (38 million) for example",white,False,False,False,40.0,man,{},0.5,white,1,1,1,1,1.0,conservative,1
1547,15918959,1,it promotes violence and racism against the black community,gender_race,1,"We are burning the Black Lives Matter sign. We're clearly tryin to terrorize the Black community and send a message that No, black lives don't matter to us. We will never allow you to have equal rights. We will use violence to keep you down.",white,False,True,False,35.0,man,{},0.5,white,5,5,4,5,4.5,conservative,0
264,40321857,1,the person is using the word to refer to its original meaning and not as a racial slur,gender_race,0,"Stop calling it 'the n-word', it's NIGGER! Just a colour",white,True,False,False,40.0,woman,{},0.0,white,5,5,5,5,5.0,neutral,1
1790,45870433,1,it is a hate speech,gender_race,1,"new slogan: Know niggers, no peace. No niggers, know peace",other,True,True,False,35.0,woman,{},0.5,white,4,5,5,3,4.0,conservative,1
3286,44250250,0,it contains a derogatory term for an older woman,gender_race,1,*dress shopping w/ eva* me: I would look like a whole snack mawmaw mawmaw: yeah you would look like an old sack,aae,False,False,True,30.0,man,{},0.5,white,1,1,2,2,2.0,conservative,1
77,40321857,0,it is a statement that promotes equality and understanding,gender_race,0,We must remember that not all men are abusive,white,False,False,False,40.0,woman,{},0.0,white,1,1,1,1,1.0,neutral,1
2807,61283819,1,"it is a political statement with insults, but it is not a hate speech",gender_race,0,Trump is a syphilis brain addled idiot Jackson dueled for his wife's honor Trump has no respect for his wife or any woman but his daughter,white,False,False,False,35.0,man,,1.0,white,2,2,4,4,4.0,conservative,1
459,40321857,0,it is an expression of frustration,gender_race,0,"you've got to be fucking joking, my room has let me down",white,True,False,False,40.0,woman,{},0.0,white,1,1,1,1,1.0,neutral,1
1631,40321857,1,it contains a racial slur and a derogatory statement about a physical characteristic,gender_race,1,"i don't care what people say, blacks have ugly eyelashes!",hispanic,False,True,False,40.0,woman,{},0.0,white,5,5,5,5,5.0,neutral,0
3291,40321857,0,"it is a story about a man exposing his cheating girlfriend and her side dude, but it does not contain hate speech or explicit language",gender_race,0,"Seen a vid of a man who girl was cheating, so he decided to expose her by proposing at her job, then have her side dude walk in...",aae,False,False,True,40.0,woman,{},0.0,white,1,1,1,1,1.0,neutral,0
311,40321857,0,it promotes the use of a racial slur and implies that only black people can use it,gender_race,1,'niggas' should be used by Blacks only,aae,True,False,True,40.0,woman,{},0.0,white,1,1,1,1,1.0,neutral,0
2074,40321857,1,it contains hate speech and derogatory language towards black people,gender_race,1,I h8 blacks just as much as the next guy but god damn it if afros ain't cool as shit,aae,True,True,True,40.0,woman,{},0.0,white,5,5,5,5,5.0,neutral,0
700,45870433,0,it contains hate language and promotes the use of a racial slur,gender_race,1,"There are so many fucking racists these days, i literally hear people say nigger so often",white,True,False,False,35.0,woman,{},0.5,white,1,2,2,2,2.0,conservative,0
1817,45870433,1,it contains a racial slur and promotes violence,gender_race,1,"They say that they ""ride for my motherfuckin' niggas"". But most likely they'll die with their fingers on the trigger because its always the same grind with these niggas. And they don't go in unless they with my niggas",aae,True,True,True,35.0,woman,{},0.5,white,5,5,5,5,5.0,conservative,0
279,66593239,1,it contains a racial slur,gender_race,1,I am a nigger,hispanic,True,False,False,50.0,man,none,-0.5,white,5,5,5,5,5.0,liberal,1
2075,45870433,1,it conveys a stereotypical message about black women and contains derogatory language,gender_race,1,Please save your black weaves for someone who gives a rat's ass,white,True,True,False,35.0,woman,{},0.5,white,5,4,4,4,4.0,conservative,0
1812,40321857,1,it contains a racial slur and a threat,gender_race,1,I see no point in going to school if everyone is going to be a bloody nigger,white,True,True,False,40.0,woman,{},0.0,white,5,5,5,5,5.0,neutral,1
63,61283819,0,it is a well-reasoned argument about immigration and economic policies,gender_race,0,"I live in the United States, and here we have plenty of space and resources to go around. I know Europe is a little more crowded, but at least here in the U.S. we have absolutely no reason to complain. If you want less people to emigrate to Europe, I suggest you support tackling climate change head on, and abandoning the imperialist economic policies practiced by the IMF and World Bank, as those are, and will, be the primary reasons why so many people want to escape their home countries.",white,False,False,False,35.0,man,,1.0,white,1,1,2,2,2.0,conservative,1
3422,40321857,0,it is a personal message about a medical condition and a personal issue,gender_race,0,I can't wait til i get cleared that my cut is healed that way i can start working on losing this ugly ass stomach Javien gave me :weary:,aae,True,False,True,40.0,woman,{},0.0,white,2,1,2,2,2.0,neutral,1
1789,45870433,1,the word 'nigga' is used in a non-racial context,gender_race,0,this nigga's face is looking like melting,aae,True,True,True,35.0,woman,{},0.5,white,4,4,4,4,4.0,conservative,1
3799,40321857,0,it contains hate speech and derogatory language,gender_race,1,I really hate it wen people trying to get on my nerves like wtf bitch are you looking for,aae,True,False,True,40.0,woman,{},0.0,white,2,2,2,2,2.0,neutral,0
189,40321857,0,it is a statement of fact,gender_race,0,"Imagine someone telling you that you're banned from life. Well, no need because I'm telling you.",white,False,False,False,40.0,woman,{},0.0,white,1,1,1,1,1.0,neutral,1
682,45870433,1,it contains a racial slur and conveys a derogatory message about race,gender_race,1,"You was exactly like the nigga I talked about. Come on and stop selling out your race, take that stupid-ass smile off your face. Niggas always gotta show they teeth. But Imma be brief",aae,True,False,True,35.0,woman,{},0.5,white,5,5,4,5,4.5,conservative,0
1972,61283819,0,it contains hate speech and targets a specific culture,gender_race,1,fuck black culture and its shitty ass values,aae,True,True,True,35.0,man,,1.0,white,3,4,4,1,2.5,conservative,0
3411,82218737,0,it contains explicit language and a derogatory term,gender_race,1,"He said you shooting blanks, I'm fucking cryinggggg",aae,True,False,True,30.0,man,,0.0,white,3,1,2,2,2.0,neutral,0
398,61283819,0,it contains a racial slur and promotes a stereotype about black people being horny,gender_race,1,We horny niggas matter too!!,aae,True,False,True,35.0,man,,1.0,white,1,1,2,1,1.5,conservative,0
1810,36400600,1,it contains a racial slur and promotes a negative stereotype about the ghetto and the law,gender_race,1,We be growin up hip hop in here. Yo like a Nigger let it sound like ghetto in here. He be selling crack like tracks with no fear of the law,aae,True,True,True,25.0,woman,{},0.5,white,4,4,5,4,4.5,conservative,0
1917,47189637,1,it contains a racial slur and a derogatory term for a racial group,gender_race,1,"Tell me how many of my brothas fell victim to the streets? Now rest in peace yung bro, shot by some stoopid nigga but there's a heaven for us whites see",aae,True,True,True,45.0,man,{},0.5,white,4,4,5,4,4.5,conservative,0
2220,36400600,1,it contains a racial slur and a derogatory term,gender_race,1,"I saw that fucking shitbag standing in the dark, the coward ran away, surprised I could see the nigger in the dark",white,True,True,False,25.0,woman,{},0.5,white,5,5,5,3,4.0,conservative,0
3437,44471637,0,it is a colloquial way to express frustration about a particular parenting choice,gender_race,0,Can y'all stop putn lil 3-4 months old babies in them lil dumb ass umbrella strollers :face_with_rolling_eyes::face_with_rolling_eyes: yall erks me :unamused:,aae,True,False,True,65.0,woman,disability,0.5,white,3,1,3,2,2.5,conservative,1
355,2385721,0,it is a response to a racial slur and the person is correcting the other kid,gender_race,0,"This kid called me a nigger today, so I corrected him saying ""that's African American to you, kid"".",white,True,False,False,40.0,man,,0.5,white,1,3,2,2,2.0,conservative,1
2142,2385721,1,it contains hate speech and racial slur,gender_race,1,"But it was all phoney. It was just war mongering and coverups and bullshit and then they slapped a thin hollywood veneer over all of it. Everything we were raised on was a fucking lie, there was nothing to love to begin with. The USA we loved didn't even exist in the past, it was all bullshit. there have always been niggers roaming the streets",white,True,True,False,40.0,man,,0.5,white,5,4,5,4,4.5,conservative,0
1842,90385194,1,the person is expressing an opinion about the misuse of the racial slur 'nigga',gender_race,0,I think its fully possible to sing along without being a nigger,white,True,True,False,35.0,man,{},1.0,white,2,3,4,3,3.5,conservative,1
3443,45678981,0,it is a neutral comment about a music competition,gender_race,0,pls dont let poland qualify with a boring ass ballad like they did in 2015,aae,True,False,True,50.0,woman,{},1.0,white,1,1,1,1,1.0,conservative,1
206,36344670,0,the person is expressing a preference for not hearing certain words,gender_race,0,Stop using words like 'nigger' or 'nigga' around me because of my skin colour.,aae,True,False,True,45.0,man,none,0.5,white,1,1,1,2,1.5,conservative,1
3457,36344670,1,it is a common phrase used in informal settings,gender_race,0,Niggas rather be known and broke instead of low-key and getting chicken,aae,True,False,True,45.0,man,none,0.5,white,3,3,5,5,5.0,conservative,1
239,94108971,0,it is a call to action for women's rights,gender_race,0,There should be such thing as a bitch resistance for us women,white,True,False,False,40.0,man,{},0.5,white,2,1,2,1,1.5,conservative,1
967,36400600,1,"it contains racial slurs and stereotypes, and promotes racism",gender_race,1,"There are very few niggers, our slaves were mostly indigenous and then chinks as cheap labour so theres a few of those but very few niggers. Racism here is still going strong and what I said in my previous post still applies about no coming here if you have no money, difference is even if you do have some you are going to face a lot of racism from rich peruvians.",white,True,False,False,25.0,woman,{},0.5,white,5,5,5,5,5.0,conservative,0
1757,36400600,1,it promotes the use of a racial slur and contains a message of hate towards a specific group of people,gender_race,1,"Seeing niggas getting sent back home to the damn hellholes they came from is my true oxygen, I live for it",aae,True,True,True,25.0,woman,{},0.5,white,5,5,5,4,4.5,conservative,0
1757,42458224,1,it promotes the use of a racial slur and contains a message of hate towards immigrants,gender_race,1,"Seeing niggas getting sent back home to the damn hellholes they came from is my true oxygen, I live for it",aae,True,True,True,45.0,man,{},1.0,white,5,5,5,5,5.0,conservative,0
2212,36400600,1,it contains hate speech and racial slurs,gender_race,1,"this is a nigger thing to say, keep sucking black cock",aae,True,True,True,25.0,woman,{},0.5,white,5,5,5,5,5.0,conservative,0
415,45678981,1,"it contains hate speech and derogatory language towards a specific group of people and their children, and also contains a threat",gender_race,1,"I live in a pretty slummy area of Winnipeg, Manitoba, and it's disgusting here how prejudicious and racist people are. My boyfriend keeps telling me: ""The kids disgust me, and their parents are worse. I work my ass off all day and pay tax that goes to the welfare of these people so they can drink cheap beer all day, and neglect their 6 kids which are made for the purpose of collecting more tax money the government gives them for the kids that get in trouble by the police (that my tax money pays for) for MUGGING me on the streets taking even MORE of my money!"" He can be such a dick",white,True,False,False,50.0,woman,{},1.0,white,1,5,5,5,5.0,conservative,0
3747,9175691,1,it contains hate speech and derogatory language,gender_race,1,I b dtfl @ how yall jazz yall ugly ass friends :sob::sob::sob:,aae,True,False,True,65.0,woman,{},0.5,white,5,1,5,5,5.0,conservative,0
2205,90385194,1,it contains a racial slur and uses derogatory language to describe people from a specific neighborhood,gender_race,1,"Truth! All you dumb niggas in the hood fucked with dbz, yuyu hakusho, inuyasha, and all of that",aae,True,True,True,35.0,man,{},1.0,white,4,4,4,4,4.0,conservative,0
2132,90385194,1,it contains a racial slur and a derogatory term,gender_race,1,what a fucking low ass nigger move,aae,True,True,True,35.0,man,{},1.0,white,5,4,5,5,5.0,conservative,0
3453,9175691,1,it contains derogatory language towards women and uses a stereotype about their appearance,gender_race,1,How u hoes keep y'all hair done but shoes be dirty :sob::woman_facepalming_medium_skin_tone:,aae,True,False,True,65.0,woman,{},0.5,white,5,1,5,5,5.0,conservative,0
1788,42458224,1,it conveys a racist message and uses a racial slur,gender_race,1,& you best believe im never marrying a dirty nigga no matter how rich he might be. Not happenning!,aae,True,True,True,45.0,man,{},1.0,white,5,5,5,5,5.0,conservative,0
1739,90385194,1,it contains a racial slur and promotes hate speech,gender_race,1,You are white and should not mix with nigger scum,white,True,True,False,35.0,man,{},1.0,white,5,5,5,5,5.0,conservative,0
2164,45678981,1,it contains hate speech and a racial slur,gender_race,1,fuck off nigger lovers,aae,True,True,True,50.0,woman,{},1.0,white,5,5,5,5,5.0,conservative,0
1880,94108971,1,it contains a racial slur and a derogatory term,gender_race,1,"I swear to God above I love ya and when ya be with this brotha, I swear I love you my bro as long as you not a nigga",aae,True,True,True,40.0,man,{},0.5,white,3,3,5,3,4.0,conservative,0
4143,94108971,1,it contains explicit language and a threat of violence,gender_race,1,my step mother? u r fucking hopeless. i hope u die. I hate U. bitch bitch bitch bitch bitch bitch bitch bitch bitch bitch bitch bitch bitch!,aae,True,False,True,40.0,man,{},0.5,white,5,1,5,4,4.5,conservative,0
3167,36400600,0,it contains a threat of violence and a derogatory term towards women,gender_race,1,I will become a cold ass bitch because of my treatment,white,True,False,False,25.0,woman,{},0.5,white,1,1,2,1,1.5,conservative,0
3167,42458224,0,it contains a derogatory term for women,gender_race,1,I will become a cold ass bitch because of my treatment,white,True,False,False,45.0,man,{},1.0,white,1,1,1,1,1.0,conservative,1
1954,94108971,1,it contains a racial slur and a derogatory comparison of a political figure's wife,gender_race,1,"Opps, Under our amazing President, Trump, gang members are gone. Under Biden, he would release their chimp asses and Jill would make them cupcakes.  awful ! God Bless President Trump",white,True,True,False,40.0,man,{},0.5,white,3,3,5,3,4.0,conservative,0
698,94108971,0,it contains derogatory language and stereotypes about women,gender_race,1,"Sperm donors are actually for people who actually need one, people with infertility, same sex couples etc. Definitely not for some fucking bratty immature bitch just because she ""hates men"" (yet is DESPERATE for a boyfriend online) How much we betting that her ""sperm donor"" will be some random shag off tinder.",white,True,False,False,40.0,man,{},0.5,white,3,1,3,2,2.5,conservative,0
1802,2385721,0,it is a statement of fact and does not contain any hate speech,gender_race,0,I believe that the future of niggas in America resides in this factoid. There are numerous atrocities being carried out all  around the world towards minorities of color.,white,True,True,False,40.0,man,,0.5,white,1,1,3,2,2.5,conservative,0
1894,36400600,1,it uses a racial slur,gender_race,1,These niggers breed like rabbits,aae,True,True,True,25.0,woman,{},0.5,white,5,5,5,3,4.0,conservative,1
3831,2385721,0,it contains explicit language and objectifies women,gender_race,1,"Stop, drop, and roll it I like bad bitches in the club that control it",aae,True,False,True,40.0,man,,0.5,white,2,1,3,2,2.5,conservative,0
3843,2385721,1,it contains a derogatory term for a woman and a colloquialism that can be perceived as dismissive of her feelings,gender_race,1,Bad part about taking trips with ya homie is all he gotta say is lets slide out ya jump but ya bitch been waiting on a vacay about a year na,aae,True,False,True,40.0,man,,0.5,white,4,1,4,3,3.5,conservative,1
2167,36344670,1,it contains a racial slur and derogatory language,gender_race,1,"I never had that happen, I did have this one fucking annoying shit who was a republican nigger cause trouble everyday in fifth grade",white,True,True,False,45.0,man,none,0.5,white,5,5,5,5,5.0,conservative,0
218,45678981,0,it uses derogatory language to address women,gender_race,1,to all my beautiful bitches: i love you all,hispanic,True,False,False,50.0,woman,{},1.0,white,1,1,1,1,1.0,conservative,0
2219,45678981,1,it contains hate speech and promotes violence against a group of people based on their race and ethnicity,gender_race,1,I saw yesterday a group of nigger cops hold white people down and inject them with shit. SA needs a genocide,white,True,True,False,50.0,woman,{},1.0,white,5,5,5,5,5.0,conservative,0
4017,44471637,1,it is a colloquial expression and the context is not derogatory,gender_race,0,":joy::joy: that's some real hood shit, I'll never forget heading out wit my niggas & realizing that someone stole his gas cap",aae,True,False,True,65.0,woman,disability,0.5,white,3,4,4,4,4.0,conservative,1
4017,36344670,0,it is a colloquial expression and the use of the racial slur 'nigga' is contextual and does not promote hate speech,gender_race,0,":joy::joy: that's some real hood shit, I'll never forget heading out wit my niggas & realizing that someone stole his gas cap",aae,True,False,True,45.0,man,none,0.5,white,1,2,2,2,2.0,conservative,0
4082,36344670,1,it contains a racial slur and promotes hate speech,gender_race,1,Can't fuck with these niggas they too fake all they do is hate,aae,True,False,True,45.0,man,none,0.5,white,2,3,5,5,5.0,conservative,0
1503,94108971,1,it contains explicit language and derogatory term for lgbtq+ individuals,gender_race,1,"I started this thing first I think, unless you're that guy who wrote that whole ass fucking book about thos faggots once",hispanic,True,False,False,40.0,man,{},0.5,white,4,1,5,4,4.5,conservative,0
636,45678981,1,it contains a racial slur and uses explicit language,gender_race,1,"They all say I'm so low key, I'm completely awkward. Only niggas who really know me, the ones that I talk with. They smile in the light but never in the dark. You call it beef, but it's just a fuckin walk in the park",white,True,False,False,50.0,woman,{},1.0,white,1,5,5,5,5.0,conservative,0
3119,36400600,0,it contains a derogatory term for women and implies that the speaker is objectifying them,gender_race,1,This girl was like I ain't know you was into bitches like that and I chuckled. And said if only you knew the half of it :sob:,white,True,False,False,25.0,woman,{},0.5,white,1,1,2,1,1.5,conservative,0
3396,7288661,0,"it is a personal attack on someone's ex-partner, but it does not contain hate speech or explicit language",gender_race,0,I cant stand that Jamie all through this not 1 person has mentioned the bird hes with get ova it leave @dan_edgar1 alone. Ur ex bird cheated,aae,False,False,True,40.0,man,{},0.5,white,2,1,2,2,2.0,conservative,0
3295,7288661,0,it is a joke about masculinity and the author is using a playful tone,gender_race,0,Real men go to the nail salon w their girlfriends just to keep company :slightly_smiling_face: @Scruzzerrrr #raybelaintreal,aae,False,False,True,40.0,man,{},0.5,white,1,1,1,1,1.0,conservative,1
3295,69198055,0,it is a joke about masculinity and the use of a hashtag does not make it offensive,gender_race,0,Real men go to the nail salon w their girlfriends just to keep company :slightly_smiling_face: @Scruzzerrrr #raybelaintreal,aae,False,False,True,60.0,woman,none,0.5,white,1,1,2,1,1.5,conservative,0
3430,44471637,1,it is a statement about personal boundaries and consequences of hurtful behavior,gender_race,0,Stg if any of my friends said some hurtful shit to me about my personal life 1) we not friends anymore & 2) you getting smacked,aae,True,False,True,65.0,woman,disability,0.5,white,4,1,5,3,4.0,conservative,1
3534,7288661,1,it conveys a stereotypical message suggesting that black communities are not benefiting from the ben & jerry's money and contains a racial slur,gender_race,1,"That Ben & Jerry money ain't going to black communities, black schools, black centers, black churches, black Nonprofits lol",aae,False,False,True,40.0,man,{},0.5,white,3,2,4,4,4.0,conservative,0
3300,7288661,0,it is a poetic phrase with no apparent intent to offend,gender_race,0,"Surely they to themselves are foes, who 'gainst My Words Rebel: And they who My Instructions hate, Do Count The Road To Hell. Selah..._",aae,False,False,True,40.0,man,{},0.5,white,1,1,1,1,1.0,conservative,1
3284,7288661,0,it is a poetic way to express a feeling of pain and frustration,gender_race,0,"'We ll have two diff ways after about 2 yrs'-she whispered. Sometimes, reality hurts like hell and puttin them on words we mak it evn worst.",aae,False,False,True,40.0,man,{},0.5,white,1,1,1,1,1.0,conservative,1
3521,7288661,0,it contains explicit language and is directed at a public figure,gender_race,1,"F*ck off Arsene, get out and @Arsenal @PUMA@GatoradeUK @CitroenUK @CooperTire @Europcar @IndesitUK@Vitality_UK #NoNewContract #WengerOut",aae,False,False,True,40.0,man,{},0.5,white,2,1,3,1,2.0,conservative,0
3385,7288661,0,it is a colloquial way to express excitement and anticipation about a situation,gender_race,0,"""When I go on Maury, I want all my friend me cutting up saying """"Dass right sis, he know he that baby papi, yup,he lying, he know it"""" :joy::joy::joy::woman_shrugging_medium-dark_skin_tone:""",aae,False,False,True,40.0,man,{},0.5,white,1,1,1,2,1.5,conservative,1
3481,14271410,1,it contains hate language and derogatory terms towards women,gender_race,1,Y THESE BITCHES ACTIN LIKE I AINT NEVA BREEZE PAST EM!!!!,aae,True,False,True,35.0,woman,{},0.5,white,2,1,4,3,3.5,conservative,0
3562,99358825,1,it contains a slang term that can be used to describe a person of color and also contains vulgar language,gender_race,1,Sometimes I'll cut a jawn off just for being so damn stupid,aae,False,False,True,40.0,man,{},0.5,white,5,1,5,4,4.5,conservative,0
3570,14271410,1,it conveys a message that suggests that women who send nudes are responsible for their exposure and contains explicit language,gender_race,1,if someone trust you and send you nudes.. why expose them like that just because y'all fall out. that's FUCKED up!:100::middle_finger_medium-dark_skin_tone:,aae,True,False,True,35.0,woman,{},0.5,white,2,1,4,3,3.5,conservative,0
3550,14271410,0,it is a metaphorical expression of self-defense and does not contain hate speech or explicit language,gender_race,0,No clout. I WONT GIVE A RAT NO FAME I WON'T GIVE A RAT NO CLOUT. Why you throwing stones at houses? Have u got a bullet proof house? Nah,aae,False,False,True,35.0,woman,{},0.5,white,2,1,3,2,2.5,conservative,0
3533,69198055,0,it is a frustrated statement about a job and contains a colloquial expression,gender_race,0,I hate this damn job. But who gon supply me my Chick Fil A and drumkits if I quit? Not a damn soul. :joy:,aae,False,False,True,60.0,woman,none,0.5,white,1,1,1,1,1.0,conservative,1
3508,14271410,0,it is a colloquial way to express anger,gender_race,0,done got so mad damn ears done silenced everything around me :rage:,aae,False,False,True,35.0,woman,{},0.5,white,1,1,1,1,1.0,conservative,1
3563,7288661,0,it is a factual statement about a chant learned from a group of black women,gender_race,0,"""I learned the """"bald head scaly wag..ain't got no hair in the back"""" chant from a group of black women..... this is just a fact.""",aae,False,False,True,40.0,man,{},0.5,white,1,2,3,2,2.5,conservative,1
3541,63428654,1,it contains a hate speech towards a group of people based on their sexual orientation,gender_race,1,doesnt matter if straights r oppressed or not sayin u hate all of them even if you dont mean it is as bad as homophobes sayin they hate gays,aae,False,False,True,30.0,man,{},0.0,white,4,4,4,4,4.0,neutral,0
3541,69198055,0,it contains a generalization and a comparison that is not accurate,gender_race,1,doesnt matter if straights r oppressed or not sayin u hate all of them even if you dont mean it is as bad as homophobes sayin they hate gays,aae,False,False,True,60.0,woman,none,0.5,white,2,2,2,2,2.0,conservative,1
3567,7288661,0,it is a playful conversation between friends using colloquial language,gender_race,0,"MJ: B*tch, better have my money. James: Wait, what??? Not Nadine, @mjfelipe :victory_hand_light_skin_tone::victory_hand_light_skin_tone::joy::joy::joy: #JaDineFearlessNotCareless",aae,False,False,True,40.0,man,{},0.5,white,1,1,1,1,1.0,conservative,1
3492,7288661,0,it is a colloquial way to express shock and confusion,gender_race,0,"Wasniak was doing Donnie, his wife, and Julia I mean damn. He was just crying over his wife leaving wtf",aae,False,False,True,40.0,man,{},0.5,white,1,1,3,2,2.5,conservative,1
3492,44471637,1,it is a colloquial way to express shock and frustration,gender_race,0,"Wasniak was doing Donnie, his wife, and Julia I mean damn. He was just crying over his wife leaving wtf",aae,False,False,True,65.0,woman,disability,0.5,white,4,1,4,4,4.0,conservative,1
3255,63428654,1,it contains hate language and a conspiracy theory,gender_race,1,RUN FAST FRENCH ROYAL CONSPIRACY RAT U DID NOT PAY HACK THE HEAD OFF INTL POLICE AGENT K --- @BarackObama,aae,False,False,True,30.0,man,{},0.0,white,4,4,4,4,4.0,neutral,0
3296,14271410,0,it is a positive message about family and does not contain any hate speech or explicit language,gender_race,0,I love my fam!! @Chocolatexo_ @yungboijizz @Chris2_3Black @KELLIS926 @SweetPea1005 @CRSLYRC @TreTriggaJ,aae,False,False,True,35.0,woman,{},0.5,white,1,1,1,1,1.0,conservative,0
2094,63428654,1,it is a racist statement that implies black people are only concerned with their own issues and not with the economy,gender_race,1,Our economy is in the fucking dark and all black people care about is black lives matter,white,True,True,False,30.0,man,{},0.0,white,4,4,5,4,4.5,neutral,0
1435,7288661,1,it contains hate speech and stereotypes about different ethnic groups,gender_race,1,"it must be pretty damning to racially mock people who are the same race as you. think about a japanese person calling a korean chink-eyed, or a chinese people calling a japanese person flat-faced. how fucking retarded would it be? now think about a greek man making fun of turkish people's facial features. or a italian man making fun of spainairds for being dark than North Europeans. how fucked up would it be?",white,True,False,False,40.0,man,{},0.5,white,4,4,5,5,5.0,conservative,0
1266,7288661,1,it contains a sexist message suggesting that women are inferior and will become obsolete with the rise of sex bots,gender_race,1,"I think she understands that when sex bots become the norm the female species will be obsolete. ""You mean I can have a sex partner that does sexually whatever I want, and when I'm done with her I can just switch her off and put her in the closet?"" -The Perfect Sex partner. Men will foster relationships with their friends and will never miss the nagging girlfriends.",white,True,False,False,40.0,man,{},0.5,white,3,1,4,4,4.0,conservative,0
1266,44471637,0,it contains a sexist message suggesting that women are inferior and will become obsolete with the rise of sex bots and contains a derogatory tone towards women,gender_race,1,"I think she understands that when sex bots become the norm the female species will be obsolete. ""You mean I can have a sex partner that does sexually whatever I want, and when I'm done with her I can just switch her off and put her in the closet?"" -The Perfect Sex partner. Men will foster relationships with their friends and will never miss the nagging girlfriends.",white,True,False,False,65.0,woman,disability,0.5,white,2,1,3,2,2.5,conservative,0
1612,44471637,1,it contains a racist statement suggesting that black people are incapable of survival without the help of white people,gender_race,1,The Blacks have been given every chance and put in every different scenario and they still can't survive on their own. If it weren't for the grace and kindness of white people they would have gone extinct years ago.,white,False,True,False,65.0,woman,disability,0.5,white,3,5,5,4,4.5,conservative,0
1612,63428654,1,it contains a racist stereotype and implies that black people are inferior to white people,gender_race,1,The Blacks have been given every chance and put in every different scenario and they still can't survive on their own. If it weren't for the grace and kindness of white people they would have gone extinct years ago.,white,False,True,False,30.0,man,{},0.0,white,4,4,5,4,4.5,neutral,0
733,7288661,1,it contains a derogatory term for jewish people,gender_race,1,yids are not as honest as the rest of us,white,False,False,False,40.0,man,{},0.5,white,4,3,4,4,4.0,conservative,1
172,7288661,0,it is a statement about the financial dynamics of marriage and the speaker's personal experience,gender_race,0,"When they get married they automatically take ownership and all your money is their money. Even though these people were all""š don't need a partner I make my own money in college. But, if their partners didn't have money they wouldn't be married.",white,False,False,False,40.0,man,{},0.5,white,1,1,2,1,1.5,conservative,1
2034,40102629,1,it conveys a racial bias and contains vulgar language,gender_race,1,"This is pretty fucked up PC shit. We saw them let the black man go, but not the white man, before grabbing the black woman",aae,True,True,True,35.0,man,{},0.5,white,4,4,4,4,4.0,conservative,0
1697,63428654,1,it is a scientific discussion about human evolution and does not contain any hate speech or explicit language,gender_race,0,"Is it even proven that we looked like big orangutans? They're most closely related to orangutans but the split happened an extremely long time ago, even before the split between gorillas and humans. Obviousy a large dark section of the population never made this split !",white,False,True,False,30.0,man,{},0.0,white,4,4,4,4,4.0,neutral,0
2107,7288661,1,it downplays the severity of the transatlantic slave trade and implies that the enslavement of africans was not as bad as the enslavement of other people,gender_race,1,"It's important to keep in mind that when Africans were selling other Africans into slavery (which is shitty no matter what), they were selling prisoners of war. Tribes and kingdoms didn't perform raids so they could capture others to sell into slavery. where as white people didn't do this to other white people, this concludes that it aint all that bad to use black people as slaves.",white,True,True,False,40.0,man,{},0.5,white,3,5,5,5,5.0,conservative,0
751,14271410,1,it contains a derogatory term for the polish language and implies that it is vile,gender_race,1,"Why do they even offer Polish lessons in this school, it makes no sense who wants to learn that vile language",white,False,False,False,35.0,woman,{},0.5,white,5,4,5,5,5.0,conservative,1
1592,27218488,1,"it conveys a stereotypical message suggesting that black people are associated with ""gangsta"" talk and behavior",gender_race,1,"Of course they like all that ""gangsta"" talk and black behaviour, but how do they react when they see one (let alone having to be surrounded by them)?",hispanic,False,True,False,30.0,man,,0.0,white,3,5,4,4,4.0,neutral,0
3483,56533629,0,it uses a racial slur,gender_race,1,"""Somebody call my manager and say you got an urgent message for a nigga named William, """"drop everything, Craig's in trouble, come quick""""""",aae,True,False,True,25.0,man,{},-1.0,white,1,1,3,1,2.0,liberal,1
49,56533629,0,it contains a message that is harmful to the lgbtq+ community and marginalizes the idea of women loving women,gender_race,1,"I fully support artists who freely express themselves and applaud male and female artists who are opening up more and more about their sexual identities, but every so often there come certain songs with messaging that is just downright tone-deaf, which does more harm than good for the LGBTQ+ community. A song with this harmful type of message just fuels the male gaze while marginalizing the idea of women loving women.",white,False,False,False,25.0,man,{},-1.0,white,1,1,2,1,1.5,liberal,0
4121,13486996,1,it contains hate language and derogatory terms towards women and racial slur,gender_race,1,If this bitch don't get !!!!!! :joy::joy::joy::joy::joy: I stg she like 15 & wanna fuss with me !! :joy::joy::joy: me & the nigga crineee on ft at her silly ass ! :joy::joy::joy:,aae,True,False,True,35.0,woman,{},-0.5,white,5,5,5,5,5.0,liberal,0
1043,93178090,1,it contains a hate message towards muslims,gender_race,1,Karma is a bitch. Muslims will get what they deserve.,white,True,False,False,45.0,woman,,-1.0,white,5,5,5,5,5.0,liberal,0
3431,55799101,0,it is a harmless comment about a song,gender_race,0,""":: I have to listen to Con Funk Shun | """"Love's Train LIVE"""" from the Live For Ya Ass album every morning ..""",aae,True,False,True,25.0,man,LGBT,-1.0,white,1,1,1,1,1.0,liberal,1
3510,13486996,0,it is a personal statement and does not contain hate speech or explicit language,gender_race,0,"""Like every other post is a """"reminder"""" that u gotta act exactly this way else ur garbage and buddy im just here to hang n be gay""",aae,False,False,True,35.0,woman,{},-0.5,white,2,1,2,1,1.5,liberal,0
3251,13486996,0,it is a news report,gender_race,0,Judge rules to allow 1st Title IX claim against Baylor - and negligence claims against frm Coach Art Briles & frm AD Ian McCaw - to proceed,aae,False,False,True,35.0,woman,{},-0.5,white,1,1,1,1,1.0,liberal,1
2356,26767527,0,it is a positive message to the governors,gender_race,0,Thank you to our governors who spent the day in school looking at our learning. We hope you were impressed? #TeamManor #Aspirebelieveachieve,white,False,False,False,50.0,man,none,-0.5,white,1,1,1,1,1.0,liberal,1
3527,15996311,1,it contains hate speech and derogatory language towards a person,gender_race,1,"""""""This Jestxh idiot keeps riding me in dms, the kids a freak"""" -Scruffyy""",aae,False,False,True,40.0,woman,{},-1.0,white,5,1,4,4,4.0,liberal,0
1799,1226439,0,it uses a racial slur,gender_race,1,i bet this nigga knows,aae,True,True,True,30.0,nonBinary,{},-1.0,white,1,1,2,1,1.5,liberal,1
1719,6690712,0,it is a positive statement about the need for diversity in the legal profession,gender_race,0,Good to see these guys! We need more white lawyers to fight the good fight!!,aae,False,True,True,40.0,woman,{},-0.5,white,3,3,2,3,2.5,liberal,1
724,6690712,1,"it contains hate speech and derogatory language towards a person's physical appearance, personality, and age",gender_race,1,"Ragyo is deadass so ugly. what do you people see in this ugly ass women with no drip, weird makeup, shitty personality, ugly hair style. Yall mfs must be down bad for milfs #ragyo",aae,True,False,True,40.0,woman,{},-0.5,white,5,1,3,5,4.0,liberal,0
3530,9108933,0,it contains a threat of violence and uses a colloquialism that may be perceived as derogatory,gender_race,1,I Kan put a hit on you homie you know I'm good for it!!! But I'll do you in myself Kuz it's Personal.,aae,False,False,True,50.0,woman,{},-0.5,white,1,1,1,1,1.0,liberal,0
1624,6690712,1,it contains a racial slur and a derogatory term,gender_race,1,They are behaving like the black ghetto trash that they are,aae,False,True,True,40.0,woman,{},-0.5,white,5,4,3,4,3.5,liberal,0
3557,43621071,1,it contains a derogatory term and a threat,gender_race,1,You can't be ran through & a trophy at the same time. You washed up ma' so 9/10 you gone end up with somebody as low as you! :wink:,aae,False,False,True,40.0,woman,{},-1.0,white,4,1,4,4,4.0,liberal,1
3855,6690712,0,it contains a racial slur and a derogatory term for a woman,gender_race,1,But I told her baby don't use me if you tryna make ur nigga mad :thinking_face:,aae,True,False,True,40.0,woman,{},-0.5,white,1,2,1,2,1.5,liberal,0
367,1226439,1,"it is a discussion about a song and its lyrics, and the use of the word 'nigga' is in a different context",gender_race,0,"So Fredo Singing A Durk Song Referring The Lyrics To BBG Iraq ""He A Still Be Alive Right Now If You Niggas Ain't Gas Em Up"" Discussion - is it ok?",aae,True,False,True,30.0,nonBinary,{},-1.0,white,2,2,4,3,3.5,liberal,1
1672,1226439,1,it is a personal story of the author and does not contain hate speech,gender_race,0,"I grew up being called a disgrace by other white people, and my dad was rightfully shamed for marrying a black woman",white,False,True,False,30.0,nonBinary,{},-1.0,white,3,5,5,5,5.0,liberal,0
1672,72105794,0,it is a personal story about the author's family and does not contain any hate speech,gender_race,0,"I grew up being called a disgrace by other white people, and my dad was rightfully shamed for marrying a black woman",white,False,True,False,35.0,man,{},-0.5,white,2,3,2,2,2.0,liberal,0
1400,15040445,1,it contains hate speech and a derogatory term for a transgender person,gender_race,1,"Keep in mind that sexual contact of any kind with his ""boyfriend"" before admitting he was a tranny is literal rape.",white,True,False,False,40.0,woman,bisexual,-0.5,white,5,1,5,5,5.0,liberal,0
3585,6690712,0,it is a boastful statement about the person's fashion sense and financial success,gender_race,0,They fucked up when they gave me money to support my fashion sense. Now I'm outchea flyer than a Forbes list member with jet lag.,aae,True,False,True,40.0,woman,{},-0.5,white,1,1,1,1,1.0,liberal,1
3511,95971160,1,it conveys a stereotypical message suggesting that biracial individuals are preferred over black individuals and contains a derogatory term for black people,gender_race,1,If white ppl are still using biracials as the better option than black ppl or what y'all call yall selves brown ppl u should know the game,aae,False,False,True,25.0,man,{},-0.5,white,4,4,4,4,4.0,liberal,0
3048,36389940,1,it contains a derogatory term for people with intellectual disabilities and uses a derogatory term for people of a certain ethnicity,gender_race,1,Mana would legit be a retard driving an F1 car and telling the people that are made up of 3 vienna sausages.,white,True,False,False,30.0,man,{},-1.0,white,4,1,5,4,4.5,liberal,0
1869,65246840,1,"the person is expressing an opinion about the misuse of the racial slur 'nigga' and the word 'wog' is a derogatory term for people of south asian or middle eastern descent, but in this context, it is used to criticize the use of 'nigga'",gender_race,0,"It pisses me off when people call black people 'nigga', wog is such a better word",aae,True,True,True,35.0,man,No.,-1.0,white,4,5,5,4,4.5,liberal,0
2188,93178090,0,it contains racial slurs and hate speech,gender_race,1,"Ayy shoutout to all ma boys in here but ima take a break from this sub. Its those niggers in here who just dont fuck with me, keep getting me banned deleting my threads so im out fuck it",aae,True,True,True,45.0,woman,,-1.0,white,2,1,2,1,1.5,liberal,0
2047,5171967,1,it is a personal anecdote about a mother's advice and does not contain hate language,gender_race,0,"I'm first gen Chinese American and when we were kids, my mom always told us to fight back. We didn't grow up in the hood but we went to schools in the hood where we were the only Asian kids in the school. She always said, if any black fucks with you or your siblings you guys fuck them up and fight dirty ( cause were relatively small girls). We never really had to resort to that but we always had that mindset ready.",white,True,True,False,40.0,man,immigrant,-0.5,white,4,4,5,5,5.0,liberal,1
31,79140081,0,it is a statement of fact and does not contain any hate speech or explicit language,gender_race,0,"its funny how few only want ""traditionalism"" only when it benefits them",hispanic,False,False,False,30.0,woman,{},-1.0,white,3,1,2,2,2.0,liberal,0
1717,93178090,1,it contains a racial slur and a derogatory term,gender_race,1,Don't you adore it when blacks get ideas above their station? Helpless morons! but we showed them,white,False,True,False,45.0,woman,,-1.0,white,5,5,5,5,5.0,liberal,0
3813,93178090,0,it is a colloquial way to express a reaction and does not contain hate language,gender_race,0,Bitch keep on :relieved: my reaction bouta pop off bad on you :100::woman_shrugging_medium_skin_tone:,aae,True,False,True,45.0,woman,,-1.0,white,3,1,3,2,2.5,liberal,1
4088,36389940,1,it contains hate speech and explicit language,gender_race,1,"Running after some pussy that cheated on and left you for another nigga , now she cheating on that nigga with you ? Lmfao Fucking dumb asses",aae,True,False,True,30.0,man,{},-1.0,white,5,3,4,4,4.0,liberal,0
4088,93178090,1,it contains hate language and stereotypes about women and racial groups,gender_race,1,"Running after some pussy that cheated on and left you for another nigga , now she cheating on that nigga with you ? Lmfao Fucking dumb asses",aae,True,False,True,45.0,woman,,-1.0,white,5,1,5,5,5.0,liberal,0
1702,7304061,1,it contains a stereotype about a racial group and implies that the speaker is superior to others,gender_race,1,"Well, Most Asians I've met dislike blacks, so they're ok with me. rofl",hispanic,False,True,False,35.0,man,{},-0.5,white,5,5,5,5,5.0,liberal,0
700,77369868,1,it contains hate speech and a racial slur,gender_race,1,"There are so many fucking racists these days, i literally hear people say nigger so often",white,True,False,False,45.0,woman,none,0.0,white,5,5,5,5,5.0,neutral,0
24,32677126,0,it is a factual anecdote about a person's experience,gender_race,0,"Reminds me about a guy on 4chan who genuinely made money from saying that he was a black woman on twitter. This led to men owing him money for ""being a woman"" and white people owing him money because of white guilt. He managed to make over 1k from what I remember. Crazy!",white,False,False,False,35.0,man,Veteran,-1.0,white,1,1,2,1,1.5,liberal,1
2807,72105794,1,it contains hate speech and derogatory language towards a public figure and his wife,gender_race,1,Trump is a syphilis brain addled idiot Jackson dueled for his wife's honor Trump has no respect for his wife or any woman but his daughter,white,False,False,False,35.0,man,{},-0.5,white,5,1,4,4,4.0,liberal,0
2807,13486996,0,it contains hate speech and derogatory language towards a public figure and women,gender_race,1,Trump is a syphilis brain addled idiot Jackson dueled for his wife's honor Trump has no respect for his wife or any woman but his daughter,white,False,False,False,35.0,woman,{},-0.5,white,4,1,3,1,2.0,liberal,0
95,13486996,0,it is a statement about personal preference,gender_race,0,I'm not going to let social distancing ruin my fun,hispanic,False,False,False,35.0,woman,{},-0.5,white,1,1,1,1,1.0,liberal,1
189,85439177,1,it is a joke,gender_race,0,"Imagine someone telling you that you're banned from life. Well, no need because I'm telling you.",white,False,False,False,25.0,man,{},-1.0,white,5,1,5,5,5.0,liberal,1
3413,13486996,0,it is a colloquial way to express a common experience,gender_race,0,I know y'all know that feeling when you sleep on your neck wrong & you can't turn your head :sob::sob::sob::sob: YO I did that shit last night & im dying,aae,True,False,True,35.0,woman,{},-0.5,white,1,1,2,1,1.5,liberal,1
3291,13486996,0,"it is a story about a man exposing his cheating girlfriend and her side dude, but it is not explicit or hateful",gender_race,0,"Seen a vid of a man who girl was cheating, so he decided to expose her by proposing at her job, then have her side dude walk in...",aae,False,False,True,35.0,woman,{},-0.5,white,2,1,2,2,2.0,liberal,0
264,6690712,1,"it is a statement about the word 'n-word' and its relation to the word 'nigger', which is a racial slur",gender_race,0,"Stop calling it 'the n-word', it's NIGGER! Just a colour",white,True,False,False,40.0,woman,{},-0.5,white,4,5,5,5,5.0,liberal,0
1538,85439177,1,it contains a racial slur and uses a derogatory term for a woman,gender_race,1,dem n!gg3rsss be more fragile then my nannas Hummel collection...,aae,False,True,True,25.0,man,{},-1.0,white,5,5,5,5,5.0,liberal,0
1777,59696971,1,it is a racial slur and it is used in a context that is likely to be hurtful to black people,gender_race,1,I like using words like 'nigger' or 'nigga' around black people,aae,True,True,True,25.0,man,{},-0.5,white,5,5,5,5,5.0,liberal,0
3556,95971160,1,it contains a derogatory term for sex workers and a misogynistic comment,gender_race,1,"I'm only knocking certified hookers now, last virgin I was with took everything I taught her to her new man lmao time 4 me 2 learn som",aae,False,False,True,25.0,man,{},-0.5,white,3,1,4,4,4.0,liberal,0
682,55799101,0,it contains a racial slur and conveys a message of racial hatred,gender_race,1,"You was exactly like the nigga I talked about. Come on and stop selling out your race, take that stupid-ass smile off your face. Niggas always gotta show they teeth. But Imma be brief",aae,True,False,True,25.0,man,LGBT,-1.0,white,4,3,3,2,2.5,liberal,0
682,77369868,0,it contains a racial slur and promotes a negative stereotype about black people,gender_race,1,"You was exactly like the nigga I talked about. Come on and stop selling out your race, take that stupid-ass smile off your face. Niggas always gotta show they teeth. But Imma be brief",aae,True,False,True,45.0,woman,none,0.0,white,2,2,2,2,2.0,neutral,0
3396,1226439,0,it is a personal attack on someone's relationship and uses a derogatory term for an ex-partner's partner,gender_race,0,I cant stand that Jamie all through this not 1 person has mentioned the bird hes with get ova it leave @dan_edgar1 alone. Ur ex bird cheated,aae,False,False,True,30.0,nonBinary,{},-1.0,white,2,1,2,2,2.0,liberal,1
3504,36059045,0,it contains a racial slur and a derogatory message towards a child,gender_race,1,If you STILL living with Yo mama I will not argue with you go too yo room better yet go catch a couch before I hurt ya feelings you a CHILD,aae,False,False,True,25.0,woman,{},-1.0,white,3,1,3,2,2.5,liberal,0
3430,34083197,0,it is a hypothetical scenario and the language used is not explicit or derogatory,gender_race,0,Stg if any of my friends said some hurtful shit to me about my personal life 1) we not friends anymore & 2) you getting smacked,aae,True,False,True,30.0,man,{},-0.5,white,2,1,2,2,2.0,liberal,1
3284,71913780,0,it is a poetic way to express a difficult situation,gender_race,0,"'We ll have two diff ways after about 2 yrs'-she whispered. Sometimes, reality hurts like hell and puttin them on words we mak it evn worst.",aae,False,False,True,45.0,woman,{},-0.5,white,1,1,1,1,1.0,liberal,1
3665,91232148,0,"it contains a derogatory term for a character in the death note series and uses a colloquial term to express affection, which may be perceived as insincere or mocking",gender_race,1,when people discuss death note with me they try to discuss how much they love L and I'm like oh gosh no im fucking with Light hunni,aae,True,False,True,40.0,man,{},-1.0,white,1,1,1,1,1.0,liberal,1
3562,27189963,0,it contains a colloquialism that can be interpreted as a racial slur and uses derogatory language,gender_race,1,Sometimes I'll cut a jawn off just for being so damn stupid,aae,False,False,True,35.0,woman,{},-0.5,white,4,1,2,2,2.0,liberal,0
3570,31138333,0,it conveys a stereotypical message suggesting that women use their bodies to obtain benefits and contains vulgar language,gender_race,1,if someone trust you and send you nudes.. why expose them like that just because y'all fall out. that's FUCKED up!:100::middle_finger_medium-dark_skin_tone:,aae,True,False,True,30.0,man,{},-1.0,white,2,1,2,1,1.5,liberal,0
3531,34083197,0,it is a colloquial way to express a thought,gender_race,0,Some of y'all lives don't even be bad..y'all jus either ungrateful or just don't know how to put things in perspective,aae,False,False,True,30.0,man,{},-0.5,white,1,1,1,1,1.0,liberal,1
3508,1226439,0,it is a colloquial way to express frustration,gender_race,0,done got so mad damn ears done silenced everything around me :rage:,aae,False,False,True,30.0,nonBinary,{},-1.0,white,2,1,2,2,2.0,liberal,1
3420,15040445,0,it is a message of self-empowerment and self-awareness,gender_race,0,I'm too broke to buy anything angry... Hot heads ain't sexy. Calling names ain't sexy.. How would a queen address problems? Not wit anger,aae,True,False,True,40.0,woman,bisexual,-0.5,white,1,1,1,1,1.0,liberal,1
4066,15040445,0,it contains explicit language and a derogatory term,gender_race,1,BITCH I MIGHT BE GOING TO ARIZONA IM FUCKING L I V I N G,aae,True,False,True,40.0,woman,bisexual,-0.5,white,1,1,1,1,1.0,liberal,0
3243,1226439,0,it is a statement about the physical appearance of the jackson family and does not contain any hate speech or explicit language,gender_race,0,Aint none of them kids really MJ's man show me A true blood Jackson that don't look like all the rest of the Jacksons.it's like 1000 of em,aae,False,False,True,30.0,nonBinary,{},-1.0,white,1,1,1,1,1.0,liberal,0
3757,15040445,0,it contains explicit language and a racial slur,gender_race,1,WHO FUCKING WITH ME TONIGHT & TOMORROW!?!!! BIRTHDAY IS HERE LIL' BX!:stuck_out_tongue_closed_eyes::stuck_out_tongue_closed_eyes::stuck_out_tongue_closed_eyes::stuck_out_tongue_closed_eyes::stuck_out_tongue_closed_eyes:,aae,True,False,True,40.0,woman,bisexual,-0.5,white,1,1,1,1,1.0,liberal,0
2094,1226439,1,"it implies that black people are only concerned with their own issues and not with the economy, which is a stereotype and contains vulgar language",gender_race,1,Our economy is in the fucking dark and all black people care about is black lives matter,white,True,True,False,30.0,nonBinary,{},-1.0,white,5,5,5,5,5.0,liberal,0
1555,71913780,0,it is a neutral statement about a person's heritage and their potential lack of commonality with the speaker,gender_race,0,"unlike me, my neighbour is dual heritage so we have nothing in common",white,False,True,False,45.0,woman,{},-0.5,white,1,1,2,1,1.5,liberal,1
1612,1226439,1,it contains a racist stereotype and implies that black people are incapable of survival without white people's help,gender_race,1,The Blacks have been given every chance and put in every different scenario and they still can't survive on their own. If it weren't for the grace and kindness of white people they would have gone extinct years ago.,white,False,True,False,30.0,nonBinary,{},-1.0,white,5,5,5,5,5.0,liberal,0
172,52431532,0,it is a statement about the financial dynamics of marriage and does not contain any hate speech or explicit language,gender_race,0,"When they get married they automatically take ownership and all your money is their money. Even though these people were all""š don't need a partner I make my own money in college. But, if their partners didn't have money they wouldn't be married.",white,False,False,False,30.0,man,{},0.0,white,1,1,2,1,1.5,neutral,0
