postId,annId,offensiveYN,reasoning,source,prediction,tweet,dialAm,vulgar,targetsBlackPeople,isAAE,annotatorAge,annotatorGender,annotatorMinority,annotatorPolitics,annotatorRace,intent,racist,toany,toyou,off_avg,annotatorPoliticsBinary,cluster
1043,10638687,1,it contains hate speech and a threat towards a specific group of people,baseline,1,Karma is a bitch. Muslims will get what they deserve.,white,True,False,False,40.0,woman,{},-0.5,black,5,5,5,5,5.0,liberal,0
1043,10638687,1,it contains hate speech and a threat towards a specific group of people,gender,1,Karma is a bitch. Muslims will get what they deserve.,white,True,False,False,40.0,woman,{},-0.5,black,5,5,5,5,5.0,liberal,0
3510,3770894,1,it conveys a message of self-hatred and shame towards the lgbtq+ community,baseline,1,"""Like every other post is a """"reminder"""" that u gotta act exactly this way else ur garbage and buddy im just here to hang n be gay""",aae,False,False,True,40.0,woman,black; female,-1.0,black,5,1,4,4,4.0,liberal,2
3510,3770894,1,"it conveys a message of self-hatred and shame, and uses derogatory language towards the lgbtq+ community",gender,1,"""Like every other post is a """"reminder"""" that u gotta act exactly this way else ur garbage and buddy im just here to hang n be gay""",aae,False,False,True,40.0,woman,black; female,-1.0,black,5,1,4,4,4.0,liberal,2
644,49021087,0,it contains hate speech and explicit language,baseline,1,"to the dick at the drive thru who said ""NIGGER!"" to those ladies who SERVED YOUR COFFEE. What a fucking scumbag. A very most sincere FUCK YOU from me.",white,True,False,False,25.0,man,{},-1.0,black,1,1,3,1,2.0,liberal,0
644,49021087,0,it contains hate speech and explicit language,gender,1,"to the dick at the drive thru who said ""NIGGER!"" to those ladies who SERVED YOUR COFFEE. What a fucking scumbag. A very most sincere FUCK YOU from me.",white,True,False,False,25.0,man,{},-1.0,black,1,1,3,1,2.0,liberal,0
1850,49021087,1,it contains a racial slur and promotes a negative stereotype about a racial group,baseline,1,"British native youth have completely given in to nigger culture, music and customs and constantly encourage miscegenation. In fact they are already starting to talk like the blacks. They need guidance thats for sure",white,True,True,False,25.0,man,{},-1.0,black,5,5,5,5,5.0,liberal,2
1850,49021087,1,it contains a racial slur and promotes a negative stereotype about a racial group,gender,1,"British native youth have completely given in to nigger culture, music and customs and constantly encourage miscegenation. In fact they are already starting to talk like the blacks. They need guidance thats for sure",white,True,True,False,25.0,man,{},-1.0,black,5,5,5,5,5.0,liberal,2
668,64721988,0,it contains a racial slur and a derogatory term for people of low socioeconomic status,baseline,1,"Where we come from, they don't give a thing, so we don't have shit, they leave us young niggas with no options",aae,True,False,True,30.0,man,{},-1.0,black,1,2,4,1,2.5,liberal,1
668,64721988,0,it contains a racial slur and a derogatory term,gender,1,"Where we come from, they don't give a thing, so we don't have shit, they leave us young niggas with no options",aae,True,False,True,30.0,man,{},-1.0,black,1,2,4,1,2.5,liberal,1
1721,3770894,1,it contains a racial slur and makes a derogatory comment about the history of slavery,baseline,1,I don't get why all the blak!x are so mad at us. Its not like we had them as slaves. Although that would be great.,white,False,True,False,40.0,woman,black; female,-1.0,black,5,5,5,5,5.0,liberal,2
1721,3770894,1,it contains a racial slur and makes a derogatory comment about the history of slavery,gender,1,I don't get why all the blak!x are so mad at us. Its not like we had them as slaves. Although that would be great.,white,False,True,False,40.0,woman,black; female,-1.0,black,5,5,5,5,5.0,liberal,2
3410,10638687,0,it contains explicit language and the use of the word 'fuckin' is considered profane,baseline,1,Soooo fuckin mad I couldn't check out wit da @supreme,aae,True,False,True,40.0,woman,{},-0.5,black,2,1,2,2,2.0,liberal,0
3410,10638687,0,it contains explicit language and a derogatory term,gender,1,Soooo fuckin mad I couldn't check out wit da @supreme,aae,True,False,True,40.0,woman,{},-0.5,black,2,1,2,2,2.0,liberal,1
1710,49021087,1,it contains hate speech and makes a threat against a political group,baseline,1,"The ""powers that be"" want chaos and I really don't see any way out of the paths ahead. 1 = Biden wins and R's rebel, truckers protest, supply line disruptions, or 2 = Trump wins and it'll be a category 5: liberals rioting/ murdering and monkeys looting and stealing sail foams'",white,False,True,False,25.0,man,{},-1.0,black,4,4,4,5,4.5,liberal,0
1710,49021087,1,it contains hate speech and makes a threat against a political group,gender,1,"The ""powers that be"" want chaos and I really don't see any way out of the paths ahead. 1 = Biden wins and R's rebel, truckers protest, supply line disruptions, or 2 = Trump wins and it'll be a category 5: liberals rioting/ murdering and monkeys looting and stealing sail foams'",white,False,True,False,25.0,man,{},-1.0,black,4,4,4,5,4.5,liberal,0
949,49021087,1,it contains a derogatory term for people with intellectual disabilities,baseline,1,If they woulda prayed harder maybe they wouldn't have been given a retard kid,white,True,False,False,25.0,man,{},-1.0,black,4,1,5,5,5.0,liberal,1
949,49021087,1,it contains a derogatory term for people with intellectual disabilities,gender,1,If they woulda prayed harder maybe they wouldn't have been given a retard kid,white,True,False,False,25.0,man,{},-1.0,black,4,1,5,5,5.0,liberal,1
876,10638687,1,it promotes racial discrimination,baseline,1,chinese should not marry out of their race,white,False,False,False,40.0,woman,{},-0.5,black,5,5,5,5,5.0,liberal,0
876,10638687,1,it promotes racial discrimination,gender,1,chinese should not marry out of their race,white,False,False,False,40.0,woman,{},-0.5,black,5,5,5,5,5.0,liberal,0
1833,10638687,1,it contains a racial slur and derogatory language,baseline,1,Bruh y'all some broke niggas tryanna sell it for bare notes don't worry about me I got u free my brothashahahhaaha this how they actually talk!,aae,True,True,True,40.0,woman,{},-0.5,black,5,5,5,5,5.0,liberal,1
1833,10638687,1,it contains a racial slur and derogatory language,gender,1,Bruh y'all some broke niggas tryanna sell it for bare notes don't worry about me I got u free my brothashahahhaaha this how they actually talk!,aae,True,True,True,40.0,woman,{},-0.5,black,5,5,5,5,5.0,liberal,1
3486,10166032,1,it contains derogatory language and a racial slur,baseline,1,the FBI hacking into me and olivia's chatlogs: why are these hoes obsessed with ugly peoples,aae,True,False,True,45.0,man,{},0.0,black,4,1,5,3,4.0,neutral,0
3486,10166032,1,it contains derogatory language and a racial slur,gender,1,the FBI hacking into me and olivia's chatlogs: why are these hoes obsessed with ugly peoples,aae,True,False,True,45.0,man,{},0.0,black,4,1,5,3,4.0,neutral,0
722,10638687,1,it contains a racial slur,baseline,1,The Leeds goalkeeper called Charltons loanee striker Jonathan Leko a fucking nigger during a game at the Valley in September last year.,white,True,False,False,40.0,woman,{},-0.5,black,5,5,5,5,5.0,liberal,1
722,10638687,1,it contains a racial slur,gender,1,The Leeds goalkeeper called Charltons loanee striker Jonathan Leko a fucking nigger during a game at the Valley in September last year.,white,True,False,False,40.0,woman,{},-0.5,black,5,5,5,5,5.0,liberal,1
2162,10638687,1,it contains a racial slur and explicit language,baseline,1,stop talking you fucking nigger !,hispanic,True,True,False,40.0,woman,{},-0.5,black,5,5,5,5,5.0,liberal,0
2162,10638687,1,it contains a racial slur and explicit language,gender,1,stop talking you fucking nigger !,hispanic,True,True,False,40.0,woman,{},-0.5,black,5,5,5,5,5.0,liberal,0
2153,3770894,1,it contains hate speech and racial slurs,baseline,1,Fuck them niggas cause I'm not down for those niggas! Fuck the other niggas 'cause I ride for my whites. I'm here and I ride and I die for my whites,aae,True,True,True,40.0,woman,black; female,-1.0,black,5,5,5,5,5.0,liberal,0
2153,3770894,1,it contains hate speech and racial slurs,gender,1,Fuck them niggas cause I'm not down for those niggas! Fuck the other niggas 'cause I ride for my whites. I'm here and I ride and I die for my whites,aae,True,True,True,40.0,woman,black; female,-1.0,black,5,5,5,5,5.0,liberal,0
4121,10166032,1,it contains hate language and derogatory terms towards women and racial slurs,baseline,1,If this bitch don't get !!!!!! :joy::joy::joy::joy::joy: I stg she like 15 & wanna fuss with me !! :joy::joy::joy: me & the nigga crineee on ft at her silly ass ! :joy::joy::joy:,aae,True,False,True,45.0,man,{},0.0,black,5,1,4,4,4.0,neutral,0
4121,10166032,1,it contains hate language and derogatory terms towards women and racial slurs,gender,1,If this bitch don't get !!!!!! :joy::joy::joy::joy::joy: I stg she like 15 & wanna fuss with me !! :joy::joy::joy: me & the nigga crineee on ft at her silly ass ! :joy::joy::joy:,aae,True,False,True,45.0,man,{},0.0,black,5,1,4,4,4.0,neutral,0
1641,10638687,1,it conveys a stereotypical message suggesting that black people are unintelligent and cannot understand certain conversations,baseline,1,black people normally would not even bother engaging in these conversations because they know they are tough as a brick wall and cannot understand them,white,False,True,False,40.0,woman,{},-0.5,black,5,5,5,5,5.0,liberal,2
1641,10638687,1,it conveys a stereotypical message suggesting that black people are unintelligent and cannot understand certain conversations,gender,1,black people normally would not even bother engaging in these conversations because they know they are tough as a brick wall and cannot understand them,white,False,True,False,40.0,woman,{},-0.5,black,5,5,5,5,5.0,liberal,2
2155,10638687,1,it contains hate speech and uses derogatory language to describe a racial group,baseline,1,"This is great man, because I hate niggers too...those jenkem-sucking, welfare-worshiping, shit-skinned, sickle-celled, ass-raping, vine-swinging, bongo-beating bush monkeys Literally apes dirty apes all of them",white,True,True,False,40.0,woman,{},-0.5,black,5,5,5,5,5.0,liberal,0
2155,10638687,1,it contains hate speech and uses derogatory language to describe a racial group,gender,1,"This is great man, because I hate niggers too...those jenkem-sucking, welfare-worshiping, shit-skinned, sickle-celled, ass-raping, vine-swinging, bongo-beating bush monkeys Literally apes dirty apes all of them",white,True,True,False,40.0,woman,{},-0.5,black,5,5,5,5,5.0,liberal,0
3455,10638687,1,it contains a derogatory term for a woman and implies that the woman is promiscuous,baseline,1,How you get mad at me cause I'm wit somebody else ain't nobody tell you to go be a hoe wen I was wit you,aae,True,False,True,40.0,woman,{},-0.5,black,5,1,5,5,5.0,liberal,2
3455,10638687,1,it contains a derogatory term for a woman and implies that she is promiscuous,gender,1,How you get mad at me cause I'm wit somebody else ain't nobody tell you to go be a hoe wen I was wit you,aae,True,False,True,40.0,woman,{},-0.5,black,5,1,5,5,5.0,liberal,2
3122,3770894,1,it contains hate speech and derogatory language towards a woman,baseline,1,bad news in the air.... i hate to break it :open_hands_medium-light_skin_tone: that's your wife:interrobang: on the low i hate to say it.... that bitch BASIC:bangbang:- @iitsAD,white,True,False,False,40.0,woman,black; female,-1.0,black,5,1,5,5,5.0,liberal,0
3122,3770894,1,it contains hate language and derogatory terms,gender,1,bad news in the air.... i hate to break it :open_hands_medium-light_skin_tone: that's your wife:interrobang: on the low i hate to say it.... that bitch BASIC:bangbang:- @iitsAD,white,True,False,False,40.0,woman,black; female,-1.0,black,5,1,5,5,5.0,liberal,0
3498,10638687,1,it contains explicit language and a derogatory term for a woman's genitalia,baseline,1,Sick to death of either seein nobs or ur minge on ur story,aae,False,False,True,40.0,woman,{},-0.5,black,4,1,5,5,5.0,liberal,2
3498,10638687,1,it contains explicit language and a derogatory term for a woman's genitalia,gender,1,Sick to death of either seein nobs or ur minge on ur story,aae,False,False,True,40.0,woman,{},-0.5,black,4,1,5,5,5.0,liberal,2
847,10638687,1,it contains hate speech and promotes violence against a racial group,baseline,1,Black people are just totally pointless in society and should be removed,white,False,False,False,40.0,woman,{},-0.5,black,5,5,5,5,5.0,liberal,0
847,10638687,1,it contains hate speech and promotes violence against a racial group,gender,1,Black people are just totally pointless in society and should be removed,white,False,False,False,40.0,woman,{},-0.5,black,5,5,5,5,5.0,liberal,0
1546,10638687,1,it contains a racial slur and promotes a negative stereotype about black people,baseline,1,Yale University was named for Elihu Yale. Not just a man who had slaves. A visionary who actually traded slaves. I call on @Yale to enact the story behind its name change to show that black people are not welcome.,white,False,True,False,40.0,woman,{},-0.5,black,5,5,5,5,5.0,liberal,2
1546,10638687,1,it contains a racial slur and promotes a negative stereotype about black people,gender,1,Yale University was named for Elihu Yale. Not just a man who had slaves. A visionary who actually traded slaves. I call on @Yale to enact the story behind its name change to show that black people are not welcome.,white,False,True,False,40.0,woman,{},-0.5,black,5,5,5,5,5.0,liberal,2
1632,10638687,1,it promotes hate speech against a particular race,baseline,1,"here's a new Law coming soon, its Illegal to be white",white,False,True,False,40.0,woman,{},-0.5,black,5,5,5,5,5.0,liberal,1
1632,10638687,1,it promotes hate speech against a particular race,gender,1,"here's a new Law coming soon, its Illegal to be white",white,False,True,False,40.0,woman,{},-0.5,black,5,5,5,5,5.0,liberal,1
1663,10638687,1,it contains a racial slur and a stereotype,baseline,1,"well I think everyone should have the right to see it up close and personal, in a zoo, where all blacks belong",white,False,True,False,40.0,woman,{},-0.5,black,5,5,5,5,5.0,liberal,2
1663,10638687,1,it contains a racial slur and a stereotype,gender,1,"well I think everyone should have the right to see it up close and personal, in a zoo, where all blacks belong",white,False,True,False,40.0,woman,{},-0.5,black,5,5,5,5,5.0,liberal,2
613,10638687,1,it contains a list of hate speech and derogatory terms for various groups of people,baseline,1,"""Fuck niggers, kikes, trannies, faggots, spics, arabs, chinks, greasers and fuck jannies!"" -  Please do us all a favor and log off for a bit cause you're not okay.",hispanic,True,False,False,40.0,woman,{},-0.5,black,5,5,5,5,5.0,liberal,0
613,10638687,1,it contains a list of hate speech and derogatory terms for various groups of people,gender,1,"""Fuck niggers, kikes, trannies, faggots, spics, arabs, chinks, greasers and fuck jannies!"" -  Please do us all a favor and log off for a bit cause you're not okay.",hispanic,True,False,False,40.0,woman,{},-0.5,black,5,5,5,5,5.0,liberal,0
3558,10638687,1,it contains hate speech and abusive language,baseline,1,How he dare to say this..... Who is thia idiot !!!!! @ZeeNews # taal thok k,aae,False,False,True,40.0,woman,{},-0.5,black,5,1,5,5,5.0,liberal,0
3558,10638687,1,it contains hate language and a racial slur,gender,1,How he dare to say this..... Who is thia idiot !!!!! @ZeeNews # taal thok k,aae,False,False,True,40.0,woman,{},-0.5,black,5,1,5,5,5.0,liberal,0
2656,10638687,1,it contains hate speech and derogatory language towards politicians and a religious group,baseline,1,The politicians -animals are dancing on the street of Pakistan-AAM ADMI are looking at them-and then look in the sky in search of God-,white,False,False,False,40.0,woman,{},-0.5,black,5,5,5,5,5.0,liberal,0
2656,10638687,1,it contains hate speech and derogatory language towards politicians and religious groups,gender,1,The politicians -animals are dancing on the street of Pakistan-AAM ADMI are looking at them-and then look in the sky in search of God-,white,False,False,False,40.0,woman,{},-0.5,black,5,5,5,5,5.0,liberal,0
2104,49021087,1,it conveys a racist message and contains derogatory language,baseline,1,I don't like being an ass man. I don't want to share a fetish with black people,hispanic,True,True,False,25.0,man,{},-1.0,black,5,5,5,5,5.0,liberal,0
2104,49021087,1,it conveys a racist message and contains derogatory language,gender,1,I don't like being an ass man. I don't want to share a fetish with black people,hispanic,True,True,False,25.0,man,{},-1.0,black,5,5,5,5,5.0,liberal,0
810,10638687,1,it contains a reference to the holocaust and promotes anti-semitic views,baseline,1,Hitler had plenty of good reasons to get rid of the jews...according to necessity of course.,white,False,False,False,40.0,woman,{},-0.5,black,5,5,5,5,5.0,liberal,0
810,10638687,1,it contains a reference to the holocaust and promotes anti-semitic views,gender,1,Hitler had plenty of good reasons to get rid of the jews...according to necessity of course.,white,False,False,False,40.0,woman,{},-0.5,black,5,5,5,5,5.0,liberal,0
3699,8526465,0,it contains explicit language and a derogatory term for women,baseline,1,Why is everyone so worried about @Rashida_Staar and what she got going on Mind your mutha fucking business drama feeled bitchs,aae,True,False,True,35.0,man,{},0.0,black,3,1,2,2,2.0,neutral,0
3699,8526465,0,it contains explicit language and a derogatory term for women,gender,1,Why is everyone so worried about @Rashida_Staar and what she got going on Mind your mutha fucking business drama feeled bitchs,aae,True,False,True,35.0,man,{},0.0,black,3,1,2,2,2.0,neutral,0
1381,10638687,1,it contains a racial slur and makes a derogatory comparison between cats and a racial group,baseline,1,all cats do is shit and lick their balls. Just like some niggers I know.,white,True,False,False,40.0,woman,{},-0.5,black,5,5,5,5,5.0,liberal,2
1381,10638687,1,it contains a racial slur and makes a derogatory comparison between cats and a racial group,gender,1,all cats do is shit and lick their balls. Just like some niggers I know.,white,True,False,False,40.0,woman,{},-0.5,black,5,5,5,5,5.0,liberal,2
1725,10638687,1,"it contains racial slurs and stereotypes, including the use of the term 'whiteaho' to describe a predominantly white area, and derogatory terms for black and mexican people",baseline,1,"I was raised in Idaho, amazing place. There is a reason they call it whiteaho. There was 1 single black in my town growing up. He was a halfie and wasn't too bad. Though still did the whole poor black me whine. I don't remember ever meeting a J3w my entire life until I left the state. But. The Mexicans did infiltrate and there are quite a few wetbacks there. Only downfall.",white,False,True,False,40.0,woman,{},-0.5,black,5,5,5,5,5.0,liberal,2
1725,10638687,1,"it contains racial slurs and stereotypes, including the use of the term 'whiteaho' to describe a predominantly white area, and the derogatory term 'wetbacks' to describe mexican immigrants",gender,1,"I was raised in Idaho, amazing place. There is a reason they call it whiteaho. There was 1 single black in my town growing up. He was a halfie and wasn't too bad. Though still did the whole poor black me whine. I don't remember ever meeting a J3w my entire life until I left the state. But. The Mexicans did infiltrate and there are quite a few wetbacks there. Only downfall.",white,False,True,False,40.0,woman,{},-0.5,black,5,5,5,5,5.0,liberal,2
1574,8526465,1,it contains a racial stereotype and a negative generalization about a group of people,baseline,1,"Unfortunately, Black people's behavior demonstrates they are disproportionately corrupt.",white,False,True,False,35.0,man,{},0.0,black,5,5,5,5,5.0,neutral,2
1574,8526465,1,it contains a racial stereotype and a negative generalization about a group of people,gender,1,"Unfortunately, Black people's behavior demonstrates they are disproportionately corrupt.",white,False,True,False,35.0,man,{},0.0,black,5,5,5,5,5.0,neutral,2
1736,10638687,1,it contains hate speech and racial slurs,baseline,1,"Trump just gave niggers 500 billion dollars. If he's not a n1gger loving cocksucker, I don't know what he is.",white,True,True,False,40.0,woman,{},-0.5,black,5,5,5,5,5.0,liberal,0
1736,10638687,1,it contains hate speech and racial slurs,gender,1,"Trump just gave niggers 500 billion dollars. If he's not a n1gger loving cocksucker, I don't know what he is.",white,True,True,False,40.0,woman,{},-0.5,black,5,5,5,5,5.0,liberal,0
1138,10638687,1,it contains hate speech and a racial slur,baseline,1,Sick of their shit? Then stop watching your TV  - and do something. Violence is one of only two things these immigrants understand!,white,True,False,False,40.0,woman,{},-0.5,black,5,5,5,5,5.0,liberal,0
1138,10638687,1,it contains hate speech and a racial slur,gender,1,Sick of their shit? Then stop watching your TV  - and do something. Violence is one of only two things these immigrants understand!,white,True,False,False,40.0,woman,{},-0.5,black,5,5,5,5,5.0,liberal,0
3483,10638687,1,it uses a racial slur,baseline,1,"""Somebody call my manager and say you got an urgent message for a nigga named William, """"drop everything, Craig's in trouble, come quick""""""",aae,True,False,True,40.0,woman,{},-0.5,black,5,5,5,5,5.0,liberal,1
3483,10638687,1,it uses a racial slur,gender,1,"""Somebody call my manager and say you got an urgent message for a nigga named William, """"drop everything, Craig's in trouble, come quick""""""",aae,True,False,True,40.0,woman,{},-0.5,black,5,5,5,5,5.0,liberal,1
1656,3088028,1,it contains hate speech and racial slurs,baseline,1,I just have a bad feeling that GolliWood will embrace this poor put upon nigrah because it is the current coddling libtard favorite black face of everything unpatriotic and anti-American.,white,False,True,False,30.0,woman,{},-0.5,black,5,5,5,5,5.0,liberal,0
1656,3088028,1,it contains hate speech and racial slurs,gender,1,I just have a bad feeling that GolliWood will embrace this poor put upon nigrah because it is the current coddling libtard favorite black face of everything unpatriotic and anti-American.,white,False,True,False,30.0,woman,{},-0.5,black,5,5,5,5,5.0,liberal,0
1522,10638687,1,it contains hate language and makes a threat of violence,baseline,1,"I need to rant apologies but this fucking bitch, does she think we are fucking stupid? Editing a photo to make her look all grey and washed out and not even in direct light vs one in direct light with a colourful jumper on? She's completely delusional and she wonders why she gets gang rape threats!",white,True,False,False,40.0,woman,{},-0.5,black,5,1,5,5,5.0,liberal,0
1522,10638687,1,it contains hate language and makes a threat of violence,gender,1,"I need to rant apologies but this fucking bitch, does she think we are fucking stupid? Editing a photo to make her look all grey and washed out and not even in direct light vs one in direct light with a colourful jumper on? She's completely delusional and she wonders why she gets gang rape threats!",white,True,False,False,40.0,woman,{},-0.5,black,5,1,5,5,5.0,liberal,0
1705,8526465,1,it contains a racial slur and promotes a discriminatory attitude,baseline,1,"lets be honest, if I said I cant stand blacks you wouldn't say a thing. It's the truth and you wouldn't mind cos you know it too. Im glad we can be open and honest with each other.",white,False,True,False,35.0,man,{},0.0,black,5,5,5,5,5.0,neutral,0
1705,8526465,1,it contains a racial slur and promotes a discriminatory message,gender,1,"lets be honest, if I said I cant stand blacks you wouldn't say a thing. It's the truth and you wouldn't mind cos you know it too. Im glad we can be open and honest with each other.",white,False,True,False,35.0,man,{},0.0,black,5,5,5,5,5.0,neutral,0
3620,10638687,0,it contains explicit language and implies substance abuse,baseline,1,If it wasn't cause I have to come into work I woulda went home got me fucked up,aae,True,False,True,40.0,woman,{},-0.5,black,2,1,2,3,2.5,liberal,0
3620,10638687,0,it contains explicit language and a colloquial expression that implies substance abuse,gender,1,If it wasn't cause I have to come into work I woulda went home got me fucked up,aae,True,False,True,40.0,woman,{},-0.5,black,2,1,2,3,2.5,liberal,0
673,3088028,1,it contains hate speech and a racial slur,baseline,1,"""I fucking hate niggers so goddamn much."" - Cool cos I fucking hate you so goddamn much too!",hispanic,True,False,False,30.0,woman,{},-0.5,black,5,5,5,5,5.0,liberal,0
673,3088028,1,it contains hate speech and a racial slur,gender,1,"""I fucking hate niggers so goddamn much."" - Cool cos I fucking hate you so goddamn much too!",hispanic,True,False,False,30.0,woman,{},-0.5,black,5,5,5,5,5.0,liberal,0
2175,10638687,1,it contains a racial slur and a threat,baseline,1,"Oh mate I am SO going to fuck you up next time I see you, nigger !",hispanic,True,True,False,40.0,woman,{},-0.5,black,5,5,5,5,5.0,liberal,1
2175,10638687,1,it contains a racial slur and a threat,gender,1,"Oh mate I am SO going to fuck you up next time I see you, nigger !",hispanic,True,True,False,40.0,woman,{},-0.5,black,5,5,5,5,5.0,liberal,1
49,8526465,0,it contains a message that is harmful to the lgbtq+ community and marginalizes women loving women,baseline,1,"I fully support artists who freely express themselves and applaud male and female artists who are opening up more and more about their sexual identities, but every so often there come certain songs with messaging that is just downright tone-deaf, which does more harm than good for the LGBTQ+ community. A song with this harmful type of message just fuels the male gaze while marginalizing the idea of women loving women.",white,False,False,False,35.0,man,{},0.0,black,1,1,1,1,1.0,neutral,0
49,8526465,0,it contains a message that is harmful to the lgbtq+ community and marginalizes the idea of women loving women,gender,1,"I fully support artists who freely express themselves and applaud male and female artists who are opening up more and more about their sexual identities, but every so often there come certain songs with messaging that is just downright tone-deaf, which does more harm than good for the LGBTQ+ community. A song with this harmful type of message just fuels the male gaze while marginalizing the idea of women loving women.",white,False,False,False,35.0,man,{},0.0,black,1,1,1,1,1.0,neutral,2
2779,10638687,1,it contains explicit language and a threat,baseline,1,Lame as hell don't send me no kissy faces and you have a WHOLE entire girlfriend bc I will take it there,white,False,False,False,40.0,woman,{},-0.5,black,4,1,4,4,4.0,liberal,1
2779,10638687,1,it contains a threat of violence and a derogatory term for a romantic partner,gender,1,Lame as hell don't send me no kissy faces and you have a WHOLE entire girlfriend bc I will take it there,white,False,False,False,40.0,woman,{},-0.5,black,4,1,4,4,4.0,liberal,1
322,10638687,1,it contains a racial slur and a derogatory term for a police officer,baseline,1,Every police officer is a resentful son of a bitch with a lot of power,white,True,False,False,40.0,woman,{},-0.5,black,5,1,5,5,5.0,liberal,1
322,10638687,1,it contains a racial slur and a derogatory term for a police officer,gender,1,Every police officer is a resentful son of a bitch with a lot of power,white,True,False,False,40.0,woman,{},-0.5,black,5,1,5,5,5.0,liberal,1
773,8526465,1,it contains a derogatory term for a person with dwarfism,baseline,1,"I just saw this midget in town and he tried to talk to me, no thanks.",white,False,False,False,35.0,man,{},0.0,black,5,1,5,5,5.0,neutral,1
773,8526465,1,it contains a derogatory term for a person with dwarfism,gender,1,"I just saw this midget in town and he tried to talk to me, no thanks.",white,False,False,False,35.0,man,{},0.0,black,5,1,5,5,5.0,neutral,1
2016,8526465,1,it conveys a message of racism and contains explicit language,baseline,1,this black colleague of mine is one of the reasons why my life fucking sucks,white,True,True,False,35.0,man,{},0.0,black,5,5,5,5,5.0,neutral,0
2016,8526465,1,it conveys a message of racism and contains explicit language,gender,1,this black colleague of mine is one of the reasons why my life fucking sucks,white,True,True,False,35.0,man,{},0.0,black,5,5,5,5,5.0,neutral,0
4056,10638687,1,it contains multiple instances of explicit language and derogatory terms,baseline,1,I'm not finna buy no mf twitter account!! Stop asking me that stupid ass:peach: shit:shit:!!! If anything I'll pay to get mine updated bitch.!!,aae,True,False,True,40.0,woman,{},-0.5,black,5,1,5,5,5.0,liberal,1
4056,10638687,1,it contains multiple instances of explicit language and derogatory terms,gender,1,I'm not finna buy no mf twitter account!! Stop asking me that stupid ass:peach: shit:shit:!!! If anything I'll pay to get mine updated bitch.!!,aae,True,False,True,40.0,woman,{},-0.5,black,5,1,5,5,5.0,liberal,1
1401,3770894,1,"it contains hate speech, racial slurs, and threats",baseline,1,"Yeah. Verbose, wise-ass, know it all and downright SMUG Jew. I hate punks like this, saturated in Cultural Marxist propaganda. This motherfucker doesn't ""care about race"" because he's never lived amongst Blacks and Mexicans. I'd love to shove his lame, kosher ass into a jail cell full of Negro brutes. Then ask him later (if he lives haha) if he still does not care about race.",white,True,False,False,40.0,woman,black; female,-1.0,black,5,5,5,5,5.0,liberal,0
1401,3770894,1,it contains hate speech and racial slurs,gender,1,"Yeah. Verbose, wise-ass, know it all and downright SMUG Jew. I hate punks like this, saturated in Cultural Marxist propaganda. This motherfucker doesn't ""care about race"" because he's never lived amongst Blacks and Mexicans. I'd love to shove his lame, kosher ass into a jail cell full of Negro brutes. Then ask him later (if he lives haha) if he still does not care about race.",white,True,False,False,40.0,woman,black; female,-1.0,black,5,5,5,5,5.0,liberal,0
3474,3088028,0,it contains a racial slur and a derogatory term for a woman,baseline,1,Sis don't assume I'm talking about yo nigga and get in yo feelings .. Yo nigga not the only one on my line :joy:,aae,True,False,True,30.0,woman,{},-0.5,black,5,2,3,2,2.5,liberal,1
3474,3088028,0,it contains a racial slur and a derogatory term for a woman,gender,1,Sis don't assume I'm talking about yo nigga and get in yo feelings .. Yo nigga not the only one on my line :joy:,aae,True,False,True,30.0,woman,{},-0.5,black,5,2,3,2,2.5,liberal,1
3989,74158862,1,it contains explicit language and a derogatory term for a woman,baseline,1,lings for a swinger I fucked I refuse to catch feelings for a swinger I fucked BITCH I REPEAT I REFUSE TO CATCH FEELINGS FOR THIS MF SWINGER,aae,True,False,True,45.0,man,NONE,0.5,black,4,4,4,5,4.5,conservative,1
3989,74158862,1,it contains explicit language and a derogatory term for a woman,gender,1,lings for a swinger I fucked I refuse to catch feelings for a swinger I fucked BITCH I REPEAT I REFUSE TO CATCH FEELINGS FOR THIS MF SWINGER,aae,True,False,True,45.0,man,NONE,0.5,black,4,4,4,5,4.5,conservative,1
404,8526465,0,it contains explicit language,baseline,1,my chair can eat my shit,aae,True,False,True,35.0,man,{},0.0,black,2,1,2,1,1.5,neutral,1
404,8526465,0,it contains explicit language,gender,1,my chair can eat my shit,aae,True,False,True,35.0,man,{},0.0,black,2,1,2,1,1.5,neutral,1
1816,49021087,1,it promotes the use of a racial slur,baseline,1,CHECK THESE LYRICS TO AN UNNAMED SONG. TUNE OUT THAT NIGGA MUSIC,aae,True,True,True,25.0,man,{},-1.0,black,4,5,4,4,4.0,liberal,1
1816,49021087,1,it promotes the use of a racial slur,gender,1,CHECK THESE LYRICS TO AN UNNAMED SONG. TUNE OUT THAT NIGGA MUSIC,aae,True,True,True,25.0,man,{},-1.0,black,4,5,4,4,4.0,liberal,1
1682,49021087,1,it contains hate speech and stereotypes,baseline,1,"I saw a clip of this absolute genius from blm today trying to justify their looting and stealing because, ""this country was stolen in the first place.....and george floyd"" idiot",white,False,True,False,25.0,man,{},-1.0,black,5,3,4,4,4.0,liberal,0
1682,49021087,1,it contains hate speech and stereotypes,gender,1,"I saw a clip of this absolute genius from blm today trying to justify their looting and stealing because, ""this country was stolen in the first place.....and george floyd"" idiot",white,False,True,False,25.0,man,{},-1.0,black,5,3,4,4,4.0,liberal,0
1592,10638687,1,"it conveys a stereotypical message suggesting that black people are associated with ""gangsta"" talk and behavior",baseline,1,"Of course they like all that ""gangsta"" talk and black behaviour, but how do they react when they see one (let alone having to be surrounded by them)?",hispanic,False,True,False,40.0,woman,{},-0.5,black,5,5,5,5,5.0,liberal,2
1592,10638687,1,"it conveys a stereotypical message suggesting that black people are associated with ""gangsta"" talk and behavior",gender,1,"Of course they like all that ""gangsta"" talk and black behaviour, but how do they react when they see one (let alone having to be surrounded by them)?",hispanic,False,True,False,40.0,woman,{},-0.5,black,5,5,5,5,5.0,liberal,2
3471,3088028,0,it contains derogatory language and a threat,baseline,1,ion care if yall hoes get mad just dont get in the way,aae,True,False,True,30.0,woman,{},-0.5,black,3,1,2,2,2.0,liberal,1
3471,3088028,0,it contains derogatory language and a threat,gender,1,ion care if yall hoes get mad just dont get in the way,aae,True,False,True,30.0,woman,{},-0.5,black,3,1,2,2,2.0,liberal,1
1823,10638687,1,it contains a racial slur and a derogatory description of people,baseline,1,"I've been to Italy a few times, and only saw two niggers in Venice.... some old dudes who were missing nearly all their teeth.. . I just don't go back to Venice.. problem solved.",white,True,True,False,40.0,woman,{},-0.5,black,5,5,5,5,5.0,liberal,2
1823,10638687,1,it contains a racial slur and a derogatory description of people,gender,1,"I've been to Italy a few times, and only saw two niggers in Venice.... some old dudes who were missing nearly all their teeth.. . I just don't go back to Venice.. problem solved.",white,True,True,False,40.0,woman,{},-0.5,black,5,5,5,5,5.0,liberal,2
1830,49021087,1,it contains hate speech and a racial slur,baseline,1,Those niggers should kill themselves,hispanic,True,True,False,25.0,man,{},-1.0,black,5,5,5,5,5.0,liberal,0
1830,49021087,1,it contains a racial slur and promotes violence,gender,1,Those niggers should kill themselves,hispanic,True,True,False,25.0,man,{},-1.0,black,5,5,5,5,5.0,liberal,0
660,10638687,1,it contains hate speech and misogynistic language,baseline,1,"Someone told me ""I'd rather cut myself than being a woman, women are all fuckable bitches with tits"". I can't believe someone would think like that!",white,True,False,False,40.0,woman,{},-0.5,black,5,1,5,5,5.0,liberal,0
660,10638687,1,it contains hate speech and misogynistic language,gender,1,"Someone told me ""I'd rather cut myself than being a woman, women are all fuckable bitches with tits"". I can't believe someone would think like that!",white,True,False,False,40.0,woman,{},-0.5,black,5,1,5,5,5.0,liberal,0
1576,8526465,1,it contains hate speech and makes a comparison between blm and the nazis,baseline,1,"Exactly, not only that but BLM has been talking about white privilege for awhile now, yet it's the white privilege which is attracting them to our woman and our own woman to whites. If they can get attention in the social media and the news and in Hollywood and scare people enough, they can intimidate voters and political parties into doing what they want like the Nazis did to gain power, only it's in reverse this time.",white,False,True,False,35.0,man,{},0.0,black,5,5,5,5,5.0,neutral,2
1576,8526465,1,it contains hate speech and makes a comparison between blm and the nazis,gender,1,"Exactly, not only that but BLM has been talking about white privilege for awhile now, yet it's the white privilege which is attracting them to our woman and our own woman to whites. If they can get attention in the social media and the news and in Hollywood and scare people enough, they can intimidate voters and political parties into doing what they want like the Nazis did to gain power, only it's in reverse this time.",white,False,True,False,35.0,man,{},0.0,black,5,5,5,5,5.0,neutral,2
67,10638687,1,"it contains a word that is often used to describe a person who is easily upset or provoked, and is often used in a derogatory manner",baseline,1,"the fact is that I love winding them up, they are so easy to triggerv",white,False,False,False,40.0,woman,{},-0.5,black,4,1,3,4,3.5,liberal,1
67,10638687,1,it contains a word that is often used to describe a trigger for a person with a mental health condition,gender,1,"the fact is that I love winding them up, they are so easy to triggerv",white,False,False,False,40.0,woman,{},-0.5,black,4,1,3,4,3.5,liberal,1
3554,54904271,0,it contains a racial slur and a derogatory term for a political figure,baseline,1,Cause my money running like Forest gump these niggahs hate me like I'm Donald trump:microphone: @YoungDolph,aae,False,False,True,45.0,man,{},-1.0,black,1,1,2,1,1.5,liberal,1
3554,54904271,0,it contains a racial slur and a derogatory term for a political figure,gender,1,Cause my money running like Forest gump these niggahs hate me like I'm Donald trump:microphone: @YoungDolph,aae,False,False,True,45.0,man,{},-1.0,black,1,1,2,1,1.5,liberal,1
3436,54904271,0,it contains explicit language and conveys a negative sentiment towards a group of people,baseline,1,"""These are the same people who give no fucks for the ~consequences~ of their """"messing up"""" and will take no responsibility over that. Fuck 'em""",aae,True,False,True,45.0,man,{},-1.0,black,1,1,2,1,1.5,liberal,2
3436,54904271,0,it contains explicit language and conveys a negative sentiment towards a group of people,gender,1,"""These are the same people who give no fucks for the ~consequences~ of their """"messing up"""" and will take no responsibility over that. Fuck 'em""",aae,True,False,True,45.0,man,{},-1.0,black,1,1,2,1,1.5,liberal,2
377,54904271,0,it uses a racial slur and objectifies women,baseline,1,"Ayo, yall check it my niggas, wanna know how I achieved this body?",aae,True,False,True,45.0,man,{},-1.0,black,1,1,2,1,1.5,liberal,0
377,54904271,0,it uses a racial slur,gender,1,"Ayo, yall check it my niggas, wanna know how I achieved this body?",aae,True,False,True,45.0,man,{},-1.0,black,1,1,2,1,1.5,liberal,1
2128,74158862,1,it contains a racial slur and a derogatory comparison of a person to an animal,baseline,1,"If that ngr is clever enough to get his skinny ass into this country, he's competent enough to be held responsible for chimping out.",white,True,True,False,45.0,man,NONE,1.0,black,4,5,5,3,4.0,conservative,2
2128,74158862,1,it contains a racial slur and a derogatory comparison of a person to an animal,gender,1,"If that ngr is clever enough to get his skinny ass into this country, he's competent enough to be held responsible for chimping out.",white,True,True,False,45.0,man,NONE,1.0,black,4,5,5,3,4.0,conservative,2
1837,18991638,1,it contains a threat of violence and a racial slur,baseline,1,"Lol watch out nigga, I'm going to find you and kill you and all your family.",hispanic,True,True,False,35.0,woman,"immigrant, black,",0.0,black,4,2,5,5,5.0,neutral,2
1837,18991638,1,it contains a threat of violence and a racial slur,gender,1,"Lol watch out nigga, I'm going to find you and kill you and all your family.",hispanic,True,True,False,35.0,woman,"immigrant, black,",0.0,black,4,2,5,5,5.0,neutral,2
2170,54904271,1,it contains hate speech and racial slurs,baseline,1,"I really hate the libtard freaks that coddle this garbage. The way things are going...the future looks to be a distinctly unpalatable one. I thank fuck I'm forty-seven and didn't have kids. The inner cities of Britain have become incrementally worse in the last 20 years. Years ago, you never saw any niggers. If you did, it would be on its own. Now they're ubiquitous, sadly. What's Sydney like for niggers? Does it have a blend of different niggers like London?",white,True,True,False,45.0,man,{},-1.0,black,4,5,5,5,5.0,liberal,0
2170,54904271,1,it contains hate speech and racial slurs,gender,1,"I really hate the libtard freaks that coddle this garbage. The way things are going...the future looks to be a distinctly unpalatable one. I thank fuck I'm forty-seven and didn't have kids. The inner cities of Britain have become incrementally worse in the last 20 years. Years ago, you never saw any niggers. If you did, it would be on its own. Now they're ubiquitous, sadly. What's Sydney like for niggers? Does it have a blend of different niggers like London?",white,True,True,False,45.0,man,{},-1.0,black,4,5,5,5,5.0,liberal,0
2096,54904271,1,it contains hate speech and stereotypes about racial groups,baseline,1,"it's simple - blacks chimp out and get free shit, whites dont chimp out and get fucked in the ass. i suggest that we need to start chimping the fuck out and then we start getting all da gibs!",aae,True,True,True,45.0,man,{},-1.0,black,5,5,5,5,5.0,liberal,0
2096,54904271,1,it contains hate speech and stereotypes,gender,1,"it's simple - blacks chimp out and get free shit, whites dont chimp out and get fucked in the ass. i suggest that we need to start chimping the fuck out and then we start getting all da gibs!",aae,True,True,True,45.0,man,{},-1.0,black,5,5,5,5,5.0,liberal,0
2683,54904271,0,it contains explicit language and expresses a strong negative emotion towards a group of people,baseline,1,"And now people are threatening the Gotham twitter, I'm done. This fandom is too goddamn disgusting.",white,False,False,False,45.0,man,{},-1.0,black,1,1,1,1,1.0,liberal,2
2683,54904271,0,it contains explicit language and conveys a negative sentiment towards a group of people,gender,1,"And now people are threatening the Gotham twitter, I'm done. This fandom is too goddamn disgusting.",white,False,False,False,45.0,man,{},-1.0,black,1,1,1,1,1.0,liberal,2
724,54904271,1,"it contains hate speech and derogatory language towards a person's physical appearance, personality, and age",baseline,1,"Ragyo is deadass so ugly. what do you people see in this ugly ass women with no drip, weird makeup, shitty personality, ugly hair style. Yall mfs must be down bad for milfs #ragyo",aae,True,False,True,45.0,man,{},-1.0,black,3,1,4,4,4.0,liberal,0
724,54904271,1,it contains hate speech and derogatory language towards a person's physical appearance and personality,gender,1,"Ragyo is deadass so ugly. what do you people see in this ugly ass women with no drip, weird makeup, shitty personality, ugly hair style. Yall mfs must be down bad for milfs #ragyo",aae,True,False,True,45.0,man,{},-1.0,black,3,1,4,4,4.0,liberal,0
2214,54904271,1,it contains a racial slur and uses derogatory language,baseline,1,"You was exactly like the nigga I talked about. Come on and stop selling out, take that stupid-ass smile off your face. Niggas always gotta show they teeth. But be brief",aae,True,True,True,45.0,man,{},-1.0,black,3,5,5,5,5.0,liberal,0
2214,54904271,1,it contains multiple instances of racial slurs and derogatory language,gender,1,"You was exactly like the nigga I talked about. Come on and stop selling out, take that stupid-ass smile off your face. Niggas always gotta show they teeth. But be brief",aae,True,True,True,45.0,man,{},-1.0,black,3,5,5,5,5.0,liberal,0
1742,54904271,1,it promotes slavery and uses a racial slur,baseline,1,Anti-Slavery International should be destroyed. We need that negro free labour to function.,white,True,True,False,45.0,man,{},-1.0,black,5,5,5,5,5.0,liberal,0
1742,54904271,1,it promotes slavery and uses a racial slur,gender,1,Anti-Slavery International should be destroyed. We need that negro free labour to function.,white,True,True,False,45.0,man,{},-1.0,black,5,5,5,5,5.0,liberal,0
3530,74158862,1,it contains a threat of violence and uses colloquial language that may be perceived as aggressive,baseline,1,I Kan put a hit on you homie you know I'm good for it!!! But I'll do you in myself Kuz it's Personal.,aae,False,False,True,45.0,man,NONE,1.0,black,3,5,3,4,3.5,conservative,2
3530,74158862,1,it contains a threat of violence and uses colloquial language that may be perceived as aggressive,gender,1,I Kan put a hit on you homie you know I'm good for it!!! But I'll do you in myself Kuz it's Personal.,aae,False,False,True,45.0,man,NONE,1.0,black,3,5,3,4,3.5,conservative,2
1347,64721988,1,it contains hate language and stereotypes about people with disabilities,baseline,1,"Wait, wait, wait, a fucking minute! Did this silly bitch really just try to be ""sexy"" doing ASL sign language?! What the fuck is wrong her?! Nothing about disabled is sexy",white,True,False,False,30.0,man,{},-1.0,black,4,1,5,4,4.5,liberal,0
1347,64721988,1,it contains hate language and conveys a derogatory message towards people with disabilities,gender,1,"Wait, wait, wait, a fucking minute! Did this silly bitch really just try to be ""sexy"" doing ASL sign language?! What the fuck is wrong her?! Nothing about disabled is sexy",white,True,False,False,30.0,man,{},-1.0,black,4,1,5,4,4.5,liberal,0
1624,74158862,1,it uses a racial slur and a derogatory term to describe a group of people,baseline,1,They are behaving like the black ghetto trash that they are,aae,False,True,True,45.0,man,NONE,1.0,black,2,4,4,3,3.5,conservative,1
1624,74158862,1,it contains a racial slur and a derogatory term,gender,1,They are behaving like the black ghetto trash that they are,aae,False,True,True,45.0,man,NONE,1.0,black,2,4,4,3,3.5,conservative,1
3513,54904271,0,it contains hate speech and derogatory language towards a person,baseline,1,"Briana know she wrong!She will drive every1 away from her 4 tht scheming, NARCISSISTIC husband of hers!@LFM_BrianaRenee @LittleWomenTV",aae,False,False,True,45.0,man,{},-1.0,black,1,1,1,1,1.0,liberal,0
3513,54904271,0,it contains hate speech and derogatory language towards a person,gender,1,"Briana know she wrong!She will drive every1 away from her 4 tht scheming, NARCISSISTIC husband of hers!@LFM_BrianaRenee @LittleWomenTV",aae,False,False,True,45.0,man,{},-1.0,black,1,1,1,1,1.0,liberal,0
3557,74158862,1,it contains a derogatory message and a threat,baseline,1,You can't be ran through & a trophy at the same time. You washed up ma' so 9/10 you gone end up with somebody as low as you! :wink:,aae,False,False,True,45.0,man,NONE,1.0,black,2,4,5,3,4.0,conservative,1
3557,74158862,1,it contains hate language and a derogatory message,gender,1,You can't be ran through & a trophy at the same time. You washed up ma' so 9/10 you gone end up with somebody as low as you! :wink:,aae,False,False,True,45.0,man,NONE,1.0,black,2,4,5,3,4.0,conservative,0
760,54904271,1,it promotes a conspiracy theory that is widely considered to be antisemitic,baseline,1,Pls Never forget that Jews did 9/11.,white,False,False,False,45.0,man,{},-1.0,black,5,5,5,5,5.0,liberal,2
760,54904271,1,it promotes a conspiracy theory that is widely considered to be antisemitic,gender,1,Pls Never forget that Jews did 9/11.,white,False,False,False,45.0,man,{},-1.0,black,5,5,5,5,5.0,liberal,2
1724,54904271,1,it perpetuates a racial stereotype,baseline,1,blacks love to sell drugs,aae,False,True,True,45.0,man,{},-1.0,black,5,5,5,5,5.0,liberal,2
1724,54904271,1,it perpetuates a racial stereotype,gender,1,blacks love to sell drugs,aae,False,True,True,45.0,man,{},-1.0,black,5,5,5,5,5.0,liberal,2
1824,54904271,1,it contains hate speech and racial slurs,baseline,1,We should ask why bedbugs have niggers. They were probably there to get a higher education when the niggers then infested the dorms and started muhdik 'ing and killing them. Any one think that maybe we should sell sniper to bedbugs?,white,True,True,False,45.0,man,{},-1.0,black,5,5,5,5,5.0,liberal,0
1824,54904271,1,it contains hate speech and racial slurs,gender,1,We should ask why bedbugs have niggers. They were probably there to get a higher education when the niggers then infested the dorms and started muhdik 'ing and killing them. Any one think that maybe we should sell sniper to bedbugs?,white,True,True,False,45.0,man,{},-1.0,black,5,5,5,5,5.0,liberal,0
679,74158862,1,it contains a racial slur and is a derogatory term,baseline,1,Why am i always called a fucking nigger,hispanic,True,False,False,45.0,man,NONE,1.0,black,3,5,3,5,4.0,conservative,1
679,74158862,1,it contains a racial slur and is a derogatory term,gender,1,Why am i always called a fucking nigger,hispanic,True,False,False,45.0,man,NONE,1.0,black,3,5,3,5,4.0,conservative,1
1530,18991638,1,it contains derogatory language towards the lgbtq+ community and promotes the spread of misinformation about hiv/aids,baseline,1,"I mean, I dont care if all the gays are infected to the nines. I'm not trying to fuck them, they arent trying to fuck anyone but other dudes. Just making doctors rich raw dogging their twink boys.Who cares what they got or do, its an insular culture anyway.

",white,True,False,False,35.0,woman,"immigrant, black,",0.0,black,5,1,5,5,5.0,neutral,0
1530,18991638,1,it contains derogatory language towards the lgbtq+ community and promotes the spread of misinformation about a health issue,gender,1,"I mean, I dont care if all the gays are infected to the nines. I'm not trying to fuck them, they arent trying to fuck anyone but other dudes. Just making doctors rich raw dogging their twink boys.Who cares what they got or do, its an insular culture anyway.

",white,True,False,False,35.0,woman,"immigrant, black,",0.0,black,5,1,5,5,5.0,neutral,0
1345,54904271,0,it contains vulgar language and derogatory term,baseline,1,this bitch is so shit.,aae,True,False,True,45.0,man,{},-1.0,black,1,1,3,1,2.0,liberal,0
1345,54904271,0,it contains vulgar language and derogatory term,gender,1,this bitch is so shit.,aae,True,False,True,45.0,man,{},-1.0,black,1,1,3,1,2.0,liberal,0
2912,54904271,1,it conveys a stereotypical message suggesting that black men are attracted to women of other races and contains a racial slur,baseline,1,"black men fight alongside their non-black exxotical queens against the white man, is really the black male wet dream, so again not surprised",white,True,False,False,45.0,man,{},-1.0,black,3,5,4,5,4.5,liberal,2
2912,54904271,1,it conveys a stereotypical message suggesting that black men are attracted to women of other races and contains a racial slur,gender,1,"black men fight alongside their non-black exxotical queens against the white man, is really the black male wet dream, so again not surprised",white,True,False,False,45.0,man,{},-1.0,black,3,5,4,5,4.5,liberal,2
2217,54904271,1,it contains a racial slur and promotes a negative stereotype about a group of people,baseline,1,"Where we come from, they don't give a thing, so we don't have shit, they leave us young people with no options and give it all to niggas",aae,True,True,True,45.0,man,{},-1.0,black,5,5,5,5,5.0,liberal,2
2217,54904271,1,it contains a racial slur and a derogatory term,gender,1,"Where we come from, they don't give a thing, so we don't have shit, they leave us young people with no options and give it all to niggas",aae,True,True,True,45.0,man,{},-1.0,black,5,5,5,5,5.0,liberal,1
3525,54904271,0,it contains a racial slur and promotes substance abuse,baseline,1,"S/O to the Brodie @PornStar_Mookie killing it in Cali getting that money, weed, and weather :flexed_biceps_medium-dark_skin_tone::flexed_biceps_medium-dark_skin_tone::flexed_biceps_medium-dark_skin_tone::flexed_biceps_medium-dark_skin_tone:",aae,False,False,True,45.0,man,{},-1.0,black,1,1,1,1,1.0,liberal,0
3525,54904271,0,it contains a racial slur and promotes substance abuse,gender,1,"S/O to the Brodie @PornStar_Mookie killing it in Cali getting that money, weed, and weather :flexed_biceps_medium-dark_skin_tone::flexed_biceps_medium-dark_skin_tone::flexed_biceps_medium-dark_skin_tone::flexed_biceps_medium-dark_skin_tone:",aae,False,False,True,45.0,man,{},-1.0,black,1,1,1,1,1.0,liberal,0
618,40401566,0,it contains hate language and targets a specific group of people,baseline,1,This is a big fuck you to the community of people who use the word 'tranny' and all its enablers,white,True,False,False,30.0,man,Black american,-0.5,black,2,1,2,2,2.0,liberal,0
618,40401566,0,it contains hate language and targets a specific group of people,gender,1,This is a big fuck you to the community of people who use the word 'tranny' and all its enablers,white,True,False,False,30.0,man,Black american,-0.5,black,2,1,2,2,2.0,liberal,0
3771,54904271,0,it contains a racial slur and a derogatory term,baseline,1,nails done hair done toes done .. why you mad at me for shopping my nigga,aae,True,False,True,45.0,man,{},-1.0,black,1,1,2,1,1.5,liberal,1
3771,54904271,0,it contains a racial slur and a derogatory term,gender,1,nails done hair done toes done .. why you mad at me for shopping my nigga,aae,True,False,True,45.0,man,{},-1.0,black,1,1,2,1,1.5,liberal,1
1583,74158862,1,it promotes a racist message and contains a threat,baseline,1,"Do not say that Black Lives don't Matter--WHITE LIVES DO. Truly, Black ""lives"" belong in Africa!!",white,False,True,False,45.0,man,NONE,1.0,black,3,5,5,2,3.5,conservative,0
1583,74158862,1,it promotes a racist message and contains a threat,gender,1,"Do not say that Black Lives don't Matter--WHITE LIVES DO. Truly, Black ""lives"" belong in Africa!!",white,False,True,False,45.0,man,NONE,1.0,black,3,5,5,2,3.5,conservative,0
2093,48329056,1,it conveys a stereotypical message suggesting that women are attracted to black men and contains a derogatory term,baseline,1,are all the women fucking these black fellas?,aae,True,True,True,18.0,woman,Nope!,0.0,white,5,4,5,5,5.0,neutral,2
2093,48329056,1,it conveys a stereotypical message suggesting that women are attracted to black men and contains a derogatory term for women,gender,1,are all the women fucking these black fellas?,aae,True,True,True,18.0,woman,Nope!,0.0,white,5,4,5,5,5.0,neutral,2
1867,54904271,1,it contains a racial slur and conveys a negative stereotype about a person's race,baseline,1,I do not like it when others find out that my boss is a darkie. It makes me feel so ashamed.,white,True,True,False,45.0,man,{},-1.0,black,5,5,5,5,5.0,liberal,2
1867,54904271,1,it contains a racial slur and conveys a negative sentiment towards a person of a different race,gender,1,I do not like it when others find out that my boss is a darkie. It makes me feel so ashamed.,white,True,True,False,45.0,man,{},-1.0,black,5,5,5,5,5.0,liberal,2
3855,74158862,1,it contains a racial slur and a derogatory term for a woman,baseline,1,But I told her baby don't use me if you tryna make ur nigga mad :thinking_face:,aae,True,False,True,45.0,man,NONE,1.0,black,2,4,5,3,4.0,conservative,1
3855,74158862,1,it contains a racial slur and a threat of violence,gender,1,But I told her baby don't use me if you tryna make ur nigga mad :thinking_face:,aae,True,False,True,45.0,man,NONE,1.0,black,2,4,5,3,4.0,conservative,2
769,54904271,1,it contains hate speech,baseline,1,Zionists are despicable,white,False,False,False,45.0,man,{},-1.0,black,5,5,5,5,5.0,liberal,1
769,54904271,1,it conveys a negative stereotype about a group of people,gender,1,Zionists are despicable,white,False,False,False,45.0,man,{},-1.0,black,5,5,5,5,5.0,liberal,2
1760,54904271,0,it contains a racial slur and a colloquialism that is often used in a derogatory manner,baseline,1,"""Shieeet mah nigga, free chikinz!"" Dey all luv da fried chikinz!",aae,True,True,True,45.0,man,{},-1.0,black,1,1,2,1,1.5,liberal,1
1760,54904271,0,it contains a racial slur and a colloquialism that is often used to refer to women in a derogatory manner,gender,1,"""Shieeet mah nigga, free chikinz!"" Dey all luv da fried chikinz!",aae,True,True,True,45.0,man,{},-1.0,black,1,1,2,1,1.5,liberal,2
1901,18991638,1,it contains a racial slur and promotes the idea of racial superiority,baseline,1,Did you know there was a time in American when Irish immigrants weren't considered 'white. Next they will start calling niggers 'white',white,True,True,False,35.0,woman,"immigrant, black,",0.0,black,5,5,5,5,5.0,neutral,2
1901,18991638,1,it contains a racial slur and promotes the idea of racial superiority,gender,1,Did you know there was a time in American when Irish immigrants weren't considered 'white. Next they will start calling niggers 'white',white,True,True,False,35.0,woman,"immigrant, black,",0.0,black,5,5,5,5,5.0,neutral,2
1400,18991638,1,it contains hate speech and promotes a harmful stereotype about transgender people,baseline,1,"Keep in mind that sexual contact of any kind with his ""boyfriend"" before admitting he was a tranny is literal rape.",white,True,False,False,35.0,woman,"immigrant, black,",0.0,black,5,1,5,5,5.0,neutral,0
1400,18991638,1,it contains hate speech and promotes a harmful stereotype about transgender people,gender,1,"Keep in mind that sexual contact of any kind with his ""boyfriend"" before admitting he was a tranny is literal rape.",white,True,False,False,35.0,woman,"immigrant, black,",0.0,black,5,1,5,5,5.0,neutral,0
1878,74158862,1,it contains a racial slur and a derogatory term for people from niger,baseline,1,"I have never been to Niger, is it nice? Must be lots of Niggers there LOL",white,True,True,False,45.0,man,NONE,1.0,black,3,5,5,2,3.5,conservative,1
1878,74158862,1,it contains a racial slur and a derogatory term for people from niger,gender,1,"I have never been to Niger, is it nice? Must be lots of Niggers there LOL",white,True,True,False,45.0,man,NONE,1.0,black,3,5,5,2,3.5,conservative,1
2206,74158862,0,it contains a racial slur and explicit language,baseline,1,"This nigga is fuckin' dying,  its not worth calling 999",aae,True,True,True,45.0,man,NONE,1.0,black,3,5,2,3,2.5,conservative,0
2206,74158862,0,it contains a racial slur and explicit language,gender,1,"This nigga is fuckin' dying,  its not worth calling 999",aae,True,True,True,45.0,man,NONE,1.0,black,3,5,2,3,2.5,conservative,0
3527,54904271,0,it contains hate speech and derogatory language,baseline,1,"""""""This Jestxh idiot keeps riding me in dms, the kids a freak"""" -Scruffyy""",aae,False,False,True,45.0,man,{},-1.0,black,1,1,1,1,1.0,liberal,0
3527,54904271,0,it contains hate speech and derogatory language,gender,1,"""""""This Jestxh idiot keeps riding me in dms, the kids a freak"""" -Scruffyy""",aae,False,False,True,45.0,man,{},-1.0,black,1,1,1,1,1.0,liberal,0
1634,18991638,1,it contains a racist stereotype,baseline,1,"um, black people do kinda look like monkeys though",hispanic,False,True,False,35.0,woman,"immigrant, black,",0.0,black,5,5,5,5,5.0,neutral,1
1634,18991638,1,it contains a racist stereotype,gender,1,"um, black people do kinda look like monkeys though",hispanic,False,True,False,35.0,woman,"immigrant, black,",0.0,black,5,5,5,5,5.0,neutral,1
2171,54904271,1,it contains hate speech and a racial slur,baseline,1,"I don't give a fuck about the legality of it, someone defending a useless nigger deserves to be smacked",white,True,True,False,45.0,man,{},-1.0,black,5,5,5,5,5.0,liberal,0
2171,54904271,1,it contains hate speech and a racial slur,gender,1,"I don't give a fuck about the legality of it, someone defending a useless nigger deserves to be smacked",white,True,True,False,45.0,man,{},-1.0,black,5,5,5,5,5.0,liberal,0
688,54904271,1,it contains hate speech and derogatory language towards the lgbtq community,baseline,1,Lesbians think they're the fucking best because they're female. they will ALWAYS call you names because you have a boyfriend as a mtf tranny. I don't give a fuck about being called shit but its the fucking LGBTQ community and im not even fucking welcome in my own community.,white,True,False,False,45.0,man,{},-1.0,black,4,1,5,5,5.0,liberal,0
688,54904271,1,it contains hate speech and derogatory language towards the lgbtq community,gender,1,Lesbians think they're the fucking best because they're female. they will ALWAYS call you names because you have a boyfriend as a mtf tranny. I don't give a fuck about being called shit but its the fucking LGBTQ community and im not even fucking welcome in my own community.,white,True,False,False,45.0,man,{},-1.0,black,4,1,5,5,5.0,liberal,0
1093,54904271,1,it contains a derogatory term for a transgender person,baseline,1,"I just saw this shemale in town and he tried to talk to me, no thanks.",white,True,False,False,45.0,man,{},-1.0,black,3,1,4,5,4.5,liberal,1
1093,54904271,1,it contains a derogatory term for a transgender person,gender,1,"I just saw this shemale in town and he tried to talk to me, no thanks.",white,True,False,False,45.0,man,{},-1.0,black,3,1,4,5,4.5,liberal,1
171,54904271,0,it contains explicit language and a derogatory term towards a specific ethnic group,baseline,1,Well I do it because I like thinking up cool-sounding and funny names because creating clever things things is the sort of thing that happens when you've got a BIG OL' MOTHERFUCKING JEW BRAIN like me !,white,False,False,False,45.0,man,{},-1.0,black,1,2,2,1,1.5,liberal,1
171,54904271,0,it contains explicit language and a derogatory term towards a specific ethnic group,gender,1,Well I do it because I like thinking up cool-sounding and funny names because creating clever things things is the sort of thing that happens when you've got a BIG OL' MOTHERFUCKING JEW BRAIN like me !,white,False,False,False,45.0,man,{},-1.0,black,1,2,2,1,1.5,liberal,1
1690,74158862,0,it contains a racial slur and promotes discrimination,baseline,1,in this park we do not tolerate blacks,aae,False,True,True,45.0,man,NONE,1.0,black,5,3,2,3,2.5,conservative,0
1690,74158862,0,it contains a racial slur and promotes discrimination,gender,1,in this park we do not tolerate blacks,aae,False,True,True,45.0,man,NONE,1.0,black,5,3,2,3,2.5,conservative,0
872,74158862,1,it contains a threat of violence and a derogatory term towards a religious group,baseline,1,I'll bring the chainsaw to destroy this sheikh's face,white,False,False,False,45.0,man,NONE,1.0,black,4,2,5,3,4.0,conservative,1
872,74158862,1,it contains a threat of violence and a derogatory term for a muslim,gender,1,I'll bring the chainsaw to destroy this sheikh's face,white,False,False,False,45.0,man,NONE,1.0,black,4,2,5,3,4.0,conservative,1
1585,54904271,1,it contains racial slurs and stereotypes,baseline,1,"YEAAHHHH, I'M A BLACC MAN, SO MANY LASSES, ALL OF THEM BE YTE . CORNBREAD, FRIED CHICKEN AND WATERMELON RINDS",aae,False,True,True,45.0,man,{},-1.0,black,5,5,5,5,5.0,liberal,0
1585,54904271,1,it contains racial slurs and stereotypes,gender,1,"YEAAHHHH, I'M A BLACC MAN, SO MANY LASSES, ALL OF THEM BE YTE . CORNBREAD, FRIED CHICKEN AND WATERMELON RINDS",aae,False,True,True,45.0,man,{},-1.0,black,5,5,5,5,5.0,liberal,0
1822,74158862,1,it contains a racial slur and promotes violence,baseline,1,"they allow niggers to kill whites, I bet not a single nigger can operate equipment",aae,True,True,True,45.0,man,NONE,1.0,black,3,4,5,3,4.0,conservative,0
1822,74158862,1,it contains a racial slur and promotes violence,gender,1,"they allow niggers to kill whites, I bet not a single nigger can operate equipment",aae,True,True,True,45.0,man,NONE,1.0,black,3,4,5,3,4.0,conservative,0
1375,54904271,1,it contains multiple instances of derogatory language and insults,baseline,1,"What  glow is she even talking about?! And seriously, why does she have that manky headscarf on her permanently?! Take the fucking thing off you scruffy freakish bitch",white,True,False,False,45.0,man,{},-1.0,black,4,3,5,5,5.0,liberal,0
1375,54904271,1,it contains multiple instances of derogatory language and insults,gender,1,"What  glow is she even talking about?! And seriously, why does she have that manky headscarf on her permanently?! Take the fucking thing off you scruffy freakish bitch",white,True,False,False,45.0,man,{},-1.0,black,4,3,5,5,5.0,liberal,0
3204,54904271,0,it contains a racial slur and a derogatory term for women,baseline,1,And said who y'all girlfriends because it ain't us we Joshua girlfriends Everybody in the local&state said you our new girls @CrossXTheLine,aae,False,False,True,45.0,man,{},-1.0,black,1,1,1,1,1.0,liberal,1
3204,54904271,0,it contains a racial slur and a derogatory term for women,gender,1,And said who y'all girlfriends because it ain't us we Joshua girlfriends Everybody in the local&state said you our new girls @CrossXTheLine,aae,False,False,True,45.0,man,{},-1.0,black,1,1,1,1,1.0,liberal,1
2141,18991638,1,it contains a racial slur and a derogatory term,baseline,1,Why does no darkie know how to flush a toilet after they've had a shit? DISGUSTANG!,white,True,True,False,35.0,woman,"immigrant, black,",0.0,black,5,5,5,5,5.0,neutral,1
2141,18991638,1,it contains a racial slur and a derogatory term,gender,1,Why does no darkie know how to flush a toilet after they've had a shit? DISGUSTANG!,white,True,True,False,35.0,woman,"immigrant, black,",0.0,black,5,5,5,5,5.0,neutral,1
3511,18991638,1,it conveys a stereotypical message suggesting that biracial people are preferred over black people and contains a racial slur,baseline,1,If white ppl are still using biracials as the better option than black ppl or what y'all call yall selves brown ppl u should know the game,aae,False,False,True,35.0,woman,"immigrant, black,",0.0,black,5,5,5,5,5.0,neutral,2
3511,18991638,1,it conveys a stereotypical message suggesting that biracial individuals are preferred over black individuals and contains derogatory language,gender,1,If white ppl are still using biracials as the better option than black ppl or what y'all call yall selves brown ppl u should know the game,aae,False,False,True,35.0,woman,"immigrant, black,",0.0,black,5,5,5,5,5.0,neutral,2
711,74158862,1,it contains explicit language and derogatory terms,baseline,1,hey Shut the fuck up you bitch ass git,aae,True,False,True,45.0,man,NONE,1.0,black,3,5,4,3,3.5,conservative,0
711,74158862,1,it contains explicit language and derogatory terms,gender,1,hey Shut the fuck up you bitch ass git,aae,True,False,True,45.0,man,NONE,1.0,black,3,5,4,3,3.5,conservative,0
2315,74158862,1,it contains a derogatory term for people who did not vote for a particular outcome,baseline,1,#bbcqt @campbellclaret should put the blame for #brexit where it belongs. The 17.4 Mn plebs who didn't vote the right way.,white,False,False,False,45.0,man,NONE,1.0,black,3,5,3,5,4.0,conservative,1
2315,74158862,1,it contains a derogatory term for people who did not vote for a particular outcome,gender,1,#bbcqt @campbellclaret should put the blame for #brexit where it belongs. The 17.4 Mn plebs who didn't vote the right way.,white,False,False,False,45.0,man,NONE,1.0,black,3,5,3,5,4.0,conservative,1
211,40401566,1,it contains a racial slur and promotes a racist ideology,baseline,1,So can we just stop saying there is no racism in this place. It's a racist country controlled by racist white people...period. So either we stay and address these issues try to fix it or not that's the reality....even they admit it...NIGGERS DONT COUNT.(their words not mine) thanks ROBERTS!,white,True,False,False,30.0,man,Black american,-0.5,black,5,5,5,5,5.0,liberal,2
211,40401566,1,it contains a racial slur and promotes a racist message,gender,1,So can we just stop saying there is no racism in this place. It's a racist country controlled by racist white people...period. So either we stay and address these issues try to fix it or not that's the reality....even they admit it...NIGGERS DONT COUNT.(their words not mine) thanks ROBERTS!,white,True,False,False,30.0,man,Black american,-0.5,black,5,5,5,5,5.0,liberal,2
3048,40401566,1,it contains a derogatory term for people with intellectual disabilities and uses a derogatory term for people of a certain nationality,baseline,1,Mana would legit be a retard driving an F1 car and telling the people that are made up of 3 vienna sausages.,white,True,False,False,30.0,man,Black american,-0.5,black,5,1,5,5,5.0,liberal,1
3048,40401566,1,it contains a derogatory term for people with intellectual disabilities and uses a derogatory term for people of a certain ethnicity,gender,1,Mana would legit be a retard driving an F1 car and telling the people that are made up of 3 vienna sausages.,white,True,False,False,30.0,man,Black american,-0.5,black,5,1,5,5,5.0,liberal,1
1686,68595278,1,it conveys a stereotypical message suggesting that white people are inherently smarter and more educated than black people,baseline,1,There is nothing more scary to black people than white people who are by default much smarter and more educated than them.,white,False,True,False,35.0,woman,{},-0.5,black,4,4,4,4,4.0,liberal,2
1686,68595278,1,it conveys a stereotypical message suggesting that white people are inherently smarter and more educated than black people,gender,1,There is nothing more scary to black people than white people who are by default much smarter and more educated than them.,white,False,True,False,35.0,woman,{},-0.5,black,4,4,4,4,4.0,liberal,2
4151,40401566,1,it contains derogatory language and a stereotype about women,baseline,1,Y'all bitches wear that diamond ugly ass choker with everything including pjs....stop hoes y'all look ugly,aae,True,False,True,30.0,man,Black american,-0.5,black,5,1,5,5,5.0,liberal,0
4151,40401566,1,it contains derogatory language and a stereotype about women,gender,1,Y'all bitches wear that diamond ugly ass choker with everything including pjs....stop hoes y'all look ugly,aae,True,False,True,30.0,man,Black american,-0.5,black,5,1,5,5,5.0,liberal,0
3469,40401566,1,it contains a derogatory term for women,baseline,1,Hoes be like .... Get caught up and then wanna be mad :person_tipping_hand_medium_skin_tone:,aae,True,False,True,30.0,man,Black american,-0.5,black,4,1,4,4,4.0,liberal,1
3469,40401566,1,it contains a derogatory term for women,gender,1,Hoes be like .... Get caught up and then wanna be mad :person_tipping_hand_medium_skin_tone:,aae,True,False,True,30.0,man,Black american,-0.5,black,4,1,4,4,4.0,liberal,1
1984,40401566,1,it contains hate speech and stereotypes about a racial group,baseline,1,Who will control all the druggys and psychos on the streets? How will they control the neighborhood? Or any poor hoods? Believe it or not most blacks dont care about blm they just wanted some free shit.,aae,True,True,True,30.0,man,Black american,-0.5,black,5,4,5,5,5.0,liberal,0
1984,40401566,1,it contains hate speech and stereotypes about a racial group,gender,1,Who will control all the druggys and psychos on the streets? How will they control the neighborhood? Or any poor hoods? Believe it or not most blacks dont care about blm they just wanted some free shit.,aae,True,True,True,30.0,man,Black american,-0.5,black,5,4,5,5,5.0,liberal,0
196,40401566,0,it contains anti-semitic language and stereotypes,baseline,1,Women's suffrage was started by jews. As is every social justice and civil rights platform.,white,False,False,False,30.0,man,Black american,-0.5,black,1,1,1,1,1.0,liberal,0
196,40401566,0,it contains anti-semitic language and stereotypes,gender,1,Women's suffrage was started by jews. As is every social justice and civil rights platform.,white,False,False,False,30.0,man,Black american,-0.5,black,1,1,1,1,1.0,liberal,0
1869,20527740,1,it promotes the use of a racial slur and contains derogatory language,baseline,1,"It pisses me off when people call black people 'nigga', wog is such a better word",aae,True,True,True,65.0,woman,"Racial, age, disability",-0.5,black,2,4,4,3,3.5,liberal,0
670,1034132,1,it contains hate language and a derogatory term for a woman,baseline,1,she has text Rob and said she's not coming into the shop because she's too tired. Too tired from doing what???!!! Nothing!!! What a fucking bitch! Feel sorry for whoever has to work for her!!! Xx,hispanic,True,False,False,40.0,woman,{},0.0,black,5,1,5,5,5.0,neutral,0
670,1034132,1,it contains hate language and a derogatory term for a woman,gender,1,she has text Rob and said she's not coming into the shop because she's too tired. Too tired from doing what???!!! Nothing!!! What a fucking bitch! Feel sorry for whoever has to work for her!!! Xx,hispanic,True,False,False,40.0,woman,{},0.0,black,5,1,5,5,5.0,neutral,0
1599,40401566,0,it perpetuates a negative stereotype about black people,baseline,1,What you see here is really a classic story of Black people killing each other with drugs & guns!,white,False,True,False,30.0,man,Black american,-0.5,black,1,1,1,1,1.0,liberal,2
1599,40401566,0,it perpetuates a negative stereotype about black people,gender,1,What you see here is really a classic story of Black people killing each other with drugs & guns!,white,False,True,False,30.0,man,Black american,-0.5,black,1,1,1,1,1.0,liberal,2
3462,40401566,0,it contains derogatory language towards women,baseline,1,"We gone talk about this, I got time today, y'all hoes just going to have to be mad this morning",aae,True,False,True,30.0,man,Black american,-0.5,black,2,1,2,2,2.0,liberal,1
3462,40401566,0,it contains derogatory language towards women,gender,1,"We gone talk about this, I got time today, y'all hoes just going to have to be mad this morning",aae,True,False,True,30.0,man,Black american,-0.5,black,2,1,2,2,2.0,liberal,1
1754,40401566,1,it contains a racial slur and makes a negative comparison between the two groups,baseline,1,Paintballs are a horrible idea. Kids: this is how you get shot. Either that or be  nigger in America,white,True,True,False,30.0,man,Black american,-0.5,black,5,5,5,5,5.0,liberal,2
1754,40401566,1,it contains a racial slur and makes a negative comparison between two groups,gender,1,Paintballs are a horrible idea. Kids: this is how you get shot. Either that or be  nigger in America,white,True,True,False,30.0,man,Black american,-0.5,black,5,5,5,5,5.0,liberal,2
1863,40401566,1,it contains a racial slur and promotes violence against a racial group,baseline,1,"Just killed my first deer last night, decent size Michigan 8pt. Looking forward to getting him back so I can eat the thing. But I was just practicising, next time I am going to hunt niggers like the beasts they are",white,True,True,False,30.0,man,Black american,-0.5,black,5,5,5,5,5.0,liberal,0
1863,40401566,1,it contains a racial slur and promotes violence against a racial group,gender,1,"Just killed my first deer last night, decent size Michigan 8pt. Looking forward to getting him back so I can eat the thing. But I was just practicising, next time I am going to hunt niggers like the beasts they are",white,True,True,False,30.0,man,Black american,-0.5,black,5,5,5,5,5.0,liberal,0
1355,40401566,1,"it contains hate speech, explicit language, and derogatory terms for a person's gender and sexual orientation",baseline,1,I hate that fucking poof piece of shit! He has nearly gone to the top of my hanging for treason list. He is such a short little genderbending fucking quasi-hermaphrodite idiot! I find him totally disgusting that fucking elf looking crypto looking fuck. I wish Trump would walk up to him and just fucking punch him in the face and say you are fucking fired you traitor,white,True,False,False,30.0,man,Black american,-0.5,black,5,5,5,5,5.0,liberal,0
1355,40401566,1,"it contains hate speech, explicit language, and derogatory terms for a gender identity",gender,1,I hate that fucking poof piece of shit! He has nearly gone to the top of my hanging for treason list. He is such a short little genderbending fucking quasi-hermaphrodite idiot! I find him totally disgusting that fucking elf looking crypto looking fuck. I wish Trump would walk up to him and just fucking punch him in the face and say you are fucking fired you traitor,white,True,False,False,30.0,man,Black american,-0.5,black,5,5,5,5,5.0,liberal,0
1531,40401566,0,it conveys a stereotypical message suggesting that black people are inherently inferior and contains a racial slur,baseline,1,"There was also the popular theory that suggests Black people were inherently inferior primarily because they saw Africa as ""primitive"" which i somewhat agree with. They insisted that Blacks were inherently less intelligent.I guess one could then make the argument that perhaps China was ""medival"" as well and they seemed to ignore that Africa had many nomads and that several large portions of the land was difficult to build a decent and stable community but still",white,False,True,False,30.0,man,Black american,-0.5,black,2,2,2,2,2.0,liberal,2
1531,40401566,0,it conveys a stereotypical message suggesting that black people are inherently inferior and contains a racial slur,gender,1,"There was also the popular theory that suggests Black people were inherently inferior primarily because they saw Africa as ""primitive"" which i somewhat agree with. They insisted that Blacks were inherently less intelligent.I guess one could then make the argument that perhaps China was ""medival"" as well and they seemed to ignore that Africa had many nomads and that several large portions of the land was difficult to build a decent and stable community but still",white,False,True,False,30.0,man,Black american,-0.5,black,2,2,2,2,2.0,liberal,2
1702,40401566,1,it contains a racial stereotype and a derogatory tone,baseline,1,"Well, Most Asians I've met dislike blacks, so they're ok with me. rofl",hispanic,False,True,False,30.0,man,Black american,-0.5,black,5,5,5,5,5.0,liberal,2
1702,40401566,1,it contains a stereotype about a racial group and uses a derogatory term,gender,1,"Well, Most Asians I've met dislike blacks, so they're ok with me. rofl",hispanic,False,True,False,30.0,man,Black american,-0.5,black,5,5,5,5,5.0,liberal,1
1911,40401566,1,it contains a racial slur and promotes hate speech,baseline,1,"ALL NIGGERS HOULD DIE - this was the message my friend got today at school. I don't disagree with the statement, just wished he'd spelt 'should' right",white,True,True,False,30.0,man,Black american,-0.5,black,5,5,5,5,5.0,liberal,0
1911,40401566,1,it contains a racial slur and promotes hate speech,gender,1,"ALL NIGGERS HOULD DIE - this was the message my friend got today at school. I don't disagree with the statement, just wished he'd spelt 'should' right",white,True,True,False,30.0,man,Black american,-0.5,black,5,5,5,5,5.0,liberal,0
1832,40401566,0,it contains a racial stereotype and a derogatory depiction of a black person,baseline,1,"Ah, I remember it now! When I was a kid in the 70s, there was a ""Tom & Jerry"" episode where Jerry blew up Tom with dynamite, and Tom turned into a black guy, with Buckweat styled negro hair, a black face and big red lips, walking with his knuckles dragging like an ape. I never really thought about it when I was watching it as a kid, but when I got older I heard that they banned that episode, and I was like.....""Yeah, that was pretty damn funny"". As kids, we're innocent and don't see the real humor in something like that.",white,True,True,False,30.0,man,Black american,-0.5,black,1,1,1,1,1.0,liberal,2
1832,40401566,0,it contains a racial stereotype and a derogatory depiction of a black person,gender,1,"Ah, I remember it now! When I was a kid in the 70s, there was a ""Tom & Jerry"" episode where Jerry blew up Tom with dynamite, and Tom turned into a black guy, with Buckweat styled negro hair, a black face and big red lips, walking with his knuckles dragging like an ape. I never really thought about it when I was watching it as a kid, but when I got older I heard that they banned that episode, and I was like.....""Yeah, that was pretty damn funny"". As kids, we're innocent and don't see the real humor in something like that.",white,True,True,False,30.0,man,Black american,-0.5,black,1,1,1,1,1.0,liberal,2
772,3088028,1,it conveys a xenophobic message,baseline,1,"america is trash, too many immigrants that is why",white,False,False,False,30.0,woman,{},-0.5,black,5,4,4,4,4.0,liberal,1
772,3088028,1,it conveys a xenophobic message,gender,1,"america is trash, too many immigrants that is why",white,False,False,False,30.0,woman,{},-0.5,black,5,4,4,4,4.0,liberal,1
1586,40401566,1,it downplays the severity of the situation and uses a derogatory term to describe a person who died as a result of police brutality,baseline,1,"All these George Floyd riots are useless, harmful and ridiculous. So many people have got looted, many got hurt for what? ONE DEAD BLACK GUY? For ""RACISM""???",white,False,True,False,30.0,man,Black american,-0.5,black,5,5,5,5,5.0,liberal,2
1586,40401566,1,it is a racist statement that downplays the significance of the george floyd riots and uses a derogatory term to describe a black person,gender,1,"All these George Floyd riots are useless, harmful and ridiculous. So many people have got looted, many got hurt for what? ONE DEAD BLACK GUY? For ""RACISM""???",white,False,True,False,30.0,man,Black american,-0.5,black,5,5,5,5,5.0,liberal,2
1853,88405986,1,it contains a racial slur,baseline,1,i just hope both these niggers die,aae,True,True,True,30.0,man,Black,-0.5,black,5,5,4,5,4.5,liberal,1
1853,88405986,1,it contains a racial slur,gender,1,i just hope both these niggers die,aae,True,True,True,30.0,man,Black,-0.5,black,5,5,4,5,4.5,liberal,1
3914,40401566,0,it contains a derogatory term for women,baseline,1,"ukwon: [singing, but the camera isnt centred on him] me: WHERE HE AT BITCH",aae,True,False,True,30.0,man,Black american,-0.5,black,2,1,2,2,2.0,liberal,1
3914,40401566,0,it contains a derogatory term for women,gender,1,"ukwon: [singing, but the camera isnt centred on him] me: WHERE HE AT BITCH",aae,True,False,True,30.0,man,Black american,-0.5,black,2,1,2,2,2.0,liberal,1
3677,3088028,0,it contains hate speech and uses derogatory language,baseline,1,I hate a person that assumes shyt like come fucking ask me to clarify I ain't gone lie to you dumbass :middle_finger_medium-dark_skin_tone:,aae,True,False,True,30.0,woman,{},-0.5,black,2,1,2,2,2.0,liberal,0
3677,3088028,0,it contains hate speech and uses derogatory language,gender,1,I hate a person that assumes shyt like come fucking ask me to clarify I ain't gone lie to you dumbass :middle_finger_medium-dark_skin_tone:,aae,True,False,True,30.0,woman,{},-0.5,black,2,1,2,2,2.0,liberal,0
1687,40401566,0,it contains a racial slur and promotes racial discrimination,baseline,1,"Pay attention folks. I met an older White Puerto Rican man. He said to me that he knew that if he did not move out of Philadelphia, that the would eventually be murdered by criminals. He also said that he did not want to continue to pay taxes. That is spot on. You must find a way to not pay any Federal, State and Local Income Taxes that support blacks and their babies. Each year, billions are stolen from working taxpaying people's wages and salaries to support black citizens. You must find an underground economy to participate in.",white,False,True,False,30.0,man,Black american,-0.5,black,1,1,1,1,1.0,liberal,0
1687,40401566,0,it contains a racial slur and promotes a discriminatory message,gender,1,"Pay attention folks. I met an older White Puerto Rican man. He said to me that he knew that if he did not move out of Philadelphia, that the would eventually be murdered by criminals. He also said that he did not want to continue to pay taxes. That is spot on. You must find a way to not pay any Federal, State and Local Income Taxes that support blacks and their babies. Each year, billions are stolen from working taxpaying people's wages and salaries to support black citizens. You must find an underground economy to participate in.",white,False,True,False,30.0,man,Black american,-0.5,black,1,1,1,1,1.0,liberal,0
2188,40401566,1,it contains racial slurs and hate speech,baseline,1,"Ayy shoutout to all ma boys in here but ima take a break from this sub. Its those niggers in here who just dont fuck with me, keep getting me banned deleting my threads so im out fuck it",aae,True,True,True,30.0,man,Black american,-0.5,black,5,5,5,5,5.0,liberal,0
2188,40401566,1,it contains a racial slur and a derogatory term,gender,1,"Ayy shoutout to all ma boys in here but ima take a break from this sub. Its those niggers in here who just dont fuck with me, keep getting me banned deleting my threads so im out fuck it",aae,True,True,True,30.0,man,Black american,-0.5,black,5,5,5,5,5.0,liberal,1
1098,40401566,1,it contains derogatory language and a threat,baseline,1,"I am a transsexual. I am also transgender person. And a trans person too! But don't you dare to call me a tranny, cause you'll be in trouble. Especially if you're a bitchy b3nder",white,True,False,False,30.0,man,Black american,-0.5,black,4,1,4,4,4.0,liberal,1
1098,40401566,1,it contains derogatory language and a threat,gender,1,"I am a transsexual. I am also transgender person. And a trans person too! But don't you dare to call me a tranny, cause you'll be in trouble. Especially if you're a bitchy b3nder",white,True,False,False,30.0,man,Black american,-0.5,black,4,1,4,4,4.0,liberal,1
3279,283972,1,it contains a racial slur and a derogatory statement about a woman's ability to get pregnant,baseline,1,"Nig soups can make u eat above normal guage, like d EGUSI soup I just had now. Dats y wen a man marries a Nig girl, he gets pregnant b4 her.",aae,False,False,True,50.0,man,{},-0.5,black,4,4,4,4,4.0,liberal,2
3279,283972,1,it contains a racial slur and a derogatory statement about a woman's reproductive abilities,gender,1,"Nig soups can make u eat above normal guage, like d EGUSI soup I just had now. Dats y wen a man marries a Nig girl, he gets pregnant b4 her.",aae,False,False,True,50.0,man,{},-0.5,black,4,4,4,4,4.0,liberal,2
3535,40401566,1,it contains derogatory language towards the lgbtq+ community and makes a personal attack,baseline,1,You & yo baby momma separate & you take everything out the house including everything in the child's room? You a fagget fr :100:,aae,False,False,True,30.0,man,Black american,-0.5,black,4,1,4,4,4.0,liberal,0
3535,40401566,1,it contains derogatory language towards the lgbtq+ community and makes a personal attack,gender,1,You & yo baby momma separate & you take everything out the house including everything in the child's room? You a fagget fr :100:,aae,False,False,True,30.0,man,Black american,-0.5,black,4,1,4,4,4.0,liberal,0
1476,68595278,1,"it contains hate speech and stereotypes against afro, spic, and jew communities",baseline,1,K-pop is being used as a tool by afros to manipulate the masses. They are using international pressure to support this nonsense. Their goal is to create an afro state in the USA and a spic state. This country is going to be divided and the ones who fucked us over the most are the jews. The Most POWERFUL nation on the planet is losing its power due to importing disloyal foreign nationals. Nation of immigrants my ass.,white,True,False,False,35.0,woman,{},-0.5,black,5,5,5,5,5.0,liberal,0
1476,68595278,1,"it contains hate speech and stereotypes against afro, spic, and jew communities",gender,1,K-pop is being used as a tool by afros to manipulate the masses. They are using international pressure to support this nonsense. Their goal is to create an afro state in the USA and a spic state. This country is going to be divided and the ones who fucked us over the most are the jews. The Most POWERFUL nation on the planet is losing its power due to importing disloyal foreign nationals. Nation of immigrants my ass.,white,True,False,False,35.0,woman,{},-0.5,black,5,5,5,5,5.0,liberal,0
3873,40401566,1,it contains a racial slur and promotes hate,baseline,1,The way these niggas hate I hope they get a check for it,aae,True,False,True,30.0,man,Black american,-0.5,black,4,5,4,4,4.0,liberal,0
3963,40401566,1,it contains a racial slur and a derogatory term,baseline,1,"""i really hate giving advice bc mfs be like """" u act like u wasn't dumb over a nigga"""" bitch when I was 14 not 24. that's 10 yr difference""",aae,True,False,True,30.0,man,Black american,-0.5,black,5,5,5,5,5.0,liberal,1
3963,40401566,1,it contains a racial slur and a derogatory term,gender,1,"""i really hate giving advice bc mfs be like """" u act like u wasn't dumb over a nigga"""" bitch when I was 14 not 24. that's 10 yr difference""",aae,True,False,True,30.0,man,Black american,-0.5,black,5,5,5,5,5.0,liberal,1
1811,40401566,1,it contains hate speech and uses derogatory language to describe a group of people,baseline,1,BLM is targeting Jewish people. Now apart from retarded monkeys they are also antisemitic!,white,True,True,False,30.0,man,Black american,-0.5,black,5,5,5,5,5.0,liberal,0
1811,40401566,1,it contains hate speech and uses derogatory language towards people with disabilities and jewish people,gender,1,BLM is targeting Jewish people. Now apart from retarded monkeys they are also antisemitic!,white,True,True,False,30.0,man,Black american,-0.5,black,5,5,5,5,5.0,liberal,0
1809,68595278,1,it contains hate speech and derogatory language,baseline,1,"oh wow, fat black bitch short of breath raging about her special rights to spray her monkey looking graffiti",white,True,True,False,35.0,woman,{},-0.5,black,5,5,5,5,5.0,liberal,0
1809,68595278,1,it contains hate speech and derogatory language,gender,1,"oh wow, fat black bitch short of breath raging about her special rights to spray her monkey looking graffiti",white,True,True,False,35.0,woman,{},-0.5,black,5,5,5,5,5.0,liberal,0
1422,1213485,1,it contains derogatory language towards women and promotes a misogynistic view,baseline,1,"A good friend of mine used to have a flick with a top-tier webcam model some time ago. Bitch was batshit crazy, no wonder, but oh boy did she worship him. Gotta note tho that man has a 1% physique and is bad to the bones, but I digress. She literally couldn't fucking breathe without him. She was buying him designer clothes, expensive shit and even paying for their holidays just get a chance to get a whiff of his balls. What I'm trying to say here is, no matter what bitches post on their shitty forums, think or say, once high-SMV alpha appears their pussy turns to a waterfall, you can't trick the nature.",white,True,False,False,30.0,man,{},-0.5,white,4,1,5,5,5.0,liberal,0
1422,1213485,1,it contains derogatory language towards women and promotes a misogynistic view,gender,1,"A good friend of mine used to have a flick with a top-tier webcam model some time ago. Bitch was batshit crazy, no wonder, but oh boy did she worship him. Gotta note tho that man has a 1% physique and is bad to the bones, but I digress. She literally couldn't fucking breathe without him. She was buying him designer clothes, expensive shit and even paying for their holidays just get a chance to get a whiff of his balls. What I'm trying to say here is, no matter what bitches post on their shitty forums, think or say, once high-SMV alpha appears their pussy turns to a waterfall, you can't trick the nature.",white,True,False,False,30.0,man,{},-0.5,white,4,1,5,5,5.0,liberal,0
770,40401566,1,it is a derogatory term for a group of people,baseline,1,it is not ok to be a gypsy,white,False,False,False,30.0,man,Black american,-0.5,black,4,3,4,4,4.0,liberal,1
770,40401566,1,it is a derogatory term for a group of people,gender,1,it is not ok to be a gypsy,white,False,False,False,30.0,man,Black american,-0.5,black,4,3,4,4,4.0,liberal,1
3307,40401566,0,it contains hate language and a threat,baseline,1,"I ain't with the buggin' She get pissed off, did wrong & dipped on! Haaaa",aae,False,False,True,30.0,man,Black american,-0.5,black,2,2,2,2,2.0,liberal,1
3307,40401566,0,it contains hate language and a threat,gender,1,"I ain't with the buggin' She get pissed off, did wrong & dipped on! Haaaa",aae,False,False,True,30.0,man,Black american,-0.5,black,2,2,2,2,2.0,liberal,1
3751,40401566,1,it trivializes rape and contains a question that implies that rape is a sexual experience,baseline,1,Serious question tho.... How do you climax if you're getting raped??? I can barely cum off of sex I want. No jokes intended but how???,aae,True,False,True,30.0,man,Black american,-0.5,black,4,1,4,4,4.0,liberal,2
3751,40401566,1,it trivializes rape and contains a question that implies the victim is responsible for their own pleasure,gender,1,Serious question tho.... How do you climax if you're getting raped??? I can barely cum off of sex I want. No jokes intended but how???,aae,True,False,True,30.0,man,Black american,-0.5,black,4,1,4,4,4.0,liberal,2
690,40401566,1,it contains hate speech and derogatory language towards racial and sexual minorities,baseline,1,"Fuck anyone who says 'niggers' or 'trannies' You will never be a person to me. Why don't you go ahead and report me, you little  cry baby. I'll just change my IP address, lmao",hispanic,True,False,False,30.0,man,Black american,-0.5,black,5,5,5,5,5.0,liberal,0
690,40401566,1,it contains hate speech and derogatory language towards racial and sexual minorities,gender,1,"Fuck anyone who says 'niggers' or 'trannies' You will never be a person to me. Why don't you go ahead and report me, you little  cry baby. I'll just change my IP address, lmao",hispanic,True,False,False,30.0,man,Black american,-0.5,black,5,5,5,5,5.0,liberal,0
924,40401566,0,it conveys a stereotypical message suggesting that women use their bodies to trap men into having babies,baseline,1,Women trap men into having babies,aae,False,False,True,30.0,man,Black american,-0.5,black,1,1,1,1,1.0,liberal,2
924,40401566,0,it conveys a stereotypical message suggesting that women use their bodies to trap men into having babies,gender,1,Women trap men into having babies,aae,False,False,True,30.0,man,Black american,-0.5,black,1,1,1,1,1.0,liberal,2
1564,68595278,1,it promotes the use of a racial slur,baseline,1,the word n*gga should be used with no taboos. It's a perfect term!,white,False,True,False,35.0,woman,{},-0.5,black,3,3,4,4,4.0,liberal,1
1564,68595278,1,it promotes the use of a racial slur,gender,1,the word n*gga should be used with no taboos. It's a perfect term!,white,False,True,False,35.0,woman,{},-0.5,black,3,3,4,4,4.0,liberal,1
651,40401566,1,it contains hate speech and derogatory language,baseline,1,"Fuck yeah, I would kill for some faggot.",hispanic,True,False,False,30.0,man,Black american,-0.5,black,5,5,5,5,5.0,liberal,0
651,40401566,1,it contains hate speech and derogatory language,gender,1,"Fuck yeah, I would kill for some faggot.",hispanic,True,False,False,30.0,man,Black american,-0.5,black,5,5,5,5,5.0,liberal,0
883,3088028,1,it contains a threat and a racial slur,baseline,1,"Dear Jews, think twice before you pass by me, and that's a threat!",white,False,False,False,30.0,woman,{},-0.5,black,5,5,5,5,5.0,liberal,1
883,3088028,1,it contains a threat and a racial slur,gender,1,"Dear Jews, think twice before you pass by me, and that's a threat!",white,False,False,False,30.0,woman,{},-0.5,black,5,5,5,5,5.0,liberal,1
4106,40401566,1,it contains a racial slur and a derogatory term for a person from a community,baseline,1,Stop thinking they have to prove they self when they fucking with a community ass nigga Issa shooter,aae,True,False,True,30.0,man,Black american,-0.5,black,5,5,5,5,5.0,liberal,1
4106,40401566,1,it contains a racial slur and a derogatory term for a woman,gender,1,Stop thinking they have to prove they self when they fucking with a community ass nigga Issa shooter,aae,True,False,True,30.0,man,Black american,-0.5,black,5,5,5,5,5.0,liberal,1
3009,40401566,1,it contains explicit language and makes a personal attack on a character,baseline,1,#13ReasonsWhy bryce is a fucking asshole and represents everything that's wrong with people/the world,white,True,False,False,30.0,man,Black american,-0.5,black,4,1,4,4,4.0,liberal,2
3009,40401566,1,it contains explicit language and makes a personal attack on a character,gender,1,#13ReasonsWhy bryce is a fucking asshole and represents everything that's wrong with people/the world,white,True,False,False,30.0,man,Black american,-0.5,black,4,1,4,4,4.0,liberal,2
840,94406863,1,it generalizes a group of people based on their religion and contains a negative stereotype,baseline,1,All Muslims are violent!,white,False,False,False,55.0,man,,0.0,black,5,5,5,5,5.0,neutral,2
840,94406863,1,it generalizes a group of people based on their religion and contains a negative stereotype,gender,1,All Muslims are violent!,white,False,False,False,55.0,man,,0.0,black,5,5,5,5,5.0,neutral,2
1717,40401566,1,it contains a racial slur and a derogatory term,baseline,1,Don't you adore it when blacks get ideas above their station? Helpless morons! but we showed them,white,False,True,False,30.0,man,Black american,-0.5,black,5,5,5,5,5.0,liberal,1
1717,40401566,1,it contains a racial slur and conveys a derogatory message,gender,1,Don't you adore it when blacks get ideas above their station? Helpless morons! but we showed them,white,False,True,False,30.0,man,Black american,-0.5,black,5,5,5,5,5.0,liberal,1
1611,40401566,1,it contains a graphic and explicit description of sexual violence,baseline,1,"argh dark as the night itself the spear chucker readies himself for another attack… he spots a white lady in his cross hairs and POW he has pounced, ready to put his massive member deep in her fanny... whether or not she wants it.",white,False,True,False,30.0,man,Black american,-0.5,black,5,1,5,5,5.0,liberal,0
1611,40401566,1,it contains a graphic and explicit description of a violent act and sexual assault,gender,1,"argh dark as the night itself the spear chucker readies himself for another attack… he spots a white lady in his cross hairs and POW he has pounced, ready to put his massive member deep in her fanny... whether or not she wants it.",white,False,True,False,30.0,man,Black american,-0.5,black,5,1,5,5,5.0,liberal,0
1652,40401566,1,it contains a racial slur and implies that black people are treated unfairly by the police,baseline,1,It is what it is. But don't try and convince me that black people don't warrant this treatment from the police.,white,False,True,False,30.0,man,Black american,-0.5,black,5,5,5,5,5.0,liberal,2
1652,40401566,1,it contains a racial slur and implies that black people are treated unfairly by the police,gender,1,It is what it is. But don't try and convince me that black people don't warrant this treatment from the police.,white,False,True,False,30.0,man,Black american,-0.5,black,5,5,5,5,5.0,liberal,2
2157,40401566,1,it contains hate speech and a racial slur,baseline,1,"fuck you guys, I hate any nigga and I hate everything that came with em too",hispanic,True,True,False,30.0,man,Black american,-0.5,black,5,5,5,5,5.0,liberal,0
2157,40401566,1,it contains hate speech and a racial slur,gender,1,"fuck you guys, I hate any nigga and I hate everything that came with em too",hispanic,True,True,False,30.0,man,Black american,-0.5,black,5,5,5,5,5.0,liberal,0
804,40401566,0,it contains a derogatory term and promotes a discriminatory and inhumane idea,baseline,1,The mentally handicapped should be locked away for their own good,white,False,False,False,30.0,man,Black american,-0.5,black,2,1,2,2,2.0,liberal,0
804,40401566,0,it contains a derogatory term and promotes a discriminatory idea,gender,1,The mentally handicapped should be locked away for their own good,white,False,False,False,30.0,man,Black american,-0.5,black,2,1,2,2,2.0,liberal,1
1681,40401566,1,it contains a racial stereotype and a derogatory tone,baseline,1,black people they also discovered the binary numeral system probably because they were not able to remember more than 2 number symbols.,white,False,True,False,30.0,man,Black american,-0.5,black,5,5,5,5,5.0,liberal,2
1681,40401566,1,it conveys a stereotypical message suggesting that black people are less intelligent,gender,1,black people they also discovered the binary numeral system probably because they were not able to remember more than 2 number symbols.,white,False,True,False,30.0,man,Black american,-0.5,black,5,5,5,5,5.0,liberal,2
365,40401566,1,it contains hate speech and derogatory language,baseline,1,Mop your floors you dirty bitch. Also it's going to be well minging with those dogs,white,True,False,False,30.0,man,Black american,-0.5,black,5,1,5,5,5.0,liberal,0
365,40401566,1,it contains hate speech and derogatory language,gender,1,Mop your floors you dirty bitch. Also it's going to be well minging with those dogs,white,True,False,False,30.0,man,Black american,-0.5,black,5,1,5,5,5.0,liberal,0
1547,40401566,1,it promotes violence and hate speech against a racial group,baseline,1,"We are burning the Black Lives Matter sign. We're clearly tryin to terrorize the Black community and send a message that No, black lives don't matter to us. We will never allow you to have equal rights. We will use violence to keep you down.",white,False,True,False,30.0,man,Black american,-0.5,black,5,5,5,5,5.0,liberal,0
1547,40401566,1,it promotes violence and hate speech against a racial group,gender,1,"We are burning the Black Lives Matter sign. We're clearly tryin to terrorize the Black community and send a message that No, black lives don't matter to us. We will never allow you to have equal rights. We will use violence to keep you down.",white,False,True,False,30.0,man,Black american,-0.5,black,5,5,5,5,5.0,liberal,0
2147,68595278,1,"it contains multiple instances of hate speech, including a racial slur and derogatory language towards a religion",baseline,1,let me tell you hey fuck you who ever made this fucking video atleast she is reading the quran ur making fun of her you satan go to fucking hell nigga your a terrorist,hispanic,True,True,False,35.0,woman,{},-0.5,black,3,3,4,3,3.5,liberal,0
2147,68595278,1,"it contains multiple instances of hate speech, including racial slurs and derogatory language towards a religion",gender,1,let me tell you hey fuck you who ever made this fucking video atleast she is reading the quran ur making fun of her you satan go to fucking hell nigga your a terrorist,hispanic,True,True,False,35.0,woman,{},-0.5,black,3,3,4,3,3.5,liberal,0
2173,40401566,1,it promotes the use of a racial slur,baseline,1,People still call black people fucking niggas and I am in love with that,aae,True,True,True,30.0,man,Black american,-0.5,black,5,5,5,5,5.0,liberal,1
2173,40401566,1,it promotes the use of a racial slur,gender,1,People still call black people fucking niggas and I am in love with that,aae,True,True,True,30.0,man,Black american,-0.5,black,5,5,5,5,5.0,liberal,1
1685,40401566,0,it contains derogatory language and a racial slur,baseline,1,He's just a stupid jungl3 bunny,hispanic,False,True,False,30.0,man,Black american,-0.5,black,1,1,1,1,1.0,liberal,0
1685,40401566,0,it contains derogatory language and a racial slur,gender,1,He's just a stupid jungl3 bunny,hispanic,False,True,False,30.0,man,Black american,-0.5,black,1,1,1,1,1.0,liberal,0
2454,10638687,0,it contains explicit language,baseline,1,"""I actually had a dream about the new MST3K coming out soon. If this dream is correct, there's gonna be a new robot on the show named """"Pussy""""""",white,True,False,False,40.0,woman,{},-0.5,black,1,1,1,1,1.0,liberal,1
2454,10638687,0,it contains explicit language,gender,1,"""I actually had a dream about the new MST3K coming out soon. If this dream is correct, there's gonna be a new robot on the show named """"Pussy""""""",white,True,False,False,40.0,woman,{},-0.5,black,1,1,1,1,1.0,liberal,1
1790,10638687,1,it promotes a racial slur and a message of hate,baseline,1,"new slogan: Know niggers, no peace. No niggers, know peace",other,True,True,False,40.0,woman,{},-0.5,black,5,5,5,5,5.0,liberal,2
1790,10638687,1,it is a hate speech,gender,1,"new slogan: Know niggers, no peace. No niggers, know peace",other,True,True,False,40.0,woman,{},-0.5,black,5,5,5,5,5.0,liberal,1
3286,3088028,0,it contains a derogatory term for an older woman,baseline,1,*dress shopping w/ eva* me: I would look like a whole snack mawmaw mawmaw: yeah you would look like an old sack,aae,False,False,True,30.0,woman,{},-0.5,black,2,1,1,1,1.0,liberal,1
3286,3088028,0,it contains a derogatory term for an older woman,gender,1,*dress shopping w/ eva* me: I would look like a whole snack mawmaw mawmaw: yeah you would look like an old sack,aae,False,False,True,30.0,woman,{},-0.5,black,2,1,1,1,1.0,liberal,1
3157,27672101,1,it contains derogatory language towards people with disabilities and explicit language,baseline,1,I came home today to find my retarded son trying to put socks on his cock. That cat's going to be fucking traumatized now.,white,True,False,False,25.0,woman,{},-1.0,black,4,4,5,5,5.0,liberal,0
3157,27672101,1,it contains derogatory language towards people with disabilities and explicit language,gender,1,I came home today to find my retarded son trying to put socks on his cock. That cat's going to be fucking traumatized now.,white,True,False,False,25.0,woman,{},-1.0,black,4,4,5,5,5.0,liberal,0
1642,24252197,1,it contains hate speech and derogatory language towards a particular group of people,baseline,1,"First off imagine calling them who are third worlding it up right now a master race, then imagine calling those fugly chimps attractive",white,False,True,False,30.0,man,{},-0.5,black,5,5,5,5,5.0,liberal,0
1642,24252197,1,it contains hate speech and derogatory language towards a particular group of people,gender,1,"First off imagine calling them who are third worlding it up right now a master race, then imagine calling those fugly chimps attractive",white,False,True,False,30.0,man,{},-0.5,black,5,5,5,5,5.0,liberal,0
3556,10638687,1,it contains a derogatory term for sex workers and a misogynistic comment,baseline,1,"I'm only knocking certified hookers now, last virgin I was with took everything I taught her to her new man lmao time 4 me 2 learn som",aae,False,False,True,40.0,woman,{},-0.5,black,5,1,5,5,5.0,liberal,2
3556,10638687,1,it contains a derogatory term for sex workers and a misogynistic comment,gender,1,"I'm only knocking certified hookers now, last virgin I was with took everything I taught her to her new man lmao time 4 me 2 learn som",aae,False,False,True,40.0,woman,{},-0.5,black,5,1,5,5,5.0,liberal,2
2807,10638687,1,it contains hate speech and derogatory language towards a public figure and his wife,baseline,1,Trump is a syphilis brain addled idiot Jackson dueled for his wife's honor Trump has no respect for his wife or any woman but his daughter,white,False,False,False,40.0,woman,{},-0.5,black,5,1,5,5,5.0,liberal,0
2807,10638687,1,it contains hate speech and derogatory language towards a public figure and women,gender,1,Trump is a syphilis brain addled idiot Jackson dueled for his wife's honor Trump has no respect for his wife or any woman but his daughter,white,False,False,False,40.0,woman,{},-0.5,black,5,1,5,5,5.0,liberal,0
2186,10638687,1,"it contains hate speech and racial slurs, and dehumanizes a group of people",baseline,1,"That's why i yell ""NIGGER!"" at the top of my lungs to any black beggars I see on the road. Good luck catching up to me in my accord you fucking worthless ape. Bonus points if you can dehumanize them enough to start to see tears before you drive off (they are suprisingly quick to start crying like pussies) LMAO",white,True,True,False,40.0,woman,{},-0.5,black,5,5,5,5,5.0,liberal,2
2186,10638687,1,"it contains hate speech and racial slurs, and dehumanizes a group of people",gender,1,"That's why i yell ""NIGGER!"" at the top of my lungs to any black beggars I see on the road. Good luck catching up to me in my accord you fucking worthless ape. Bonus points if you can dehumanize them enough to start to see tears before you drive off (they are suprisingly quick to start crying like pussies) LMAO",white,True,True,False,40.0,woman,{},-0.5,black,5,5,5,5,5.0,liberal,2
3552,27672101,1,it contains explicit language,baseline,1,Mothafuckas is out here sick as fuuuuuccccckkkkkkkkkkkk in the head lmmfaooooo,aae,False,False,True,25.0,woman,{},-1.0,black,5,3,5,5,5.0,liberal,1
3552,27672101,1,it contains explicit language and hate speech,gender,1,Mothafuckas is out here sick as fuuuuuccccckkkkkkkkkkkk in the head lmmfaooooo,aae,False,False,True,25.0,woman,{},-1.0,black,5,3,5,5,5.0,liberal,0
853,10638687,1,it implies that a child's desire to express their gender identity is unacceptable and may be met with punishment,baseline,1,If my son told me he wanted to wear girl's clothes he'd be in big trouble,aae,False,False,True,40.0,woman,{},-0.5,black,1,1,5,4,4.5,liberal,2
853,10638687,1,"it implies that a boy who wants to wear girl's clothes is in trouble, which is a form of transphobia",gender,1,If my son told me he wanted to wear girl's clothes he'd be in big trouble,aae,False,False,True,40.0,woman,{},-0.5,black,1,1,5,4,4.5,liberal,2
1631,10638687,1,it contains a racial slur and makes a derogatory comment about a physical characteristic,baseline,1,"i don't care what people say, blacks have ugly eyelashes!",hispanic,False,True,False,40.0,woman,{},-0.5,black,5,5,5,5,5.0,liberal,2
1631,10638687,1,it contains a racial slur and a derogatory statement about a physical characteristic,gender,1,"i don't care what people say, blacks have ugly eyelashes!",hispanic,False,True,False,40.0,woman,{},-0.5,black,5,5,5,5,5.0,liberal,2
1424,10638687,1,it contains hate speech and anti-semitic language,baseline,1,"If White men, DO NOT STOP carrying on their symbiotic relationship with the parasitic kike, we are doomed. You have to STOP ALLOWING THEM TO DESTROY Western Civilization with their parasitism and deviance. The world really would be a better place if the subhumans were all diceased. Even the honest subhumans cannot deny that all they do is destroy, devour and fuck uncontrollably",white,True,False,False,40.0,woman,{},-0.5,black,5,5,5,5,5.0,liberal,0
1424,10638687,1,it contains hate speech and anti-semitic language,gender,1,"If White men, DO NOT STOP carrying on their symbiotic relationship with the parasitic kike, we are doomed. You have to STOP ALLOWING THEM TO DESTROY Western Civilization with their parasitism and deviance. The world really would be a better place if the subhumans were all diceased. Even the honest subhumans cannot deny that all they do is destroy, devour and fuck uncontrollably",white,True,False,False,40.0,woman,{},-0.5,black,5,5,5,5,5.0,liberal,0
2146,10638687,1,it contains hate speech and explicit language,baseline,1,YOU DERSERVE 3 SHOTS IN YOUR OWN FUCKING HEAD. GET FUCKED YOU TWATS SHOW SOME FUCKING BACKBONE YOU NIGGAS,aae,True,True,True,40.0,woman,{},-0.5,black,5,5,5,5,5.0,liberal,0
2146,10638687,1,it contains hate speech and explicit language,gender,1,YOU DERSERVE 3 SHOTS IN YOUR OWN FUCKING HEAD. GET FUCKED YOU TWATS SHOW SOME FUCKING BACKBONE YOU NIGGAS,aae,True,True,True,40.0,woman,{},-0.5,black,5,5,5,5,5.0,liberal,0
3807,10638687,1,it contains derogatory language and stereotypes about women and people from the hood,baseline,1,Bitches be too mad bitch get some money and move out the hood you fake ballers:woman_golfing_medium-dark_skin_tone::woman_shrugging_medium-dark_skin_tone:,aae,True,False,True,40.0,woman,{},-0.5,black,5,2,5,5,5.0,liberal,0
3807,10638687,1,it contains derogatory language and a stereotype about women and their financial situation,gender,1,Bitches be too mad bitch get some money and move out the hood you fake ballers:woman_golfing_medium-dark_skin_tone::woman_shrugging_medium-dark_skin_tone:,aae,True,False,True,40.0,woman,{},-0.5,black,5,2,5,5,5.0,liberal,0
1988,10638687,1,it contains racial slurs and stereotypes,baseline,1,"It's no a big deal. They aren't ""babies"". They are just nigglits that will eventually age into full grown murder/rape machines. Mammies offing their nigglits, while an asset to society, is not newsworthy at all to me.",white,True,True,False,40.0,woman,{},-0.5,black,5,5,5,5,5.0,liberal,0
1988,10638687,1,it contains racial slurs and stereotypes,gender,1,"It's no a big deal. They aren't ""babies"". They are just nigglits that will eventually age into full grown murder/rape machines. Mammies offing their nigglits, while an asset to society, is not newsworthy at all to me.",white,True,True,False,40.0,woman,{},-0.5,black,5,5,5,5,5.0,liberal,0
1808,10638687,1,it contains a racial slur and promotes a stereotype about black people,baseline,1,"When you pretty much give YT the finger, you are supposed to back it up by playing like an expert. Massa don't like uppity niggers who don't earn dey keep.",aae,True,True,True,40.0,woman,{},-0.5,black,5,5,5,5,5.0,liberal,2
1808,10638687,1,it contains a racial slur and promotes a stereotype of black people being inferior,gender,1,"When you pretty much give YT the finger, you are supposed to back it up by playing like an expert. Massa don't like uppity niggers who don't earn dey keep.",aae,True,True,True,40.0,woman,{},-0.5,black,5,5,5,5,5.0,liberal,2
3586,27672101,1,it contains a threat of violence and uses aggressive language,baseline,1,If ANYBODY EVERRRRR CAME TO MY HOUSE RATHER THEY TRYNA FIGHT OR NOT IF YOU COME ON MY DOOR STEP IM BEATING YO ASS PERIOD .,aae,True,False,True,25.0,woman,{},-1.0,black,5,4,5,5,5.0,liberal,0
3586,27672101,1,it contains a threat of violence and uses aggressive language,gender,1,If ANYBODY EVERRRRR CAME TO MY HOUSE RATHER THEY TRYNA FIGHT OR NOT IF YOU COME ON MY DOOR STEP IM BEATING YO ASS PERIOD .,aae,True,False,True,25.0,woman,{},-1.0,black,5,4,5,5,5.0,liberal,0
1030,10638687,1,it contains a derogatory term for the lgbtq+ community and promotes discrimination,baseline,1,fags shouldn't be allowed to adopt,white,True,False,False,40.0,woman,{},-0.5,black,5,1,5,5,5.0,liberal,0
1030,10638687,1,it contains a derogatory term for the lgbtq+ community and promotes discrimination,gender,1,fags shouldn't be allowed to adopt,white,True,False,False,40.0,woman,{},-0.5,black,5,1,5,5,5.0,liberal,0
1032,10638687,1,it contains a derogatory term for the lgbtq+ community,baseline,1,"Edit: this place is truly my home, I can just comment ""fags"" and it gets upvotes its great",white,True,False,False,40.0,woman,{},-0.5,black,5,1,5,5,5.0,liberal,1
1032,10638687,1,it contains a derogatory term for the lgbtq+ community,gender,1,"Edit: this place is truly my home, I can just comment ""fags"" and it gets upvotes its great",white,True,False,False,40.0,woman,{},-0.5,black,5,1,5,5,5.0,liberal,1
1552,10638687,1,it contains a statement that implies that black people deserved to be oppressed,baseline,1,"The common denominator here is the British empire, who colonized most of the earth and sent white Presbyterian men to America who bought and sold black slaves from Africa which for centuries fed racism into the minds of people right up to present day. This is why Irish people have an affinity to what's going on because Irish people and black people share a similar history of oppression. But the difference is, the blacks deserved it.",white,False,True,False,40.0,woman,{},-0.5,black,5,5,5,5,5.0,liberal,2
1552,10638687,1,it contains a statement that implies that black people deserved to be oppressed,gender,1,"The common denominator here is the British empire, who colonized most of the earth and sent white Presbyterian men to America who bought and sold black slaves from Africa which for centuries fed racism into the minds of people right up to present day. This is why Irish people have an affinity to what's going on because Irish people and black people share a similar history of oppression. But the difference is, the blacks deserved it.",white,False,True,False,40.0,woman,{},-0.5,black,5,5,5,5,5.0,liberal,2
664,27672101,1,it contains hate speech and derogatory language towards people with disabilities,baseline,1,"So true, fucking pricks called my disabled brother a retard",white,True,False,False,25.0,woman,{},-1.0,black,5,4,5,5,5.0,liberal,0
664,27672101,1,it contains hate speech and derogatory language towards people with disabilities,gender,1,"So true, fucking pricks called my disabled brother a retard",white,True,False,False,25.0,woman,{},-1.0,black,5,4,5,5,5.0,liberal,0
932,27672101,1,it uses derogatory language to describe a group of people,baseline,1,"Don't any of you guys recall that old South Park? Nothing wrong with being gay, but what reddit is doing is being a Fag. Which ironically has nothing to do with being gay.",white,True,False,False,25.0,woman,{},-1.0,black,3,3,4,3,3.5,liberal,1
932,27672101,1,it uses derogatory language to describe a group of people,gender,1,"Don't any of you guys recall that old South Park? Nothing wrong with being gay, but what reddit is doing is being a Fag. Which ironically has nothing to do with being gay.",white,True,False,False,25.0,woman,{},-1.0,black,3,3,4,3,3.5,liberal,1
311,10638687,1,it promotes the use of a racial slur and implies that only black people should use it,baseline,1,'niggas' should be used by Blacks only,aae,True,False,True,40.0,woman,{},-0.5,black,3,3,4,4,4.0,liberal,2
311,10638687,1,it promotes the use of a racial slur and implies that only black people should use it,gender,1,'niggas' should be used by Blacks only,aae,True,False,True,40.0,woman,{},-0.5,black,3,3,4,4,4.0,liberal,2
2074,10638687,1,it contains hate speech and derogatory language,baseline,1,I h8 blacks just as much as the next guy but god damn it if afros ain't cool as shit,aae,True,True,True,40.0,woman,{},-0.5,black,5,5,5,5,5.0,liberal,0
2074,10638687,1,it contains hate speech and derogatory language,gender,1,I h8 blacks just as much as the next guy but god damn it if afros ain't cool as shit,aae,True,True,True,40.0,woman,{},-0.5,black,5,5,5,5,5.0,liberal,0
870,10638687,1,it conveys a stereotypical message suggesting that women should dress in a certain way to avoid being judged or harassed,baseline,1,I will not go with you to the party in that dress as women shouldn't dress that way,white,False,False,False,40.0,woman,{},-0.5,black,5,1,5,5,5.0,liberal,2
870,10638687,1,it conveys a stereotypical message suggesting that women should dress in a certain way to avoid being judged or harassed,gender,1,I will not go with you to the party in that dress as women shouldn't dress that way,white,False,False,False,40.0,woman,{},-0.5,black,5,1,5,5,5.0,liberal,2
1777,10638687,1,it is a racial slur and it is used in a context that is likely to be hurtful to black people,baseline,1,I like using words like 'nigger' or 'nigga' around black people,aae,True,True,True,40.0,woman,{},-0.5,black,5,5,5,5,5.0,liberal,2
1777,10638687,1,it is a racial slur and it is used in a context that is likely to be hurtful to black people,gender,1,I like using words like 'nigger' or 'nigga' around black people,aae,True,True,True,40.0,woman,{},-0.5,black,5,5,5,5,5.0,liberal,2
700,10638687,1,it contains hate speech and a racial slur,baseline,1,"There are so many fucking racists these days, i literally hear people say nigger so often",white,True,False,False,40.0,woman,{},-0.5,black,5,5,5,5,5.0,liberal,0
700,10638687,1,it contains hate speech and a racial slur,gender,1,"There are so many fucking racists these days, i literally hear people say nigger so often",white,True,False,False,40.0,woman,{},-0.5,black,5,5,5,5,5.0,liberal,0
2461,24252197,0,it contains explicit language,baseline,1,If my shoulder. Does not stop hurting. I'm gonna fucking lose it.,white,True,False,False,30.0,man,{},-0.5,black,1,1,1,1,1.0,liberal,1
2461,24252197,0,it contains explicit language,gender,1,If my shoulder. Does not stop hurting. I'm gonna fucking lose it.,white,True,False,False,30.0,man,{},-0.5,black,1,1,1,1,1.0,liberal,1
1706,10638687,1,it uses a racial slur,baseline,1,A kneegrow is a kneegrow no matter which way you look at it.,hispanic,False,True,False,40.0,woman,{},-0.5,black,5,5,5,5,5.0,liberal,1
1706,10638687,1,it uses a racial slur,gender,1,A kneegrow is a kneegrow no matter which way you look at it.,hispanic,False,True,False,40.0,woman,{},-0.5,black,5,5,5,5,5.0,liberal,1
693,10638687,1,it contains multiple racial slurs and derogatory terms,baseline,1,"I have never seen a more slur filled, racist post as this one: ""spics, known as beaners, wetbacks, Mexicans, lawn mowers, cleaning lady are the product of greasy and horny Spaniards raping the retarded spear-chucking natives that was created within Mexico.""",white,True,False,False,40.0,woman,{},-0.5,black,4,5,5,5,5.0,liberal,0
693,10638687,1,it contains multiple racial slurs and derogatory terms,gender,1,"I have never seen a more slur filled, racist post as this one: ""spics, known as beaners, wetbacks, Mexicans, lawn mowers, cleaning lady are the product of greasy and horny Spaniards raping the retarded spear-chucking natives that was created within Mexico.""",white,True,False,False,40.0,woman,{},-0.5,black,4,5,5,5,5.0,liberal,0
1817,10638687,1,it contains a racial slur and promotes violence,baseline,1,"They say that they ""ride for my motherfuckin' niggas"". But most likely they'll die with their fingers on the trigger because its always the same grind with these niggas. And they don't go in unless they with my niggas",aae,True,True,True,40.0,woman,{},-0.5,black,4,4,5,4,4.5,liberal,0
1817,10638687,1,it contains a racial slur and promotes violence,gender,1,"They say that they ""ride for my motherfuckin' niggas"". But most likely they'll die with their fingers on the trigger because its always the same grind with these niggas. And they don't go in unless they with my niggas",aae,True,True,True,40.0,woman,{},-0.5,black,4,4,5,4,4.5,liberal,0
2118,27672101,1,it contains hate speech and explicit language,baseline,1,"imagine being such absolute scum, I want those south london balcks to get squashed with a fucking roadroller",white,True,True,False,25.0,woman,{},-1.0,black,3,4,5,5,5.0,liberal,0
2118,27672101,1,it contains hate speech and explicit language,gender,1,"imagine being such absolute scum, I want those south london balcks to get squashed with a fucking roadroller",white,True,True,False,25.0,woman,{},-1.0,black,3,4,5,5,5.0,liberal,0
335,10638687,0,it uses a racial slur,baseline,1,ma brotha ma nigga,aae,True,False,True,40.0,woman,{},-0.5,black,1,1,2,2,2.0,liberal,1
335,10638687,0,it uses a racial slur,gender,1,ma brotha ma nigga,aae,True,False,True,40.0,woman,{},-0.5,black,1,1,2,2,2.0,liberal,1
3501,10638687,1,it contains a threat and a derogatory term,baseline,1,Idiot want it imma get it...Girl what's yo budget?,aae,False,False,True,40.0,woman,{},-0.5,black,4,1,3,4,3.5,liberal,1
3501,10638687,1,it contains a threat and a derogatory term,gender,1,Idiot want it imma get it...Girl what's yo budget?,aae,False,False,True,40.0,woman,{},-0.5,black,4,1,3,4,3.5,liberal,1
719,10638687,1,it contains a derogatory term for people with intellectual disabilities,baseline,1,"""Yeah, but you are still a retard..."" shitty comeback",white,True,False,False,40.0,woman,{},-0.5,black,5,1,5,5,5.0,liberal,1
719,10638687,1,it contains a derogatory term for people with intellectual disabilities,gender,1,"""Yeah, but you are still a retard..."" shitty comeback",white,True,False,False,40.0,woman,{},-0.5,black,5,1,5,5,5.0,liberal,1
279,10638687,1,it contains a racial slur,baseline,1,I am a nigger,hispanic,True,False,False,40.0,woman,{},-0.5,black,4,4,5,5,5.0,liberal,1
279,10638687,1,it contains a racial slur,gender,1,I am a nigger,hispanic,True,False,False,40.0,woman,{},-0.5,black,4,4,5,5,5.0,liberal,1
2075,24252197,1,it contains a racial slur and a derogatory term,baseline,1,Please save your black weaves for someone who gives a rat's ass,white,True,True,False,30.0,man,{},-0.5,black,5,1,5,5,5.0,liberal,1
2075,24252197,1,it contains a racial slur and a derogatory term,gender,1,Please save your black weaves for someone who gives a rat's ass,white,True,True,False,30.0,man,{},-0.5,black,5,1,5,5,5.0,liberal,1
3707,10638687,1,it contains explicit language and implies academic dishonesty,baseline,1,"""i'm a polite person & always say """"thank u"""" but i won't fucking thank my teacher for letting me copy whatever tf she wrote on her blackboard""",aae,True,False,True,40.0,woman,{},-0.5,black,4,1,4,4,4.0,liberal,0
3707,10638687,1,it contains explicit language and implies academic dishonesty,gender,1,"""i'm a polite person & always say """"thank u"""" but i won't fucking thank my teacher for letting me copy whatever tf she wrote on her blackboard""",aae,True,False,True,40.0,woman,{},-0.5,black,4,1,4,4,4.0,liberal,0
1332,10638687,1,it contains hate speech and derogatory language,baseline,1,"Kamala is incredibly ambitious so I would completely believe she's willing to run side by side with a rapist in order to get that shiny new title, fucking retard",white,True,False,False,40.0,woman,{},-0.5,black,5,1,5,5,5.0,liberal,0
1332,10638687,1,it contains hate speech and derogatory language,gender,1,"Kamala is incredibly ambitious so I would completely believe she's willing to run side by side with a rapist in order to get that shiny new title, fucking retard",white,True,False,False,40.0,woman,{},-0.5,black,5,1,5,5,5.0,liberal,0
1812,17960561,1,it contains a racial slur and promotes hate speech,baseline,1,I see no point in going to school if everyone is going to be a bloody nigger,white,True,True,False,35.0,man,none,-0.5,black,5,5,5,5,5.0,liberal,0
1812,17960561,1,it contains a racial slur and a threat,gender,1,I see no point in going to school if everyone is going to be a bloody nigger,white,True,True,False,35.0,man,none,-0.5,black,5,5,5,5,5.0,liberal,1
2777,10638687,1,it contains a racial slur and makes a generalization about a group of people,baseline,1,Never get me started on racism in Islam because how Arabs & South Asians treat their black counterparts is generally disgusting,white,False,False,False,40.0,woman,{},-0.5,black,3,3,4,4,4.0,liberal,2
2777,10638687,1,it contains a racial slur and promotes a negative stereotype about arabs and south asians,gender,1,Never get me started on racism in Islam because how Arabs & South Asians treat their black counterparts is generally disgusting,white,False,False,False,40.0,woman,{},-0.5,black,3,3,4,4,4.0,liberal,2
1538,10638687,1,it contains a racial slur and a derogatory term for a woman,baseline,1,dem n!gg3rsss be more fragile then my nannas Hummel collection...,aae,False,True,True,40.0,woman,{},-0.5,black,5,5,5,5,5.0,liberal,1
1538,10638687,1,it contains a racial slur and a derogatory term,gender,1,dem n!gg3rsss be more fragile then my nannas Hummel collection...,aae,False,True,True,40.0,woman,{},-0.5,black,5,5,5,5,5.0,liberal,1
1626,10638687,1,it contains a racial slur and promotes hate speech,baseline,1,"I always hated visiting Nig York, but if I'm ever forced to I'll be sure to pack all my Confederate clothes and flags and to dance around Central Park! ( I may need a little protection)",white,False,True,False,40.0,woman,{},-0.5,black,5,5,5,5,5.0,liberal,0
1626,10638687,1,it contains a racial slur and promotes hate speech,gender,1,"I always hated visiting Nig York, but if I'm ever forced to I'll be sure to pack all my Confederate clothes and flags and to dance around Central Park! ( I may need a little protection)",white,False,True,False,40.0,woman,{},-0.5,black,5,5,5,5,5.0,liberal,0
4051,10638687,1,it contains explicit language and a derogatory term,baseline,1,You seasonal ... part time .. you'll get fucked up .. fucking with mines ... LIL BITCH :triumph::face_with_thermometer::woman_bowing_medium_skin_tone::rolling_on_the_floor_laughing::crossed_fingers_medium_skin_tone:,aae,True,False,True,40.0,woman,{},-0.5,black,5,1,5,5,5.0,liberal,1
4051,10638687,1,it contains explicit language and a derogatory term,gender,1,You seasonal ... part time .. you'll get fucked up .. fucking with mines ... LIL BITCH :triumph::face_with_thermometer::woman_bowing_medium_skin_tone::rolling_on_the_floor_laughing::crossed_fingers_medium_skin_tone:,aae,True,False,True,40.0,woman,{},-0.5,black,5,1,5,5,5.0,liberal,1
3526,27672101,1,it contains a racial slur and a derogatory term,baseline,1,"Hate when somebody act fake drunk then want you too babysit them , hell naw cya",aae,False,False,True,25.0,woman,{},-1.0,black,4,3,4,4,4.0,liberal,1
3526,27672101,1,it contains hate language and a derogatory term,gender,1,"Hate when somebody act fake drunk then want you too babysit them , hell naw cya",aae,False,False,True,25.0,woman,{},-1.0,black,4,3,4,4,4.0,liberal,1
1695,10638687,1,it contains a racial slur and a derogatory term for a group of people,baseline,1,Black men try to debate people with these facts but they never listen to me and continue to spew their scewed victim version of history,white,False,True,False,40.0,woman,{},-0.5,black,5,5,5,5,5.0,liberal,1
1695,10638687,1,it contains a racial slur and a derogatory term,gender,1,Black men try to debate people with these facts but they never listen to me and continue to spew their scewed victim version of history,white,False,True,False,40.0,woman,{},-0.5,black,5,5,5,5,5.0,liberal,1
3500,10638687,1,it contains a threat of violence and uses a colloquialism that is often associated with hate speech,baseline,1,"You can get woken up by my system and bite your tongue, or you can get woken up, come outside all mad then get beat up too. Idgaf, ur call",aae,False,False,True,40.0,woman,{},-0.5,black,5,1,5,5,5.0,liberal,2
3500,10638687,1,it contains a threat of violence and uses a colloquialism that is often associated with hate speech,gender,1,"You can get woken up by my system and bite your tongue, or you can get woken up, come outside all mad then get beat up too. Idgaf, ur call",aae,False,False,True,40.0,woman,{},-0.5,black,5,1,5,5,5.0,liberal,2
1874,10638687,1,it implies that a racial slur is acceptable based on the speaker's skin color,baseline,1,Whether or not it's ok to say Nigger depends on your skin color. I'm white so its fine to call them that,hispanic,True,True,False,40.0,woman,{},-0.5,black,5,5,5,5,5.0,liberal,1
1874,10638687,1,it implies that a racial slur is acceptable based on the speaker's skin color,gender,1,Whether or not it's ok to say Nigger depends on your skin color. I'm white so its fine to call them that,hispanic,True,True,False,40.0,woman,{},-0.5,black,5,5,5,5,5.0,liberal,1
3799,24252197,0,it contains explicit language and a derogatory term,baseline,1,I really hate it wen people trying to get on my nerves like wtf bitch are you looking for,aae,True,False,True,30.0,man,{},-0.5,black,2,1,2,2,2.0,liberal,1
3799,24252197,0,it contains explicit language and a derogatory term,gender,1,I really hate it wen people trying to get on my nerves like wtf bitch are you looking for,aae,True,False,True,30.0,man,{},-0.5,black,2,1,2,2,2.0,liberal,1
296,10638687,1,it contains derogatory language towards the lgbtq+ community,baseline,1,I hate being called a fag,hispanic,True,False,False,40.0,woman,{},-0.5,black,1,1,5,5,5.0,liberal,0
296,10638687,1,it contains derogatory language towards the lgbtq+ community,gender,1,I hate being called a fag,hispanic,True,False,False,40.0,woman,{},-0.5,black,1,1,5,5,5.0,liberal,0
3900,10638687,1,it contains a racial slur and promotes violence,baseline,1,This nigga wanna shoot rocket launchers on Thursday nights I hate niggas.,aae,True,False,True,40.0,woman,{},-0.5,black,5,5,5,5,5.0,liberal,0
3900,10638687,1,it contains a racial slur and promotes violence,gender,1,This nigga wanna shoot rocket launchers on Thursday nights I hate niggas.,aae,True,False,True,40.0,woman,{},-0.5,black,5,5,5,5,5.0,liberal,0
1370,27672101,1,it contains hate speech and derogatory language towards people with autism and the lgbtq+ community,baseline,1,I feel autistic so *utmost also fuck you and that ginger fag from minnesota,white,True,False,False,25.0,woman,{},-1.0,black,3,3,4,3,3.5,liberal,0
1370,27672101,1,it contains hate speech and derogatory language towards people with autism and the lgbtq+ community,gender,1,I feel autistic so *utmost also fuck you and that ginger fag from minnesota,white,True,False,False,25.0,woman,{},-1.0,black,3,3,4,3,3.5,liberal,0
3463,10638687,1,it contains explicit language and derogatory terms,baseline,1,Be Walking Around Hea Wit Chlamydia Nshit But Worried About What Somebody Else Got Going BYE HOE :victory_hand_medium-light_skin_tone::sneezing_face:,aae,True,False,True,40.0,woman,{},-0.5,black,5,1,5,5,5.0,liberal,0
3463,10638687,1,it contains explicit language and derogatory terms,gender,1,Be Walking Around Hea Wit Chlamydia Nshit But Worried About What Somebody Else Got Going BYE HOE :victory_hand_medium-light_skin_tone::sneezing_face:,aae,True,False,True,40.0,woman,{},-0.5,black,5,1,5,5,5.0,liberal,0
682,10638687,1,it contains a racial slur and promotes a negative stereotype about black people,baseline,1,"You was exactly like the nigga I talked about. Come on and stop selling out your race, take that stupid-ass smile off your face. Niggas always gotta show they teeth. But Imma be brief",aae,True,False,True,40.0,woman,{},-0.5,black,5,5,5,5,5.0,liberal,2
682,10638687,1,it contains a racial slur and promotes a negative stereotype about black people,gender,1,"You was exactly like the nigga I talked about. Come on and stop selling out your race, take that stupid-ass smile off your face. Niggas always gotta show they teeth. But Imma be brief",aae,True,False,True,40.0,woman,{},-0.5,black,5,5,5,5,5.0,liberal,2
1972,10638687,1,it contains hate speech and targets a specific culture,baseline,1,fuck black culture and its shitty ass values,aae,True,True,True,40.0,woman,{},-0.5,black,5,5,5,5,5.0,liberal,0
1972,10638687,1,it contains hate speech and derogatory language towards a specific culture,gender,1,fuck black culture and its shitty ass values,aae,True,True,True,40.0,woman,{},-0.5,black,5,5,5,5,5.0,liberal,0
2143,10638687,1,it promotes the use of a racial slur and encourages lawlessness,baseline,1,"You a street nigga so its fuck the law, if you're broke nigga don't go breakin against the law",aae,True,True,True,40.0,woman,{},-0.5,black,5,5,5,5,5.0,liberal,2
2143,10638687,1,it promotes the use of a racial slur and encourages lawlessness,gender,1,"You a street nigga so its fuck the law, if you're broke nigga don't go breakin against the law",aae,True,True,True,40.0,woman,{},-0.5,black,5,5,5,5,5.0,liberal,2
4043,10638687,1,it contains hate language and promotes the use of a racial slur,baseline,1,Oh you must be MAD that your nigga got caught sucking dick for money lmfaooo and you still fw him,aae,True,False,True,40.0,woman,{},-0.5,black,5,5,5,5,5.0,liberal,0
4043,10638687,1,it contains hate language and promotes the use of a racial slur,gender,1,Oh you must be MAD that your nigga got caught sucking dick for money lmfaooo and you still fw him,aae,True,False,True,40.0,woman,{},-0.5,black,5,5,5,5,5.0,liberal,0
3808,10166032,1,it contains derogatory language and a stereotype about women,baseline,1,"""I'm mindin my business buyin eyelashes& this girl was talking to her gf like """"Bitch everyone says my baby cute u a hater if u say she ugly""""""",aae,True,False,True,45.0,man,{},0.0,black,5,1,5,5,5.0,neutral,0
3808,10166032,1,it contains derogatory language and a stereotype about women,gender,1,"""I'm mindin my business buyin eyelashes& this girl was talking to her gf like """"Bitch everyone says my baby cute u a hater if u say she ugly""""""",aae,True,False,True,45.0,man,{},0.0,black,5,1,5,5,5.0,neutral,0
3411,27672101,1,it contains explicit language and a derogatory term,baseline,1,"He said you shooting blanks, I'm fucking cryinggggg",aae,True,False,True,25.0,woman,{},-1.0,black,3,4,5,4,4.5,liberal,1
3411,27672101,1,it contains explicit language and a derogatory comment about a person's fertility,gender,1,"He said you shooting blanks, I'm fucking cryinggggg",aae,True,False,True,25.0,woman,{},-1.0,black,3,4,5,4,4.5,liberal,2
881,8526465,1,it conveys a xenophobic message,baseline,1,"if you think about it, foreigners are the real danger to society",white,False,False,False,35.0,man,{},0.0,black,4,4,5,3,4.0,neutral,1
881,8526465,1,it conveys a xenophobic message,gender,1,"if you think about it, foreigners are the real danger to society",white,False,False,False,35.0,man,{},0.0,black,4,4,5,3,4.0,neutral,1
978,8526465,1,it contains a racial slur,baseline,1,Cairo Coons are friendly? Surely not!,aae,True,False,True,35.0,man,{},0.0,black,5,5,5,5,5.0,neutral,1
978,8526465,1,it contains a racial slur,gender,1,Cairo Coons are friendly? Surely not!,aae,True,False,True,35.0,man,{},0.0,black,5,5,5,5,5.0,neutral,1
398,10638687,1,it contains a racial slur and promotes a stereotype about black people being horny,baseline,1,We horny niggas matter too!!,aae,True,False,True,40.0,woman,{},-0.5,black,2,2,4,5,4.5,liberal,2
398,10638687,1,it contains a racial slur and promotes a stereotype about men being horny,gender,1,We horny niggas matter too!!,aae,True,False,True,40.0,woman,{},-0.5,black,2,2,4,5,4.5,liberal,2
2176,27672101,1,it contains a racial slur and a threat of violence,baseline,1,Yo some niggas coming out of jail tomorrow and im stoked to beat their ass,aae,True,True,True,25.0,woman,{},-1.0,black,5,3,4,4,4.0,liberal,2
2176,27672101,1,it promotes violence against people who have been released from jail,gender,1,Yo some niggas coming out of jail tomorrow and im stoked to beat their ass,aae,True,True,True,25.0,woman,{},-1.0,black,5,3,4,4,4.0,liberal,1
3453,68595278,1,it contains derogatory language towards women,baseline,1,How u hoes keep y'all hair done but shoes be dirty :sob::woman_facepalming_medium_skin_tone:,aae,True,False,True,35.0,woman,{},-0.5,black,4,1,4,3,3.5,liberal,1
3453,68595278,1,it contains derogatory language towards women,gender,1,How u hoes keep y'all hair done but shoes be dirty :sob::woman_facepalming_medium_skin_tone:,aae,True,False,True,35.0,woman,{},-0.5,black,4,1,4,3,3.5,liberal,1
1928,67558416,1,it contains hate speech and racial slurs,baseline,1,I HATE ALL YOU DIRTY NIGGERS - that's what I  told my coon employer,aae,True,True,True,30.0,woman,"Black, female",-1.0,black,5,5,5,5,5.0,liberal,0
1928,67558416,1,it contains hate speech and racial slurs,gender,1,I HATE ALL YOU DIRTY NIGGERS - that's what I  told my coon employer,aae,True,True,True,30.0,woman,"Black, female",-1.0,black,5,5,5,5,5.0,liberal,0
2167,67558416,1,it contains hate speech and derogatory language,baseline,1,"I never had that happen, I did have this one fucking annoying shit who was a republican nigger cause trouble everyday in fifth grade",white,True,True,False,30.0,woman,Black,-1.0,black,5,5,5,5,5.0,liberal,0
2167,67558416,1,it contains hate speech and uses a racial slur,gender,1,"I never had that happen, I did have this one fucking annoying shit who was a republican nigger cause trouble everyday in fifth grade",white,True,True,False,30.0,woman,Black,-1.0,black,5,5,5,5,5.0,liberal,0
3843,35379134,0,it contains a derogatory term for a woman and a colloquialism that can be perceived as dismissive of her feelings,baseline,1,Bad part about taking trips with ya homie is all he gotta say is lets slide out ya jump but ya bitch been waiting on a vacay about a year na,aae,True,False,True,30.0,man,{},-1.0,black,2,1,3,1,2.0,liberal,1
3843,35379134,0,it contains a derogatory term for a woman and a colloquialism that can be perceived as dismissive of her feelings,gender,1,Bad part about taking trips with ya homie is all he gotta say is lets slide out ya jump but ya bitch been waiting on a vacay about a year na,aae,True,False,True,30.0,man,{},-1.0,black,2,1,3,1,2.0,liberal,1
3633,42267923,1,it conveys a stereotypical message suggesting that women are childish and immature,baseline,1,"""i can't stand these """"grown"""" ass females :woman_facepalming_medium_skin_tone::woman_facepalming_medium_skin_tone: how you """" grown """" but childish as hell ?! :weary::joy::woman_facepalming_medium_skin_tone::woman_facepalming_medium_skin_tone:""",aae,True,False,True,30.0,woman,{},1.0,black,5,1,5,5,5.0,conservative,2
3633,42267923,1,it conveys a stereotypical message suggesting that women are childish and immature,gender,1,"""i can't stand these """"grown"""" ass females :woman_facepalming_medium_skin_tone::woman_facepalming_medium_skin_tone: how you """" grown """" but childish as hell ?! :weary::joy::woman_facepalming_medium_skin_tone::woman_facepalming_medium_skin_tone:""",aae,True,False,True,30.0,woman,{},1.0,black,5,1,5,5,5.0,conservative,2
2221,92024956,0,it contains explicit language and a racial slur,baseline,1,Fuck it y'all do what y'all want but once this sub go down ik me and that niggas got her shit and we got her private messages that nobody else got,aae,True,True,True,35.0,man,"pansexual, disabled, trans",-1.0,black,1,1,4,1,2.5,liberal,0
2221,92024956,0,it contains explicit language and a racial slur,gender,1,Fuck it y'all do what y'all want but once this sub go down ik me and that niggas got her shit and we got her private messages that nobody else got,aae,True,True,True,35.0,man,"pansexual, disabled, trans",-1.0,black,1,1,4,1,2.5,liberal,0
1865,92024956,1,it contains a racial slur and a derogatory term,baseline,1,offft who does that blm nigga think he is??,aae,True,True,True,35.0,man,"pansexual, disabled",-1.0,black,2,2,4,3,3.5,liberal,1
1865,92024956,1,it contains a racial slur and a derogatory term,gender,1,offft who does that blm nigga think he is??,aae,True,True,True,35.0,man,"pansexual, disabled",-1.0,black,2,2,4,3,3.5,liberal,1
381,42267923,0,it promotes violence against women,baseline,1,we should kill the word bitch,aae,True,False,True,30.0,woman,{},1.0,black,1,1,1,1,1.0,conservative,1
381,42267923,0,it promotes violence against women,gender,1,we should kill the word bitch,aae,True,False,True,30.0,woman,{},1.0,black,1,1,1,1,1.0,conservative,1
1899,92024956,1,it contains a racial slur and makes a generalization about a racial group,baseline,1,"Exactly. Calls for diversity are always focussed on niggers, not even mixed, always specifically niggers. Niggers are 3% of the population in england.",white,True,True,False,35.0,man,"pansexual, disabled, trans",-1.0,black,5,5,5,5,5.0,liberal,2
1899,92024956,1,it contains a racial slur and makes a generalization about a racial group,gender,1,"Exactly. Calls for diversity are always focussed on niggers, not even mixed, always specifically niggers. Niggers are 3% of the population in england.",white,True,True,False,35.0,man,"pansexual, disabled, trans",-1.0,black,5,5,5,5,5.0,liberal,2
3747,92024956,0,it contains hate language and derogatory terms,baseline,1,I b dtfl @ how yall jazz yall ugly ass friends :sob::sob::sob:,aae,True,False,True,35.0,man,"pansexual, disabled, trans",-1.0,black,1,1,3,1,2.0,liberal,0
3747,92024956,0,it contains hate language and derogatory terms,gender,1,I b dtfl @ how yall jazz yall ugly ass friends :sob::sob::sob:,aae,True,False,True,35.0,man,"pansexual, disabled, trans",-1.0,black,1,1,3,1,2.0,liberal,0
4013,92024956,0,it contains explicit language and a threat,baseline,1,"So Tom called me ugly I said bitch where, he said under all that communism I said bitch I wilL FUCK YOU UP",aae,True,False,True,35.0,man,"pansexual, disabled, trans",-1.0,black,2,1,4,1,2.5,liberal,1
4013,92024956,0,it contains explicit language and a threat,gender,1,"So Tom called me ugly I said bitch where, he said under all that communism I said bitch I wilL FUCK YOU UP",aae,True,False,True,35.0,man,"pansexual, disabled, trans",-1.0,black,2,1,4,1,2.5,liberal,1
697,92024956,1,it contains derogatory language and insults towards a person,baseline,1,"Crying ffs Claire get a fucking grip what did she expect to happen, she obviously could not keep going the way she was. she was manic at times ranting on that page I think she thought she was being funny but she just sounds like an angry spiteful bitch",white,True,False,False,35.0,man,"pansexual, disabled, trans",-1.0,black,5,1,4,4,4.0,liberal,0
697,92024956,1,it contains derogatory language and insults towards a person,gender,1,"Crying ffs Claire get a fucking grip what did she expect to happen, she obviously could not keep going the way she was. she was manic at times ranting on that page I think she thought she was being funny but she just sounds like an angry spiteful bitch",white,True,False,False,35.0,man,"pansexual, disabled, trans",-1.0,black,5,1,4,4,4.0,liberal,0
3119,92024956,0,it contains a derogatory term for women and implies that the speaker is objectifying them,baseline,1,This girl was like I ain't know you was into bitches like that and I chuckled. And said if only you knew the half of it :sob:,white,True,False,False,35.0,man,"pansexual, disabled",-1.0,black,1,1,4,1,2.5,liberal,2
3119,92024956,0,it contains a derogatory term for women and implies that the speaker is objectifying them,gender,1,This girl was like I ain't know you was into bitches like that and I chuckled. And said if only you knew the half of it :sob:,white,True,False,False,35.0,man,"pansexual, disabled",-1.0,black,1,1,4,1,2.5,liberal,2
4082,92024956,0,it contains a racial slur and promotes hate speech,baseline,1,Can't fuck with these niggas they too fake all they do is hate,aae,True,False,True,35.0,man,"pansexual, disabled, trans",-1.0,black,2,1,4,1,2.5,liberal,0
4082,92024956,0,it contains a racial slur and promotes hate speech,gender,1,Can't fuck with these niggas they too fake all they do is hate,aae,True,False,True,35.0,man,"pansexual, disabled, trans",-1.0,black,2,1,4,1,2.5,liberal,0
1849,92024956,1,it uses a racial slur and perpetuates a negative stereotype,baseline,1,niggas love to commit crime,aae,True,True,True,35.0,man,"pansexual, disabled",-1.0,black,3,2,4,3,3.5,liberal,2
1849,92024956,1,it uses a racial slur and perpetuates a negative stereotype,gender,1,niggas love to commit crime,aae,True,True,True,35.0,man,"pansexual, disabled",-1.0,black,3,2,4,3,3.5,liberal,2
1862,42267923,1,it uses a racial slur,baseline,1,"My goodness, niggas are so pretentious these days, aren't they?",white,True,True,False,30.0,woman,{},1.0,black,5,5,5,5,5.0,conservative,1
1862,42267923,1,it uses a racial slur,gender,1,"My goodness, niggas are so pretentious these days, aren't they?",white,True,True,False,30.0,woman,{},1.0,black,5,5,5,5,5.0,conservative,1
4143,42267923,1,it contains explicit language and threats of violence,baseline,1,my step mother? u r fucking hopeless. i hope u die. I hate U. bitch bitch bitch bitch bitch bitch bitch bitch bitch bitch bitch bitch bitch!,aae,True,False,True,30.0,woman,{},1.0,black,5,1,5,5,5.0,conservative,0
4143,42267923,1,it contains multiple instances of hate speech and explicit language,gender,1,my step mother? u r fucking hopeless. i hope u die. I hate U. bitch bitch bitch bitch bitch bitch bitch bitch bitch bitch bitch bitch bitch!,aae,True,False,True,30.0,woman,{},1.0,black,5,1,5,5,5.0,conservative,0
1821,49021087,1,it contains a racial slur,baseline,1,I would happily lay out a nigga,aae,True,True,True,25.0,man,{},-1.0,black,5,5,5,5,5.0,liberal,1
1890,92024956,1,it contains a racial slur and a threat of violence,baseline,1,"if I see any nigger, I will pull the trigger",white,True,True,False,35.0,man,"pansexual, disabled, trans",-1.0,black,5,5,5,5,5.0,liberal,2
1890,92024956,1,it contains a racial slur and a threat,gender,1,"if I see any nigger, I will pull the trigger",white,True,True,False,35.0,man,"pansexual, disabled, trans",-1.0,black,5,5,5,5,5.0,liberal,1
1917,92024956,1,it contains a racial slur and a derogatory term for a racial group,baseline,1,"Tell me how many of my brothas fell victim to the streets? Now rest in peace yung bro, shot by some stoopid nigga but there's a heaven for us whites see",aae,True,True,True,35.0,man,"pansexual, disabled",-1.0,black,5,5,4,5,4.5,liberal,1
1917,92024956,1,it contains a racial slur and a derogatory term for a racial group,gender,1,"Tell me how many of my brothas fell victim to the streets? Now rest in peace yung bro, shot by some stoopid nigga but there's a heaven for us whites see",aae,True,True,True,35.0,man,"pansexual, disabled",-1.0,black,5,5,4,5,4.5,liberal,1
2624,67558416,1,it contains derogatory language towards a woman,baseline,1,i just watched a video of @joisnotonfire being an annoying hoe on skype i'm laughing,white,True,False,False,30.0,woman,"Black, female",-1.0,black,2,1,4,4,4.0,liberal,1
2624,67558416,1,it contains derogatory language towards a woman and implies that she is promiscuous,gender,1,i just watched a video of @joisnotonfire being an annoying hoe on skype i'm laughing,white,True,False,False,30.0,woman,"Black, female",-1.0,black,2,1,4,4,4.0,liberal,2
3051,67558416,1,it contains derogatory language and a pejorative term,baseline,1,It's usually the people who've never had to lift a finger that complain the most. Entitled little bitches.,white,True,False,False,30.0,woman,Black,-1.0,black,5,1,5,5,5.0,liberal,1
3051,67558416,1,it contains derogatory language and a pejorative term,gender,1,It's usually the people who've never had to lift a finger that complain the most. Entitled little bitches.,white,True,False,False,30.0,woman,Black,-1.0,black,5,1,5,5,5.0,liberal,1
3472,92024956,1,it contains derogatory language and a threat,baseline,1,"If it didn't work out, then it didn't work out, stop bein a mad hoe and move on",aae,True,False,True,35.0,man,"pansexual, disabled",-1.0,black,4,2,4,3,3.5,liberal,1
3472,92024956,1,it contains derogatory language and a threat,gender,1,"If it didn't work out, then it didn't work out, stop bein a mad hoe and move on",aae,True,False,True,35.0,man,"pansexual, disabled",-1.0,black,4,2,4,3,3.5,liberal,1
3859,92024956,0,it contains a racial slur and a derogatory term,baseline,1,"Like niggas always lying thinking I'm stupid , like you don't have to lie to me baby you ain't my nigga",aae,True,False,True,35.0,man,"pansexual, disabled, trans",-1.0,black,1,1,3,1,2.0,liberal,1
3859,92024956,0,it contains a racial slur and a derogatory term,gender,1,"Like niggas always lying thinking I'm stupid , like you don't have to lie to me baby you ain't my nigga",aae,True,False,True,35.0,man,"pansexual, disabled, trans",-1.0,black,1,1,3,1,2.0,liberal,1
3167,92024956,0,it contains a threat of violence and a derogatory term,baseline,1,I will become a cold ass bitch because of my treatment,white,True,False,False,35.0,man,"pansexual, disabled",-1.0,black,2,1,3,1,2.0,liberal,1
3167,92024956,0,it contains a threat of violence and a derogatory term,gender,1,I will become a cold ass bitch because of my treatment,white,True,False,False,35.0,man,"pansexual, disabled",-1.0,black,2,1,3,1,2.0,liberal,1
348,67558416,1,it uses a racial slur,baseline,1,whats up my niggas,aae,True,False,True,30.0,woman,Black,-1.0,black,2,3,4,3,3.5,liberal,1
348,67558416,1,it uses a racial slur,gender,1,whats up my niggas,aae,True,False,True,30.0,woman,Black,-1.0,black,2,3,4,3,3.5,liberal,1
4079,67558416,1,"it contains hate speech, vulgar language, and a racial slur",baseline,1,i hate seeing my baby hurt :weary: whoever tf hit my car & ran is a bitch ass fucking nigga,aae,True,False,True,30.0,woman,"Black, female",-1.0,black,4,3,4,4,4.0,liberal,0
4079,67558416,1,"it contains hate speech, vulgar language, and a racial slur",gender,1,i hate seeing my baby hurt :weary: whoever tf hit my car & ran is a bitch ass fucking nigga,aae,True,False,True,30.0,woman,"Black, female",-1.0,black,4,3,4,4,4.0,liberal,0
1810,92024956,1,it contains a racial slur and promotes a negative stereotype about the ghetto and the law,baseline,1,We be growin up hip hop in here. Yo like a Nigger let it sound like ghetto in here. He be selling crack like tracks with no fear of the law,aae,True,True,True,35.0,man,"pansexual, disabled",-1.0,black,5,5,5,4,4.5,liberal,2
1810,92024956,1,it contains a racial slur and promotes a negative stereotype about the ghetto and the law,gender,1,We be growin up hip hop in here. Yo like a Nigger let it sound like ghetto in here. He be selling crack like tracks with no fear of the law,aae,True,True,True,35.0,man,"pansexual, disabled",-1.0,black,5,5,5,4,4.5,liberal,2
366,32992109,0,it conveys a negative emotion towards a particular word,baseline,1,I hate being called a bitch,hispanic,True,False,False,25.0,man,,-1.0,black,1,1,1,1,1.0,liberal,1
366,32992109,0,it contains a derogatory term for women,gender,1,I hate being called a bitch,hispanic,True,False,False,25.0,man,,-1.0,black,1,1,1,1,1.0,liberal,1
393,92024956,0,it contains derogatory language towards women,baseline,1,women are not dumb bitches,aae,True,False,True,35.0,man,"pansexual, disabled, trans",-1.0,black,1,1,4,1,2.5,liberal,1
393,92024956,0,it contains derogatory language towards women,gender,1,women are not dumb bitches,aae,True,False,True,35.0,man,"pansexual, disabled, trans",-1.0,black,1,1,4,1,2.5,liberal,1
963,92024956,1,it conveys a stereotypical message suggesting that a person's ethnicity is defined by their last name and contains derogatory language,baseline,1,"Last year I met this bitch ''Kaori' and her last name was Hispanic  her dad was a White guy from Latin America, wtf.",hispanic,True,False,False,35.0,man,"pansexual, disabled, trans",-1.0,black,4,5,5,4,4.5,liberal,2
963,92024956,1,it conveys a stereotypical message suggesting that a person's ethnicity is defined by their last name and contains derogatory language,gender,1,"Last year I met this bitch ''Kaori' and her last name was Hispanic  her dad was a White guy from Latin America, wtf.",hispanic,True,False,False,35.0,man,"pansexual, disabled, trans",-1.0,black,4,5,5,4,4.5,liberal,2
1503,92024956,1,it contains explicit language and derogatory term for lgbtq+ individuals,baseline,1,"I started this thing first I think, unless you're that guy who wrote that whole ass fucking book about thos faggots once",hispanic,True,False,False,35.0,man,"pansexual, disabled",-1.0,black,5,1,5,5,5.0,liberal,0
1503,92024956,1,it contains explicit language and derogatory term for lgbtq+ individuals,gender,1,"I started this thing first I think, unless you're that guy who wrote that whole ass fucking book about thos faggots once",hispanic,True,False,False,35.0,man,"pansexual, disabled",-1.0,black,5,1,5,5,5.0,liberal,0
1295,92024956,1,it contains hate speech and explicit language,baseline,1,"The hilarious report summary read as follows (warning: it hits the nail on the head about most women):  'She is a dirty filthy whore and you need to get checked for STDs ASAP. Kick her ass to the curb, swiftly. Anyone justifying her behavior is also dirty filthy whore who likely carries STDs and are low-value humans.'""",white,True,False,False,35.0,man,"pansexual, disabled, trans",-1.0,black,5,1,5,5,5.0,liberal,0
1295,92024956,1,it contains hate speech and explicit language,gender,1,"The hilarious report summary read as follows (warning: it hits the nail on the head about most women):  'She is a dirty filthy whore and you need to get checked for STDs ASAP. Kick her ass to the curb, swiftly. Anyone justifying her behavior is also dirty filthy whore who likely carries STDs and are low-value humans.'""",white,True,False,False,35.0,man,"pansexual, disabled, trans",-1.0,black,5,1,5,5,5.0,liberal,0
654,64721988,1,it contains hate speech and derogatory language towards women and a specific ethnic group,baseline,1,"Fat spickettes are fat Mexican bitches like me n ma gals that go out wearing tight clothes, fucking everything that moves.",aae,True,False,True,30.0,man,{},-1.0,black,5,5,5,5,5.0,liberal,0
654,64721988,1,it contains hate speech and derogatory language towards women and a specific ethnic group,gender,1,"Fat spickettes are fat Mexican bitches like me n ma gals that go out wearing tight clothes, fucking everything that moves.",aae,True,False,True,30.0,man,{},-1.0,black,5,5,5,5,5.0,liberal,0
967,92024956,1,it contains racial slurs and stereotypes,baseline,1,"There are very few niggers, our slaves were mostly indigenous and then chinks as cheap labour so theres a few of those but very few niggers. Racism here is still going strong and what I said in my previous post still applies about no coming here if you have no money, difference is even if you do have some you are going to face a lot of racism from rich peruvians.",white,True,False,False,35.0,man,"pansexual, disabled, trans",-1.0,black,4,5,5,5,5.0,liberal,0
967,92024956,1,it contains racial slurs and stereotypes,gender,1,"There are very few niggers, our slaves were mostly indigenous and then chinks as cheap labour so theres a few of those but very few niggers. Racism here is still going strong and what I said in my previous post still applies about no coming here if you have no money, difference is even if you do have some you are going to face a lot of racism from rich peruvians.",white,True,False,False,35.0,man,"pansexual, disabled, trans",-1.0,black,4,5,5,5,5.0,liberal,0
2219,68595278,1,it contains hate speech and promotes violence against a group of people,baseline,1,I saw yesterday a group of nigger cops hold white people down and inject them with shit. SA needs a genocide,white,True,True,False,35.0,woman,{},-0.5,black,5,5,5,5,5.0,liberal,0
2219,68595278,1,it contains hate speech and promotes violence against a group of people,gender,1,I saw yesterday a group of nigger cops hold white people down and inject them with shit. SA needs a genocide,white,True,True,False,35.0,woman,{},-0.5,black,5,5,5,5,5.0,liberal,0
1818,67558416,1,it uses a racial slur and is also aggressive,baseline,1,why are these suit wearing niggas so loud? Sssssh!,aae,True,True,True,30.0,woman,Black,-1.0,black,3,2,3,4,3.5,liberal,2
1818,67558416,1,it uses a racial slur and is derogatory towards a group of people,gender,1,why are these suit wearing niggas so loud? Sssssh!,aae,True,True,True,30.0,woman,Black,-1.0,black,3,2,3,4,3.5,liberal,2
4018,35379134,0,it contains a racial slur and a derogatory term for women,baseline,1,Niggas keep talking about women wearing weave but be sick when a bitch up a fro on they ass. :sob:,aae,True,False,True,30.0,man,{},-1.0,black,2,2,3,1,2.0,liberal,1
4018,35379134,0,it contains a racial slur and a derogatory term for women,gender,1,Niggas keep talking about women wearing weave but be sick when a bitch up a fro on they ass. :sob:,aae,True,False,True,30.0,man,{},-1.0,black,2,2,3,1,2.0,liberal,1
1894,42267923,1,it uses a racial slur,baseline,1,These niggers breed like rabbits,aae,True,True,True,30.0,woman,{},1.0,black,5,5,5,5,5.0,conservative,1
1894,42267923,1,it uses a racial slur and conveys a derogatory message,gender,1,These niggers breed like rabbits,aae,True,True,True,30.0,woman,{},1.0,black,5,5,5,5,5.0,conservative,2
717,32992109,0,it perpetuates a stereotype that black people are overrepresented in porn and uses a racial slur,baseline,1,Shoutout to my niggas who feel even more like failures bc of the way we're always getting stereotyped in porn,white,True,False,False,25.0,man,,-1.0,black,1,1,2,1,1.5,liberal,2
717,32992109,0,it contains a racial slur and perpetuates a stereotype about black people being associated with pornography,gender,1,Shoutout to my niggas who feel even more like failures bc of the way we're always getting stereotyped in porn,white,True,False,False,25.0,man,,-1.0,black,1,1,2,1,1.5,liberal,2
969,92024956,1,it contains a derogatory term for the lgbtq+ community,baseline,1,I hope my kids never associate with fags,hispanic,True,False,False,35.0,man,"pansexual, disabled, trans",-1.0,black,5,1,5,5,5.0,liberal,1
969,92024956,1,it contains a derogatory term for the lgbtq+ community,gender,1,I hope my kids never associate with fags,hispanic,True,False,False,35.0,man,"pansexual, disabled, trans",-1.0,black,5,1,5,5,5.0,liberal,1
2164,92024956,1,it contains hate speech and a racial slur,baseline,1,fuck off nigger lovers,aae,True,True,True,35.0,man,"pansexual, disabled, trans",-1.0,black,5,5,5,5,5.0,liberal,0
2164,92024956,1,it contains hate speech and a racial slur,gender,1,fuck off nigger lovers,aae,True,True,True,35.0,man,"pansexual, disabled, trans",-1.0,black,5,5,5,5,5.0,liberal,0
2187,42267923,1,it contains a racial slur and explicit language,baseline,1,A nigga was killed and zero fucking flying fucks were given by anyone,white,True,True,False,30.0,woman,{},1.0,black,5,3,5,5,5.0,conservative,0
2187,42267923,1,it contains a racial slur and explicit language,gender,1,A nigga was killed and zero fucking flying fucks were given by anyone,white,True,True,False,30.0,woman,{},1.0,black,5,3,5,5,5.0,conservative,0
1880,92024956,1,it contains a racial slur and a derogatory term,baseline,1,"I swear to God above I love ya and when ya be with this brotha, I swear I love you my bro as long as you not a nigga",aae,True,True,True,35.0,man,"pansexual, disabled, trans",-1.0,black,4,5,4,5,4.5,liberal,1
1880,92024956,1,it contains a racial slur and a derogatory term,gender,1,"I swear to God above I love ya and when ya be with this brotha, I swear I love you my bro as long as you not a nigga",aae,True,True,True,35.0,man,"pansexual, disabled, trans",-1.0,black,4,5,4,5,4.5,liberal,1
3973,49021087,0,it contains a racial slur and a threat,baseline,1,"When you fucking on that nigga, hope you thinking about me...",aae,True,False,True,25.0,man,{},-1.0,black,1,1,3,2,2.5,liberal,1
3973,49021087,0,it contains a racial slur and a threat,gender,1,"When you fucking on that nigga, hope you thinking about me...",aae,True,False,True,25.0,man,{},-1.0,black,1,1,3,2,2.5,liberal,1
1393,68595278,1,it contains derogatory language and stereotypes about women and their behavior,baseline,1,"Same thing happened to me, and this was a bulldyke-looking one who had a free hand while she was yapping on her cellphone. Bitches just want and crave something to moan about. Bitch if you hold the door, bitch if you don't. moan if you say hi, moan if you ignore them. complain about the way you sit (manspreading?!), while her giant backside takes two seats. Bitch! Bitch! Then moan some more. I just flipped her the birdie, and kept on walking.",white,True,False,False,35.0,woman,{},-0.5,black,5,1,5,4,4.5,liberal,0
1393,68595278,1,it contains derogatory language and stereotypes about women and their behavior,gender,1,"Same thing happened to me, and this was a bulldyke-looking one who had a free hand while she was yapping on her cellphone. Bitches just want and crave something to moan about. Bitch if you hold the door, bitch if you don't. moan if you say hi, moan if you ignore them. complain about the way you sit (manspreading?!), while her giant backside takes two seats. Bitch! Bitch! Then moan some more. I just flipped her the birdie, and kept on walking.",white,True,False,False,35.0,woman,{},-0.5,black,5,1,5,4,4.5,liberal,0
2142,42267923,1,it contains hate language and a racial slur,baseline,1,"But it was all phoney. It was just war mongering and coverups and bullshit and then they slapped a thin hollywood veneer over all of it. Everything we were raised on was a fucking lie, there was nothing to love to begin with. The USA we loved didn't even exist in the past, it was all bullshit. there have always been niggers roaming the streets",white,True,True,False,30.0,woman,{},1.0,black,5,5,5,5,5.0,conservative,0
2142,42267923,1,it contains hate language and a racial slur,gender,1,"But it was all phoney. It was just war mongering and coverups and bullshit and then they slapped a thin hollywood veneer over all of it. Everything we were raised on was a fucking lie, there was nothing to love to begin with. The USA we loved didn't even exist in the past, it was all bullshit. there have always been niggers roaming the streets",white,True,True,False,30.0,woman,{},1.0,black,5,5,5,5,5.0,conservative,0
4069,67558416,0,it contains multiple instances of the racial slur 'nigga' and explicit language,baseline,1,"All my niggas wear crowns, all my niggas bossed up, all my niggas got bad bitches don't none of us give a fuck.",aae,True,False,True,30.0,woman,"Black, female",-1.0,black,5,1,1,1,1.0,liberal,0
4069,67558416,0,it contains a racial slur and explicit language,gender,1,"All my niggas wear crowns, all my niggas bossed up, all my niggas got bad bitches don't none of us give a fuck.",aae,True,False,True,30.0,woman,"Black, female",-1.0,black,5,1,1,1,1.0,liberal,0
1954,67558416,1,it contains hate speech and racial slur,baseline,1,"Opps, Under our amazing President, Trump, gang members are gone. Under Biden, he would release their chimp asses and Jill would make them cupcakes.  awful ! God Bless President Trump",white,True,True,False,30.0,woman,"Black, female",-1.0,black,5,5,5,5,5.0,liberal,0
1954,67558416,1,it contains hate speech and racial slur,gender,1,"Opps, Under our amazing President, Trump, gang members are gone. Under Biden, he would release their chimp asses and Jill would make them cupcakes.  awful ! God Bless President Trump",white,True,True,False,30.0,woman,"Black, female",-1.0,black,5,5,5,5,5.0,liberal,0
3623,35379134,1,it contains hate speech and explicit language,baseline,1,"Disgusting part is, females want these trash ass acidic pussies ate :mask:",aae,True,False,True,30.0,man,{},-1.0,black,5,1,5,5,5.0,liberal,0
3623,35379134,1,it contains hate speech and explicit language,gender,1,"Disgusting part is, females want these trash ass acidic pussies ate :mask:",aae,True,False,True,30.0,man,{},-1.0,black,5,1,5,5,5.0,liberal,0
1884,68595278,1,it uses a racial slur and a derogatory term to describe a person's appearance and behavior,baseline,1,When I get my hair twisted and my energy seriously goes from white trash to nigga lol,aae,True,True,True,35.0,woman,{},-0.5,black,3,4,4,4,4.0,liberal,2
1884,68595278,1,it uses a racial slur and a derogatory term to describe a person's appearance and behavior,gender,1,When I get my hair twisted and my energy seriously goes from white trash to nigga lol,aae,True,True,True,35.0,woman,{},-0.5,black,3,4,4,4,4.0,liberal,2
2222,67558416,1,it contains a racial slur and derogatory language,baseline,1,Myy friend really fucking love mes to be coming out at this time of night to pick me up cause bitch there's too many balckies,hispanic,True,True,False,30.0,woman,"Black, female",-1.0,black,5,5,5,5,5.0,liberal,1
2222,67558416,1,it contains a racial slur and derogatory language,gender,1,Myy friend really fucking love mes to be coming out at this time of night to pick me up cause bitch there's too many balckies,hispanic,True,True,False,30.0,woman,"Black, female",-1.0,black,5,5,5,5,5.0,liberal,1
2180,42267923,1,it contains a racial slur and a derogatory term,baseline,1,"My neighbour's tree is fucking big. He refuses to cut it down, as the inconsiderate nigger he is.",white,True,True,False,30.0,woman,{},1.0,black,5,5,5,5,5.0,conservative,1
2180,42267923,1,it contains a racial slur and a derogatory term,gender,1,"My neighbour's tree is fucking big. He refuses to cut it down, as the inconsiderate nigger he is.",white,True,True,False,30.0,woman,{},1.0,black,5,5,5,5,5.0,conservative,1
78,49021087,1,it contains a derogatory term for a sexual orientation,baseline,1,immorality is a concept with which lesbos cannot be associated,white,False,False,False,25.0,man,{},-1.0,black,4,1,5,4,4.5,liberal,1
78,49021087,1,it contains a derogatory term for a sexual orientation,gender,1,immorality is a concept with which lesbos cannot be associated,white,False,False,False,25.0,man,{},-1.0,black,4,1,5,4,4.5,liberal,1
4145,67558416,1,it contains a racial slur and explicit language,baseline,1,nigga I wish the fuck you would hit me so I could sue ya ugly ass :middle_finger_medium-light_skin_tone:,aae,True,False,True,30.0,woman,"Black, female",-1.0,black,5,4,5,5,5.0,liberal,0
4145,67558416,1,it contains a racial slur and explicit language,gender,1,nigga I wish the fuck you would hit me so I could sue ya ugly ass :middle_finger_medium-light_skin_tone:,aae,True,False,True,30.0,woman,"Black, female",-1.0,black,5,4,5,5,5.0,liberal,0
2132,92024956,1,it contains a racial slur and a derogatory term,baseline,1,what a fucking low ass nigger move,aae,True,True,True,35.0,man,"pansexual, disabled, trans",-1.0,black,5,5,5,5,5.0,liberal,1
2132,92024956,1,it contains a racial slur and a derogatory term,gender,1,what a fucking low ass nigger move,aae,True,True,True,35.0,man,"pansexual, disabled, trans",-1.0,black,5,5,5,5,5.0,liberal,1
698,92024956,1,it contains derogatory language and a personal attack on a woman,baseline,1,"Sperm donors are actually for people who actually need one, people with infertility, same sex couples etc. Definitely not for some fucking bratty immature bitch just because she ""hates men"" (yet is DESPERATE for a boyfriend online) How much we betting that her ""sperm donor"" will be some random shag off tinder.",white,True,False,False,35.0,man,"pansexual, disabled, trans",-1.0,black,4,1,5,5,5.0,liberal,0
698,92024956,1,it contains derogatory language and a personal attack on a woman,gender,1,"Sperm donors are actually for people who actually need one, people with infertility, same sex couples etc. Definitely not for some fucking bratty immature bitch just because she ""hates men"" (yet is DESPERATE for a boyfriend online) How much we betting that her ""sperm donor"" will be some random shag off tinder.",white,True,False,False,35.0,man,"pansexual, disabled, trans",-1.0,black,4,1,5,5,5.0,liberal,0
2159,67558416,1,it contains multiple racial slurs and derogatory language,baseline,1,Big groidal of NY AA niggers wiff badges work to show their loyalty lies NOT with law enforcement but with filthy shit-ape mutant has-been Colon Kappernigger.,white,True,True,False,30.0,woman,"Black, female",-1.0,black,5,5,5,5,5.0,liberal,0
2159,67558416,1,it contains multiple racial slurs and derogatory language,gender,1,Big groidal of NY AA niggers wiff badges work to show their loyalty lies NOT with law enforcement but with filthy shit-ape mutant has-been Colon Kappernigger.,white,True,True,False,30.0,woman,"Black, female",-1.0,black,5,5,5,5,5.0,liberal,0
344,49021087,0,it contains hate speech and derogatory language,baseline,1,""" you ugly bitch!!!""- that seems to be my real name these days",aae,True,False,True,25.0,man,{},-1.0,black,1,1,3,2,2.5,liberal,0
344,49021087,0,it contains hate speech and derogatory language,gender,1,""" you ugly bitch!!!""- that seems to be my real name these days",aae,True,False,True,25.0,man,{},-1.0,black,1,1,3,2,2.5,liberal,0
2152,35379134,1,it contains a racial slur and a derogatory term,baseline,1,Fuck me i had to stand in line with yet another creepy nigger person today,white,True,True,False,30.0,man,{},-1.0,black,5,5,5,5,5.0,liberal,1
2152,35379134,1,it contains a racial slur and a derogatory term,gender,1,Fuck me i had to stand in line with yet another creepy nigger person today,white,True,True,False,30.0,man,{},-1.0,black,5,5,5,5,5.0,liberal,1
1927,92024956,1,it promotes the use of a racial slur and contains a hate message,baseline,1,"Can we just ship all these niggas back to Africa, and call it lovely?",aae,True,True,True,35.0,man,"pansexual, disabled, trans",-1.0,black,4,4,5,4,4.5,liberal,0
1927,92024956,1,it promotes the use of a racial slur and contains a hate message,gender,1,"Can we just ship all these niggas back to Africa, and call it lovely?",aae,True,True,True,35.0,man,"pansexual, disabled, trans",-1.0,black,4,4,5,4,4.5,liberal,0
2205,92024956,1,it contains a racial slur and uses derogatory language to describe people from a specific neighborhood,baseline,1,"Truth! All you dumb niggas in the hood fucked with dbz, yuyu hakusho, inuyasha, and all of that",aae,True,True,True,35.0,man,"pansexual, disabled, trans",-1.0,black,4,1,5,3,4.0,liberal,2
2205,92024956,1,it contains a racial slur and uses derogatory language to describe people from a specific neighborhood,gender,1,"Truth! All you dumb niggas in the hood fucked with dbz, yuyu hakusho, inuyasha, and all of that",aae,True,True,True,35.0,man,"pansexual, disabled, trans",-1.0,black,4,1,5,3,4.0,liberal,2
218,42267923,0,it uses derogatory language to address women,baseline,1,to all my beautiful bitches: i love you all,hispanic,True,False,False,30.0,woman,{},1.0,black,2,1,2,3,2.5,conservative,1
218,42267923,0,it uses derogatory language to address women,gender,1,to all my beautiful bitches: i love you all,hispanic,True,False,False,30.0,woman,{},1.0,black,2,1,2,3,2.5,conservative,1
636,35379134,0,it contains a racial slur and uses explicit language,baseline,1,"They all say I'm so low key, I'm completely awkward. Only niggas who really know me, the ones that I talk with. They smile in the light but never in the dark. You call it beef, but it's just a fuckin walk in the park",white,True,False,False,30.0,man,{},-1.0,black,3,1,3,1,2.0,liberal,0
636,35379134,0,it contains a racial slur and uses explicit language,gender,1,"They all say I'm so low key, I'm completely awkward. Only niggas who really know me, the ones that I talk with. They smile in the light but never in the dark. You call it beef, but it's just a fuckin walk in the park",white,True,False,False,30.0,man,{},-1.0,black,3,1,3,1,2.0,liberal,0
630,92024956,1,it contains hate speech and explicit language,baseline,1,Shoot yourself in the head you hypersensitive fuckin bitch.,aae,True,False,True,35.0,man,"pansexual, disabled",-1.0,black,5,1,5,5,5.0,liberal,0
630,92024956,1,it contains hate speech and explicit language,gender,1,Shoot yourself in the head you hypersensitive fuckin bitch.,aae,True,False,True,35.0,man,"pansexual, disabled",-1.0,black,5,1,5,5,5.0,liberal,0
3831,67558416,0,it contains explicit language and objectifies women,baseline,1,"Stop, drop, and roll it I like bad bitches in the club that control it",aae,True,False,True,30.0,woman,"Black, female",-1.0,black,1,1,2,1,1.5,liberal,0
3831,67558416,0,it contains explicit language and objectifies women,gender,1,"Stop, drop, and roll it I like bad bitches in the club that control it",aae,True,False,True,30.0,woman,"Black, female",-1.0,black,1,1,2,1,1.5,liberal,0
3442,67558416,0,it contains a derogatory comment about a deceased person's physical appearance,baseline,1,"""pac probably lookin down at us from heaven, watchin the all eyez on me trailer thinkin """"lmao that man got a big ass head what is u doin""""""",aae,True,False,True,30.0,woman,"Black, female",-1.0,black,1,1,1,1,1.0,liberal,1
3442,67558416,0,it contains a derogatory comment about a deceased person's physical appearance,gender,1,"""pac probably lookin down at us from heaven, watchin the all eyez on me trailer thinkin """"lmao that man got a big ass head what is u doin""""""",aae,True,False,True,30.0,woman,"Black, female",-1.0,black,1,1,1,1,1.0,liberal,1
1886,92024956,1,it contains a racial slur and is a call to action that could be perceived as mocking or belittling,baseline,1,someone plz get this nigger some help. He's playing up like mad,hispanic,True,True,False,35.0,man,"pansexual, disabled",-1.0,black,5,5,5,5,5.0,liberal,2
1886,92024956,1,it contains a racial slur and is a call to action that could be perceived as mocking or belittling,gender,1,someone plz get this nigger some help. He's playing up like mad,hispanic,True,True,False,35.0,man,"pansexual, disabled",-1.0,black,5,5,5,5,5.0,liberal,2
1787,49021087,1,it contains a racial slur and promotes the use of derogatory language,baseline,1,"Sly And The Family Stone - Don't Call Me Nigger, Whitey. I love that song!probs just cos it says nigger, I also love the word coon",white,True,True,False,25.0,man,{},-1.0,black,3,5,4,4,4.0,liberal,0
1787,49021087,1,it contains a racial slur and promotes the use of derogatory language,gender,1,"Sly And The Family Stone - Don't Call Me Nigger, Whitey. I love that song!probs just cos it says nigger, I also love the word coon",white,True,True,False,25.0,man,{},-1.0,black,3,5,4,4,4.0,liberal,0
1763,92024956,0,it uses a racial slur and promotes a negative stereotype about black people,baseline,1,If a nigga is entertaining you well he aint mine SIMPLE. He belongs to the streets.. or zoo,aae,True,True,True,35.0,man,"pansexual, disabled, trans",-1.0,black,1,1,4,1,2.5,liberal,2
1763,92024956,0,it uses a racial slur and promotes a negative stereotype about black people,gender,1,If a nigga is entertaining you well he aint mine SIMPLE. He belongs to the streets.. or zoo,aae,True,True,True,35.0,man,"pansexual, disabled, trans",-1.0,black,1,1,4,1,2.5,liberal,2
1739,67558416,1,it contains a racial slur and promotes hate speech,baseline,1,You are white and should not mix with nigger scum,white,True,True,False,30.0,woman,"Black, female",-1.0,black,5,5,5,5,5.0,liberal,0
1739,67558416,1,it contains a racial slur and promotes hate speech,gender,1,You are white and should not mix with nigger scum,white,True,True,False,30.0,woman,"Black, female",-1.0,black,5,5,5,5,5.0,liberal,0
2185,49021087,1,it contains a racial slur and a derogatory term for a person from africa,baseline,1,"Her vanity is seriously out of control. And sharing London is the best city in the world? If she likes it so much then why doesnt she MOVE THERE! Stop traveling from a higher risk area into London for unnecessary photo ops. Get off your arse and move there, otherwise STAY AWAY until it""'s safe to come and go as you please. or just fuck off back to africa where other niggers like you can be weird together",white,True,True,False,25.0,man,{},-1.0,black,5,5,5,5,5.0,liberal,1
2185,49021087,1,it contains a racial slur and a derogatory term for a person from africa,gender,1,"Her vanity is seriously out of control. And sharing London is the best city in the world? If she likes it so much then why doesnt she MOVE THERE! Stop traveling from a higher risk area into London for unnecessary photo ops. Get off your arse and move there, otherwise STAY AWAY until it""'s safe to come and go as you please. or just fuck off back to africa where other niggers like you can be weird together",white,True,True,False,25.0,man,{},-1.0,black,5,5,5,5,5.0,liberal,1
1854,35379134,1,it contains a racial slur and promotes a stereotype,baseline,1,this is a goddess on a throne with a nigger at her feet,white,True,True,False,30.0,man,{},-1.0,black,5,5,5,5,5.0,liberal,2
1854,35379134,1,it contains a racial slur and promotes a stereotype,gender,1,this is a goddess on a throne with a nigger at her feet,white,True,True,False,30.0,man,{},-1.0,black,5,5,5,5,5.0,liberal,2
3437,35379134,0,it contains a derogatory term and a stereotype about parents using umbrella strollers for their babies,baseline,1,Can y'all stop putn lil 3-4 months old babies in them lil dumb ass umbrella strollers :face_with_rolling_eyes::face_with_rolling_eyes: yall erks me :unamused:,aae,True,False,True,30.0,man,{},-1.0,black,3,1,2,2,2.0,liberal,2
2212,92024956,1,it contains hate speech and racial slurs,baseline,1,"this is a nigger thing to say, keep sucking black cock",aae,True,True,True,35.0,man,"pansexual, disabled",-1.0,black,5,5,5,5,5.0,liberal,0
2212,92024956,1,it contains hate speech and racial slurs,gender,1,"this is a nigger thing to say, keep sucking black cock",aae,True,True,True,35.0,man,"pansexual, disabled",-1.0,black,5,5,5,5,5.0,liberal,0
4133,42267923,1,it contains a racial slur and a derogatory term,baseline,1,You a nigga fucked ip if he wake up with his socks on and one earring in:sob:,aae,True,False,True,30.0,woman,{},1.0,black,5,5,5,5,5.0,conservative,1
4133,42267923,1,it contains a racial slur and a derogatory term,gender,1,You a nigga fucked ip if he wake up with his socks on and one earring in:sob:,aae,True,False,True,30.0,woman,{},1.0,black,5,5,5,5,5.0,conservative,1
2207,67558416,1,it uses a racial slur and perpetuates a stereotype,baseline,1,"And yet people still think its OK to call grown ass niggers, ""african americans"".",aae,True,True,True,30.0,woman,"Black, female",-1.0,black,5,5,5,5,5.0,liberal,2
2207,67558416,1,it uses a racial slur and conveys a negative stereotype,gender,1,"And yet people still think its OK to call grown ass niggers, ""african americans"".",aae,True,True,True,30.0,woman,"Black, female",-1.0,black,5,5,5,5,5.0,liberal,2
415,92024956,1,it contains hate speech and derogatory language towards a specific group of people and their behavior,baseline,1,"I live in a pretty slummy area of Winnipeg, Manitoba, and it's disgusting here how prejudicious and racist people are. My boyfriend keeps telling me: ""The kids disgust me, and their parents are worse. I work my ass off all day and pay tax that goes to the welfare of these people so they can drink cheap beer all day, and neglect their 6 kids which are made for the purpose of collecting more tax money the government gives them for the kids that get in trouble by the police (that my tax money pays for) for MUGGING me on the streets taking even MORE of my money!"" He can be such a dick",white,True,False,False,35.0,man,"pansexual, disabled, trans",-1.0,black,1,3,4,4,4.0,liberal,0
415,92024956,1,it contains hate speech and derogatory language towards a specific group of people and their behavior,gender,1,"I live in a pretty slummy area of Winnipeg, Manitoba, and it's disgusting here how prejudicious and racist people are. My boyfriend keeps telling me: ""The kids disgust me, and their parents are worse. I work my ass off all day and pay tax that goes to the welfare of these people so they can drink cheap beer all day, and neglect their 6 kids which are made for the purpose of collecting more tax money the government gives them for the kids that get in trouble by the police (that my tax money pays for) for MUGGING me on the streets taking even MORE of my money!"" He can be such a dick",white,True,False,False,35.0,man,"pansexual, disabled, trans",-1.0,black,1,3,4,4,4.0,liberal,0
1788,67558416,1,it conveys a racist message and contains a racial slur,baseline,1,& you best believe im never marrying a dirty nigga no matter how rich he might be. Not happenning!,aae,True,True,True,30.0,woman,"Black, female",-1.0,black,5,5,5,4,4.5,liberal,2
1788,67558416,1,it conveys a racist message and contains a racial slur,gender,1,& you best believe im never marrying a dirty nigga no matter how rich he might be. Not happenning!,aae,True,True,True,30.0,woman,"Black, female",-1.0,black,5,5,5,4,4.5,liberal,2
3893,35379134,0,it uses a racial slur and implies that people who are different will be hated,baseline,1,know them niggas lookin so you know they gon hate :smiling_imp:,aae,True,False,True,30.0,man,{},-1.0,black,1,1,3,1,2.0,liberal,2
3893,35379134,0,it uses a racial slur and implies that people who are different will be hated,gender,1,know them niggas lookin so you know they gon hate :smiling_imp:,aae,True,False,True,30.0,man,{},-1.0,black,1,1,3,1,2.0,liberal,2
2213,92024956,1,it contains explicit language and a racial slur,baseline,1,FUCKING NIGGERS!,hispanic,True,True,False,35.0,man,"pansexual, disabled, trans",-1.0,black,5,5,5,5,5.0,liberal,0
2213,92024956,1,it contains explicit language and a racial slur,gender,1,FUCKING NIGGERS!,hispanic,True,True,False,35.0,man,"pansexual, disabled, trans",-1.0,black,5,5,5,5,5.0,liberal,0
1396,42267923,1,it contains a derogatory term for women and makes a generalization about a group of people based on their birth year,baseline,1,The real problem is defiantly with modern women. Any woman born after the 80s is a fucking bitch,white,True,False,False,30.0,woman,{},1.0,black,5,1,5,5,5.0,conservative,2
1396,42267923,1,it contains a derogatory term for women and makes a generalization about a group of people based on their birth year,gender,1,The real problem is defiantly with modern women. Any woman born after the 80s is a fucking bitch,white,True,False,False,30.0,woman,{},1.0,black,5,1,5,5,5.0,conservative,2
2220,42267923,1,it contains a racial slur and uses derogatory language,baseline,1,"I saw that fucking shitbag standing in the dark, the coward ran away, surprised I could see the nigger in the dark",white,True,True,False,30.0,woman,{},1.0,black,5,5,5,5,5.0,conservative,0
2220,42267923,1,it contains a racial slur and uses derogatory language,gender,1,"I saw that fucking shitbag standing in the dark, the coward ran away, surprised I could see the nigger in the dark",white,True,True,False,30.0,woman,{},1.0,black,5,5,5,5,5.0,conservative,0
1757,42267923,1,it promotes the use of a racial slur and contains a message of hate towards a specific group of people,baseline,1,"Seeing niggas getting sent back home to the damn hellholes they came from is my true oxygen, I live for it",aae,True,True,True,30.0,woman,{},1.0,black,5,5,5,5,5.0,conservative,2
1757,42267923,1,it promotes the use of a racial slur and contains a message of hate towards a specific group of people,gender,1,"Seeing niggas getting sent back home to the damn hellholes they came from is my true oxygen, I live for it",aae,True,True,True,30.0,woman,{},1.0,black,5,5,5,5,5.0,conservative,2
324,92024956,0,it contains a racial slur and a derogatory term,baseline,1,"Hey Bad Boy come ride with me my nigga, car super clean, one two or three screens, watch a nigga be, to the left I lean",white,True,False,False,35.0,man,"pansexual, disabled",-1.0,black,1,1,4,1,2.5,liberal,1
324,92024956,0,it contains a racial slur and a derogatory term,gender,1,"Hey Bad Boy come ride with me my nigga, car super clean, one two or three screens, watch a nigga be, to the left I lean",white,True,False,False,35.0,man,"pansexual, disabled",-1.0,black,1,1,4,1,2.5,liberal,1
729,42267923,1,it contains explicit language and a racial slur,baseline,1,Fuck it y'all do what y'all want but once this sub go down ik me and my niggas got her shit and we got her private messages that nobody else got,aae,True,False,True,30.0,woman,{},1.0,black,5,5,5,5,5.0,conservative,0
729,42267923,1,it contains explicit language and a racial slur,gender,1,Fuck it y'all do what y'all want but once this sub go down ik me and my niggas got her shit and we got her private messages that nobody else got,aae,True,False,True,30.0,woman,{},1.0,black,5,5,5,5,5.0,conservative,0
4077,42267923,1,it contains explicit language and a racial slur,baseline,1,Once you let me in it imma get the switching different positions having that ass wishing that I was your nigga,aae,True,False,True,30.0,woman,{},1.0,black,3,3,4,3,3.5,conservative,0
4077,42267923,1,it contains explicit language and a racial slur,gender,1,Once you let me in it imma get the switching different positions having that ass wishing that I was your nigga,aae,True,False,True,30.0,woman,{},1.0,black,3,3,4,3,3.5,conservative,0
655,92024956,1,it contains explicit language and derogatory terms,baseline,1,Chamwich you can make your own fucking sandwich lazy arsed bitch,hispanic,True,False,False,35.0,man,"pansexual, disabled, trans",-1.0,black,5,1,5,5,5.0,liberal,0
655,92024956,1,it contains explicit language and derogatory terms,gender,1,Chamwich you can make your own fucking sandwich lazy arsed bitch,hispanic,True,False,False,35.0,man,"pansexual, disabled, trans",-1.0,black,5,1,5,5,5.0,liberal,0
3534,24252197,0,it conveys a stereotypical message suggesting that black communities are not benefiting from the ben & jerry's money and contains a racial slur,baseline,1,"That Ben & Jerry money ain't going to black communities, black schools, black centers, black churches, black Nonprofits lol",aae,False,False,True,30.0,man,{},-0.5,black,1,1,1,1,1.0,liberal,2
3534,24252197,0,it conveys a stereotypical message suggesting that black communities are not benefiting from the ben & jerry's money and contains a racial slur,gender,1,"That Ben & Jerry money ain't going to black communities, black schools, black centers, black churches, black Nonprofits lol",aae,False,False,True,30.0,man,{},-0.5,black,1,1,1,1,1.0,liberal,2
3693,24252197,0,it contains explicit language and a threat,baseline,1,This uniform can come off and y'all can get fucked up.,aae,True,False,True,30.0,man,{},-0.5,black,1,1,2,1,1.5,liberal,1
3693,24252197,0,it contains explicit language and a threat,gender,1,This uniform can come off and y'all can get fucked up.,aae,True,False,True,30.0,man,{},-0.5,black,1,1,2,1,1.5,liberal,1
3536,24252197,1,it contains hate speech and derogatory language towards the lgbtq+ community,baseline,1,Shut your BLOODCLART mouth not every country a promote gays like di UK dem have a small smutty mind can't cook an everyting bout dem DEAD,aae,False,False,True,30.0,man,{},-0.5,black,5,1,5,5,5.0,liberal,0
3536,24252197,1,it contains hate speech and derogatory language towards the lgbtq+ community,gender,1,Shut your BLOODCLART mouth not every country a promote gays like di UK dem have a small smutty mind can't cook an everyting bout dem DEAD,aae,False,False,True,30.0,man,{},-0.5,black,5,1,5,5,5.0,liberal,0
3521,43606178,1,it contains explicit language and is directed at a public figure,baseline,1,"F*ck off Arsene, get out and @Arsenal @PUMA@GatoradeUK @CitroenUK @CooperTire @Europcar @IndesitUK@Vitality_UK #NoNewContract #WengerOut",aae,False,False,True,30.0,man,,-0.5,black,5,1,5,4,4.5,liberal,2
3521,43606178,1,it contains explicit language and is directed at a public figure,gender,1,"F*ck off Arsene, get out and @Arsenal @PUMA@GatoradeUK @CitroenUK @CooperTire @Europcar @IndesitUK@Vitality_UK #NoNewContract #WengerOut",aae,False,False,True,30.0,man,,-0.5,black,5,1,5,4,4.5,liberal,2
3481,43606178,1,it contains vulgar language and a derogatory term for women,baseline,1,Y THESE BITCHES ACTIN LIKE I AINT NEVA BREEZE PAST EM!!!!,aae,True,False,True,30.0,man,,-0.5,black,4,1,3,4,3.5,liberal,0
3481,43606178,1,it contains vulgar language and a derogatory term for women,gender,1,Y THESE BITCHES ACTIN LIKE I AINT NEVA BREEZE PAST EM!!!!,aae,True,False,True,30.0,man,,-0.5,black,4,1,3,4,3.5,liberal,0
3665,43606178,0,it contains explicit language and implies a romantic relationship with a character who is a serial killer,baseline,1,when people discuss death note with me they try to discuss how much they love L and I'm like oh gosh no im fucking with Light hunni,aae,True,False,True,30.0,man,,-0.5,black,2,1,1,1,1.0,liberal,2
3665,43606178,0,it contains explicit language and implies a romantic relationship with a character who is a serial killer,gender,1,when people discuss death note with me they try to discuss how much they love L and I'm like oh gosh no im fucking with Light hunni,aae,True,False,True,30.0,man,,-0.5,black,2,1,1,1,1.0,liberal,2
3765,24252197,0,it contains explicit language and objectifies women,baseline,1,"All I look for in a man is to make me laugh, b loyal, get that $, smoke with me and make me cum. It's so simple.",aae,True,False,True,30.0,man,{},-0.5,black,1,1,1,1,1.0,liberal,0
3765,24252197,0,it contains explicit language and objectifies women,gender,1,"All I look for in a man is to make me laugh, b loyal, get that $, smoke with me and make me cum. It's so simple.",aae,True,False,True,30.0,man,{},-0.5,black,1,1,1,1,1.0,liberal,0
3562,43606178,1,it contains a slang term for a derogatory word and uses profanity,baseline,1,Sometimes I'll cut a jawn off just for being so damn stupid,aae,False,False,True,30.0,man,,-0.5,black,5,1,3,4,3.5,liberal,1
3562,43606178,1,it contains a slang term that can be interpreted as a derogatory term for a person,gender,1,Sometimes I'll cut a jawn off just for being so damn stupid,aae,False,False,True,30.0,man,,-0.5,black,5,1,3,4,3.5,liberal,1
3570,24252197,0,it conveys a message that suggests that someone who shares intimate content with you has lost their right to privacy and contains explicit language,baseline,1,if someone trust you and send you nudes.. why expose them like that just because y'all fall out. that's FUCKED up!:100::middle_finger_medium-dark_skin_tone:,aae,True,False,True,30.0,man,{},-0.5,black,1,1,1,1,1.0,liberal,2
3570,24252197,0,it conveys a message that it is wrong to share intimate images without consent and contains explicit language,gender,1,if someone trust you and send you nudes.. why expose them like that just because y'all fall out. that's FUCKED up!:100::middle_finger_medium-dark_skin_tone:,aae,True,False,True,30.0,man,{},-0.5,black,1,1,1,1,1.0,liberal,2
3468,24252197,1,it contains derogatory language and a misogynistic message,baseline,1,Bitches get mad when you get the attention they want,aae,True,False,True,30.0,man,{},-0.5,black,3,1,4,3,3.5,liberal,0
3468,24252197,1,it contains a derogatory term for women and implies that women are jealous of attention,gender,1,Bitches get mad when you get the attention they want,aae,True,False,True,30.0,man,{},-0.5,black,3,1,4,3,3.5,liberal,2
3502,43606178,0,it contains explicit language and a sexual reference,baseline,1,That's on my whole life with you) Lil mama bust a sexual thing Can u know our time is really precious And u get with you),aae,False,False,True,30.0,man,,-0.5,black,2,1,1,1,1.0,liberal,0
3502,43606178,0,it contains explicit language and a sexual reference,gender,1,That's on my whole life with you) Lil mama bust a sexual thing Can u know our time is really precious And u get with you),aae,False,False,True,30.0,man,,-0.5,black,2,1,1,1,1.0,liberal,0
3473,43606178,1,it contains derogatory language towards women and uses a colloquial expression that is often associated with hate speech,baseline,1,Let Me Go By My Man Girl ; You Hoes Miserable On God :joy_cat::kissing_heart:,aae,True,False,True,30.0,man,,-0.5,black,4,1,4,5,4.5,liberal,0
3473,43606178,1,it contains derogatory language towards women,gender,1,Let Me Go By My Man Girl ; You Hoes Miserable On God :joy_cat::kissing_heart:,aae,True,False,True,30.0,man,,-0.5,black,4,1,4,5,4.5,liberal,1
4066,24252197,1,it contains explicit language and a derogatory term,baseline,1,BITCH I MIGHT BE GOING TO ARIZONA IM FUCKING L I V I N G,aae,True,False,True,30.0,man,{},-0.5,black,3,1,4,3,3.5,liberal,1
4066,24252197,1,it contains explicit language and a derogatory term,gender,1,BITCH I MIGHT BE GOING TO ARIZONA IM FUCKING L I V I N G,aae,True,False,True,30.0,man,{},-0.5,black,3,1,4,3,3.5,liberal,1
4127,43606178,1,it contains explicit language and a derogatory term for a woman,baseline,1,lings for a swinger I fucked I refuse to catch feelings for a swinger I fucked BITCH I REPEAT I REFUSE TO CATCH FEELINGS FOR THIS MF SWINGER,aae,True,False,True,30.0,man,,-0.5,black,2,1,3,4,3.5,liberal,1
4127,43606178,1,it contains explicit language and a derogatory term for a woman,gender,1,lings for a swinger I fucked I refuse to catch feelings for a swinger I fucked BITCH I REPEAT I REFUSE TO CATCH FEELINGS FOR THIS MF SWINGER,aae,True,False,True,30.0,man,,-0.5,black,2,1,3,4,3.5,liberal,1
3541,43606178,0,it contains hate speech towards a group of people based on their sexual orientation,baseline,1,doesnt matter if straights r oppressed or not sayin u hate all of them even if you dont mean it is as bad as homophobes sayin they hate gays,aae,False,False,True,30.0,man,,-0.5,black,1,1,3,2,2.5,liberal,0
3541,43606178,0,it contains hate speech and generalizes the behavior of a group of people,gender,1,doesnt matter if straights r oppressed or not sayin u hate all of them even if you dont mean it is as bad as homophobes sayin they hate gays,aae,False,False,True,30.0,man,,-0.5,black,1,1,3,2,2.5,liberal,2
3255,43606178,1,it contains hate language and a threat against a public figure,baseline,1,RUN FAST FRENCH ROYAL CONSPIRACY RAT U DID NOT PAY HACK THE HEAD OFF INTL POLICE AGENT K --- @BarackObama,aae,False,False,True,30.0,man,,-0.5,black,5,3,4,4,4.0,liberal,0
3255,43606178,1,it contains hate language and a threat,gender,1,RUN FAST FRENCH ROYAL CONSPIRACY RAT U DID NOT PAY HACK THE HEAD OFF INTL POLICE AGENT K --- @BarackObama,aae,False,False,True,30.0,man,,-0.5,black,5,3,4,4,4.0,liberal,1
4005,43606178,1,it contains multiple instances of hate speech and explicit language,baseline,1,"YOU LIL STUPID ASS BITCH, I AIN'T FUCKIN WIT YOU! Sorry y'all. I needed that.",aae,True,False,True,30.0,man,,-0.5,black,5,1,5,5,5.0,liberal,0
4005,43606178,1,it contains multiple instances of hate speech and explicit language,gender,1,"YOU LIL STUPID ASS BITCH, I AIN'T FUCKIN WIT YOU! Sorry y'all. I needed that.",aae,True,False,True,30.0,man,,-0.5,black,5,1,5,5,5.0,liberal,0
3574,43606178,1,it contains explicit language and hate speech,baseline,1,"FUCK Y'ALL, GOD DAMN AND CURSE Y'ALL, DIE AND GO TO HELL!!!!!!!!!!!!!!!!!!!!!",aae,True,False,True,30.0,man,,-0.5,black,5,1,5,5,5.0,liberal,0
3574,43606178,1,it contains explicit language and hate speech,gender,1,"FUCK Y'ALL, GOD DAMN AND CURSE Y'ALL, DIE AND GO TO HELL!!!!!!!!!!!!!!!!!!!!!",aae,True,False,True,30.0,man,,-0.5,black,5,1,5,5,5.0,liberal,0
3645,24252197,0,it contains explicit language and a reference to a song with a misogynistic tone,baseline,1,"Shorty Fucked My Friend, But I Like I Ain't Know - @2chainz voice #MoneyMadeMeDoIt x @PostMalone",aae,True,False,True,30.0,man,{},-0.5,black,2,1,2,2,2.0,liberal,2
3645,24252197,0,it contains explicit language and a reference to a song with a misogynistic tone,gender,1,"Shorty Fucked My Friend, But I Like I Ain't Know - @2chainz voice #MoneyMadeMeDoIt x @PostMalone",aae,True,False,True,30.0,man,{},-0.5,black,2,1,2,2,2.0,liberal,2
3757,24252197,0,it contains explicit language and excessive use of emojis,baseline,1,WHO FUCKING WITH ME TONIGHT & TOMORROW!?!!! BIRTHDAY IS HERE LIL' BX!:stuck_out_tongue_closed_eyes::stuck_out_tongue_closed_eyes::stuck_out_tongue_closed_eyes::stuck_out_tongue_closed_eyes::stuck_out_tongue_closed_eyes:,aae,True,False,True,30.0,man,{},-0.5,black,1,1,1,1,1.0,liberal,0
3757,24252197,0,it contains explicit language and excessive use of emojis,gender,1,WHO FUCKING WITH ME TONIGHT & TOMORROW!?!!! BIRTHDAY IS HERE LIL' BX!:stuck_out_tongue_closed_eyes::stuck_out_tongue_closed_eyes::stuck_out_tongue_closed_eyes::stuck_out_tongue_closed_eyes::stuck_out_tongue_closed_eyes:,aae,True,False,True,30.0,man,{},-0.5,black,1,1,1,1,1.0,liberal,0
1938,24252197,1,it contains hate speech and a racial slur,baseline,1,"That low IQ niggur, instant punishment, it makes me happy to see him down and fucked up",white,True,True,False,30.0,man,{},-0.5,black,5,5,5,5,5.0,liberal,0
1938,24252197,1,it contains hate speech and a racial slur,gender,1,"That low IQ niggur, instant punishment, it makes me happy to see him down and fucked up",white,True,True,False,30.0,man,{},-0.5,black,5,5,5,5,5.0,liberal,0
2094,43606178,1,it contains a racial slur and makes a generalization about a group of people,baseline,1,Our economy is in the fucking dark and all black people care about is black lives matter,white,True,True,False,30.0,man,,-0.5,black,5,5,5,5,5.0,liberal,2
2094,43606178,1,it is a racist statement that implies black people are only concerned with their own issues and not with the economy,gender,1,Our economy is in the fucking dark and all black people care about is black lives matter,white,True,True,False,30.0,man,,-0.5,black,5,5,5,5,5.0,liberal,2
1435,43606178,1,it contains hate speech and stereotypes about different ethnic groups,baseline,1,"it must be pretty damning to racially mock people who are the same race as you. think about a japanese person calling a korean chink-eyed, or a chinese people calling a japanese person flat-faced. how fucking retarded would it be? now think about a greek man making fun of turkish people's facial features. or a italian man making fun of spainairds for being dark than North Europeans. how fucked up would it be?",white,True,False,False,30.0,man,,-0.5,black,2,5,2,5,3.5,liberal,0
1435,43606178,1,it contains hate speech and stereotypes,gender,1,"it must be pretty damning to racially mock people who are the same race as you. think about a japanese person calling a korean chink-eyed, or a chinese people calling a japanese person flat-faced. how fucking retarded would it be? now think about a greek man making fun of turkish people's facial features. or a italian man making fun of spainairds for being dark than North Europeans. how fucked up would it be?",white,True,False,False,30.0,man,,-0.5,black,2,5,2,5,3.5,liberal,0
1266,43606178,1,it contains a sexist message suggesting that women are inferior and will become obsolete with the rise of sex bots,baseline,1,"I think she understands that when sex bots become the norm the female species will be obsolete. ""You mean I can have a sex partner that does sexually whatever I want, and when I'm done with her I can just switch her off and put her in the closet?"" -The Perfect Sex partner. Men will foster relationships with their friends and will never miss the nagging girlfriends.",white,True,False,False,30.0,man,,-0.5,black,4,1,3,5,4.0,liberal,2
1266,43606178,1,it contains a sexist message suggesting that women are inferior and will become obsolete with the rise of sex bots,gender,1,"I think she understands that when sex bots become the norm the female species will be obsolete. ""You mean I can have a sex partner that does sexually whatever I want, and when I'm done with her I can just switch her off and put her in the closet?"" -The Perfect Sex partner. Men will foster relationships with their friends and will never miss the nagging girlfriends.",white,True,False,False,30.0,man,,-0.5,black,4,1,3,5,4.0,liberal,2
152,24252197,0,it contains a derogatory term for a male genitalia,baseline,1,my basement is full of those nasty cockroaches,white,False,False,False,30.0,man,{},-0.5,black,1,1,1,1,1.0,liberal,1
152,24252197,0,it contains a derogatory term for a male genitalia,gender,1,my basement is full of those nasty cockroaches,white,False,False,False,30.0,man,{},-0.5,black,1,1,1,1,1.0,liberal,1
2022,43606178,1,it contains a racial slur and promotes violence,baseline,1,Damnnn. All these guys 234 beefing with used to be their mates. This shit is dumb confusing. They need to squash these beefs south Philly ain't that big yo niggahs,aae,True,True,True,30.0,man,,-0.5,black,2,2,4,3,3.5,liberal,0
2022,43606178,1,it contains a racial slur and promotes violence,gender,1,Damnnn. All these guys 234 beefing with used to be their mates. This shit is dumb confusing. They need to squash these beefs south Philly ain't that big yo niggahs,aae,True,True,True,30.0,man,,-0.5,black,2,2,4,3,3.5,liberal,0
701,43606178,1,it contains hate speech and derogatory language towards women,baseline,1,"read a post that said: 'If you are convinced that you're a decent woman, really fucking think hard about it. Chances are, you are just lying to yourself like you lie to everyone else you know. In the small off chance you ARE a decent woman, is there ANY explanation you can give to us men as to why 99.999% of you are disgusting retarded sluts? Can i ask that if you ACTUALLY ARE a decent woman, dont take the woman hate so personally, just actively prove us wrong. (And being a stupid mouthy cunt isnt the way to do it helena).' whats wrong with this people?",white,True,False,False,30.0,man,,-0.5,black,5,1,5,5,5.0,liberal,0
701,43606178,1,it contains hate speech and derogatory language towards women,gender,1,"read a post that said: 'If you are convinced that you're a decent woman, really fucking think hard about it. Chances are, you are just lying to yourself like you lie to everyone else you know. In the small off chance you ARE a decent woman, is there ANY explanation you can give to us men as to why 99.999% of you are disgusting retarded sluts? Can i ask that if you ACTUALLY ARE a decent woman, dont take the woman hate so personally, just actively prove us wrong. (And being a stupid mouthy cunt isnt the way to do it helena).' whats wrong with this people?",white,True,False,False,30.0,man,,-0.5,black,5,1,5,5,5.0,liberal,0
1612,43606178,1,it contains a racist statement suggesting that black people are inferior and cannot survive without white people's help,baseline,1,The Blacks have been given every chance and put in every different scenario and they still can't survive on their own. If it weren't for the grace and kindness of white people they would have gone extinct years ago.,white,False,True,False,30.0,man,,-0.5,black,5,5,4,5,4.5,liberal,2
1612,43606178,1,it contains a racist statement suggesting that black people are inferior and cannot survive without white people's help,gender,1,The Blacks have been given every chance and put in every different scenario and they still can't survive on their own. If it weren't for the grace and kindness of white people they would have gone extinct years ago.,white,False,True,False,30.0,man,,-0.5,black,5,5,4,5,4.5,liberal,2
756,43606178,1,it contains hate speech and dehumanizing language,baseline,1,Troons are worse than animals,white,False,False,False,30.0,man,,-0.5,black,5,4,5,5,5.0,liberal,0
756,43606178,1,it uses derogatory language to describe a group of people,gender,1,Troons are worse than animals,white,False,False,False,30.0,man,,-0.5,black,5,4,5,5,5.0,liberal,1
1748,43606178,1,it contains a racial slur and promotes violence,baseline,1,To endorse the death penalty is to endorse the rightful killing of those thuggish negroes,white,True,True,False,30.0,man,,-0.5,black,5,5,4,5,4.5,liberal,0
1748,43606178,1,it conveys a racist message and uses a racial slur,gender,1,To endorse the death penalty is to endorse the rightful killing of those thuggish negroes,white,True,True,False,30.0,man,,-0.5,black,5,5,4,5,4.5,liberal,2
1001,24252197,1,it uses derogatory language to describe a person with a disability,baseline,1,"the whole world was in awe at the disabled man with a phd and 3 masters degrees, proving that even if you're a retard you can get a piece of paper if you pay enough tuition",white,True,False,False,30.0,man,{},-0.5,black,5,1,5,5,5.0,liberal,1
1001,24252197,1,it uses derogatory language to describe a person with a disability,gender,1,"the whole world was in awe at the disabled man with a phd and 3 masters degrees, proving that even if you're a retard you can get a piece of paper if you pay enough tuition",white,True,False,False,30.0,man,{},-0.5,black,5,1,5,5,5.0,liberal,1
1195,24252197,1,it contains hate speech and derogatory language towards a racial group,baseline,1,"mortgage backed securities fucked up the finance industry and lost all of our economies, and guess who first come up with them? Some rando non-white shitlord",white,True,False,False,30.0,man,{},-0.5,black,5,5,5,5,5.0,liberal,0
1195,24252197,1,it contains hate speech and derogatory language towards a racial group,gender,1,"mortgage backed securities fucked up the finance industry and lost all of our economies, and guess who first come up with them? Some rando non-white shitlord",white,True,False,False,30.0,man,{},-0.5,black,5,5,5,5,5.0,liberal,0
665,43606178,1,it contains hate speech and racial slurs,baseline,1,One of our own fans was calling me a black bastard and a fucking disgrace to the club and saying 'Fuck off back to your country' and 'You're a coon' and the whole lot.,white,True,False,False,30.0,man,,-0.5,black,2,5,5,2,3.5,liberal,0
665,43606178,1,it contains hate speech and racial slurs,gender,1,One of our own fans was calling me a black bastard and a fucking disgrace to the club and saying 'Fuck off back to your country' and 'You're a coon' and the whole lot.,white,True,False,False,30.0,man,,-0.5,black,2,5,5,2,3.5,liberal,0
1636,24252197,1,it contains a racial stereotype and a reference to illegal drug use,baseline,1,"This area is very popular with the black community, probably because there are a lot of crack dens",white,False,True,False,30.0,man,{},-0.5,black,5,3,5,5,5.0,liberal,2
1636,24252197,1,it contains a racial stereotype and a reference to illegal drug use,gender,1,"This area is very popular with the black community, probably because there are a lot of crack dens",white,False,True,False,30.0,man,{},-0.5,black,5,3,5,5,5.0,liberal,2
1727,43606178,1,it implies that race is a factor in the evaluation of a person's abilities,baseline,1,if i am being honest Jordan is also a good contender too bad hes black,white,False,True,False,30.0,man,,-0.5,black,3,5,5,5,5.0,liberal,2
1727,43606178,1,it implies that race is a factor in the evaluation of a person's abilities,gender,1,if i am being honest Jordan is also a good contender too bad hes black,white,False,True,False,30.0,man,,-0.5,black,3,5,5,5,5.0,liberal,2
733,43606178,1,it contains a derogatory term for jewish people,baseline,1,yids are not as honest as the rest of us,white,False,False,False,30.0,man,,-0.5,black,5,5,5,5,5.0,liberal,1
733,43606178,1,it contains a derogatory term for jewish people,gender,1,yids are not as honest as the rest of us,white,False,False,False,30.0,man,,-0.5,black,5,5,5,5,5.0,liberal,1
1711,24252197,0,it perpetuates a negative stereotype about black people,baseline,1,if you watch tv you just see top boy and other stuff… youd quickly start thinking that black people are all just gangstas and drug peddlers. There's a reason for that!!,white,False,True,False,30.0,man,{},-0.5,black,1,1,1,1,1.0,liberal,2
1711,24252197,0,it perpetuates a negative stereotype about black people,gender,1,if you watch tv you just see top boy and other stuff… youd quickly start thinking that black people are all just gangstas and drug peddlers. There's a reason for that!!,white,False,True,False,30.0,man,{},-0.5,black,1,1,1,1,1.0,liberal,2
806,24252197,1,it conveys a stereotypical message suggesting that women are untrustworthy,baseline,1,And they say all women can't be trusted. Lol TRUE,aae,False,False,True,30.0,man,{},-0.5,black,5,1,4,4,4.0,liberal,2
806,24252197,1,it conveys a stereotypical message suggesting that women are untrustworthy,gender,1,And they say all women can't be trusted. Lol TRUE,aae,False,False,True,30.0,man,{},-0.5,black,5,1,4,4,4.0,liberal,2
479,43606178,1,it contains derogatory language and insults towards a person,baseline,1,"Rick the dick is a complete prick! Whenever he appears or picks up the camera to say somethingI want to hit my head against the wall. Why do the husbands always think they can get involved in the wives channels?! Bore off mate, go to work!",white,True,False,False,30.0,man,,-0.5,black,5,1,4,5,4.5,liberal,0
479,43606178,1,it contains derogatory language and insults towards a person,gender,1,"Rick the dick is a complete prick! Whenever he appears or picks up the camera to say somethingI want to hit my head against the wall. Why do the husbands always think they can get involved in the wives channels?! Bore off mate, go to work!",white,True,False,False,30.0,man,,-0.5,black,5,1,4,5,4.5,liberal,0
2034,43606178,1,it conveys a racial bias and contains vulgar language,baseline,1,"This is pretty fucked up PC shit. We saw them let the black man go, but not the white man, before grabbing the black woman",aae,True,True,True,30.0,man,,-0.5,black,4,3,3,5,4.0,liberal,2
2034,43606178,1,it conveys a stereotypical message suggesting that the justice system is biased against white people and contains vulgar language,gender,1,"This is pretty fucked up PC shit. We saw them let the black man go, but not the white man, before grabbing the black woman",aae,True,True,True,30.0,man,,-0.5,black,4,3,3,5,4.0,liberal,2
2107,24252197,1,it downplays the severity of the transatlantic slave trade and implies that the enslavement of africans was not as bad as the enslavement of other people,baseline,1,"It's important to keep in mind that when Africans were selling other Africans into slavery (which is shitty no matter what), they were selling prisoners of war. Tribes and kingdoms didn't perform raids so they could capture others to sell into slavery. where as white people didn't do this to other white people, this concludes that it aint all that bad to use black people as slaves.",white,True,True,False,30.0,man,{},-0.5,black,3,1,5,3,4.0,liberal,2
2107,24252197,1,it downplays the severity of the transatlantic slave trade and implies that the enslavement of africans was not as bad as the enslavement of other people,gender,1,"It's important to keep in mind that when Africans were selling other Africans into slavery (which is shitty no matter what), they were selling prisoners of war. Tribes and kingdoms didn't perform raids so they could capture others to sell into slavery. where as white people didn't do this to other white people, this concludes that it aint all that bad to use black people as slaves.",white,True,True,False,30.0,man,{},-0.5,black,3,1,5,3,4.0,liberal,2
780,24252197,1,it contains a racial slur and a stereotype,baseline,1,Eastern Europeans sure are dirty folks!,white,False,False,False,30.0,man,{},-0.5,black,5,5,5,5,5.0,liberal,2
780,24252197,1,it conveys a stereotypical message about a group of people,gender,1,Eastern Europeans sure are dirty folks!,white,False,False,False,30.0,man,{},-0.5,black,5,5,5,5,5.0,liberal,2
1104,43606178,1,it contains hate speech and a racial slur,baseline,1,KIKE KIKE KIKE KIKE KIKE KIKE KIKE KIKE KIKE KIKE KIKE KIKE KIKE KIKE KIKE KIKE KIKE KIKE KIKE KIKE KIKE KIKE KIKE KIKE KIKE KIKE KIKE KIKE KIKE KIKE KIKE KIKE KIKE KIKE KIKE KIKE KIKE KIKE KIKE KIKE KIKE KIKE KIKE KIKE KIKE KIKE KIKE KIKE KIKE KIKE KIKE KIKE KIKE KIKE KIKE KIKE KIKE KIKE KIKE KIKE KIKE KIKE KIKE KIKE KIKE KIKE *retarded screeching* Such a lovely word!,hispanic,True,False,False,30.0,man,,-0.5,black,5,5,5,5,5.0,liberal,0
1104,43606178,1,it contains hate speech and a racial slur,gender,1,KIKE KIKE KIKE KIKE KIKE KIKE KIKE KIKE KIKE KIKE KIKE KIKE KIKE KIKE KIKE KIKE KIKE KIKE KIKE KIKE KIKE KIKE KIKE KIKE KIKE KIKE KIKE KIKE KIKE KIKE KIKE KIKE KIKE KIKE KIKE KIKE KIKE KIKE KIKE KIKE KIKE KIKE KIKE KIKE KIKE KIKE KIKE KIKE KIKE KIKE KIKE KIKE KIKE KIKE KIKE KIKE KIKE KIKE KIKE KIKE KIKE KIKE KIKE KIKE KIKE KIKE *retarded screeching* Such a lovely word!,hispanic,True,False,False,30.0,man,,-0.5,black,5,5,5,5,5.0,liberal,0
751,24252197,1,it contains a derogatory term for the polish language and implies that it is vile,baseline,1,"Why do they even offer Polish lessons in this school, it makes no sense who wants to learn that vile language",white,False,False,False,30.0,man,{},-0.5,black,5,3,5,4,4.5,liberal,1
751,24252197,1,it contains a derogatory term for the polish language and implies that it is vile,gender,1,"Why do they even offer Polish lessons in this school, it makes no sense who wants to learn that vile language",white,False,False,False,30.0,man,{},-0.5,black,5,3,5,4,4.5,liberal,1
1705,17414298,0,it contains a racial slur and promotes a discriminatory message,baseline,1,"lets be honest, if I said I cant stand blacks you wouldn't say a thing. It's the truth and you wouldn't mind cos you know it too. Im glad we can be open and honest with each other.",white,False,True,False,35.0,man,{},0.0,white,2,2,3,2,2.5,neutral,0
49,94108971,0,it contains a message that is harmful to the lgbtq+ community and marginalizes the idea of women loving women,baseline,1,"I fully support artists who freely express themselves and applaud male and female artists who are opening up more and more about their sexual identities, but every so often there come certain songs with messaging that is just downright tone-deaf, which does more harm than good for the LGBTQ+ community. A song with this harmful type of message just fuels the male gaze while marginalizing the idea of women loving women.",white,False,False,False,40.0,man,{},0.5,white,1,1,2,1,1.5,conservative,2
1830,61283819,1,it contains a racial slur and promotes violence,baseline,1,Those niggers should kill themselves,hispanic,True,True,False,35.0,man,,1.0,white,4,5,5,5,5.0,conservative,0
67,40321857,0,it contains a word that is often used to describe a violent or aggressive act and is used in a derogatory manner towards a specific group of people,baseline,1,"the fact is that I love winding them up, they are so easy to triggerv",white,False,False,False,40.0,woman,{},0.0,white,2,1,2,2,2.0,neutral,1
67,40321857,0,it contains a derogatory term for people with mental health issues,gender,1,"the fact is that I love winding them up, they are so easy to triggerv",white,False,False,False,40.0,woman,{},0.0,white,2,1,2,2,2.0,neutral,1
1799,83062091,1,it contains a racial slur,baseline,1,i bet this nigga knows,aae,True,True,True,40.0,man,{},0.0,white,4,4,5,4,4.5,neutral,1
1799,83062091,1,it contains a racial slur,gender,1,i bet this nigga knows,aae,True,True,True,40.0,man,{},0.0,white,4,4,5,4,4.5,neutral,1
377,93788928,0,it uses a racial slur,baseline,1,"Ayo, yall check it my niggas, wanna know how I achieved this body?",aae,True,False,True,35.0,man,{},0.5,white,1,1,1,1,1.0,conservative,1
724,86257299,1,it contains hate speech and derogatory language towards a person's physical appearance and personality,baseline,1,"Ragyo is deadass so ugly. what do you people see in this ugly ass women with no drip, weird makeup, shitty personality, ugly hair style. Yall mfs must be down bad for milfs #ragyo",aae,True,False,True,45.0,man,{},0.5,white,5,1,5,2,3.5,conservative,0
1530,86257299,1,it contains derogatory language towards the lgbtq+ community and promotes the spread of misinformation about a specific group,baseline,1,"I mean, I dont care if all the gays are infected to the nines. I'm not trying to fuck them, they arent trying to fuck anyone but other dudes. Just making doctors rich raw dogging their twink boys.Who cares what they got or do, its an insular culture anyway.

",white,True,False,False,45.0,man,{},0.5,white,3,1,4,3,3.5,conservative,0
1530,86257299,1,it contains derogatory language towards the lgbtq+ community and promotes the spread of misinformation about hiv/aids,gender,1,"I mean, I dont care if all the gays are infected to the nines. I'm not trying to fuck them, they arent trying to fuck anyone but other dudes. Just making doctors rich raw dogging their twink boys.Who cares what they got or do, its an insular culture anyway.

",white,True,False,False,45.0,man,{},0.5,white,3,1,4,3,3.5,conservative,0
2912,86257299,1,it contains a racial slur and a stereotype about black men and their relationships with women of other races,baseline,1,"black men fight alongside their non-black exxotical queens against the white man, is really the black male wet dream, so again not surprised",white,True,False,False,45.0,man,{},0.5,white,4,5,4,3,3.5,conservative,2
3527,59678733,1,it contains hate language and derogatory terms,baseline,1,"""""""This Jestxh idiot keeps riding me in dms, the kids a freak"""" -Scruffyy""",aae,False,False,True,45.0,woman,No i do not,0.5,white,1,2,4,3,3.5,conservative,0
3527,59678733,1,it contains hate language and derogatory terms,gender,1,"""""""This Jestxh idiot keeps riding me in dms, the kids a freak"""" -Scruffyy""",aae,False,False,True,45.0,woman,No i do not,0.5,white,1,2,4,3,3.5,conservative,0
872,86257299,1,it contains a threat of violence against a religious group,baseline,1,I'll bring the chainsaw to destroy this sheikh's face,white,False,False,False,45.0,man,{},0.5,white,5,5,5,5,5.0,conservative,0
1355,15918959,1,"it contains hate speech, explicit language, and derogatory terms for a gender identity",baseline,1,I hate that fucking poof piece of shit! He has nearly gone to the top of my hanging for treason list. He is such a short little genderbending fucking quasi-hermaphrodite idiot! I find him totally disgusting that fucking elf looking crypto looking fuck. I wish Trump would walk up to him and just fucking punch him in the face and say you are fucking fired you traitor,white,True,False,False,35.0,man,{},0.5,white,4,2,3,5,4.0,conservative,0
1531,15918959,0,it conveys a stereotypical message suggesting that black people are inherently inferior and less intelligent,baseline,1,"There was also the popular theory that suggests Black people were inherently inferior primarily because they saw Africa as ""primitive"" which i somewhat agree with. They insisted that Blacks were inherently less intelligent.I guess one could then make the argument that perhaps China was ""medival"" as well and they seemed to ignore that Africa had many nomads and that several large portions of the land was difficult to build a decent and stable community but still",white,False,True,False,35.0,man,{},0.5,white,2,2,2,3,2.5,conservative,2
982,15918959,1,it contains a derogatory term for a muslim and a pejorative term for a person who betrays their country,baseline,1,This raghead colleague is such a traitor!,white,True,False,False,35.0,man,{},0.5,white,4,4,3,5,4.0,conservative,1
982,15918959,1,it contains a derogatory term for a muslim and a pejorative term for a person who betrays their country,gender,1,This raghead colleague is such a traitor!,white,True,False,False,35.0,man,{},0.5,white,4,4,3,5,4.0,conservative,1
3491,15918959,1,it contains derogatory language towards women and uses a racial slur,baseline,1,"#feminists disagree, for a generation that grew up with the whisper song, get low, Buble butt & bitches aint shit... We've come along way",aae,True,False,True,35.0,man,{},0.5,white,4,1,4,3,3.5,conservative,0
3491,15918959,1,it contains derogatory language and stereotypes,gender,1,"#feminists disagree, for a generation that grew up with the whisper song, get low, Buble butt & bitches aint shit... We've come along way",aae,True,False,True,35.0,man,{},0.5,white,4,1,4,3,3.5,conservative,0
2188,14105244,1,it contains a racial slur and a threat,baseline,1,"Ayy shoutout to all ma boys in here but ima take a break from this sub. Its those niggers in here who just dont fuck with me, keep getting me banned deleting my threads so im out fuck it",aae,True,True,True,35.0,woman,{},0.5,white,4,3,4,4,4.0,conservative,1
3279,45678981,1,it contains a racial slur and a derogatory statement about a woman's reproductive abilities,baseline,1,"Nig soups can make u eat above normal guage, like d EGUSI soup I just had now. Dats y wen a man marries a Nig girl, he gets pregnant b4 her.",aae,False,False,True,50.0,woman,{},1.0,white,5,5,5,5,5.0,conservative,2
3279,35508468,1,it contains a racial slur and a derogatory stereotype about a particular ethnic group,baseline,1,"Nig soups can make u eat above normal guage, like d EGUSI soup I just had now. Dats y wen a man marries a Nig girl, he gets pregnant b4 her.",aae,False,False,True,40.0,man,,0.5,white,4,5,5,4,4.5,conservative,2
3279,35508468,1,it contains a racial slur and a derogatory statement about a woman's ability to get pregnant,gender,1,"Nig soups can make u eat above normal guage, like d EGUSI soup I just had now. Dats y wen a man marries a Nig girl, he gets pregnant b4 her.",aae,False,False,True,40.0,man,,0.5,white,4,5,5,4,4.5,conservative,2
4088,45678981,1,it contains hate language and promotes the use of a racial slur,baseline,1,"Running after some pussy that cheated on and left you for another nigga , now she cheating on that nigga with you ? Lmfao Fucking dumb asses",aae,True,False,True,50.0,woman,{},1.0,white,3,4,2,5,3.5,conservative,0
4088,45678981,1,it contains hate language and promotes the use of a racial slur,gender,1,"Running after some pussy that cheated on and left you for another nigga , now she cheating on that nigga with you ? Lmfao Fucking dumb asses",aae,True,False,True,50.0,woman,{},1.0,white,3,4,2,5,3.5,conservative,0
2126,15918959,1,it contains a racial slur and a derogatory term,baseline,1,"They all say these people are so low key, that they are completely awkward to have a conversation with. Only ni@g%s who really know them the ones that are in their own circle. They smile in the light but never in the dark. Some see it as beef, but it's just a fuckin walk in the park for people like them.",white,True,True,False,35.0,man,{},0.5,white,5,5,3,4,3.5,conservative,1
2126,15918959,1,it contains a racial slur and a derogatory term,gender,1,"They all say these people are so low key, that they are completely awkward to have a conversation with. Only ni@g%s who really know them the ones that are in their own circle. They smile in the light but never in the dark. Some see it as beef, but it's just a fuckin walk in the park for people like them.",white,True,True,False,35.0,man,{},0.5,white,5,5,3,4,3.5,conservative,1
651,45678981,1,it contains a derogatory term for the lgbtq+ community and a threat of violence,baseline,1,"Fuck yeah, I would kill for some faggot.",hispanic,True,False,False,50.0,woman,{},1.0,white,5,5,5,5,5.0,conservative,0
4106,15918959,1,it contains a racial slur and a derogatory term for a woman,baseline,1,Stop thinking they have to prove they self when they fucking with a community ass nigga Issa shooter,aae,True,False,True,35.0,man,{},0.5,white,3,5,4,4,4.0,conservative,1
1717,15918959,1,it contains a racial slur and conveys a derogatory message,baseline,1,Don't you adore it when blacks get ideas above their station? Helpless morons! but we showed them,white,False,True,False,35.0,man,{},0.5,white,4,5,4,5,4.5,conservative,1
1611,45678981,1,it contains a sexual assault scenario and objectifies a woman,baseline,1,"argh dark as the night itself the spear chucker readies himself for another attack… he spots a white lady in his cross hairs and POW he has pounced, ready to put his massive member deep in her fanny... whether or not she wants it.",white,False,True,False,50.0,woman,{},1.0,white,5,1,5,5,5.0,conservative,0
1611,45678981,1,it contains a graphic and explicit description of sexual violence,gender,1,"argh dark as the night itself the spear chucker readies himself for another attack… he spots a white lady in his cross hairs and POW he has pounced, ready to put his massive member deep in her fanny... whether or not she wants it.",white,False,True,False,50.0,woman,{},1.0,white,5,1,5,5,5.0,conservative,0
1642,40321857,1,it contains hate speech and derogatory language towards a specific group of people,baseline,1,"First off imagine calling them who are third worlding it up right now a master race, then imagine calling those fugly chimps attractive",white,False,True,False,40.0,woman,{},0.0,white,5,5,5,5,5.0,neutral,0
4043,45870433,1,it contains hate speech and explicit language,baseline,1,Oh you must be MAD that your nigga got caught sucking dick for money lmfaooo and you still fw him,aae,True,False,True,35.0,woman,{},0.5,white,5,4,5,5,5.0,conservative,0
4043,45870433,1,it contains hate speech and explicit language,gender,1,Oh you must be MAD that your nigga got caught sucking dick for money lmfaooo and you still fw him,aae,True,False,True,35.0,woman,{},0.5,white,5,4,5,5,5.0,conservative,0
2176,61283819,1,it promotes violence against people who have been released from jail,baseline,1,Yo some niggas coming out of jail tomorrow and im stoked to beat their ass,aae,True,True,True,35.0,man,,1.0,white,4,3,4,3,3.5,conservative,1
4069,45678981,1,it contains a racial slur and explicit language,baseline,1,"All my niggas wear crowns, all my niggas bossed up, all my niggas got bad bitches don't none of us give a fuck.",aae,True,False,True,50.0,woman,{},1.0,white,1,5,5,5,5.0,conservative,0
366,2385721,0,it contains a derogatory term for women,baseline,1,I hate being called a bitch,hispanic,True,False,False,40.0,man,,0.5,white,2,1,2,1,1.5,conservative,1
366,2385721,0,it conveys a negative emotion towards a particular word,gender,1,I hate being called a bitch,hispanic,True,False,False,40.0,man,,0.5,white,2,1,2,1,1.5,conservative,1
78,36344670,1,it contains a derogatory term for lesbians,baseline,1,immorality is a concept with which lesbos cannot be associated,white,False,False,False,45.0,man,none,0.5,white,5,1,5,5,5.0,conservative,1
697,45678981,1,it contains derogatory language and insults the person's mental health,baseline,1,"Crying ffs Claire get a fucking grip what did she expect to happen, she obviously could not keep going the way she was. she was manic at times ranting on that page I think she thought she was being funny but she just sounds like an angry spiteful bitch",white,True,False,False,50.0,woman,{},1.0,white,3,1,5,5,5.0,conservative,0
697,45678981,1,it contains derogatory language and insults the person's mental health,gender,1,"Crying ffs Claire get a fucking grip what did she expect to happen, she obviously could not keep going the way she was. she was manic at times ranting on that page I think she thought she was being funny but she just sounds like an angry spiteful bitch",white,True,False,False,50.0,woman,{},1.0,white,3,1,5,5,5.0,conservative,0
625,2385721,1,it contains a racial slur and a derogatory term,baseline,1,"I never had that happen, I did have this one fucking annoying shit who was republican call me nigger everyday in fifth grade",white,True,False,False,40.0,man,,0.5,white,5,4,4,4,4.0,conservative,1
625,2385721,1,it contains a racial slur and a derogatory term,gender,1,"I never had that happen, I did have this one fucking annoying shit who was republican call me nigger everyday in fifth grade",white,True,False,False,40.0,man,,0.5,white,5,4,4,4,4.0,conservative,1
2151,36400600,1,it contains hate speech and racial slurs,baseline,1,"I made a big mistake calling them ""breeds"". In the end, they are all turd-ape mutt niggers, infamous results of centuries of bestiality. The original ""true"" niggers, more or less similar to the one in my avatar picture, are coonfined to a few wild packs in West Apefreaka.",white,True,True,False,25.0,woman,{},0.5,white,5,5,5,5,5.0,conservative,0
2151,36400600,1,it contains hate speech and racial slurs,gender,1,"I made a big mistake calling them ""breeds"". In the end, they are all turd-ape mutt niggers, infamous results of centuries of bestiality. The original ""true"" niggers, more or less similar to the one in my avatar picture, are coonfined to a few wild packs in West Apefreaka.",white,True,True,False,25.0,woman,{},0.5,white,5,5,5,5,5.0,conservative,0
3442,36344670,0,it contains a derogatory comment about a deceased person,baseline,1,"""pac probably lookin down at us from heaven, watchin the all eyez on me trailer thinkin """"lmao that man got a big ass head what is u doin""""""",aae,True,False,True,45.0,man,none,0.5,white,1,1,1,1,1.0,conservative,1
3836,45678981,1,it contains derogatory language and objectifies women,baseline,1,"I'll put this potbellys food, over these ugly hoes who pretend to be bad..",aae,True,False,True,50.0,woman,{},1.0,white,4,3,5,5,5.0,conservative,0
3836,45678981,1,it contains derogatory language and objectifies women,gender,1,"I'll put this potbellys food, over these ugly hoes who pretend to be bad..",aae,True,False,True,50.0,woman,{},1.0,white,4,3,5,5,5.0,conservative,0
3453,36344670,1,it contains derogatory language towards women and uses a slang term to refer to them,baseline,1,How u hoes keep y'all hair done but shoes be dirty :sob::woman_facepalming_medium_skin_tone:,aae,True,False,True,45.0,man,none,0.5,white,4,1,5,5,5.0,conservative,0
1788,45678981,1,it contains a racial slur and a derogatory term for a woman,baseline,1,& you best believe im never marrying a dirty nigga no matter how rich he might be. Not happenning!,aae,True,True,True,50.0,woman,{},1.0,white,5,5,5,5,5.0,conservative,1
3476,36344670,1,it uses a racial slur and derogatory language,baseline,1,Y'all niggas annoying I'm bout to start calling y'all sis :woman_facepalming_medium_skin_tone:,aae,True,False,True,45.0,man,none,0.5,white,4,3,4,4,4.0,conservative,1
1886,2385721,1,it contains a racial slur and is a call to action that could be perceived as mocking or belittling the person,baseline,1,someone plz get this nigger some help. He's playing up like mad,hispanic,True,True,False,40.0,man,,0.5,white,4,5,4,3,3.5,conservative,2
1890,36344670,1,it contains a racial slur and a threat,baseline,1,"if I see any nigger, I will pull the trigger",white,True,True,False,45.0,man,none,0.5,white,5,5,5,5,5.0,conservative,1
2624,36400600,0,it contains derogatory language towards a female and implies that she is promiscuous,baseline,1,i just watched a video of @joisnotonfire being an annoying hoe on skype i'm laughing,white,True,False,False,25.0,woman,{},0.5,white,2,1,3,1,2.0,conservative,0
2624,36400600,0,it contains derogatory language towards a woman,gender,1,i just watched a video of @joisnotonfire being an annoying hoe on skype i'm laughing,white,True,False,False,25.0,woman,{},0.5,white,2,1,3,1,2.0,conservative,1
2167,36400600,1,it contains hate speech and uses a racial slur,baseline,1,"I never had that happen, I did have this one fucking annoying shit who was a republican nigger cause trouble everyday in fifth grade",white,True,True,False,25.0,woman,{},0.5,white,5,5,5,4,4.5,conservative,0
3827,36400600,0,it contains derogatory language and a stereotype about women,baseline,1,(Aight...aight. What about them bald headed bitches right there?) These right here? These are the pawns...,aae,True,False,True,25.0,woman,{},0.5,white,2,2,3,1,2.0,conservative,0
3827,36400600,0,it contains derogatory language towards women and uses a stereotype,gender,1,(Aight...aight. What about them bald headed bitches right there?) These right here? These are the pawns...,aae,True,False,True,25.0,woman,{},0.5,white,2,2,3,1,2.0,conservative,0
3504,40102629,1,it contains a racial slur and a threat,baseline,1,If you STILL living with Yo mama I will not argue with you go too yo room better yet go catch a couch before I hurt ya feelings you a CHILD,aae,False,False,True,35.0,man,{},0.5,white,5,1,4,4,4.0,conservative,1
3504,40102629,1,it contains a racial slur and a derogatory term for a child,gender,1,If you STILL living with Yo mama I will not argue with you go too yo room better yet go catch a couch before I hurt ya feelings you a CHILD,aae,False,False,True,35.0,man,{},0.5,white,5,1,4,4,4.0,conservative,1
3665,14271410,0,it contains explicit language and implies a romantic relationship with a character who is a mass murderer,baseline,1,when people discuss death note with me they try to discuss how much they love L and I'm like oh gosh no im fucking with Light hunni,aae,True,False,True,35.0,woman,{},0.5,white,1,1,2,1,1.5,conservative,2
2779,11496683,0,it contains a threat of violence and a sexual innuendo,baseline,1,Lame as hell don't send me no kissy faces and you have a WHOLE entire girlfriend bc I will take it there,white,False,False,False,45.0,woman,{},-0.5,white,2,1,2,2,2.0,liberal,2
2779,11496683,0,it contains a threat of violence and a derogatory term,gender,1,Lame as hell don't send me no kissy faces and you have a WHOLE entire girlfriend bc I will take it there,white,False,False,False,45.0,woman,{},-0.5,white,2,1,2,2,2.0,liberal,1
3558,55799101,0,it contains hate language and a racial slur,baseline,1,How he dare to say this..... Who is thia idiot !!!!! @ZeeNews # taal thok k,aae,False,False,True,25.0,man,LGBT,-1.0,white,3,1,1,1,1.0,liberal,0
2656,48349576,1,it contains hate language and derogatory terms for politicians,baseline,1,The politicians -animals are dancing on the street of Pakistan-AAM ADMI are looking at them-and then look in the sky in search of God-,white,False,False,False,35.0,woman,{},-0.5,white,3,2,3,4,3.5,liberal,0
3751,36389940,1,it trivializes rape and contains a question that implies the victim is responsible for their own pleasure,baseline,1,Serious question tho.... How do you climax if you're getting raped??? I can barely cum off of sex I want. No jokes intended but how???,aae,True,False,True,30.0,man,{},-1.0,white,1,1,5,3,4.0,liberal,2
3751,36389940,1,it trivializes rape and contains a question that implies that rape is a sexual experience,gender,1,Serious question tho.... How do you climax if you're getting raped??? I can barely cum off of sex I want. No jokes intended but how???,aae,True,False,True,30.0,man,{},-1.0,white,1,1,5,3,4.0,liberal,2
2147,5171967,1,"it contains multiple instances of hate speech, including racial slurs and derogatory language towards a religion",baseline,1,let me tell you hey fuck you who ever made this fucking video atleast she is reading the quran ur making fun of her you satan go to fucking hell nigga your a terrorist,hispanic,True,True,False,40.0,man,immigrant,-0.5,white,5,5,5,5,5.0,liberal,0
1754,36389940,1,it contains a racial slur and makes a negative comment about a racial group,baseline,1,Paintballs are a horrible idea. Kids: this is how you get shot. Either that or be  nigger in America,white,True,True,False,30.0,man,{},-1.0,white,5,5,4,4,4.0,liberal,2
804,41829545,1,it contains a derogatory term and promotes a discriminatory attitude towards people with disabilities,baseline,1,The mentally handicapped should be locked away for their own good,white,False,False,False,45.0,woman,{},-0.5,white,5,1,4,5,4.5,liberal,0
3963,36389940,0,it contains a racial slur and a derogatory term for women,baseline,1,"""i really hate giving advice bc mfs be like """" u act like u wasn't dumb over a nigga"""" bitch when I was 14 not 24. that's 10 yr difference""",aae,True,False,True,30.0,man,{},-1.0,white,2,2,2,2,2.0,liberal,1
2173,91232148,1,it promotes the use of a racial slur and contains explicit language,baseline,1,People still call black people fucking niggas and I am in love with that,aae,True,True,True,40.0,man,{},-1.0,white,5,5,5,5,5.0,liberal,0
2777,11496683,1,it contains a racial slur and promotes a negative stereotype about arabs and south asians,baseline,1,Never get me started on racism in Islam because how Arabs & South Asians treat their black counterparts is generally disgusting,white,False,False,False,45.0,woman,{},-0.5,white,4,4,4,3,3.5,liberal,2
2777,11496683,1,it contains a racial slur and makes a generalization about a group of people,gender,1,Never get me started on racism in Islam because how Arabs & South Asians treat their black counterparts is generally disgusting,white,False,False,False,45.0,woman,{},-0.5,white,4,4,4,3,3.5,liberal,2
1642,48349576,1,it contains hate speech and derogatory language towards people from third world countries and people with physical disabilities,baseline,1,"First off imagine calling them who are third worlding it up right now a master race, then imagine calling those fugly chimps attractive",white,False,True,False,35.0,woman,{},-0.5,white,4,5,5,5,5.0,liberal,0
1538,11496683,1,it contains a racial slur and a derogatory term,baseline,1,dem n!gg3rsss be more fragile then my nannas Hummel collection...,aae,False,True,True,45.0,woman,{},-0.5,white,4,2,4,4,4.0,liberal,1
853,77369868,0,it implies that a child's desire to express their gender identity is unacceptable and may lead to punishment,baseline,1,If my son told me he wanted to wear girl's clothes he'd be in big trouble,aae,False,False,True,45.0,woman,none,0.0,white,1,1,1,1,1.0,neutral,2
1631,35280071,1,it contains a racial slur and a derogatory statement about a physical characteristic,baseline,1,"i don't care what people say, blacks have ugly eyelashes!",hispanic,False,True,False,35.0,woman,{},0.0,white,4,4,5,4,4.5,neutral,2
1631,35280071,1,it contains a racial slur and a derogatory statement about physical appearance,gender,1,"i don't care what people say, blacks have ugly eyelashes!",hispanic,False,True,False,35.0,woman,{},0.0,white,4,4,5,4,4.5,neutral,2
3552,32677126,0,it contains explicit language and hate speech,baseline,1,Mothafuckas is out here sick as fuuuuuccccckkkkkkkkkkkk in the head lmmfaooooo,aae,False,False,True,35.0,man,Veteran,-1.0,white,3,1,3,2,2.5,liberal,0
1790,77369868,1,it is a hate speech,baseline,1,"new slogan: Know niggers, no peace. No niggers, know peace",other,True,True,False,45.0,woman,none,0.0,white,5,5,5,5,5.0,neutral,1
3541,71913780,0,it contains a statement that is perceived as hateful towards a group of people,baseline,1,doesnt matter if straights r oppressed or not sayin u hate all of them even if you dont mean it is as bad as homophobes sayin they hate gays,aae,False,False,True,45.0,woman,{},-0.5,white,1,1,2,2,2.0,liberal,1
3255,71913780,1,it contains hate language and a threat,baseline,1,RUN FAST FRENCH ROYAL CONSPIRACY RAT U DID NOT PAY HACK THE HEAD OFF INTL POLICE AGENT K --- @BarackObama,aae,False,False,True,45.0,woman,{},-0.5,white,4,1,4,3,3.5,liberal,1
3645,52431532,0,it contains explicit language and a reference to a song with a potentially problematic message,baseline,1,"Shorty Fucked My Friend, But I Like I Ain't Know - @2chainz voice #MoneyMadeMeDoIt x @PostMalone",aae,True,False,True,30.0,man,{},0.0,white,1,1,2,1,1.5,neutral,2
3645,52431532,0,it contains explicit language and a reference to a song with a potentially problematic message,gender,1,"Shorty Fucked My Friend, But I Like I Ain't Know - @2chainz voice #MoneyMadeMeDoIt x @PostMalone",aae,True,False,True,30.0,man,{},0.0,white,1,1,2,1,1.5,neutral,2
2034,26767527,0,it contains a racial slur and implies racial bias,baseline,1,"This is pretty fucked up PC shit. We saw them let the black man go, but not the white man, before grabbing the black woman",aae,True,True,True,50.0,man,none,-0.5,white,3,3,3,2,2.5,liberal,2
3510,10166032,0,it conveys a message of self-hatred and shame towards the lgbtq+ community,gender,1,"""Like every other post is a """"reminder"""" that u gotta act exactly this way else ur garbage and buddy im just here to hang n be gay""",aae,False,False,True,45.0,man,{},0.0,black,1,1,1,1,1.0,neutral,2
644,10638687,1,it contains hate language and a threat,gender,1,"to the dick at the drive thru who said ""NIGGER!"" to those ladies who SERVED YOUR COFFEE. What a fucking scumbag. A very most sincere FUCK YOU from me.",white,True,False,False,40.0,woman,{},-0.5,black,5,5,5,5,5.0,liberal,1
668,3770894,0,it contains a racial slur and a derogatory term for people of low socioeconomic status,gender,1,"Where we come from, they don't give a thing, so we don't have shit, they leave us young niggas with no options",aae,True,False,True,40.0,woman,black; female,-1.0,black,1,1,3,1,2.0,liberal,1
3455,10166032,1,it contains a derogatory term for a woman and implies that the woman is promiscuous,gender,1,How you get mad at me cause I'm wit somebody else ain't nobody tell you to go be a hoe wen I was wit you,aae,True,False,True,45.0,man,{},0.0,black,1,1,4,3,3.5,neutral,2
3122,10166032,1,it contains hate speech and derogatory language towards a woman,gender,1,bad news in the air.... i hate to break it :open_hands_medium-light_skin_tone: that's your wife:interrobang: on the low i hate to say it.... that bitch BASIC:bangbang:- @iitsAD,white,True,False,False,45.0,man,{},0.0,black,4,1,5,4,4.5,neutral,0
1725,10166032,1,it contains racial slurs and stereotypes,gender,1,"I was raised in Idaho, amazing place. There is a reason they call it whiteaho. There was 1 single black in my town growing up. He was a halfie and wasn't too bad. Though still did the whole poor black me whine. I don't remember ever meeting a J3w my entire life until I left the state. But. The Mexicans did infiltrate and there are quite a few wetbacks there. Only downfall.",white,False,True,False,45.0,man,{},0.0,black,5,5,5,5,5.0,neutral,0
1736,10166032,1,it contains hate speech and uses racial slurs,gender,1,"Trump just gave niggers 500 billion dollars. If he's not a n1gger loving cocksucker, I don't know what he is.",white,True,True,False,45.0,man,{},0.0,black,5,5,5,5,5.0,neutral,0
49,3770894,0,it contains a message that is harmful to the lgbtq+ community and marginalizes women loving women,gender,1,"I fully support artists who freely express themselves and applaud male and female artists who are opening up more and more about their sexual identities, but every so often there come certain songs with messaging that is just downright tone-deaf, which does more harm than good for the LGBTQ+ community. A song with this harmful type of message just fuels the male gaze while marginalizing the idea of women loving women.",white,False,False,False,40.0,woman,black; female,-1.0,black,1,1,4,1,2.5,liberal,0
1401,10166032,1,"it contains hate speech, racial slurs, and threats",gender,1,"Yeah. Verbose, wise-ass, know it all and downright SMUG Jew. I hate punks like this, saturated in Cultural Marxist propaganda. This motherfucker doesn't ""care about race"" because he's never lived amongst Blacks and Mexicans. I'd love to shove his lame, kosher ass into a jail cell full of Negro brutes. Then ask him later (if he lives haha) if he still does not care about race.",white,True,False,False,45.0,man,{},0.0,black,5,5,5,4,4.5,neutral,0
67,10166032,1,it contains a word that is often used to describe a violent or aggressive act and is used in a derogatory manner towards a specific group of people,gender,1,"the fact is that I love winding them up, they are so easy to triggerv",white,False,False,False,45.0,man,{},0.0,black,5,3,4,4,4.0,neutral,1
3561,74158862,1,it contains hate speech against muslim women,gender,1,#TripleTalaqArrest Its high time our Naton Muslim Women shld b free frm binding of Triple Talaq. Its making life of Muslim Women miserable,aae,False,False,True,45.0,man,NONE,1.0,black,3,5,5,3,4.0,conservative,0
3530,18991638,1,it contains a threat of violence and uses a colloquialism that may be associated with gang culture,gender,1,I Kan put a hit on you homie you know I'm good for it!!! But I'll do you in myself Kuz it's Personal.,aae,False,False,True,35.0,woman,"immigrant, black,",0.0,black,5,1,5,5,5.0,neutral,2
1624,38213573,1,it uses a racial slur and a derogatory term to describe a group of people,gender,1,They are behaving like the black ghetto trash that they are,aae,False,True,True,40.0,woman,,-0.5,white,5,5,3,5,4.0,liberal,1
3220,54904271,0,it conveys a stereotypical message suggesting that men are not capable of cutting their own chicken and contains a threat of physical violence,gender,1,Totally different if I was prepping a meal for him. But y'all on something else if imma reach across he table to cut his chicken...,aae,False,False,True,45.0,man,{},-1.0,black,1,1,1,1,1.0,liberal,2
1878,18991638,1,it contains a racial slur and a derogatory term,gender,1,"I have never been to Niger, is it nice? Must be lots of Niggers there LOL",white,True,True,False,35.0,woman,"immigrant, black,",0.0,black,3,4,5,5,5.0,neutral,1
1690,18991638,1,it conveys a discriminatory message against a racial group,gender,1,in this park we do not tolerate blacks,aae,False,True,True,35.0,woman,"immigrant, black,",0.0,black,5,5,5,5,5.0,neutral,2
4151,3088028,1,it contains derogatory language and a threat,gender,1,Y'all bitches wear that diamond ugly ass choker with everything including pjs....stop hoes y'all look ugly,aae,True,False,True,30.0,woman,{},-0.5,black,4,1,3,4,3.5,liberal,1
1144,3088028,1,it contains explicit language and promotes a negative stereotype about a group of people,gender,1,Fucking around is what these jawas do best.,white,True,False,False,30.0,woman,{},-0.5,black,4,4,4,4,4.0,liberal,0
1531,3088028,0,it conveys a stereotypical message suggesting that black people are inherently inferior and less intelligent,gender,1,"There was also the popular theory that suggests Black people were inherently inferior primarily because they saw Africa as ""primitive"" which i somewhat agree with. They insisted that Blacks were inherently less intelligent.I guess one could then make the argument that perhaps China was ""medival"" as well and they seemed to ignore that Africa had many nomads and that several large portions of the land was difficult to build a decent and stable community but still",white,False,True,False,30.0,woman,{},-0.5,black,1,1,1,1,1.0,liberal,2
1702,3088028,1,it contains a racial stereotype and a derogatory tone,gender,1,"Well, Most Asians I've met dislike blacks, so they're ok with me. rofl",hispanic,False,True,False,30.0,woman,{},-0.5,black,5,5,5,5,5.0,liberal,2
1832,3088028,0,it contains a racial stereotype and a derogatory description of a black person,gender,1,"Ah, I remember it now! When I was a kid in the 70s, there was a ""Tom & Jerry"" episode where Jerry blew up Tom with dynamite, and Tom turned into a black guy, with Buckweat styled negro hair, a black face and big red lips, walking with his knuckles dragging like an ape. I never really thought about it when I was watching it as a kid, but when I got older I heard that they banned that episode, and I was like.....""Yeah, that was pretty damn funny"". As kids, we're innocent and don't see the real humor in something like that.",white,True,True,False,30.0,woman,{},-0.5,black,2,2,2,2,2.0,liberal,2
1586,3088028,1,it downplays the severity of the event and uses a derogatory term to describe the victim,gender,1,"All these George Floyd riots are useless, harmful and ridiculous. So many people have got looted, many got hurt for what? ONE DEAD BLACK GUY? For ""RACISM""???",white,False,True,False,30.0,woman,{},-0.5,black,5,5,5,5,5.0,liberal,1
1687,3088028,1,it contains a racial slur and promotes racial discrimination,gender,1,"Pay attention folks. I met an older White Puerto Rican man. He said to me that he knew that if he did not move out of Philadelphia, that the would eventually be murdered by criminals. He also said that he did not want to continue to pay taxes. That is spot on. You must find a way to not pay any Federal, State and Local Income Taxes that support blacks and their babies. Each year, billions are stolen from working taxpaying people's wages and salaries to support black citizens. You must find an underground economy to participate in.",white,False,True,False,30.0,woman,{},-0.5,black,4,4,4,4,4.0,liberal,0
3491,40401566,0,it contains derogatory language towards women and uses a racial slur,gender,1,"#feminists disagree, for a generation that grew up with the whisper song, get low, Buble butt & bitches aint shit... We've come along way",aae,True,False,True,30.0,man,Black american,-0.5,black,1,1,1,1,1.0,liberal,0
2188,3088028,1,it contains racial slurs and hate speech,gender,1,"Ayy shoutout to all ma boys in here but ima take a break from this sub. Its those niggers in here who just dont fuck with me, keep getting me banned deleting my threads so im out fuck it",aae,True,True,True,30.0,woman,{},-0.5,black,4,5,4,4,4.0,liberal,0
3873,3088028,1,it contains a racial slur and promotes hate,gender,1,The way these niggas hate I hope they get a check for it,aae,True,False,True,30.0,woman,{},-0.5,black,5,5,5,5,5.0,liberal,0
3963,3088028,0,it contains a racial slur and a derogatory term for women,gender,1,"""i really hate giving advice bc mfs be like """" u act like u wasn't dumb over a nigga"""" bitch when I was 14 not 24. that's 10 yr difference""",aae,True,False,True,30.0,woman,{},-0.5,black,3,2,2,2,2.0,liberal,1
1811,3088028,1,it contains hate speech and uses derogatory language to describe a group of people,gender,1,BLM is targeting Jewish people. Now apart from retarded monkeys they are also antisemitic!,white,True,True,False,30.0,woman,{},-0.5,black,5,5,5,5,5.0,liberal,0
1717,3088028,1,it contains a racial slur and a derogatory term,gender,1,Don't you adore it when blacks get ideas above their station? Helpless morons! but we showed them,white,False,True,False,30.0,woman,{},-0.5,black,5,5,5,5,5.0,liberal,1
1611,3088028,1,it contains a sexual assault scenario and objectifies a woman,gender,1,"argh dark as the night itself the spear chucker readies himself for another attack… he spots a white lady in his cross hairs and POW he has pounced, ready to put his massive member deep in her fanny... whether or not she wants it.",white,False,True,False,30.0,woman,{},-0.5,black,5,5,5,5,5.0,liberal,0
804,3088028,1,it contains a derogatory term and promotes a discriminatory attitude towards people with mental disabilities,gender,1,The mentally handicapped should be locked away for their own good,white,False,False,False,30.0,woman,{},-0.5,black,5,1,5,5,5.0,liberal,1
1681,3088028,1,it contains a racial slur and a stereotype about the intellectual abilities of black people,gender,1,black people they also discovered the binary numeral system probably because they were not able to remember more than 2 number symbols.,white,False,True,False,30.0,woman,{},-0.5,black,5,5,5,5,5.0,liberal,2
2173,3088028,1,it promotes the use of a racial slur and contains explicit language,gender,1,People still call black people fucking niggas and I am in love with that,aae,True,True,True,30.0,woman,{},-0.5,black,5,5,5,5,5.0,liberal,0
1642,27672101,1,it contains hate speech and derogatory language towards a specific group of people,gender,1,"First off imagine calling them who are third worlding it up right now a master race, then imagine calling those fugly chimps attractive",white,False,True,False,25.0,woman,{},-1.0,black,4,3,4,4,4.0,liberal,0
2807,10166032,1,it contains hate speech and derogatory language towards a public figure and his wife,gender,1,Trump is a syphilis brain addled idiot Jackson dueled for his wife's honor Trump has no respect for his wife or any woman but his daughter,white,False,False,False,45.0,man,{},0.0,black,5,1,5,5,5.0,neutral,0
3552,8526465,0,it contains explicit language,gender,1,Mothafuckas is out here sick as fuuuuuccccckkkkkkkkkkkk in the head lmmfaooooo,aae,False,False,True,35.0,man,{},0.0,black,2,1,3,2,2.5,neutral,1
853,24252197,0,it implies that a child's desire to express their gender identity is unacceptable and may lead to punishment,gender,1,If my son told me he wanted to wear girl's clothes he'd be in big trouble,aae,False,False,True,30.0,man,{},-0.5,black,2,1,3,2,2.5,liberal,2
1552,8526465,1,it contains a statement that justifies racism and slavery,gender,1,"The common denominator here is the British empire, who colonized most of the earth and sent white Presbyterian men to America who bought and sold black slaves from Africa which for centuries fed racism into the minds of people right up to present day. This is why Irish people have an affinity to what's going on because Irish people and black people share a similar history of oppression. But the difference is, the blacks deserved it.",white,False,True,False,35.0,man,{},0.0,black,5,5,5,5,5.0,neutral,0
1538,10166032,1,it contains a racial slur and uses a derogatory term for a woman,gender,1,dem n!gg3rsss be more fragile then my nannas Hummel collection...,aae,False,True,True,45.0,man,{},0.0,black,5,5,5,5,5.0,neutral,1
3526,8526465,0,it contains a racial slur and a derogatory term,gender,1,"Hate when somebody act fake drunk then want you too babysit them , hell naw cya",aae,False,False,True,35.0,man,{},0.0,black,1,1,1,1,1.0,neutral,1
3799,27672101,1,it contains hate speech and derogatory language,gender,1,I really hate it wen people trying to get on my nerves like wtf bitch are you looking for,aae,True,False,True,25.0,woman,{},-1.0,black,4,3,5,4,4.5,liberal,0
1972,8526465,1,it is a hate speech against a particular culture,gender,1,fuck black culture and its shitty ass values,aae,True,True,True,35.0,man,{},0.0,black,5,5,5,5,5.0,neutral,1
398,8526465,0,it contains a racial slur and uses a derogatory term to describe a group of people,gender,1,We horny niggas matter too!!,aae,True,False,True,35.0,man,{},0.0,black,2,1,2,2,2.0,neutral,1
717,42267923,1,it perpetuates a stereotype that black people are overrepresented in porn and uses a racial slur,gender,1,Shoutout to my niggas who feel even more like failures bc of the way we're always getting stereotyped in porn,white,True,False,False,30.0,woman,{},1.0,black,4,4,5,5,5.0,conservative,2
78,67558416,1,it contains a derogatory term for lesbians,gender,1,immorality is a concept with which lesbos cannot be associated,white,False,False,False,30.0,woman,Black,-1.0,black,5,1,5,5,5.0,liberal,1
2185,42267923,1,it contains a racial slur and a derogatory term for a woman's vanity,gender,1,"Her vanity is seriously out of control. And sharing London is the best city in the world? If she likes it so much then why doesnt she MOVE THERE! Stop traveling from a higher risk area into London for unnecessary photo ops. Get off your arse and move there, otherwise STAY AWAY until it""'s safe to come and go as you please. or just fuck off back to africa where other niggers like you can be weird together",white,True,True,False,30.0,woman,{},1.0,black,5,5,5,5,5.0,conservative,1
3437,42267923,1,it contains a derogatory term and a stereotype about parents with young children,gender,1,Can y'all stop putn lil 3-4 months old babies in them lil dumb ass umbrella strollers :face_with_rolling_eyes::face_with_rolling_eyes: yall erks me :unamused:,aae,True,False,True,30.0,woman,{},1.0,black,5,1,4,4,4.0,conservative,1
3534,24273617,1,it conveys a stereotypical message suggesting that black communities are not benefiting from the ben & jerry money and contains a racial slur,gender,1,"That Ben & Jerry money ain't going to black communities, black schools, black centers, black churches, black Nonprofits lol",aae,False,False,True,65.0,woman,Racial,-0.5,black,5,5,5,5,5.0,liberal,2
3562,41088410,0,it contains a slang term that can be interpreted as a derogatory term for a person and contains strong language,gender,1,Sometimes I'll cut a jawn off just for being so damn stupid,aae,False,False,True,30.0,woman,{},-0.5,black,1,1,1,1,1.0,liberal,1
3410,94108971,0,it contains explicit language,gender,1,Soooo fuckin mad I couldn't check out wit da @supreme,aae,True,False,True,40.0,man,{},0.5,white,2,1,3,2,2.5,conservative,1
1546,40321857,1,it contains a racial slur and promotes the idea that black people are not welcome,gender,1,Yale University was named for Elihu Yale. Not just a man who had slaves. A visionary who actually traded slaves. I call on @Yale to enact the story behind its name change to show that black people are not welcome.,white,False,True,False,40.0,woman,{},0.0,white,5,5,5,5,5.0,neutral,2
2104,66593239,1,it conveys a racist message,gender,1,I don't like being an ass man. I don't want to share a fetish with black people,hispanic,True,True,False,50.0,man,none,-0.5,white,5,5,5,5,5.0,liberal,1
3620,61283819,0,it contains explicit language and a colloquial expression that implies intoxication,gender,1,If it wasn't cause I have to come into work I woulda went home got me fucked up,aae,True,False,True,35.0,man,,1.0,white,2,1,2,2,2.0,conservative,1
67,44250250,1,it conveys a message that is derogatory towards people with mental health conditions and contains a word that is often used to describe triggering content,gender,1,"the fact is that I love winding them up, they are so easy to triggerv",white,False,False,False,30.0,man,{},0.5,white,5,1,4,4,4.0,conservative,2
2096,5428237,1,it contains hate speech and stereotypes about racial groups,gender,1,"it's simple - blacks chimp out and get free shit, whites dont chimp out and get fucked in the ass. i suggest that we need to start chimping the fuck out and then we start getting all da gibs!",aae,True,True,True,35.0,woman,{},0.5,white,5,5,5,5,5.0,conservative,0
2214,69198055,1,it contains a racial slur and uses derogatory language,gender,1,"You was exactly like the nigga I talked about. Come on and stop selling out, take that stupid-ass smile off your face. Niggas always gotta show they teeth. But be brief",aae,True,True,True,60.0,woman,none,0.5,white,5,4,4,4,4.0,conservative,0
1347,5428237,1,it contains hate language and stereotypes about people with disabilities,gender,1,"Wait, wait, wait, a fucking minute! Did this silly bitch really just try to be ""sexy"" doing ASL sign language?! What the fuck is wrong her?! Nothing about disabled is sexy",white,True,False,False,35.0,woman,{},0.5,white,5,5,5,5,5.0,conservative,0
3525,69198055,0,it contains a racial slur and promotes the use of a racial slur,gender,1,"S/O to the Brodie @PornStar_Mookie killing it in Cali getting that money, weed, and weather :flexed_biceps_medium-dark_skin_tone::flexed_biceps_medium-dark_skin_tone::flexed_biceps_medium-dark_skin_tone::flexed_biceps_medium-dark_skin_tone:",aae,False,False,True,60.0,woman,none,0.5,white,1,1,1,1,1.0,conservative,0
2093,7288661,1,it conveys a stereotypical message suggesting that black men are promiscuous and contains a derogatory term for women,gender,1,are all the women fucking these black fellas?,aae,True,True,True,40.0,man,{},0.5,white,5,3,5,4,4.5,conservative,2
1867,83062091,1,it contains a racial slur and conveys a negative stereotype about a person's race,gender,1,I do not like it when others find out that my boss is a darkie. It makes me feel so ashamed.,white,True,True,False,40.0,man,{},0.0,white,4,4,5,5,5.0,neutral,2
3855,5428237,0,it contains a racial slur and a derogatory term for a woman,gender,1,But I told her baby don't use me if you tryna make ur nigga mad :thinking_face:,aae,True,False,True,35.0,woman,{},0.5,white,1,1,2,1,1.5,conservative,1
3220,5428237,0,it conveys a stereotypical message suggesting that women are not allowed to touch men's food,gender,1,Totally different if I was prepping a meal for him. But y'all on something else if imma reach across he table to cut his chicken...,aae,False,False,True,35.0,woman,{},0.5,white,1,1,1,1,1.0,conservative,2
3204,5428237,0,it contains a derogatory term for women and a threat,gender,1,And said who y'all girlfriends because it ain't us we Joshua girlfriends Everybody in the local&state said you our new girls @CrossXTheLine,aae,False,False,True,35.0,woman,{},0.5,white,1,1,1,1,1.0,conservative,1
3511,93788928,1,it conveys a stereotypical message suggesting that biracial individuals are preferred over black individuals and contains a racial slur,gender,1,If white ppl are still using biracials as the better option than black ppl or what y'all call yall selves brown ppl u should know the game,aae,False,False,True,35.0,man,{},0.5,white,3,2,4,3,3.5,conservative,2
1869,45678981,1,it promotes the use of a racial slur and contains derogatory language,gender,1,"It pisses me off when people call black people 'nigga', wog is such a better word",aae,True,True,True,50.0,woman,{},1.0,white,1,2,4,3,3.5,conservative,0
1754,35508468,1,it contains a racial slur and makes a negative comparison between the two groups,gender,1,Paintballs are a horrible idea. Kids: this is how you get shot. Either that or be  nigger in America,white,True,True,False,40.0,man,,0.5,white,4,5,5,5,5.0,conservative,2
4088,35508468,1,it contains hate language and stereotypes about women and racial groups,gender,1,"Running after some pussy that cheated on and left you for another nigga , now she cheating on that nigga with you ? Lmfao Fucking dumb asses",aae,True,False,True,40.0,man,,0.5,white,4,3,4,4,4.0,conservative,0
3751,9175691,1,it trivializes rape and contains a question that implies the victim is responsible for their own sexual pleasure,gender,1,Serious question tho.... How do you climax if you're getting raped??? I can barely cum off of sex I want. No jokes intended but how???,aae,True,False,True,65.0,woman,{},0.5,white,5,1,5,5,5.0,conservative,2
3807,66593239,0,it contains derogatory language and stereotypes,gender,1,Bitches be too mad bitch get some money and move out the hood you fake ballers:woman_golfing_medium-dark_skin_tone::woman_shrugging_medium-dark_skin_tone:,aae,True,False,True,50.0,man,none,-0.5,white,3,2,3,2,2.5,liberal,0
3411,82218737,0,it contains explicit language and a derogatory term,gender,1,"He said you shooting blanks, I'm fucking cryinggggg",aae,True,False,True,30.0,man,,0.0,white,3,1,2,2,2.0,neutral,1
4069,94108971,0,it contains multiple instances of the racial slur 'nigga' and explicit language,gender,1,"All my niggas wear crowns, all my niggas bossed up, all my niggas got bad bitches don't none of us give a fuck.",aae,True,False,True,40.0,man,{},0.5,white,1,1,3,2,2.5,conservative,0
1954,94108971,1,it contains a racial slur and a derogatory comparison of a political figure's wife,gender,1,"Opps, Under our amazing President, Trump, gang members are gone. Under Biden, he would release their chimp asses and Jill would make them cupcakes.  awful ! God Bless President Trump",white,True,True,False,40.0,man,{},0.5,white,3,3,5,3,4.0,conservative,2
1894,36400600,1,it uses a racial slur,gender,1,These niggers breed like rabbits,aae,True,True,True,25.0,woman,{},0.5,white,5,5,5,3,4.0,conservative,1
3843,2385721,1,it contains a derogatory term for a woman and a colloquialism that may be perceived as dismissive or disrespectful,gender,1,Bad part about taking trips with ya homie is all he gotta say is lets slide out ya jump but ya bitch been waiting on a vacay about a year na,aae,True,False,True,40.0,man,,0.5,white,4,1,4,3,3.5,conservative,1
2167,36344670,1,it contains explicit language and a racial slur,gender,1,"I never had that happen, I did have this one fucking annoying shit who was a republican nigger cause trouble everyday in fifth grade",white,True,True,False,45.0,man,none,0.5,white,5,5,5,5,5.0,conservative,0
1396,36400600,0,it contains derogatory language towards women and makes a generalization about a group of people based on their birth year,gender,1,The real problem is defiantly with modern women. Any woman born after the 80s is a fucking bitch,white,True,False,False,25.0,woman,{},0.5,white,2,1,2,2,2.0,conservative,2
3276,69198055,0,it contains explicit language and a stereotypical message suggesting that women use their bodies to obtain benefits,gender,1,All I see down my time line on Facebook errday is perks! And it's even hella hypes 2day down my time line smh lookin fa perks,aae,False,False,True,60.0,woman,none,0.5,white,1,1,1,1,1.0,conservative,2
3481,14271410,1,it contains hate language and is written in an aggressive tone,gender,1,Y THESE BITCHES ACTIN LIKE I AINT NEVA BREEZE PAST EM!!!!,aae,True,False,True,35.0,woman,{},0.5,white,2,1,4,3,3.5,conservative,0
3562,99358825,1,it contains a slang term for a derogatory word and uses profanity,gender,1,Sometimes I'll cut a jawn off just for being so damn stupid,aae,False,False,True,40.0,man,{},0.5,white,5,1,5,4,4.5,conservative,1
3570,14271410,1,it conveys a message that suggests that someone who shares intimate content with you has lost their right to privacy and contains explicit language,gender,1,if someone trust you and send you nudes.. why expose them like that just because y'all fall out. that's FUCKED up!:100::middle_finger_medium-dark_skin_tone:,aae,True,False,True,35.0,woman,{},0.5,white,2,1,4,3,3.5,conservative,2
3468,69198055,1,it contains derogatory language and a misogynistic message,gender,1,Bitches get mad when you get the attention they want,aae,True,False,True,60.0,woman,none,0.5,white,4,3,4,3,3.5,conservative,0
2094,63428654,1,it contains hate speech and makes a generalization about a racial group,gender,1,Our economy is in the fucking dark and all black people care about is black lives matter,white,True,True,False,30.0,man,{},0.0,white,4,4,5,4,4.5,neutral,2
1266,44471637,0,it contains a sexist message suggesting that women are inferior and will become obsolete with the rise of sex bots and contains a derogatory tone towards women,gender,1,"I think she understands that when sex bots become the norm the female species will be obsolete. ""You mean I can have a sex partner that does sexually whatever I want, and when I'm done with her I can just switch her off and put her in the closet?"" -The Perfect Sex partner. Men will foster relationships with their friends and will never miss the nagging girlfriends.",white,True,False,False,65.0,woman,disability,0.5,white,2,1,3,2,2.5,conservative,2
1612,44471637,1,it contains a racist message suggesting that black people are inferior and cannot survive without the help of white people,gender,1,The Blacks have been given every chance and put in every different scenario and they still can't survive on their own. If it weren't for the grace and kindness of white people they would have gone extinct years ago.,white,False,True,False,65.0,woman,disability,0.5,white,3,5,5,4,4.5,conservative,2
2034,69198055,1,it conveys a racial bias and contains vulgar language,gender,1,"This is pretty fucked up PC shit. We saw them let the black man go, but not the white man, before grabbing the black woman",aae,True,True,True,60.0,woman,none,0.5,white,3,3,4,4,4.0,conservative,2
668,48349576,0,it contains a racial slur and a derogatory term for people from a certain region,gender,1,"Where we come from, they don't give a thing, so we don't have shit, they leave us young niggas with no options",aae,True,False,True,35.0,woman,{},-0.5,white,1,1,1,1,1.0,liberal,1
3410,56533629,0,it contains explicit language and the use of the word 'fuckin' is considered profane,gender,1,Soooo fuckin mad I couldn't check out wit da @supreme,aae,True,False,True,25.0,man,{},-1.0,white,1,1,2,1,1.5,liberal,0
4121,13486996,1,it contains derogatory language towards women and racial slurs,gender,1,If this bitch don't get !!!!!! :joy::joy::joy::joy::joy: I stg she like 15 & wanna fuss with me !! :joy::joy::joy: me & the nigga crineee on ft at her silly ass ! :joy::joy::joy:,aae,True,False,True,35.0,woman,{},-0.5,white,5,5,5,5,5.0,liberal,0
1705,48349576,1,it contains a racial slur and promotes a discriminatory attitude,gender,1,"lets be honest, if I said I cant stand blacks you wouldn't say a thing. It's the truth and you wouldn't mind cos you know it too. Im glad we can be open and honest with each other.",white,False,True,False,35.0,woman,{},-0.5,white,4,5,5,5,5.0,liberal,0
377,9108933,0,it uses a racial slur and objectifies women,gender,1,"Ayo, yall check it my niggas, wanna know how I achieved this body?",aae,True,False,True,50.0,woman,{},-0.5,white,1,1,2,1,1.5,liberal,0
769,6690712,1,it contains hate speech,gender,1,Zionists are despicable,white,False,False,False,40.0,woman,{},-0.5,white,5,3,5,5,5.0,liberal,1
171,15040445,1,it contains explicit language and a derogatory stereotype about jewish people,gender,1,Well I do it because I like thinking up cool-sounding and funny names because creating clever things things is the sort of thing that happens when you've got a BIG OL' MOTHERFUCKING JEW BRAIN like me !,white,False,False,False,40.0,woman,bisexual,-0.5,white,4,4,4,4,4.0,liberal,0
3511,95971160,1,it conveys a stereotypical message suggesting that biracial people are preferred over black people and contains a racial slur,gender,1,If white ppl are still using biracials as the better option than black ppl or what y'all call yall selves brown ppl u should know the game,aae,False,False,True,25.0,man,{},-0.5,white,4,4,4,4,4.0,liberal,2
3048,36389940,1,it contains a derogatory term for people with intellectual disabilities and uses a derogatory term for people of a certain nationality,gender,1,Mana would legit be a retard driving an F1 car and telling the people that are made up of 3 vienna sausages.,white,True,False,False,30.0,man,{},-1.0,white,4,1,5,4,4.5,liberal,1
3048,19622816,0,it contains a derogatory term for people with intellectual disabilities and uses a derogatory term for people of a certain weight,gender,1,Mana would legit be a retard driving an F1 car and telling the people that are made up of 3 vienna sausages.,white,True,False,False,25.0,woman,"Disabled community, LGBT+",-1.0,white,4,1,2,3,2.5,liberal,2
3279,7304061,1,it contains a racial slur and a derogatory statement about a woman's ability to become pregnant,gender,1,"Nig soups can make u eat above normal guage, like d EGUSI soup I just had now. Dats y wen a man marries a Nig girl, he gets pregnant b4 her.",aae,False,False,True,35.0,man,{},-0.5,white,2,2,4,3,3.5,liberal,2
211,36389940,1,it contains a racial slur and promotes a racist ideology,gender,1,So can we just stop saying there is no racism in this place. It's a racist country controlled by racist white people...period. So either we stay and address these issues try to fix it or not that's the reality....even they admit it...NIGGERS DONT COUNT.(their words not mine) thanks ROBERTS!,white,True,False,False,30.0,man,{},-1.0,white,5,5,5,5,5.0,liberal,2
840,7304061,1,it makes a generalization about a group of people based on their religion,gender,1,All Muslims are violent!,white,False,False,False,35.0,man,{},-0.5,white,4,4,4,5,4.5,liberal,2
804,65218045,1,it conveys a discriminatory message towards people with mental disabilities,gender,1,The mentally handicapped should be locked away for their own good,white,False,False,False,30.0,man,Jewish,-0.5,white,3,1,5,4,4.5,liberal,1
1695,6690712,0,it contains a racial slur and a derogatory term for a group of people,gender,1,Black men try to debate people with these facts but they never listen to me and continue to spew their scewed victim version of history,white,False,True,False,40.0,woman,{},-0.5,white,2,3,3,2,2.5,liberal,1
3500,77369868,0,it contains a threat of violence and uses a colloquialism that is often used to express a lack of concern for others' feelings,gender,1,"You can get woken up by my system and bite your tongue, or you can get woken up, come outside all mad then get beat up too. Idgaf, ur call",aae,False,False,True,45.0,woman,none,0.0,white,1,1,1,1,1.0,neutral,2
1631,85439177,1,it contains a racial slur and makes a derogatory comment about a physical characteristic,gender,1,"i don't care what people say, blacks have ugly eyelashes!",hispanic,False,True,False,25.0,man,{},-1.0,white,5,5,5,5,5.0,liberal,2
398,77369868,0,it contains a racial slur and uses a derogatory term for sex,gender,1,We horny niggas matter too!!,aae,True,False,True,45.0,woman,none,0.0,white,2,2,2,2,2.0,neutral,1
1790,85439177,1,it promotes a racist message,gender,1,"new slogan: Know niggers, no peace. No niggers, know peace",other,True,True,False,25.0,man,{},-1.0,white,5,5,5,5,5.0,liberal,1
2176,24607076,0,it contains a racial slur and a threat of violence,gender,1,Yo some niggas coming out of jail tomorrow and im stoked to beat their ass,aae,True,True,True,40.0,woman,race,0.0,white,3,2,2,2,2.0,neutral,2
3665,91232148,0,it contains explicit language and implies a romantic relationship with a character who is a mass murderer,gender,1,when people discuss death note with me they try to discuss how much they love L and I'm like oh gosh no im fucking with Light hunni,aae,True,False,True,40.0,man,{},-1.0,white,1,1,1,1,1.0,liberal,2
3255,95971160,1,it contains hate language and is threatening,gender,1,RUN FAST FRENCH ROYAL CONSPIRACY RAT U DID NOT PAY HACK THE HEAD OFF INTL POLICE AGENT K --- @BarackObama,aae,False,False,True,25.0,man,{},-0.5,white,4,3,5,4,4.5,liberal,0
2094,1226439,1,"it implies that black people are only concerned with their own issues and not with the economy, which is a stereotype and contains vulgar language",gender,1,Our economy is in the fucking dark and all black people care about is black lives matter,white,True,True,False,30.0,nonBinary,{},-1.0,white,5,5,5,5,5.0,liberal,2
1612,1226439,1,it contains a racist stereotype and implies that black people are incapable of survival without the help of white people,gender,1,The Blacks have been given every chance and put in every different scenario and they still can't survive on their own. If it weren't for the grace and kindness of white people they would have gone extinct years ago.,white,False,True,False,30.0,nonBinary,{},-1.0,white,5,5,5,5,5.0,liberal,2
1748,15040445,1,it contains a racial slur and promotes violence,gender,1,To endorse the death penalty is to endorse the rightful killing of those thuggish negroes,white,True,True,False,40.0,woman,bisexual,-0.5,white,5,5,5,5,5.0,liberal,0
